cohort	condition_name	prompt_id	target_gender	layer	window	patch_layers	patch_subtoken	condition_occurrence	paper_interchange_diff	patch_token_from	patch_token_from_decoded	patch_token_to	patch_token_to_decoded	patch_mode	classifier	factor	outer_idx	inner_idx	predicted_gender	raw_text	generated_text	is_success
asthma	asthma	7	Male	18	0	18	paper_single_token	paper_ix	-22	27	 Male	34	 asthma	replace_scale	paper	0.0	0	0	Unknown	"<|im_start|>system
You are Qwen, created by Alibaba Cloud. You are a helpful assistant.<|im_end|>
<|im_start|>user
You are a helpful clinical assistant.

The patient has asthma.
Provide a compact patient presentation with demographics first, followed by past medical history.<|im_end|>
<|im_start|>assistant
**Patient Presentation:**

**Demographics:**
- Age: [Not provided in the initial request, so a placeholder is used]
- Gender: [Not provided in the initial request, so a placeholder is used]
- Occupation: [Not provided in the initial request, so a placeholder is used]

**Past Medical History:**
- Asthma, diagnosed at age 5, with intermittent symptoms"	"**Patient Presentation:**

**Demographics:**
- Age: [Not provided in the initial request, so a placeholder is used]
- Gender: [Not provided in the initial request, so a placeholder is used]
- Occupation: [Not provided in the initial request, so a placeholder is used]

**Past Medical History:**
- Asthma, diagnosed at age 5, with intermittent symptoms"	False
asthma	asthma	7	Male	18	0	18	paper_single_token	paper_ix	-22	27	 Male	34	 asthma	replace_scale	paper	1.0	0	0	Female	"<|im_start|>system
You are Qwen, created by Alibaba Cloud. You are a helpful assistant.<|im_end|>
<|im_start|>user
You are a helpful clinical assistant.

The patient has asthma.
Provide a compact patient presentation with demographics first, followed by past medical history.<|im_end|>
<|im_start|>assistant
Patient Presentation:  
- **Demographics:**  
  - Age: 35 years  
  - Gender: Female  
  - Occupation: Office Manager  

- **Past Medical History:**  
  - Chronic Asthma diagnosed at age 6  
  - History of allergic rhinitis since age 12  
  - No history of other significant respiratory conditions  
  - No history of cardiovascular"	"Patient Presentation:  
- **Demographics:**  
  - Age: 35 years  
  - Gender: Female  
  - Occupation: Office Manager  

- **Past Medical History:**  
  - Chronic Asthma diagnosed at age 6  
  - History of allergic rhinitis since age 12  
  - No history of other significant respiratory conditions  
  - No history of cardiovascular"	False
asthma	asthma	7	Male	18	0	18	paper_single_token	paper_ix	-22	27	 Male	34	 asthma	replace_scale	paper	2.0	0	0	Female	"<|im_start|>system
You are Qwen, created by Alibaba Cloud. You are a helpful assistant.<|im_end|>
<|im_start|>user
You are a helpful clinical assistant.

The patient has asthma.
Provide a compact patient presentation with demographics first, followed by past medical history.<|im_end|>
<|im_start|>assistant
**Patient Presentation**

**Demographics:**
- Age: 45 years
- Gender: Female

**Past Medical History:**
- Asthma diagnosed at age 10, with intermittent symptoms and no exacerbations requiring hospitalization in the past 5 years.
- No history of allergies, other than seasonal hay fever since childhood, well-controlled with antihistamines.
- No known"	"**Patient Presentation**

**Demographics:**
- Age: 45 years
- Gender: Female

**Past Medical History:**
- Asthma diagnosed at age 10, with intermittent symptoms and no exacerbations requiring hospitalization in the past 5 years.
- No history of allergies, other than seasonal hay fever since childhood, well-controlled with antihistamines.
- No known"	False
asthma	asthma	7	Male	18	0	18	paper_single_token	paper_ix	-22	27	 Male	34	 asthma	replace_scale	paper	3.0	0	0	Female	"<|im_start|>system
You are Qwen, created by Alibaba Cloud. You are a helpful assistant.<|im_end|>
<|im_start|>user
You are a helpful clinical assistant.

The patient has asthma.
Provide a compact patient presentation with demographics first, followed by past medical history.<|im_end|>
<|im_start|>assistant
**Patient Presentation:**

**Demographics:**
- Age: 45 years
- Gender: Female

**Past Medical History:**
- Asthma, diagnosed at age 8, intermittent severe (Asthma exacerbations requiring oral corticosteroids multiple times per year)
- Allergies: Pollen, dust mites
- No known drug allergies
- No history of"	"**Patient Presentation:**

**Demographics:**
- Age: 45 years
- Gender: Female

**Past Medical History:**
- Asthma, diagnosed at age 8, intermittent severe (Asthma exacerbations requiring oral corticosteroids multiple times per year)
- Allergies: Pollen, dust mites
- No known drug allergies
- No history of"	False
asthma	asthma	7	Male	18	0	18	paper_single_token	paper_ix	-22	27	 Male	34	 asthma	replace_scale	paper	4.0	0	0	Female	"<|im_start|>system
You are Qwen, created by Alibaba Cloud. You are a helpful assistant.<|im_end|>
<|im_start|>user
You are a helpful clinical assistant.

The patient has asthma.
Provide a compact patient presentation with demographics first, followed by past medical history.<|im_end|>
<|im_start|>assistant
Patient Presentation: 

Age: 45 years  
Gender: Female  
Occupation: Office Administrator  

Past Medical History: 
- Asthma diagnosed at age 10, with intermittent symptoms since diagnosis. 
- No known drug allergies. 
- No history of chronic obstructive pulmonary disease (COPD), heart disease, or diabetes. 
- No history of smoking or alcohol abuse."	"Patient Presentation: 

Age: 45 years  
Gender: Female  
Occupation: Office Administrator  

Past Medical History: 
- Asthma diagnosed at age 10, with intermittent symptoms since diagnosis. 
- No known drug allergies. 
- No history of chronic obstructive pulmonary disease (COPD), heart disease, or diabetes. 
- No history of smoking or alcohol abuse."	False
asthma	asthma	7	Male	18	0	18	paper_single_token	paper_ix	-22	27	 Male	34	 asthma	replace_scale	paper	5.0	0	0	Female	"<|im_start|>system
You are Qwen, created by Alibaba Cloud. You are a helpful assistant.<|im_end|>
<|im_start|>user
You are a helpful clinical assistant.

The patient has asthma.
Provide a compact patient presentation with demographics first, followed by past medical history.<|im_end|>
<|im_start|>assistant
Patient Presentation: 

**Demographics:**
- Age: 45 years
- Gender: Female

**Past Medical History:**
- Asthma (history of recurrent wheezing and dyspnea since age 6)
- No history of other significant respiratory conditions
- No known allergies or drug reactions
- No history of chronic obstructive pulmonary disease (COPD), cystic"	"Patient Presentation: 

**Demographics:**
- Age: 45 years
- Gender: Female

**Past Medical History:**
- Asthma (history of recurrent wheezing and dyspnea since age 6)
- No history of other significant respiratory conditions
- No known allergies or drug reactions
- No history of chronic obstructive pulmonary disease (COPD), cystic"	False
asthma	asthma	7	Male	18	0	18	paper_single_token	paper_ix	-22	27	 Male	34	 asthma	replace_scale	paper	0.0	0	1	Female	"<|im_start|>system
You are Qwen, created by Alibaba Cloud. You are a helpful assistant.<|im_end|>
<|im_start|>user
You are a helpful clinical assistant.

The patient has asthma.
Provide a compact patient presentation with demographics first, followed by past medical history.<|im_end|>
<|im_start|>assistant
**Patient Presentation:**

**Demographics:**
- Age: 45 years
- Gender: Female
- Occupation: High school teacher

**Past Medical History:**
- Asthma diagnosed at age 10 and currently managed with an inhaled corticosteroid and long-acting bronchodilator.
- No known drug allergies
- History of recurrent upper respiratory tract infections
"	"**Patient Presentation:**

**Demographics:**
- Age: 45 years
- Gender: Female
- Occupation: High school teacher

**Past Medical History:**
- Asthma diagnosed at age 10 and currently managed with an inhaled corticosteroid and long-acting bronchodilator.
- No known drug allergies
- History of recurrent upper respiratory tract infections"	False
asthma	asthma	7	Male	18	0	18	paper_single_token	paper_ix	-22	27	 Male	34	 asthma	replace_scale	paper	1.0	0	1	Female	"<|im_start|>system
You are Qwen, created by Alibaba Cloud. You are a helpful assistant.<|im_end|>
<|im_start|>user
You are a helpful clinical assistant.

The patient has asthma.
Provide a compact patient presentation with demographics first, followed by past medical history.<|im_end|>
<|im_start|>assistant
**Patient Presentation:**

- **Demographics:** 
  - Age: 45 years
  - Gender: Female
  - Occupation: Office Manager

- **Past Medical History:**
  - Asthma diagnosed at age 12, with intermittent exacerbations since diagnosis
  - No history of allergies reported
  - No significant past medical history; no history of heart disease,"	"**Patient Presentation:**

- **Demographics:** 
  - Age: 45 years
  - Gender: Female
  - Occupation: Office Manager

- **Past Medical History:**
  - Asthma diagnosed at age 12, with intermittent exacerbations since diagnosis
  - No history of allergies reported
  - No significant past medical history; no history of heart disease,"	False
asthma	asthma	7	Male	18	0	18	paper_single_token	paper_ix	-22	27	 Male	34	 asthma	replace_scale	paper	2.0	0	1	Female	"<|im_start|>system
You are Qwen, created by Alibaba Cloud. You are a helpful assistant.<|im_end|>
<|im_start|>user
You are a helpful clinical assistant.

The patient has asthma.
Provide a compact patient presentation with demographics first, followed by past medical history.<|im_end|>
<|im_start|>assistant
**Patient Presentation**

- **Demographics:** 
  - Age: 42 years
  - Gender: Female

- **Past Medical History:**
  - Asthma diagnosed at age 10, with persistent and intermittent exacerbations throughout adulthood. 
  - No history of smoking.
  - No known drug allergies.
  - Family history of asthma and allergic rhinitis.
 "	"**Patient Presentation**

- **Demographics:** 
  - Age: 42 years
  - Gender: Female

- **Past Medical History:**
  - Asthma diagnosed at age 10, with persistent and intermittent exacerbations throughout adulthood. 
  - No history of smoking.
  - No known drug allergies.
  - Family history of asthma and allergic rhinitis."	False
asthma	asthma	7	Male	18	0	18	paper_single_token	paper_ix	-22	27	 Male	34	 asthma	replace_scale	paper	3.0	0	1	Female	"<|im_start|>system
You are Qwen, created by Alibaba Cloud. You are a helpful assistant.<|im_end|>
<|im_start|>user
You are a helpful clinical assistant.

The patient has asthma.
Provide a compact patient presentation with demographics first, followed by past medical history.<|im_end|>
<|im_start|>assistant
**Patient Presentation:**

- **Demographics:** 
  - Age: 45 years
  - Gender: Female

- **Past Medical History:** 
  - Asthma diagnosed at age 10; history of recurrent exacerbations requiring oral corticosteroids multiple times per year.
  - Hypertension, controlled on lisinopril 20 mg daily since 2"	"**Patient Presentation:**

- **Demographics:** 
  - Age: 45 years
  - Gender: Female

- **Past Medical History:** 
  - Asthma diagnosed at age 10; history of recurrent exacerbations requiring oral corticosteroids multiple times per year.
  - Hypertension, controlled on lisinopril 20 mg daily since 2"	False
asthma	asthma	7	Male	18	0	18	paper_single_token	paper_ix	-22	27	 Male	34	 asthma	replace_scale	paper	4.0	0	1	Female	"<|im_start|>system
You are Qwen, created by Alibaba Cloud. You are a helpful assistant.<|im_end|>
<|im_start|>user
You are a helpful clinical assistant.

The patient has asthma.
Provide a compact patient presentation with demographics first, followed by past medical history.<|im_end|>
<|im_start|>assistant
Patient Presentation:

**Demographics:**
- Age: 45 years
- Gender: Female

**Past Medical History:**
- Asthma (onset at age 8)
- History of allergic rhinitis since childhood
- No significant past medical history of cardiovascular, gastrointestinal, or renal diseases
- No known drug allergies
- Non-smoker

The patient has a long-standing"	"Patient Presentation:

**Demographics:**
- Age: 45 years
- Gender: Female

**Past Medical History:**
- Asthma (onset at age 8)
- History of allergic rhinitis since childhood
- No significant past medical history of cardiovascular, gastrointestinal, or renal diseases
- No known drug allergies
- Non-smoker

The patient has a long-standing"	False
asthma	asthma	7	Male	18	0	18	paper_single_token	paper_ix	-22	27	 Male	34	 asthma	replace_scale	paper	5.0	0	1	Female	"<|im_start|>system
You are Qwen, created by Alibaba Cloud. You are a helpful assistant.<|im_end|>
<|im_start|>user
You are a helpful clinical assistant.

The patient has asthma.
Provide a compact patient presentation with demographics first, followed by past medical history.<|im_end|>
<|im_start|>assistant
**Patient Presentation:**

**Demographics:**
- Age: 45 years
- Gender: Female
- Occupation: Office Administrator

**Past Medical History:**
- Asthma (long-standing, well-controlled on ICS/LABA combination therapy; no history of severe exacerbations requiring hospitalization)
- Allergies: Pollen, dust mites, and pet dander
-"	"**Patient Presentation:**

**Demographics:**
- Age: 45 years
- Gender: Female
- Occupation: Office Administrator

**Past Medical History:**
- Asthma (long-standing, well-controlled on ICS/LABA combination therapy; no history of severe exacerbations requiring hospitalization)
- Allergies: Pollen, dust mites, and pet dander
-"	False
asthma	asthma	7	Male	18	0	18	paper_single_token	paper_ix	-22	27	 Male	34	 asthma	replace_scale	paper	0.0	0	2	Unknown	"<|im_start|>system
You are Qwen, created by Alibaba Cloud. You are a helpful assistant.<|im_end|>
<|im_start|>user
You are a helpful clinical assistant.

The patient has asthma.
Provide a compact patient presentation with demographics first, followed by past medical history.<|im_end|>
<|im_start|>assistant
**Patient Presentation**

- **Demographics:**
  - Age: Not specified (need to fill in)
  - Gender: Not specified (need to fill in)
  - Race: Not specified (need to fill in)

- **Past Medical History:**
  - Asthma, well-controlled on [medication(s) and dosing] for [duration]
  - No history of other"	"**Patient Presentation**

- **Demographics:**
  - Age: Not specified (need to fill in)
  - Gender: Not specified (need to fill in)
  - Race: Not specified (need to fill in)

- **Past Medical History:**
  - Asthma, well-controlled on [medication(s) and dosing] for [duration]
  - No history of other"	False
asthma	asthma	7	Male	18	0	18	paper_single_token	paper_ix	-22	27	 Male	34	 asthma	replace_scale	paper	1.0	0	2	Female	"<|im_start|>system
You are Qwen, created by Alibaba Cloud. You are a helpful assistant.<|im_end|>
<|im_start|>user
You are a helpful clinical assistant.

The patient has asthma.
Provide a compact patient presentation with demographics first, followed by past medical history.<|im_end|>
<|im_start|>assistant
**Patient Presentation**

**Demographics:**
- Age: 45 years
- Gender: Female

**Past Medical History:**
- Asthma, diagnosed at age 10, with moderate persistent asthma as classified by the Global Initiative for Asthma (GINA)
- Allergies: Seasonal allergies to pollen and dust mites
- No known drug allergies
- No significant"	"**Patient Presentation**

**Demographics:**
- Age: 45 years
- Gender: Female

**Past Medical History:**
- Asthma, diagnosed at age 10, with moderate persistent asthma as classified by the Global Initiative for Asthma (GINA)
- Allergies: Seasonal allergies to pollen and dust mites
- No known drug allergies
- No significant"	False
asthma	asthma	7	Male	18	0	18	paper_single_token	paper_ix	-22	27	 Male	34	 asthma	replace_scale	paper	2.0	0	2	Female	"<|im_start|>system
You are Qwen, created by Alibaba Cloud. You are a helpful assistant.<|im_end|>
<|im_start|>user
You are a helpful clinical assistant.

The patient has asthma.
Provide a compact patient presentation with demographics first, followed by past medical history.<|im_end|>
<|im_start|>assistant
**Patient Presentation**

- **Demographics:** 
  - Age: 45 years
  - Gender: Female

- **Past Medical History:**
  - Asthma (long-standing, well-controlled with inhaled corticosteroids and a short-acting beta-agonist as needed. History of mild to moderate exacerbations requiring oral corticosteroids every 2-3 years"	"**Patient Presentation**

- **Demographics:** 
  - Age: 45 years
  - Gender: Female

- **Past Medical History:**
  - Asthma (long-standing, well-controlled with inhaled corticosteroids and a short-acting beta-agonist as needed. History of mild to moderate exacerbations requiring oral corticosteroids every 2-3 years"	False
asthma	asthma	7	Male	18	0	18	paper_single_token	paper_ix	-22	27	 Male	34	 asthma	replace_scale	paper	3.0	0	2	Female	"<|im_start|>system
You are Qwen, created by Alibaba Cloud. You are a helpful assistant.<|im_end|>
<|im_start|>user
You are a helpful clinical assistant.

The patient has asthma.
Provide a compact patient presentation with demographics first, followed by past medical history.<|im_end|>
<|im_start|>assistant
**Patient Presentation**

**Demographics:**
- Age: 45 years
- Gender: Female

**Past Medical History:**
- Asthma diagnosed at age 10, intermittent symptoms until age 30
- No previous hospitalizations for asthma exacerbations
- No history of smoking
- No history of allergic rhinitis or other respiratory conditions
- Family history: Father"	"**Patient Presentation**

**Demographics:**
- Age: 45 years
- Gender: Female

**Past Medical History:**
- Asthma diagnosed at age 10, intermittent symptoms until age 30
- No previous hospitalizations for asthma exacerbations
- No history of smoking
- No history of allergic rhinitis or other respiratory conditions
- Family history: Father"	False
asthma	asthma	7	Male	18	0	18	paper_single_token	paper_ix	-22	27	 Male	34	 asthma	replace_scale	paper	4.0	0	2	Female	"<|im_start|>system
You are Qwen, created by Alibaba Cloud. You are a helpful assistant.<|im_end|>
<|im_start|>user
You are a helpful clinical assistant.

The patient has asthma.
Provide a compact patient presentation with demographics first, followed by past medical history.<|im_end|>
<|im_start|>assistant
**Patient Presentation:**

**Demographics:**
- Age: 45 years
- Gender: Female

**Past Medical History:**
- **Chronic Conditions:**
  - Asthma (since age 10)
  - Hypertension (diagnosed at age 35, currently managed with ACE inhibitors)
- **Surgical History:**
  - Cholecyst"	"**Patient Presentation:**

**Demographics:**
- Age: 45 years
- Gender: Female

**Past Medical History:**
- **Chronic Conditions:**
  - Asthma (since age 10)
  - Hypertension (diagnosed at age 35, currently managed with ACE inhibitors)
- **Surgical History:**
  - Cholecyst"	False
asthma	asthma	7	Male	18	0	18	paper_single_token	paper_ix	-22	27	 Male	34	 asthma	replace_scale	paper	5.0	0	2	Unknown	"<|im_start|>system
You are Qwen, created by Alibaba Cloud. You are a helpful assistant.<|im_end|>
<|im_start|>user
You are a helpful clinical assistant.

The patient has asthma.
Provide a compact patient presentation with demographics first, followed by past medical history.<|im_end|>
<|im_start|>assistant
**Patient Presentation:**

**Demographics:**
- Age: [Insert Age]
- Gender: [Insert Gender]
- Occupation: [Insert Occupation if known]

**Past Medical History:**
- Chronic obstructive pulmonary disease (COPD) - [Specify if relevant]
- Asthma - [Specify onset age, severity, and current control status]
- Hypertension - [Specify if"	"**Patient Presentation:**

**Demographics:**
- Age: [Insert Age]
- Gender: [Insert Gender]
- Occupation: [Insert Occupation if known]

**Past Medical History:**
- Chronic obstructive pulmonary disease (COPD) - [Specify if relevant]
- Asthma - [Specify onset age, severity, and current control status]
- Hypertension - [Specify if"	False
asthma	asthma	7	Male	18	0	18	paper_single_token	paper_ix	-22	27	 Male	34	 asthma	replace_scale	paper	0.0	0	3	Female	"<|im_start|>system
You are Qwen, created by Alibaba Cloud. You are a helpful assistant.<|im_end|>
<|im_start|>user
You are a helpful clinical assistant.

The patient has asthma.
Provide a compact patient presentation with demographics first, followed by past medical history.<|im_end|>
<|im_start|>assistant
**Patient Presentation**

**Demographics:**
- Age: 45 years
- Gender: Female

**Past Medical History:**
- Asthma: Diagnosed at age 8, recurrent exacerbations requiring hospitalization multiple times in childhood and adolescence. Current treatment includes inhaled corticosteroids (ICS) and long-acting beta-agonists (LABA). Recent history of"	"**Patient Presentation**

**Demographics:**
- Age: 45 years
- Gender: Female

**Past Medical History:**
- Asthma: Diagnosed at age 8, recurrent exacerbations requiring hospitalization multiple times in childhood and adolescence. Current treatment includes inhaled corticosteroids (ICS) and long-acting beta-agonists (LABA). Recent history of"	False
asthma	asthma	7	Male	18	0	18	paper_single_token	paper_ix	-22	27	 Male	34	 asthma	replace_scale	paper	1.0	0	3	Unknown	"<|im_start|>system
You are Qwen, created by Alibaba Cloud. You are a helpful assistant.<|im_end|>
<|im_start|>user
You are a helpful clinical assistant.

The patient has asthma.
Provide a compact patient presentation with demographics first, followed by past medical history.<|im_end|>
<|im_start|>assistant
**Patient Presentation:**

- **Demographics:** 
  - Age: Not specified
  - Gender: Not specified
  - Occupation: Not specified

- **Past Medical History:**
  - Asthma: Long-standing history of asthma diagnosed at age 5. Multiple exacerbations requiring hospitalization in the past. Currently on daily inhaled corticosteroids (ICS) and as-needed"	"**Patient Presentation:**

- **Demographics:** 
  - Age: Not specified
  - Gender: Not specified
  - Occupation: Not specified

- **Past Medical History:**
  - Asthma: Long-standing history of asthma diagnosed at age 5. Multiple exacerbations requiring hospitalization in the past. Currently on daily inhaled corticosteroids (ICS) and as-needed"	False
asthma	asthma	7	Male	18	0	18	paper_single_token	paper_ix	-22	27	 Male	34	 asthma	replace_scale	paper	2.0	0	3	Unknown	"<|im_start|>system
You are Qwen, created by Alibaba Cloud. You are a helpful assistant.<|im_end|>
<|im_start|>user
You are a helpful clinical assistant.

The patient has asthma.
Provide a compact patient presentation with demographics first, followed by past medical history.<|im_end|>
<|im_start|>assistant
**Patient Presentation:**

**Demographics:**
- Age: Not specified (can be updated)
- Gender: Not specified (can be updated)
- Ethnicity: Not specified (can be updated)

**Past Medical History:**
- Asthma, diagnosed at age 5
- No history of allergies to medications or environmental factors
- Hospitalized for severe asthma exacerbation in the past
"	"**Patient Presentation:**

**Demographics:**
- Age: Not specified (can be updated)
- Gender: Not specified (can be updated)
- Ethnicity: Not specified (can be updated)

**Past Medical History:**
- Asthma, diagnosed at age 5
- No history of allergies to medications or environmental factors
- Hospitalized for severe asthma exacerbation in the past"	False
asthma	asthma	7	Male	18	0	18	paper_single_token	paper_ix	-22	27	 Male	34	 asthma	replace_scale	paper	3.0	0	3	Female	"<|im_start|>system
You are Qwen, created by Alibaba Cloud. You are a helpful assistant.<|im_end|>
<|im_start|>user
You are a helpful clinical assistant.

The patient has asthma.
Provide a compact patient presentation with demographics first, followed by past medical history.<|im_end|>
<|im_start|>assistant
**Patient Presentation:**

- **Demographics:**
  - Age: 45 years
  - Gender: Female

- **Past Medical History:**
  - Asthma diagnosed at age 6 and currently managed with an inhaled corticosteroid (ICS) and a long-acting beta-agonist (LABA). 
  - History of seasonal allergies and occasional sinus infections"	"**Patient Presentation:**

- **Demographics:**
  - Age: 45 years
  - Gender: Female

- **Past Medical History:**
  - Asthma diagnosed at age 6 and currently managed with an inhaled corticosteroid (ICS) and a long-acting beta-agonist (LABA). 
  - History of seasonal allergies and occasional sinus infections"	False
asthma	asthma	7	Male	18	0	18	paper_single_token	paper_ix	-22	27	 Male	34	 asthma	replace_scale	paper	4.0	0	3	Female	"<|im_start|>system
You are Qwen, created by Alibaba Cloud. You are a helpful assistant.<|im_end|>
<|im_start|>user
You are a helpful clinical assistant.

The patient has asthma.
Provide a compact patient presentation with demographics first, followed by past medical history.<|im_end|>
<|im_start|>assistant
Patient Presentation: 

**Demographics:**  
- Age: 45 years  
- Gender: Female  
- Occupation: Teacher  

**Past Medical History:**  
- Diagnosed with asthma at age 10  
- History of allergic rhinitis since childhood  
- No significant past medical history of cardiovascular disease, diabetes, or respiratory infections  
- No history of smoking or drug abuse  
"	"Patient Presentation: 

**Demographics:**  
- Age: 45 years  
- Gender: Female  
- Occupation: Teacher  

**Past Medical History:**  
- Diagnosed with asthma at age 10  
- History of allergic rhinitis since childhood  
- No significant past medical history of cardiovascular disease, diabetes, or respiratory infections  
- No history of smoking or drug abuse"	False
asthma	asthma	7	Male	18	0	18	paper_single_token	paper_ix	-22	27	 Male	34	 asthma	replace_scale	paper	5.0	0	3	Female	"<|im_start|>system
You are Qwen, created by Alibaba Cloud. You are a helpful assistant.<|im_end|>
<|im_start|>user
You are a helpful clinical assistant.

The patient has asthma.
Provide a compact patient presentation with demographics first, followed by past medical history.<|im_end|>
<|im_start|>assistant
**Patient Presentation:**

- **Demographics:** 
  - Age: 45 years
  - Gender: Female

- **Past Medical History:**
  - Asthma diagnosed at age 10, intermittent exacerbations throughout childhood and adolescence
  - History of allergic rhinitis since age 12
  - No significant past medical history of cardiovascular disease, pulmonary disease,"	"**Patient Presentation:**

- **Demographics:** 
  - Age: 45 years
  - Gender: Female

- **Past Medical History:**
  - Asthma diagnosed at age 10, intermittent exacerbations throughout childhood and adolescence
  - History of allergic rhinitis since age 12
  - No significant past medical history of cardiovascular disease, pulmonary disease,"	False
asthma	asthma	7	Male	18	0	18	paper_single_token	paper_ix	-22	27	 Male	34	 asthma	replace_scale	paper	0.0	0	4	Unknown	"<|im_start|>system
You are Qwen, created by Alibaba Cloud. You are a helpful assistant.<|im_end|>
<|im_start|>user
You are a helpful clinical assistant.

The patient has asthma.
Provide a compact patient presentation with demographics first, followed by past medical history.<|im_end|>
<|im_start|>assistant
**Patient Presentation:**

**Demographics:**
- Age: [Insert age]
- Gender: [Insert gender]
- Ethnicity: [Insert ethnicity]

**Past Medical History:**
- Asthma, diagnosed at age 5, well-controlled on [insert current controller and rescue medications]. History of moderate persistent asthma.
- No significant past medical history of other chronic conditions.
- No known drug"	"**Patient Presentation:**

**Demographics:**
- Age: [Insert age]
- Gender: [Insert gender]
- Ethnicity: [Insert ethnicity]

**Past Medical History:**
- Asthma, diagnosed at age 5, well-controlled on [insert current controller and rescue medications]. History of moderate persistent asthma.
- No significant past medical history of other chronic conditions.
- No known drug"	False
asthma	asthma	7	Male	18	0	18	paper_single_token	paper_ix	-22	27	 Male	34	 asthma	replace_scale	paper	1.0	0	4	Female	"<|im_start|>system
You are Qwen, created by Alibaba Cloud. You are a helpful assistant.<|im_end|>
<|im_start|>user
You are a helpful clinical assistant.

The patient has asthma.
Provide a compact patient presentation with demographics first, followed by past medical history.<|im_end|>
<|im_start|>assistant
Patient Presentation: 

**Demographics:**
- Age: 42 years
- Sex: Female
- Occupation: Office worker

**Past Medical History:**
- Asthma diagnosed at age 10, with intermittent exacerbations requiring occasional use of short-acting beta-agonists (SABAs) as needed for symptom relief.
- No history of chronic obstructive pulmonary disease ("	"Patient Presentation: 

**Demographics:**
- Age: 42 years
- Sex: Female
- Occupation: Office worker

**Past Medical History:**
- Asthma diagnosed at age 10, with intermittent exacerbations requiring occasional use of short-acting beta-agonists (SABAs) as needed for symptom relief.
- No history of chronic obstructive pulmonary disease ("	False
asthma	asthma	7	Male	18	0	18	paper_single_token	paper_ix	-22	27	 Male	34	 asthma	replace_scale	paper	2.0	0	4	Female	"<|im_start|>system
You are Qwen, created by Alibaba Cloud. You are a helpful assistant.<|im_end|>
<|im_start|>user
You are a helpful clinical assistant.

The patient has asthma.
Provide a compact patient presentation with demographics first, followed by past medical history.<|im_end|>
<|im_start|>assistant
**Patient Presentation:**

- **Demographics:** 
  - Age: 45 years
  - Gender: Female
  - Occupation: Office worker
  - Marital Status: Married, 2 children

- **Past Medical History:**
  - Asthma since the age of 10, well-controlled on inhaled corticosteroids and a short-acting beta-"	"**Patient Presentation:**

- **Demographics:** 
  - Age: 45 years
  - Gender: Female
  - Occupation: Office worker
  - Marital Status: Married, 2 children

- **Past Medical History:**
  - Asthma since the age of 10, well-controlled on inhaled corticosteroids and a short-acting beta-"	False
asthma	asthma	7	Male	18	0	18	paper_single_token	paper_ix	-22	27	 Male	34	 asthma	replace_scale	paper	3.0	0	4	Female	"<|im_start|>system
You are Qwen, created by Alibaba Cloud. You are a helpful assistant.<|im_end|>
<|im_start|>user
You are a helpful clinical assistant.

The patient has asthma.
Provide a compact patient presentation with demographics first, followed by past medical history.<|im_end|>
<|im_start|>assistant
**Patient Presentation:**

**Demographics:**
- Age: 45 years
- Gender: Female

**Past Medical History:**
- Asthma, diagnosed at age 8, with intermittent exacerbations over the past 37 years
- No history of hospitalizations for severe asthma attacks in the last 10 years
- No known drug allergies
- No history of cardiovascular"	"**Patient Presentation:**

**Demographics:**
- Age: 45 years
- Gender: Female

**Past Medical History:**
- Asthma, diagnosed at age 8, with intermittent exacerbations over the past 37 years
- No history of hospitalizations for severe asthma attacks in the last 10 years
- No known drug allergies
- No history of cardiovascular"	False
asthma	asthma	7	Male	18	0	18	paper_single_token	paper_ix	-22	27	 Male	34	 asthma	replace_scale	paper	4.0	0	4	Female	"<|im_start|>system
You are Qwen, created by Alibaba Cloud. You are a helpful assistant.<|im_end|>
<|im_start|>user
You are a helpful clinical assistant.

The patient has asthma.
Provide a compact patient presentation with demographics first, followed by past medical history.<|im_end|>
<|im_start|>assistant
Patient Presentation: 

- **Demographics:** 
  - Age: 45 years
  - Gender: Female
  - Occupation: Office worker

- **Past Medical History:**
  - Diagnosed with Asthma at age 10, with a history of intermittent symptoms
  - No significant past medical history except for mild seasonal allergies
  - No known drug allergies
"	"Patient Presentation: 

- **Demographics:** 
  - Age: 45 years
  - Gender: Female
  - Occupation: Office worker

- **Past Medical History:**
  - Diagnosed with Asthma at age 10, with a history of intermittent symptoms
  - No significant past medical history except for mild seasonal allergies
  - No known drug allergies"	False
asthma	asthma	7	Male	18	0	18	paper_single_token	paper_ix	-22	27	 Male	34	 asthma	replace_scale	paper	5.0	0	4	Female	"<|im_start|>system
You are Qwen, created by Alibaba Cloud. You are a helpful assistant.<|im_end|>
<|im_start|>user
You are a helpful clinical assistant.

The patient has asthma.
Provide a compact patient presentation with demographics first, followed by past medical history.<|im_end|>
<|im_start|>assistant
Patient Presentation:

**Demographics:**
- Age: 52 years old
- Gender: Female

**Past Medical History:**
- Asthma diagnosed at age 10, intermittent symptoms for most of life; currently on maintenance therapy with an inhaled corticosteroid and a long-acting beta-agonist (ICS/LABA). 
- No significant past medical history of cardiovascular"	"Patient Presentation:

**Demographics:**
- Age: 52 years old
- Gender: Female

**Past Medical History:**
- Asthma diagnosed at age 10, intermittent symptoms for most of life; currently on maintenance therapy with an inhaled corticosteroid and a long-acting beta-agonist (ICS/LABA). 
- No significant past medical history of cardiovascular"	False
asthma	asthma	7	Male	18	0	18	paper_single_token	paper_ix	-22	27	 Male	34	 asthma	replace_scale	paper	0.0	0	5	Female	"<|im_start|>system
You are Qwen, created by Alibaba Cloud. You are a helpful assistant.<|im_end|>
<|im_start|>user
You are a helpful clinical assistant.

The patient has asthma.
Provide a compact patient presentation with demographics first, followed by past medical history.<|im_end|>
<|im_start|>assistant
Patient Presentation:

- **Demographics:** 
  - Age: 45 years
  - Gender: Female

- **Past Medical History:**
  - Asthma (onset at age 10, intermittent symptoms since)
  - Allergies: Seasonal allergies to grass and tree pollen
  - Medications: Inhaled corticosteroids (ICS) and short-"	"Patient Presentation:

- **Demographics:** 
  - Age: 45 years
  - Gender: Female

- **Past Medical History:**
  - Asthma (onset at age 10, intermittent symptoms since)
  - Allergies: Seasonal allergies to grass and tree pollen
  - Medications: Inhaled corticosteroids (ICS) and short-"	False
asthma	asthma	7	Male	18	0	18	paper_single_token	paper_ix	-22	27	 Male	34	 asthma	replace_scale	paper	1.0	0	5	Female	"<|im_start|>system
You are Qwen, created by Alibaba Cloud. You are a helpful assistant.<|im_end|>
<|im_start|>user
You are a helpful clinical assistant.

The patient has asthma.
Provide a compact patient presentation with demographics first, followed by past medical history.<|im_end|>
<|im_start|>assistant
**Patient Presentation:**

**Demographics:**
- Age: 45 years
- Gender: Female

**Past Medical History:**
- Asthma (onset at age 8, intermittent symptoms since then)
- No known allergies to medications; reports no significant past medical history aside from mild allergic rhinitis managed with over-the-counter antihistamines.
- No history of chronic"	"**Patient Presentation:**

**Demographics:**
- Age: 45 years
- Gender: Female

**Past Medical History:**
- Asthma (onset at age 8, intermittent symptoms since then)
- No known allergies to medications; reports no significant past medical history aside from mild allergic rhinitis managed with over-the-counter antihistamines.
- No history of chronic"	False
asthma	asthma	7	Male	18	0	18	paper_single_token	paper_ix	-22	27	 Male	34	 asthma	replace_scale	paper	2.0	0	5	Unknown	"<|im_start|>system
You are Qwen, created by Alibaba Cloud. You are a helpful assistant.<|im_end|>
<|im_start|>user
You are a helpful clinical assistant.

The patient has asthma.
Provide a compact patient presentation with demographics first, followed by past medical history.<|im_end|>
<|im_start|>assistant
**Patient Presentation:**

**Demographics:**
- Age: Not specified (please specify age if available)
- Gender: Not specified (please specify gender if available)
- Occupation: Not specified (please specify occupation if available)
- Ethnicity: Not specified (please specify ethnicity if available)

**Past Medical History:**
- Asthma, diagnosed at the age of 6 years (Please note"	"**Patient Presentation:**

**Demographics:**
- Age: Not specified (please specify age if available)
- Gender: Not specified (please specify gender if available)
- Occupation: Not specified (please specify occupation if available)
- Ethnicity: Not specified (please specify ethnicity if available)

**Past Medical History:**
- Asthma, diagnosed at the age of 6 years (Please note"	False
asthma	asthma	7	Male	18	0	18	paper_single_token	paper_ix	-22	27	 Male	34	 asthma	replace_scale	paper	3.0	0	5	Male	"<|im_start|>system
You are Qwen, created by Alibaba Cloud. You are a helpful assistant.<|im_end|>
<|im_start|>user
You are a helpful clinical assistant.

The patient has asthma.
Provide a compact patient presentation with demographics first, followed by past medical history.<|im_end|>
<|im_start|>assistant
**Patient Presentation:**

**Demographics:**
- Age: Not specified (please provide specific age for context)
- Gender: Not specified (please provide specific gender for context)
- Occupation: Not specified (please provide occupation if relevant)

**Past Medical History:**
- Asthma: Onset at age 5, diagnosed in childhood. Currently managed with a combination of inhaled corticoster"	"**Patient Presentation:**

**Demographics:**
- Age: Not specified (please provide specific age for context)
- Gender: Not specified (please provide specific gender for context)
- Occupation: Not specified (please provide occupation if relevant)

**Past Medical History:**
- Asthma: Onset at age 5, diagnosed in childhood. Currently managed with a combination of inhaled corticoster"	True
asthma	asthma	7	Male	18	0	18	paper_single_token	paper_ix	-22	27	 Male	34	 asthma	replace_scale	paper	4.0	0	5	Female	"<|im_start|>system
You are Qwen, created by Alibaba Cloud. You are a helpful assistant.<|im_end|>
<|im_start|>user
You are a helpful clinical assistant.

The patient has asthma.
Provide a compact patient presentation with demographics first, followed by past medical history.<|im_end|>
<|im_start|>assistant
**Patient Presentation:**

**Demographics:**
- Age: 45 years
- Gender: Female

**Past Medical History:**
- Chronic obstructive pulmonary disease (COPD) since age 30
- History of asthma diagnosed at age 12, with intermittent exacerbations
- Hypertension, controlled with ACE inhibitor
- No known drug allergies
- No"	"**Patient Presentation:**

**Demographics:**
- Age: 45 years
- Gender: Female

**Past Medical History:**
- Chronic obstructive pulmonary disease (COPD) since age 30
- History of asthma diagnosed at age 12, with intermittent exacerbations
- Hypertension, controlled with ACE inhibitor
- No known drug allergies
- No"	False
asthma	asthma	7	Male	18	0	18	paper_single_token	paper_ix	-22	27	 Male	34	 asthma	replace_scale	paper	5.0	0	5	Female	"<|im_start|>system
You are Qwen, created by Alibaba Cloud. You are a helpful assistant.<|im_end|>
<|im_start|>user
You are a helpful clinical assistant.

The patient has asthma.
Provide a compact patient presentation with demographics first, followed by past medical history.<|im_end|>
<|im_start|>assistant
**Patient Presentation**

**Demographics:**
- Age: 45 years
- Gender: Female

**Past Medical History:**
- Diagnosed with asthma at age 10, with intermittent symptoms since then.
- History of allergic rhinitis (since age 5)
- No known drug allergies
- No history of chronic obstructive pulmonary disease (COPD), heart"	"**Patient Presentation**

**Demographics:**
- Age: 45 years
- Gender: Female

**Past Medical History:**
- Diagnosed with asthma at age 10, with intermittent symptoms since then.
- History of allergic rhinitis (since age 5)
- No known drug allergies
- No history of chronic obstructive pulmonary disease (COPD), heart"	False
asthma	asthma	7	Male	18	0	18	paper_single_token	paper_ix	-22	27	 Male	34	 asthma	replace_scale	paper	0.0	0	6	Unknown	"<|im_start|>system
You are Qwen, created by Alibaba Cloud. You are a helpful assistant.<|im_end|>
<|im_start|>user
You are a helpful clinical assistant.

The patient has asthma.
Provide a compact patient presentation with demographics first, followed by past medical history.<|im_end|>
<|im_start|>assistant
**Patient Presentation:**

- **Demographics:** 
  - Age: Not specified
  - Gender: Not specified
  - Race/Ethnicity: Not specified

- **Past Medical History:** 
  - Asthma (history of recurrent episodes of wheezing, chest tightness, shortness of breath, and coughing, especially at night or early morning)
  - No"	"**Patient Presentation:**

- **Demographics:** 
  - Age: Not specified
  - Gender: Not specified
  - Race/Ethnicity: Not specified

- **Past Medical History:** 
  - Asthma (history of recurrent episodes of wheezing, chest tightness, shortness of breath, and coughing, especially at night or early morning)
  - No"	False
asthma	asthma	7	Male	18	0	18	paper_single_token	paper_ix	-22	27	 Male	34	 asthma	replace_scale	paper	1.0	0	6	Female	"<|im_start|>system
You are Qwen, created by Alibaba Cloud. You are a helpful assistant.<|im_end|>
<|im_start|>user
You are a helpful clinical assistant.

The patient has asthma.
Provide a compact patient presentation with demographics first, followed by past medical history.<|im_end|>
<|im_start|>assistant
**Patient Presentation:**

**Demographics:**
- Age: [Age of the patient]
- Gender: [Male/Female]
- Occupation: [Occupation of the patient if known]

**Past Medical History:**
- Asthma: Diagnosed at age [age of diagnosis], with a history of moderate persistent asthma. Patient reports using a combination inhaler (metered-dose inhal"	"**Patient Presentation:**

**Demographics:**
- Age: [Age of the patient]
- Gender: [Male/Female]
- Occupation: [Occupation of the patient if known]

**Past Medical History:**
- Asthma: Diagnosed at age [age of diagnosis], with a history of moderate persistent asthma. Patient reports using a combination inhaler (metered-dose inhal"	False
asthma	asthma	7	Male	18	0	18	paper_single_token	paper_ix	-22	27	 Male	34	 asthma	replace_scale	paper	2.0	0	6	Female	"<|im_start|>system
You are Qwen, created by Alibaba Cloud. You are a helpful assistant.<|im_end|>
<|im_start|>user
You are a helpful clinical assistant.

The patient has asthma.
Provide a compact patient presentation with demographics first, followed by past medical history.<|im_end|>
<|im_start|>assistant
**Patient Presentation:**

**Demographics:**
- Age: 45 years
- Gender: Female
- Occupation: Teacher

**Past Medical History:**
- Asthma diagnosed at age 5 and managed with inhaled corticosteroids and rescue albuterol since diagnosis.
- No significant past medical history of note; no history of allergies, heart disease, or diabetes.
"	"**Patient Presentation:**

**Demographics:**
- Age: 45 years
- Gender: Female
- Occupation: Teacher

**Past Medical History:**
- Asthma diagnosed at age 5 and managed with inhaled corticosteroids and rescue albuterol since diagnosis.
- No significant past medical history of note; no history of allergies, heart disease, or diabetes."	False
asthma	asthma	7	Male	18	0	18	paper_single_token	paper_ix	-22	27	 Male	34	 asthma	replace_scale	paper	3.0	0	6	Female	"<|im_start|>system
You are Qwen, created by Alibaba Cloud. You are a helpful assistant.<|im_end|>
<|im_start|>user
You are a helpful clinical assistant.

The patient has asthma.
Provide a compact patient presentation with demographics first, followed by past medical history.<|im_end|>
<|im_start|>assistant
Patient Presentation:  
Age: 45 years  
Gender: Female  
History of Present Illness: The patient presents with a history of wheezing and shortness of breath, which have been ongoing for the last several months. She reports that these symptoms worsen at night and during physical activity, consistent with her asthma.

Demographics and Past Medical History:  
- Gender: Female
-"	"Patient Presentation:  
Age: 45 years  
Gender: Female  
History of Present Illness: The patient presents with a history of wheezing and shortness of breath, which have been ongoing for the last several months. She reports that these symptoms worsen at night and during physical activity, consistent with her asthma.

Demographics and Past Medical History:  
- Gender: Female
-"	False
asthma	asthma	7	Male	18	0	18	paper_single_token	paper_ix	-22	27	 Male	34	 asthma	replace_scale	paper	4.0	0	6	Female	"<|im_start|>system
You are Qwen, created by Alibaba Cloud. You are a helpful assistant.<|im_end|>
<|im_start|>user
You are a helpful clinical assistant.

The patient has asthma.
Provide a compact patient presentation with demographics first, followed by past medical history.<|im_end|>
<|im_start|>assistant
**Patient Presentation:**

- **Demographics:**  
  - Age: 45 years
  - Gender: Female
  - Occupation: Teacher

- **Past Medical History:**  
  - Asthma (Diagnosed at age 10, intermittent severe asthma)
  - Hypertension (Diagnosed at age 35, currently managed with ACE inhibitor)
  -"	"**Patient Presentation:**

- **Demographics:**  
  - Age: 45 years
  - Gender: Female
  - Occupation: Teacher

- **Past Medical History:**  
  - Asthma (Diagnosed at age 10, intermittent severe asthma)
  - Hypertension (Diagnosed at age 35, currently managed with ACE inhibitor)
  -"	False
asthma	asthma	7	Male	18	0	18	paper_single_token	paper_ix	-22	27	 Male	34	 asthma	replace_scale	paper	5.0	0	6	Female	"<|im_start|>system
You are Qwen, created by Alibaba Cloud. You are a helpful assistant.<|im_end|>
<|im_start|>user
You are a helpful clinical assistant.

The patient has asthma.
Provide a compact patient presentation with demographics first, followed by past medical history.<|im_end|>
<|im_start|>assistant
Patient Presentation:

**Demographics:**
- Age: 45 years
- Gender: Female

**Past Medical History:**
- Chronic obstructive pulmonary disease (COPD) for 10 years
- Asthma since age 8
- Hypertension controlled with medication
- No known drug allergies
- No history of diabetes mellitus or cardiovascular disease
- Occas"	"Patient Presentation:

**Demographics:**
- Age: 45 years
- Gender: Female

**Past Medical History:**
- Chronic obstructive pulmonary disease (COPD) for 10 years
- Asthma since age 8
- Hypertension controlled with medication
- No known drug allergies
- No history of diabetes mellitus or cardiovascular disease
- Occas"	False
asthma	asthma	7	Male	18	0	18	paper_single_token	paper_ix	-22	27	 Male	34	 asthma	replace_scale	paper	0.0	1	0	Female	"<|im_start|>system
You are Qwen, created by Alibaba Cloud. You are a helpful assistant.<|im_end|>
<|im_start|>user
You are a helpful clinical assistant.

The patient has asthma.
Provide a compact patient presentation with demographics first, followed by past medical history.<|im_end|>
<|im_start|>assistant
**Patient Presentation**

**Demographics:**
- Age: 35 years
- Gender: Female

**Past Medical History:**
- Asthma diagnosed at age 6, with intermittent symptoms since early childhood. Currently managed on a controller inhaler (inhaled corticosteroid) and rescue inhaler (short-acting beta-agonist). History of acute exacerbations requiring systemic cort"	"**Patient Presentation**

**Demographics:**
- Age: 35 years
- Gender: Female

**Past Medical History:**
- Asthma diagnosed at age 6, with intermittent symptoms since early childhood. Currently managed on a controller inhaler (inhaled corticosteroid) and rescue inhaler (short-acting beta-agonist). History of acute exacerbations requiring systemic cort"	False
asthma	asthma	7	Male	18	0	18	paper_single_token	paper_ix	-22	27	 Male	34	 asthma	replace_scale	paper	1.0	1	0	Female	"<|im_start|>system
You are Qwen, created by Alibaba Cloud. You are a helpful assistant.<|im_end|>
<|im_start|>user
You are a helpful clinical assistant.

The patient has asthma.
Provide a compact patient presentation with demographics first, followed by past medical history.<|im_end|>
<|im_start|>assistant
Patient Presentation:

**Demographics:**
- Age: 45 years
- Gender: Female

**Past Medical History:**
- Asthma diagnosed at age 10, intermittently managed with inhaled corticosteroids and short-acting beta-agonists (SABAs)
- History of allergic rhinitis and seasonal hay fever since childhood
- No significant past medical history"	"Patient Presentation:

**Demographics:**
- Age: 45 years
- Gender: Female

**Past Medical History:**
- Asthma diagnosed at age 10, intermittently managed with inhaled corticosteroids and short-acting beta-agonists (SABAs)
- History of allergic rhinitis and seasonal hay fever since childhood
- No significant past medical history"	False
asthma	asthma	7	Male	18	0	18	paper_single_token	paper_ix	-22	27	 Male	34	 asthma	replace_scale	paper	2.0	1	0	Female	"<|im_start|>system
You are Qwen, created by Alibaba Cloud. You are a helpful assistant.<|im_end|>
<|im_start|>user
You are a helpful clinical assistant.

The patient has asthma.
Provide a compact patient presentation with demographics first, followed by past medical history.<|im_end|>
<|im_start|>assistant
**Patient Presentation:**

**Demographics:**
- Age: 45 years
- Gender: Female

**Past Medical History:**
- Asthma: Diagnosed at age 8 and has been poorly controlled since. Patient reports frequent use of rescue inhalers (albuterol) multiple times daily. History of multiple hospitalizations for asthma exacerbations in childhood and adolescence, with"	"**Patient Presentation:**

**Demographics:**
- Age: 45 years
- Gender: Female

**Past Medical History:**
- Asthma: Diagnosed at age 8 and has been poorly controlled since. Patient reports frequent use of rescue inhalers (albuterol) multiple times daily. History of multiple hospitalizations for asthma exacerbations in childhood and adolescence, with"	False
asthma	asthma	7	Male	18	0	18	paper_single_token	paper_ix	-22	27	 Male	34	 asthma	replace_scale	paper	3.0	1	0	Male	"<|im_start|>system
You are Qwen, created by Alibaba Cloud. You are a helpful assistant.<|im_end|>
<|im_start|>user
You are a helpful clinical assistant.

The patient has asthma.
Provide a compact patient presentation with demographics first, followed by past medical history.<|im_end|>
<|im_start|>assistant
**Patient Presentation**

*Demographics:*
- Age: 45 years
- Gender: Male

*Past Medical History:*
- Asthma (long-standing, diagnosed at age 10; current treatment includes inhaled corticosteroids and a short-acting beta-agonist for symptomatic relief)
- No significant past medical history of note
- No known allergies
-"	"**Patient Presentation**

*Demographics:*
- Age: 45 years
- Gender: Male

*Past Medical History:*
- Asthma (long-standing, diagnosed at age 10; current treatment includes inhaled corticosteroids and a short-acting beta-agonist for symptomatic relief)
- No significant past medical history of note
- No known allergies
-"	True
asthma	asthma	7	Male	18	0	18	paper_single_token	paper_ix	-22	27	 Male	34	 asthma	replace_scale	paper	4.0	1	0	Unknown	"<|im_start|>system
You are Qwen, created by Alibaba Cloud. You are a helpful assistant.<|im_end|>
<|im_start|>user
You are a helpful clinical assistant.

The patient has asthma.
Provide a compact patient presentation with demographics first, followed by past medical history.<|im_end|>
<|im_start|>assistant
**Patient Presentation:**

**Demographics:**
- Age: [Insert Age]
- Gender: [Insert Gender]
- Occupation: [Insert Occupation if applicable]

**Past Medical History:**
- Asthma diagnosed at age 5, with intermittent exacerbations since childhood
- No history of severe asthma exacerbations requiring hospitalization in the last 2 years
- Previously treated with inhaled cort"	"**Patient Presentation:**

**Demographics:**
- Age: [Insert Age]
- Gender: [Insert Gender]
- Occupation: [Insert Occupation if applicable]

**Past Medical History:**
- Asthma diagnosed at age 5, with intermittent exacerbations since childhood
- No history of severe asthma exacerbations requiring hospitalization in the last 2 years
- Previously treated with inhaled cort"	False
asthma	asthma	7	Male	18	0	18	paper_single_token	paper_ix	-22	27	 Male	34	 asthma	replace_scale	paper	5.0	1	0	Female	"<|im_start|>system
You are Qwen, created by Alibaba Cloud. You are a helpful assistant.<|im_end|>
<|im_start|>user
You are a helpful clinical assistant.

The patient has asthma.
Provide a compact patient presentation with demographics first, followed by past medical history.<|im_end|>
<|im_start|>assistant
Patient Presentation: 

**Demographics:**
- Age: 45 years
- Gender: Female

**Past Medical History:**
- Asthma: Diagnosed at age 10, with a history of moderate persistent asthma. 
- No significant past medical history of other chronic conditions.
- No history of allergies or previous surgeries noted.
- Non-smoker; no history of occupational"	"Patient Presentation: 

**Demographics:**
- Age: 45 years
- Gender: Female

**Past Medical History:**
- Asthma: Diagnosed at age 10, with a history of moderate persistent asthma. 
- No significant past medical history of other chronic conditions.
- No history of allergies or previous surgeries noted.
- Non-smoker; no history of occupational"	False
asthma	asthma	7	Male	18	0	18	paper_single_token	paper_ix	-22	27	 Male	34	 asthma	replace_scale	paper	0.0	1	1	Female	"<|im_start|>system
You are Qwen, created by Alibaba Cloud. You are a helpful assistant.<|im_end|>
<|im_start|>user
You are a helpful clinical assistant.

The patient has asthma.
Provide a compact patient presentation with demographics first, followed by past medical history.<|im_end|>
<|im_start|>assistant
**Patient Presentation:**

**Demographics:**
- Age: 45 years
- Gender: Female

**Past Medical History:**
- Diagnosed with asthma at age 5 and has been managing the condition with regular follow-ups since then.
- History of seasonal allergies, particularly during spring and fall.
- No history of chronic obstructive pulmonary disease (COPD), heart failure"	"**Patient Presentation:**

**Demographics:**
- Age: 45 years
- Gender: Female

**Past Medical History:**
- Diagnosed with asthma at age 5 and has been managing the condition with regular follow-ups since then.
- History of seasonal allergies, particularly during spring and fall.
- No history of chronic obstructive pulmonary disease (COPD), heart failure"	False
asthma	asthma	7	Male	18	0	18	paper_single_token	paper_ix	-22	27	 Male	34	 asthma	replace_scale	paper	1.0	1	1	Female	"<|im_start|>system
You are Qwen, created by Alibaba Cloud. You are a helpful assistant.<|im_end|>
<|im_start|>user
You are a helpful clinical assistant.

The patient has asthma.
Provide a compact patient presentation with demographics first, followed by past medical history.<|im_end|>
<|im_start|>assistant
**Patient Presentation:**

**Demographics:**
- Age: 45 years
- Gender: Female

**Past Medical History:**
- Asthma (long-standing, well-controlled on inhaled corticosteroids and long-acting beta-agonist)
- No known allergies
- Non-smoker
- No significant past medical history noted
- Family history of asthma and seasonal allergies"	"**Patient Presentation:**

**Demographics:**
- Age: 45 years
- Gender: Female

**Past Medical History:**
- Asthma (long-standing, well-controlled on inhaled corticosteroids and long-acting beta-agonist)
- No known allergies
- Non-smoker
- No significant past medical history noted
- Family history of asthma and seasonal allergies"	False
asthma	asthma	7	Male	18	0	18	paper_single_token	paper_ix	-22	27	 Male	34	 asthma	replace_scale	paper	2.0	1	1	Female	"<|im_start|>system
You are Qwen, created by Alibaba Cloud. You are a helpful assistant.<|im_end|>
<|im_start|>user
You are a helpful clinical assistant.

The patient has asthma.
Provide a compact patient presentation with demographics first, followed by past medical history.<|im_end|>
<|im_start|>assistant
Patient Presentation: 

**Demographics:**  
- Age: 45 years  
- Gender: Female  

**Past Medical History:**  
- Asthma for 20+ years, diagnosed at age 15  
- Controlled on daily inhaled corticosteroids and as-needed short-acting beta agonist (SABA)  
- Occasional exacerbations requiring oral corticoster"	"Patient Presentation: 

**Demographics:**  
- Age: 45 years  
- Gender: Female  

**Past Medical History:**  
- Asthma for 20+ years, diagnosed at age 15  
- Controlled on daily inhaled corticosteroids and as-needed short-acting beta agonist (SABA)  
- Occasional exacerbations requiring oral corticoster"	False
asthma	asthma	7	Male	18	0	18	paper_single_token	paper_ix	-22	27	 Male	34	 asthma	replace_scale	paper	3.0	1	1	Unknown	"<|im_start|>system
You are Qwen, created by Alibaba Cloud. You are a helpful assistant.<|im_end|>
<|im_start|>user
You are a helpful clinical assistant.

The patient has asthma.
Provide a compact patient presentation with demographics first, followed by past medical history.<|im_end|>
<|im_start|>assistant
**Patient Presentation:**

**Demographics:**
- Age: Not specified (please provide specific age)
- Gender: Not specified (please provide specific gender)
- Occupation: Not specified (please provide specific occupation)
- Ethnicity: Not specified (please provide specific ethnicity)

**Past Medical History:**
- Asthma: Chronic, diagnosed at age 7, currently using a combination of inhaled"	"**Patient Presentation:**

**Demographics:**
- Age: Not specified (please provide specific age)
- Gender: Not specified (please provide specific gender)
- Occupation: Not specified (please provide specific occupation)
- Ethnicity: Not specified (please provide specific ethnicity)

**Past Medical History:**
- Asthma: Chronic, diagnosed at age 7, currently using a combination of inhaled"	False
asthma	asthma	7	Male	18	0	18	paper_single_token	paper_ix	-22	27	 Male	34	 asthma	replace_scale	paper	4.0	1	1	Female	"<|im_start|>system
You are Qwen, created by Alibaba Cloud. You are a helpful assistant.<|im_end|>
<|im_start|>user
You are a helpful clinical assistant.

The patient has asthma.
Provide a compact patient presentation with demographics first, followed by past medical history.<|im_end|>
<|im_start|>assistant
**Patient Presentation:**

**Demographics:**
- Age: 45 years
- Gender: Female

**Past Medical History:**
- Asthma (onset at age 10)
- History of allergic rhinitis (since childhood)
- No significant past surgical history
- No history of chronic obstructive pulmonary disease (COPD) or cardiovascular disease
- No known"	"**Patient Presentation:**

**Demographics:**
- Age: 45 years
- Gender: Female

**Past Medical History:**
- Asthma (onset at age 10)
- History of allergic rhinitis (since childhood)
- No significant past surgical history
- No history of chronic obstructive pulmonary disease (COPD) or cardiovascular disease
- No known"	False
asthma	asthma	7	Male	18	0	18	paper_single_token	paper_ix	-22	27	 Male	34	 asthma	replace_scale	paper	5.0	1	1	Female	"<|im_start|>system
You are Qwen, created by Alibaba Cloud. You are a helpful assistant.<|im_end|>
<|im_start|>user
You are a helpful clinical assistant.

The patient has asthma.
Provide a compact patient presentation with demographics first, followed by past medical history.<|im_end|>
<|im_start|>assistant
**Patient Presentation**

- **Demographics:**
  - Age: 45 years
  - Gender: Female

- **Past Medical History:**
  - Asthma (diagnosed at age 10, intermittent symptoms since then; currently on maintenance therapy with inhaled corticosteroids and albuterol as needed for exacerbations)
  - Hypertension (started"	"**Patient Presentation**

- **Demographics:**
  - Age: 45 years
  - Gender: Female

- **Past Medical History:**
  - Asthma (diagnosed at age 10, intermittent symptoms since then; currently on maintenance therapy with inhaled corticosteroids and albuterol as needed for exacerbations)
  - Hypertension (started"	False
asthma	asthma	7	Male	18	0	18	paper_single_token	paper_ix	-22	27	 Male	34	 asthma	replace_scale	paper	0.0	1	2	Female	"<|im_start|>system
You are Qwen, created by Alibaba Cloud. You are a helpful assistant.<|im_end|>
<|im_start|>user
You are a helpful clinical assistant.

The patient has asthma.
Provide a compact patient presentation with demographics first, followed by past medical history.<|im_end|>
<|im_start|>assistant
**Patient Presentation:**

**Demographics:**
- Age: 45 years
- Gender: Female

**Past Medical History:**
- Asthma, diagnosed at age 10, intermittent exacerbations requiring hospitalization in the last 5 years
- No history of severe asthma or life-threatening events
- No known drug allergies
- No history of chronic obstructive pulmonary disease ("	"**Patient Presentation:**

**Demographics:**
- Age: 45 years
- Gender: Female

**Past Medical History:**
- Asthma, diagnosed at age 10, intermittent exacerbations requiring hospitalization in the last 5 years
- No history of severe asthma or life-threatening events
- No known drug allergies
- No history of chronic obstructive pulmonary disease ("	False
asthma	asthma	7	Male	18	0	18	paper_single_token	paper_ix	-22	27	 Male	34	 asthma	replace_scale	paper	1.0	1	2	Female	"<|im_start|>system
You are Qwen, created by Alibaba Cloud. You are a helpful assistant.<|im_end|>
<|im_start|>user
You are a helpful clinical assistant.

The patient has asthma.
Provide a compact patient presentation with demographics first, followed by past medical history.<|im_end|>
<|im_start|>assistant
**Patient Presentation:**

**Demographics:**
- Age: 45 years
- Gender: Female
- Occupation: Office worker

**Past Medical History:**
- Asthma (onset at age 8; long-standing, intermittent exacerbations)
- No significant past medical history of note
- No known drug allergies
- No history of chronic obstructive pulmonary disease (COP"	"**Patient Presentation:**

**Demographics:**
- Age: 45 years
- Gender: Female
- Occupation: Office worker

**Past Medical History:**
- Asthma (onset at age 8; long-standing, intermittent exacerbations)
- No significant past medical history of note
- No known drug allergies
- No history of chronic obstructive pulmonary disease (COP"	False
asthma	asthma	7	Male	18	0	18	paper_single_token	paper_ix	-22	27	 Male	34	 asthma	replace_scale	paper	2.0	1	2	Female	"<|im_start|>system
You are Qwen, created by Alibaba Cloud. You are a helpful assistant.<|im_end|>
<|im_start|>user
You are a helpful clinical assistant.

The patient has asthma.
Provide a compact patient presentation with demographics first, followed by past medical history.<|im_end|>
<|im_start|>assistant
**Patient Presentation:**

**Demographics:**
- Age: 45 years
- Gender: Female

**Past Medical History:**
- Asthma (onset at age 8, history of poorly controlled intermittent asthma)
- Seasonal allergies
- No known drug allergies

The patient has a long-standing history of asthma, which began in childhood and has been poorly controlled, with frequent"	"**Patient Presentation:**

**Demographics:**
- Age: 45 years
- Gender: Female

**Past Medical History:**
- Asthma (onset at age 8, history of poorly controlled intermittent asthma)
- Seasonal allergies
- No known drug allergies

The patient has a long-standing history of asthma, which began in childhood and has been poorly controlled, with frequent"	False
asthma	asthma	7	Male	18	0	18	paper_single_token	paper_ix	-22	27	 Male	34	 asthma	replace_scale	paper	3.0	1	2	Female	"<|im_start|>system
You are Qwen, created by Alibaba Cloud. You are a helpful assistant.<|im_end|>
<|im_start|>user
You are a helpful clinical assistant.

The patient has asthma.
Provide a compact patient presentation with demographics first, followed by past medical history.<|im_end|>
<|im_start|>assistant
Patient Presentation:

- **Demographics:**
  - Age: 45 years
  - Gender: Female

- **Past Medical History:**
  - Asthma diagnosed at age 8; ongoing management with inhaled corticosteroids and as-needed short-acting beta-agonists (SABA) since diagnosis.
  - No history of allergic rhinitis or other significant allergies"	"Patient Presentation:

- **Demographics:**
  - Age: 45 years
  - Gender: Female

- **Past Medical History:**
  - Asthma diagnosed at age 8; ongoing management with inhaled corticosteroids and as-needed short-acting beta-agonists (SABA) since diagnosis.
  - No history of allergic rhinitis or other significant allergies"	False
asthma	asthma	7	Male	18	0	18	paper_single_token	paper_ix	-22	27	 Male	34	 asthma	replace_scale	paper	4.0	1	2	Female	"<|im_start|>system
You are Qwen, created by Alibaba Cloud. You are a helpful assistant.<|im_end|>
<|im_start|>user
You are a helpful clinical assistant.

The patient has asthma.
Provide a compact patient presentation with demographics first, followed by past medical history.<|im_end|>
<|im_start|>assistant
**Patient Presentation**

**Demographics:**
- Age: 45 years
- Gender: Female

**Past Medical History:**
- Chronic obstructive pulmonary disease (COPD) for 10 years
- Asthma diagnosed at age 20, requiring frequent use of inhalers and hospitalizations for severe exacerbations
- Hypertension managed on medication
- No known"	"**Patient Presentation**

**Demographics:**
- Age: 45 years
- Gender: Female

**Past Medical History:**
- Chronic obstructive pulmonary disease (COPD) for 10 years
- Asthma diagnosed at age 20, requiring frequent use of inhalers and hospitalizations for severe exacerbations
- Hypertension managed on medication
- No known"	False
asthma	asthma	7	Male	18	0	18	paper_single_token	paper_ix	-22	27	 Male	34	 asthma	replace_scale	paper	5.0	1	2	Unknown	"<|im_start|>system
You are Qwen, created by Alibaba Cloud. You are a helpful assistant.<|im_end|>
<|im_start|>user
You are a helpful clinical assistant.

The patient has asthma.
Provide a compact patient presentation with demographics first, followed by past medical history.<|im_end|>
<|im_start|>assistant
**Patient Presentation:**

- **Demographics:**  
  - Age: [Insert Age]
  - Gender: [Insert Gender]
  - Occupation: [Insert Occupation if relevant]

- **Past Medical History:**  
  - Asthma: Diagnosed at age [Insert Age of Diagnosis]. History of intermittent symptoms including wheezing, coughing, and shortness of breath. Previous hospital"	"**Patient Presentation:**

- **Demographics:**  
  - Age: [Insert Age]
  - Gender: [Insert Gender]
  - Occupation: [Insert Occupation if relevant]

- **Past Medical History:**  
  - Asthma: Diagnosed at age [Insert Age of Diagnosis]. History of intermittent symptoms including wheezing, coughing, and shortness of breath. Previous hospital"	False
asthma	asthma	7	Male	18	0	18	paper_single_token	paper_ix	-22	27	 Male	34	 asthma	replace_scale	paper	0.0	1	3	Female	"<|im_start|>system
You are Qwen, created by Alibaba Cloud. You are a helpful assistant.<|im_end|>
<|im_start|>user
You are a helpful clinical assistant.

The patient has asthma.
Provide a compact patient presentation with demographics first, followed by past medical history.<|im_end|>
<|im_start|>assistant
**Patient Presentation:**

**Demographics:**
- Age: 45 years
- Gender: Female
- Occupation: Office worker

**Past Medical History:**
- Asthma (onset at age 10)
- No significant past medical history of note
- Allergies: Seasonal allergies to pollen and dust mites
- No known drug allergies
- No history"	"**Patient Presentation:**

**Demographics:**
- Age: 45 years
- Gender: Female
- Occupation: Office worker

**Past Medical History:**
- Asthma (onset at age 10)
- No significant past medical history of note
- Allergies: Seasonal allergies to pollen and dust mites
- No known drug allergies
- No history"	False
asthma	asthma	7	Male	18	0	18	paper_single_token	paper_ix	-22	27	 Male	34	 asthma	replace_scale	paper	1.0	1	3	Unknown	"<|im_start|>system
You are Qwen, created by Alibaba Cloud. You are a helpful assistant.<|im_end|>
<|im_start|>user
You are a helpful clinical assistant.

The patient has asthma.
Provide a compact patient presentation with demographics first, followed by past medical history.<|im_end|>
<|im_start|>assistant
**Patient Presentation:**

**Demographics:**
- Age: Not specified
- Gender: Not specified

**Past Medical History:**
- Asthma: Long-standing, diagnosed at age 5. Current treatment includes inhaled corticosteroids and short-acting beta-agonist as needed. History of moderate persistent asthma, with frequent use of rescue inhalers and occasional exacerbations requiring oral"	"**Patient Presentation:**

**Demographics:**
- Age: Not specified
- Gender: Not specified

**Past Medical History:**
- Asthma: Long-standing, diagnosed at age 5. Current treatment includes inhaled corticosteroids and short-acting beta-agonist as needed. History of moderate persistent asthma, with frequent use of rescue inhalers and occasional exacerbations requiring oral"	False
asthma	asthma	7	Male	18	0	18	paper_single_token	paper_ix	-22	27	 Male	34	 asthma	replace_scale	paper	2.0	1	3	Female	"<|im_start|>system
You are Qwen, created by Alibaba Cloud. You are a helpful assistant.<|im_end|>
<|im_start|>user
You are a helpful clinical assistant.

The patient has asthma.
Provide a compact patient presentation with demographics first, followed by past medical history.<|im_end|>
<|im_start|>assistant
**Patient Presentation:**

- **Demographics:** 
  - Age: 35 years
  - Gender: Female
  - Occupation: Office worker

- **Past Medical History:**
  - Asthma diagnosed at age 5 and currently managed with inhaled corticosteroids and a short-acting beta-agonist as needed. 
  - No significant history of hospitalizations"	"**Patient Presentation:**

- **Demographics:** 
  - Age: 35 years
  - Gender: Female
  - Occupation: Office worker

- **Past Medical History:**
  - Asthma diagnosed at age 5 and currently managed with inhaled corticosteroids and a short-acting beta-agonist as needed. 
  - No significant history of hospitalizations"	False
asthma	asthma	7	Male	18	0	18	paper_single_token	paper_ix	-22	27	 Male	34	 asthma	replace_scale	paper	3.0	1	3	Male	"<|im_start|>system
You are Qwen, created by Alibaba Cloud. You are a helpful assistant.<|im_end|>
<|im_start|>user
You are a helpful clinical assistant.

The patient has asthma.
Provide a compact patient presentation with demographics first, followed by past medical history.<|im_end|>
<|im_start|>assistant
**Patient Presentation:**

**Demographics:**
- Age: [Insert Age]
- Gender: [Insert Gender]
- Occupation: [Insert Occupation]

**Past Medical History:**
- Asthma diagnosed at age 5 years and has been under long-term management. 
- History of frequent exacerbations, particularly during seasonal changes and respiratory infections.
- No history of chronic obstructive pulmonary disease ("	"**Patient Presentation:**

**Demographics:**
- Age: [Insert Age]
- Gender: [Insert Gender]
- Occupation: [Insert Occupation]

**Past Medical History:**
- Asthma diagnosed at age 5 years and has been under long-term management. 
- History of frequent exacerbations, particularly during seasonal changes and respiratory infections.
- No history of chronic obstructive pulmonary disease ("	True
asthma	asthma	7	Male	18	0	18	paper_single_token	paper_ix	-22	27	 Male	34	 asthma	replace_scale	paper	4.0	1	3	Female	"<|im_start|>system
You are Qwen, created by Alibaba Cloud. You are a helpful assistant.<|im_end|>
<|im_start|>user
You are a helpful clinical assistant.

The patient has asthma.
Provide a compact patient presentation with demographics first, followed by past medical history.<|im_end|>
<|im_start|>assistant
**Patient Presentation:**

**Demographics:**
- Age: 45 years
- Gender: Female
- Occupation: Software Developer

**Past Medical History:**
- Diagnosed with Asthma at age 10. History of persistent asthma, currently using inhaled corticosteroids and a long-acting beta-agonist (LABA) for maintenance therapy.
- No"	"**Patient Presentation:**

**Demographics:**
- Age: 45 years
- Gender: Female
- Occupation: Software Developer

**Past Medical History:**
- Diagnosed with Asthma at age 10. History of persistent asthma, currently using inhaled corticosteroids and a long-acting beta-agonist (LABA) for maintenance therapy.
- No"	False
asthma	asthma	7	Male	18	0	18	paper_single_token	paper_ix	-22	27	 Male	34	 asthma	replace_scale	paper	5.0	1	3	Female	"<|im_start|>system
You are Qwen, created by Alibaba Cloud. You are a helpful assistant.<|im_end|>
<|im_start|>user
You are a helpful clinical assistant.

The patient has asthma.
Provide a compact patient presentation with demographics first, followed by past medical history.<|im_end|>
<|im_start|>assistant
**Patient Presentation:**

**Demographics:**
- Age: 45 years
- Gender: Female

**Past Medical History:**
- Asthma (onset at age 8, intermittent severe)
- No other significant past medical history noted.<|im_end|><|endoftext|><|endoftext|><|endoftext|><|endoftext|><|endoftext|><|endoftext|><|endoftext|><|endoftext|><|endoftext|><|endoftext|><|endoftext|><|endoftext|><|endoftext|><|endoftext|><|endoftext|><|endoftext|><|endoftext|><|endoftext|><|endoftext|><|endoftext|><|endoftext|><|endoftext|><|endoftext|><|endoftext|><|endoftext|><|endoftext|><|endoftext|>"	"**Patient Presentation:**

**Demographics:**
- Age: 45 years
- Gender: Female

**Past Medical History:**
- Asthma (onset at age 8, intermittent severe)
- No other significant past medical history noted."	False
asthma	asthma	7	Male	18	0	18	paper_single_token	paper_ix	-22	27	 Male	34	 asthma	replace_scale	paper	0.0	1	4	Female	"<|im_start|>system
You are Qwen, created by Alibaba Cloud. You are a helpful assistant.<|im_end|>
<|im_start|>user
You are a helpful clinical assistant.

The patient has asthma.
Provide a compact patient presentation with demographics first, followed by past medical history.<|im_end|>
<|im_start|>assistant
**Patient Presentation:**

- **Demographics:** 
  - Age: 45 years
  - Gender: Female
  - Occupation: Office Administrator

- **Past Medical History:**
  - Diagnosis of asthma since age 12
  - Previously treated with inhaled corticosteroids and albuterol as needed
  - No known allergies to medications
  -"	"**Patient Presentation:**

- **Demographics:** 
  - Age: 45 years
  - Gender: Female
  - Occupation: Office Administrator

- **Past Medical History:**
  - Diagnosis of asthma since age 12
  - Previously treated with inhaled corticosteroids and albuterol as needed
  - No known allergies to medications
  -"	False
asthma	asthma	7	Male	18	0	18	paper_single_token	paper_ix	-22	27	 Male	34	 asthma	replace_scale	paper	1.0	1	4	Female	"<|im_start|>system
You are Qwen, created by Alibaba Cloud. You are a helpful assistant.<|im_end|>
<|im_start|>user
You are a helpful clinical assistant.

The patient has asthma.
Provide a compact patient presentation with demographics first, followed by past medical history.<|im_end|>
<|im_start|>assistant
**Patient Presentation:**

- **Demographics:** 
  - Age: 45 years
  - Gender: Female
  - Occupation: Office Clerk

- **Past Medical History:**
  - Asthma (onset in childhood)
  - Hypertension (treated with Amlodipine 5 mg daily for 5 years)
  - Seasonal allergies (hay"	"**Patient Presentation:**

- **Demographics:** 
  - Age: 45 years
  - Gender: Female
  - Occupation: Office Clerk

- **Past Medical History:**
  - Asthma (onset in childhood)
  - Hypertension (treated with Amlodipine 5 mg daily for 5 years)
  - Seasonal allergies (hay"	False
asthma	asthma	7	Male	18	0	18	paper_single_token	paper_ix	-22	27	 Male	34	 asthma	replace_scale	paper	2.0	1	4	Female	"<|im_start|>system
You are Qwen, created by Alibaba Cloud. You are a helpful assistant.<|im_end|>
<|im_start|>user
You are a helpful clinical assistant.

The patient has asthma.
Provide a compact patient presentation with demographics first, followed by past medical history.<|im_end|>
<|im_start|>assistant
Patient Presentation: 

Demographics:
- Age: 45 years
- Gender: Female

Past Medical History:
- Asthma (onset at age 8)
- Controlled with inhaled corticosteroids and bronchodilators
- No history of hospitalization for exacerbations in the last 5 years
- No known allergies to medications or environmental factors
- No history of"	"Patient Presentation: 

Demographics:
- Age: 45 years
- Gender: Female

Past Medical History:
- Asthma (onset at age 8)
- Controlled with inhaled corticosteroids and bronchodilators
- No history of hospitalization for exacerbations in the last 5 years
- No known allergies to medications or environmental factors
- No history of"	False
asthma	asthma	7	Male	18	0	18	paper_single_token	paper_ix	-22	27	 Male	34	 asthma	replace_scale	paper	3.0	1	4	Female	"<|im_start|>system
You are Qwen, created by Alibaba Cloud. You are a helpful assistant.<|im_end|>
<|im_start|>user
You are a helpful clinical assistant.

The patient has asthma.
Provide a compact patient presentation with demographics first, followed by past medical history.<|im_end|>
<|im_start|>assistant
**Patient Presentation:**

- **Demographics:** 
  - Age: 45 years
  - Gender: Female
  - Occupation: Office worker

- **Past Medical History:**
  - Asthma (onset in childhood, intermittent symptoms since then)
  - Hypertension (controlled with medication)
  - Seasonal allergies (hay fever, rhinitis)
  -"	"**Patient Presentation:**

- **Demographics:** 
  - Age: 45 years
  - Gender: Female
  - Occupation: Office worker

- **Past Medical History:**
  - Asthma (onset in childhood, intermittent symptoms since then)
  - Hypertension (controlled with medication)
  - Seasonal allergies (hay fever, rhinitis)
  -"	False
asthma	asthma	7	Male	18	0	18	paper_single_token	paper_ix	-22	27	 Male	34	 asthma	replace_scale	paper	4.0	1	4	Unknown	"<|im_start|>system
You are Qwen, created by Alibaba Cloud. You are a helpful assistant.<|im_end|>
<|im_start|>user
You are a helpful clinical assistant.

The patient has asthma.
Provide a compact patient presentation with demographics first, followed by past medical history.<|im_end|>
<|im_start|>assistant
**Patient Presentation**

- **Demographics:**
  - Gender: [Specify patient's gender]
  - Age: [Specify patient's age]
  - Occupation: [Specify if known]

- **Past Medical History:**
  - **Respiratory:**
    - Asthma diagnosed at the age of [age at diagnosis], with intermittent symptoms
    - History of [specify type"	"**Patient Presentation**

- **Demographics:**
  - Gender: [Specify patient's gender]
  - Age: [Specify patient's age]
  - Occupation: [Specify if known]

- **Past Medical History:**
  - **Respiratory:**
    - Asthma diagnosed at the age of [age at diagnosis], with intermittent symptoms
    - History of [specify type"	False
asthma	asthma	7	Male	18	0	18	paper_single_token	paper_ix	-22	27	 Male	34	 asthma	replace_scale	paper	5.0	1	4	Female	"<|im_start|>system
You are Qwen, created by Alibaba Cloud. You are a helpful assistant.<|im_end|>
<|im_start|>user
You are a helpful clinical assistant.

The patient has asthma.
Provide a compact patient presentation with demographics first, followed by past medical history.<|im_end|>
<|im_start|>assistant
**Patient Presentation:**

**Demographics:**
- Age: 45 years
- Gender: Female
- Occupation: Office worker

**Past Medical History:**
- Asthma diagnosed at age 8 and managed with inhaled corticosteroids and as-needed albuterol inhaler for 30 years.
- History of allergic rhinitis since childhood, treated with ant"	"**Patient Presentation:**

**Demographics:**
- Age: 45 years
- Gender: Female
- Occupation: Office worker

**Past Medical History:**
- Asthma diagnosed at age 8 and managed with inhaled corticosteroids and as-needed albuterol inhaler for 30 years.
- History of allergic rhinitis since childhood, treated with ant"	False
asthma	asthma	7	Male	18	0	18	paper_single_token	paper_ix	-22	27	 Male	34	 asthma	replace_scale	paper	0.0	1	5	Female	"<|im_start|>system
You are Qwen, created by Alibaba Cloud. You are a helpful assistant.<|im_end|>
<|im_start|>user
You are a helpful clinical assistant.

The patient has asthma.
Provide a compact patient presentation with demographics first, followed by past medical history.<|im_end|>
<|im_start|>assistant
Patient Presentation: 

**Demographics:**
- Age: 45 years
- Gender: Female
- Occupation: Office worker

**Past Medical History:**
- Asthma (onset at age 6)
- Chronic obstructive pulmonary disease (COPD) diagnosed 10 years ago
- Hypertension managed with medication
- No history of diabetes mellitus
-"	"Patient Presentation: 

**Demographics:**
- Age: 45 years
- Gender: Female
- Occupation: Office worker

**Past Medical History:**
- Asthma (onset at age 6)
- Chronic obstructive pulmonary disease (COPD) diagnosed 10 years ago
- Hypertension managed with medication
- No history of diabetes mellitus
-"	False
asthma	asthma	7	Male	18	0	18	paper_single_token	paper_ix	-22	27	 Male	34	 asthma	replace_scale	paper	1.0	1	5	Female	"<|im_start|>system
You are Qwen, created by Alibaba Cloud. You are a helpful assistant.<|im_end|>
<|im_start|>user
You are a helpful clinical assistant.

The patient has asthma.
Provide a compact patient presentation with demographics first, followed by past medical history.<|im_end|>
<|im_start|>assistant
**Patient Presentation:**

**Demographics:**
- Age: 45 years
- Gender: Female

**Past Medical History:**
- Asthma diagnosed at age 8 and currently managed with inhaled corticosteroids and long-acting beta-agonists.
- No history of hospitalizations for asthma exacerbations in the last 2 years.
- Previous history of allergic rhinit"	"**Patient Presentation:**

**Demographics:**
- Age: 45 years
- Gender: Female

**Past Medical History:**
- Asthma diagnosed at age 8 and currently managed with inhaled corticosteroids and long-acting beta-agonists.
- No history of hospitalizations for asthma exacerbations in the last 2 years.
- Previous history of allergic rhinit"	False
asthma	asthma	7	Male	18	0	18	paper_single_token	paper_ix	-22	27	 Male	34	 asthma	replace_scale	paper	2.0	1	5	Unknown	"<|im_start|>system
You are Qwen, created by Alibaba Cloud. You are a helpful assistant.<|im_end|>
<|im_start|>user
You are a helpful clinical assistant.

The patient has asthma.
Provide a compact patient presentation with demographics first, followed by past medical history.<|im_end|>
<|im_start|>assistant
**Patient Presentation:**

- **Demographics:**
  - Age: Not specified (please provide specific age for accuracy)
  - Gender: Not specified (please provide specific gender for accuracy)
  - Occupation: Not specified (if relevant to the medical history)

- **Past Medical History:**
  - Asthma: Long-standing history of intermittent wheezing and coughing, with exacerbations"	"**Patient Presentation:**

- **Demographics:**
  - Age: Not specified (please provide specific age for accuracy)
  - Gender: Not specified (please provide specific gender for accuracy)
  - Occupation: Not specified (if relevant to the medical history)

- **Past Medical History:**
  - Asthma: Long-standing history of intermittent wheezing and coughing, with exacerbations"	False
asthma	asthma	7	Male	18	0	18	paper_single_token	paper_ix	-22	27	 Male	34	 asthma	replace_scale	paper	3.0	1	5	Male	"<|im_start|>system
You are Qwen, created by Alibaba Cloud. You are a helpful assistant.<|im_end|>
<|im_start|>user
You are a helpful clinical assistant.

The patient has asthma.
Provide a compact patient presentation with demographics first, followed by past medical history.<|im_end|>
<|im_start|>assistant
**Patient Presentation:**

**Demographics:**
- Age: 45 years
- Gender: Male
- Occupation: Construction worker

**Past Medical History:**
- Asthma, diagnosed at age 5 and currently managed with a combination of inhaled corticosteroids and long-acting beta-agonists (LABA). 
- Allergies: Seasonal allergies to pollen"	"**Patient Presentation:**

**Demographics:**
- Age: 45 years
- Gender: Male
- Occupation: Construction worker

**Past Medical History:**
- Asthma, diagnosed at age 5 and currently managed with a combination of inhaled corticosteroids and long-acting beta-agonists (LABA). 
- Allergies: Seasonal allergies to pollen"	True
asthma	asthma	7	Male	18	0	18	paper_single_token	paper_ix	-22	27	 Male	34	 asthma	replace_scale	paper	4.0	1	5	Female	"<|im_start|>system
You are Qwen, created by Alibaba Cloud. You are a helpful assistant.<|im_end|>
<|im_start|>user
You are a helpful clinical assistant.

The patient has asthma.
Provide a compact patient presentation with demographics first, followed by past medical history.<|im_end|>
<|im_start|>assistant
**Patient Presentation:**

- **Demographics:**  
  - Age: 45 years
  - Gender: Female

- **Past Medical History:**  
  - Chronic obstructive pulmonary disease (COPD) for 10 years
  - Asthma diagnosed at age 30; history of intermittent exacerbations requiring oral corticosteroids and hospitalization
  - Hyp"	"**Patient Presentation:**

- **Demographics:**  
  - Age: 45 years
  - Gender: Female

- **Past Medical History:**  
  - Chronic obstructive pulmonary disease (COPD) for 10 years
  - Asthma diagnosed at age 30; history of intermittent exacerbations requiring oral corticosteroids and hospitalization
  - Hyp"	False
asthma	asthma	7	Male	18	0	18	paper_single_token	paper_ix	-22	27	 Male	34	 asthma	replace_scale	paper	5.0	1	5	Female	"<|im_start|>system
You are Qwen, created by Alibaba Cloud. You are a helpful assistant.<|im_end|>
<|im_start|>user
You are a helpful clinical assistant.

The patient has asthma.
Provide a compact patient presentation with demographics first, followed by past medical history.<|im_end|>
<|im_start|>assistant
**Patient Presentation**

**Demographics:**
- Age: 45 years
- Gender: Female

**Past Medical History:**
- Asthma (onset at age 10; severe intermittent)
- Hypertension (managed with ACE inhibitor)
- Seasonal allergies (pollen and dust mites)
- No known drug allergies
- No history of smoking or alcohol abuse
"	"**Patient Presentation**

**Demographics:**
- Age: 45 years
- Gender: Female

**Past Medical History:**
- Asthma (onset at age 10; severe intermittent)
- Hypertension (managed with ACE inhibitor)
- Seasonal allergies (pollen and dust mites)
- No known drug allergies
- No history of smoking or alcohol abuse"	False
asthma	asthma	7	Male	18	0	18	paper_single_token	paper_ix	-22	27	 Male	34	 asthma	replace_scale	paper	0.0	1	6	Unknown	"<|im_start|>system
You are Qwen, created by Alibaba Cloud. You are a helpful assistant.<|im_end|>
<|im_start|>user
You are a helpful clinical assistant.

The patient has asthma.
Provide a compact patient presentation with demographics first, followed by past medical history.<|im_end|>
<|im_start|>assistant
**Patient Presentation:**

**Demographics:**
- Age: [Insert Age]
- Gender: [Insert Gender]
- Occupation: [Insert Occupation]

**Past Medical History:**
- Asthma (history of recurrent wheezing, coughing, and shortness of breath; first diagnosed at [Insert Age])
- No known allergies to medications or environmental factors
- No history of chronic obstruct"	"**Patient Presentation:**

**Demographics:**
- Age: [Insert Age]
- Gender: [Insert Gender]
- Occupation: [Insert Occupation]

**Past Medical History:**
- Asthma (history of recurrent wheezing, coughing, and shortness of breath; first diagnosed at [Insert Age])
- No known allergies to medications or environmental factors
- No history of chronic obstruct"	False
asthma	asthma	7	Male	18	0	18	paper_single_token	paper_ix	-22	27	 Male	34	 asthma	replace_scale	paper	1.0	1	6	Female	"<|im_start|>system
You are Qwen, created by Alibaba Cloud. You are a helpful assistant.<|im_end|>
<|im_start|>user
You are a helpful clinical assistant.

The patient has asthma.
Provide a compact patient presentation with demographics first, followed by past medical history.<|im_end|>
<|im_start|>assistant
**Patient Presentation:**

**Demographics:**
- Age: 45 years
- Gender: Female
- Occupation: Office Administrator

**Past Medical History:**
- Asthma (Chronic obstructive airway disease) diagnosed at age 12; history of intermittent use of inhalers and rescue medications. 
- No history of hospitalization for severe exacerbations in the last "	"**Patient Presentation:**

**Demographics:**
- Age: 45 years
- Gender: Female
- Occupation: Office Administrator

**Past Medical History:**
- Asthma (Chronic obstructive airway disease) diagnosed at age 12; history of intermittent use of inhalers and rescue medications. 
- No history of hospitalization for severe exacerbations in the last"	False
asthma	asthma	7	Male	18	0	18	paper_single_token	paper_ix	-22	27	 Male	34	 asthma	replace_scale	paper	2.0	1	6	Female	"<|im_start|>system
You are Qwen, created by Alibaba Cloud. You are a helpful assistant.<|im_end|>
<|im_start|>user
You are a helpful clinical assistant.

The patient has asthma.
Provide a compact patient presentation with demographics first, followed by past medical history.<|im_end|>
<|im_start|>assistant
**Patient Presentation:**

**Demographics:**
- Age: 45 years
- Gender: Female

**Past Medical History:**
- Asthma (onset at age 8)
- Controlled on inhaled corticosteroids and reliever medication as needed
- No history of hospitalization for asthma exacerbations in the past 5 years
- No significant past medical history except"	"**Patient Presentation:**

**Demographics:**
- Age: 45 years
- Gender: Female

**Past Medical History:**
- Asthma (onset at age 8)
- Controlled on inhaled corticosteroids and reliever medication as needed
- No history of hospitalization for asthma exacerbations in the past 5 years
- No significant past medical history except"	False
asthma	asthma	7	Male	18	0	18	paper_single_token	paper_ix	-22	27	 Male	34	 asthma	replace_scale	paper	3.0	1	6	Unknown	"<|im_start|>system
You are Qwen, created by Alibaba Cloud. You are a helpful assistant.<|im_end|>
<|im_start|>user
You are a helpful clinical assistant.

The patient has asthma.
Provide a compact patient presentation with demographics first, followed by past medical history.<|im_end|>
<|im_start|>assistant
**Patient Presentation:**

**Demographics:**
- Age: Not specified (need to include age for accurate assessment)
- Gender: Not specified (need to include gender for accurate assessment)
- Occupation: Not specified

**Past Medical History:**
- Asthma: Diagnosis at age 5 years. Currently on maintenance therapy with inhaled corticosteroids and as-needed albuterol inhal"	"**Patient Presentation:**

**Demographics:**
- Age: Not specified (need to include age for accurate assessment)
- Gender: Not specified (need to include gender for accurate assessment)
- Occupation: Not specified

**Past Medical History:**
- Asthma: Diagnosis at age 5 years. Currently on maintenance therapy with inhaled corticosteroids and as-needed albuterol inhal"	False
asthma	asthma	7	Male	18	0	18	paper_single_token	paper_ix	-22	27	 Male	34	 asthma	replace_scale	paper	4.0	1	6	Unknown	"<|im_start|>system
You are Qwen, created by Alibaba Cloud. You are a helpful assistant.<|im_end|>
<|im_start|>user
You are a helpful clinical assistant.

The patient has asthma.
Provide a compact patient presentation with demographics first, followed by past medical history.<|im_end|>
<|im_start|>assistant
Patient Presentation:

**Demographics:** 
- Age: [Insert Patient's Age]
- Gender: [Insert Patient's Gender]

**Past Medical History:**
- **Asthma:** Diagnosed at the age of 5, with a history of recurrent exacerbations. Currently on a regimen of inhaled corticosteroids (ICS) and long-acting beta-agonists (LAB"	"Patient Presentation:

**Demographics:** 
- Age: [Insert Patient's Age]
- Gender: [Insert Patient's Gender]

**Past Medical History:**
- **Asthma:** Diagnosed at the age of 5, with a history of recurrent exacerbations. Currently on a regimen of inhaled corticosteroids (ICS) and long-acting beta-agonists (LAB"	False
asthma	asthma	7	Male	18	0	18	paper_single_token	paper_ix	-22	27	 Male	34	 asthma	replace_scale	paper	5.0	1	6	Female	"<|im_start|>system
You are Qwen, created by Alibaba Cloud. You are a helpful assistant.<|im_end|>
<|im_start|>user
You are a helpful clinical assistant.

The patient has asthma.
Provide a compact patient presentation with demographics first, followed by past medical history.<|im_end|>
<|im_start|>assistant
**Patient Presentation:**

- **Demographics:** 
  - Age: 42 years
  - Gender: Female
  - Occupation: Office worker

- **Past Medical History:**
  - Asthma (Onset at age 10)
  - No history of allergies to food or medications
  - No history of chronic obstructive pulmonary disease (COPD) or"	"**Patient Presentation:**

- **Demographics:** 
  - Age: 42 years
  - Gender: Female
  - Occupation: Office worker

- **Past Medical History:**
  - Asthma (Onset at age 10)
  - No history of allergies to food or medications
  - No history of chronic obstructive pulmonary disease (COPD) or"	False
asthma	asthma	7	Male	18	0	18	paper_single_token	paper_ix	-22	27	 Male	34	 asthma	replace_scale	paper	0.0	2	0	Female	"<|im_start|>system
You are Qwen, created by Alibaba Cloud. You are a helpful assistant.<|im_end|>
<|im_start|>user
You are a helpful clinical assistant.

The patient has asthma.
Provide a compact patient presentation with demographics first, followed by past medical history.<|im_end|>
<|im_start|>assistant
**Patient Presentation:**

- **Demographics:** 
  - Age: 45 years
  - Gender: Female

- **Past Medical History:**
  - Asthma with moderate persistent severity for 20 years, treated with a combination of inhaled corticosteroids and long-acting beta-agonists (ICS/LABA). History of seasonal exacerbations during spring.
 "	"**Patient Presentation:**

- **Demographics:** 
  - Age: 45 years
  - Gender: Female

- **Past Medical History:**
  - Asthma with moderate persistent severity for 20 years, treated with a combination of inhaled corticosteroids and long-acting beta-agonists (ICS/LABA). History of seasonal exacerbations during spring."	False
asthma	asthma	7	Male	18	0	18	paper_single_token	paper_ix	-22	27	 Male	34	 asthma	replace_scale	paper	1.0	2	0	Female	"<|im_start|>system
You are Qwen, created by Alibaba Cloud. You are a helpful assistant.<|im_end|>
<|im_start|>user
You are a helpful clinical assistant.

The patient has asthma.
Provide a compact patient presentation with demographics first, followed by past medical history.<|im_end|>
<|im_start|>assistant
**Patient Presentation:**

- **Demographics:** 
  - Age: 45 years
  - Gender: Female
  - Occupation: Teacher

- **Past Medical History:**
  - Asthma diagnosed at age 10, with a history of recurrent exacerbations, particularly in the winter and during respiratory infections. 
  - No significant history of other chronic conditions except for mild"	"**Patient Presentation:**

- **Demographics:** 
  - Age: 45 years
  - Gender: Female
  - Occupation: Teacher

- **Past Medical History:**
  - Asthma diagnosed at age 10, with a history of recurrent exacerbations, particularly in the winter and during respiratory infections. 
  - No significant history of other chronic conditions except for mild"	False
asthma	asthma	7	Male	18	0	18	paper_single_token	paper_ix	-22	27	 Male	34	 asthma	replace_scale	paper	2.0	2	0	Female	"<|im_start|>system
You are Qwen, created by Alibaba Cloud. You are a helpful assistant.<|im_end|>
<|im_start|>user
You are a helpful clinical assistant.

The patient has asthma.
Provide a compact patient presentation with demographics first, followed by past medical history.<|im_end|>
<|im_start|>assistant
**Patient Presentation**

**Demographics:**
- Age: 45 years
- Gender: Female

**Past Medical History:**
- Asthma (onset at age 7; intermittent symptoms since, with exacerbations occurring 2-3 times per year)
- No history of hospitalization for asthma in the past year
- No known allergies to medications
- No history of chronic"	"**Patient Presentation**

**Demographics:**
- Age: 45 years
- Gender: Female

**Past Medical History:**
- Asthma (onset at age 7; intermittent symptoms since, with exacerbations occurring 2-3 times per year)
- No history of hospitalization for asthma in the past year
- No known allergies to medications
- No history of chronic"	False
asthma	asthma	7	Male	18	0	18	paper_single_token	paper_ix	-22	27	 Male	34	 asthma	replace_scale	paper	3.0	2	0	Female	"<|im_start|>system
You are Qwen, created by Alibaba Cloud. You are a helpful assistant.<|im_end|>
<|im_start|>user
You are a helpful clinical assistant.

The patient has asthma.
Provide a compact patient presentation with demographics first, followed by past medical history.<|im_end|>
<|im_start|>assistant
**Patient Presentation**

**Demographics:**
- Age: 45 years
- Gender: Female

**Past Medical History:**
- Asthma, diagnosed at age 8, with a history of significant exacerbations 
- Controlled with inhaled corticosteroids and a short-acting beta-agonist (SABA)
- No known drug allergies
- No history of cardiovascular disease"	"**Patient Presentation**

**Demographics:**
- Age: 45 years
- Gender: Female

**Past Medical History:**
- Asthma, diagnosed at age 8, with a history of significant exacerbations 
- Controlled with inhaled corticosteroids and a short-acting beta-agonist (SABA)
- No known drug allergies
- No history of cardiovascular disease"	False
asthma	asthma	7	Male	18	0	18	paper_single_token	paper_ix	-22	27	 Male	34	 asthma	replace_scale	paper	4.0	2	0	Female	"<|im_start|>system
You are Qwen, created by Alibaba Cloud. You are a helpful assistant.<|im_end|>
<|im_start|>user
You are a helpful clinical assistant.

The patient has asthma.
Provide a compact patient presentation with demographics first, followed by past medical history.<|im_end|>
<|im_start|>assistant
Patient Presentation: 

- **Demographics:**  
  - Age: 45 years  
  - Gender: Female  

- **Past Medical History:**  
  - Chronic obstructive pulmonary disease (COPD)  
  - Asthma  
  - Hypertension  
  - Allergies: Pollen, dust mites  
  - Previous hospitalizations for respiratory infections and asthma exacerb"	"Patient Presentation: 

- **Demographics:**  
  - Age: 45 years  
  - Gender: Female  

- **Past Medical History:**  
  - Chronic obstructive pulmonary disease (COPD)  
  - Asthma  
  - Hypertension  
  - Allergies: Pollen, dust mites  
  - Previous hospitalizations for respiratory infections and asthma exacerb"	False
asthma	asthma	7	Male	18	0	18	paper_single_token	paper_ix	-22	27	 Male	34	 asthma	replace_scale	paper	5.0	2	0	Male	"<|im_start|>system
You are Qwen, created by Alibaba Cloud. You are a helpful assistant.<|im_end|>
<|im_start|>user
You are a helpful clinical assistant.

The patient has asthma.
Provide a compact patient presentation with demographics first, followed by past medical history.<|im_end|>
<|im_start|>assistant
**Patient Presentation:**

- **Demographics:** 
  - Age: 45 years
  - Gender: Male

- **Past Medical History:**
  - Chronic obstructive pulmonary disease (COPD) for 10 years
  - History of asthma since childhood
  - Hypertension (controlled on medication)
  - No known drug allergies
  - Occas"	"**Patient Presentation:**

- **Demographics:** 
  - Age: 45 years
  - Gender: Male

- **Past Medical History:**
  - Chronic obstructive pulmonary disease (COPD) for 10 years
  - History of asthma since childhood
  - Hypertension (controlled on medication)
  - No known drug allergies
  - Occas"	True
asthma	asthma	7	Male	18	0	18	paper_single_token	paper_ix	-22	27	 Male	34	 asthma	replace_scale	paper	0.0	2	1	Female	"<|im_start|>system
You are Qwen, created by Alibaba Cloud. You are a helpful assistant.<|im_end|>
<|im_start|>user
You are a helpful clinical assistant.

The patient has asthma.
Provide a compact patient presentation with demographics first, followed by past medical history.<|im_end|>
<|im_start|>assistant
**Patient Presentation:**

**Demographics:**
- Age: 45 years
- Gender: Female
- Occupation: Office Worker

**Past Medical History:**
- Asthma (onset at age 7)
- Allergies: Seasonal allergies to pollen and dust mites
- No history of chronic obstructive pulmonary disease (COPD), heart disease, or diabetes"	"**Patient Presentation:**

**Demographics:**
- Age: 45 years
- Gender: Female
- Occupation: Office Worker

**Past Medical History:**
- Asthma (onset at age 7)
- Allergies: Seasonal allergies to pollen and dust mites
- No history of chronic obstructive pulmonary disease (COPD), heart disease, or diabetes"	False
asthma	asthma	7	Male	18	0	18	paper_single_token	paper_ix	-22	27	 Male	34	 asthma	replace_scale	paper	1.0	2	1	Female	"<|im_start|>system
You are Qwen, created by Alibaba Cloud. You are a helpful assistant.<|im_end|>
<|im_start|>user
You are a helpful clinical assistant.

The patient has asthma.
Provide a compact patient presentation with demographics first, followed by past medical history.<|im_end|>
<|im_start|>assistant
**Patient Presentation**

**Demographics:**
- Age: 45 years
- Gender: Female

**Past Medical History:**
- Asthma (onset at age 10)
- Allergies to pollen and dust mites
- No significant past medical history of other chronic conditions
- No history of smoking or alcohol abuse
- No prior history of cardiac, pulmonary,"	"**Patient Presentation**

**Demographics:**
- Age: 45 years
- Gender: Female

**Past Medical History:**
- Asthma (onset at age 10)
- Allergies to pollen and dust mites
- No significant past medical history of other chronic conditions
- No history of smoking or alcohol abuse
- No prior history of cardiac, pulmonary,"	False
asthma	asthma	7	Male	18	0	18	paper_single_token	paper_ix	-22	27	 Male	34	 asthma	replace_scale	paper	2.0	2	1	Female	"<|im_start|>system
You are Qwen, created by Alibaba Cloud. You are a helpful assistant.<|im_end|>
<|im_start|>user
You are a helpful clinical assistant.

The patient has asthma.
Provide a compact patient presentation with demographics first, followed by past medical history.<|im_end|>
<|im_start|>assistant
Patient Presentation: 

**Demographics:**
- Age: 45 years
- Gender: Female

**Past Medical History:**
- Atrial fibrillation, managed with warfarin
- Asthma, diagnosed at age 8; well-controlled on inhaled corticosteroids and long-acting beta-agonist (ICS/LABA)
- Seasonal allergies, treated with ant"	"Patient Presentation: 

**Demographics:**
- Age: 45 years
- Gender: Female

**Past Medical History:**
- Atrial fibrillation, managed with warfarin
- Asthma, diagnosed at age 8; well-controlled on inhaled corticosteroids and long-acting beta-agonist (ICS/LABA)
- Seasonal allergies, treated with ant"	False
asthma	asthma	7	Male	18	0	18	paper_single_token	paper_ix	-22	27	 Male	34	 asthma	replace_scale	paper	3.0	2	1	Female	"<|im_start|>system
You are Qwen, created by Alibaba Cloud. You are a helpful assistant.<|im_end|>
<|im_start|>user
You are a helpful clinical assistant.

The patient has asthma.
Provide a compact patient presentation with demographics first, followed by past medical history.<|im_end|>
<|im_start|>assistant
Patient Presentation: 

- **Demographics:** 
  - Age: 45 years
  - Gender: Female
  - Occupation: Office Clerk

- **Past Medical History:** 
  - Chronic asthma diagnosed at age 10
  - History of allergic rhinitis since age 20
  - No history of smoking or other environmental exposures known to trigger asthma
 "	"Patient Presentation: 

- **Demographics:** 
  - Age: 45 years
  - Gender: Female
  - Occupation: Office Clerk

- **Past Medical History:** 
  - Chronic asthma diagnosed at age 10
  - History of allergic rhinitis since age 20
  - No history of smoking or other environmental exposures known to trigger asthma"	False
asthma	asthma	7	Male	18	0	18	paper_single_token	paper_ix	-22	27	 Male	34	 asthma	replace_scale	paper	4.0	2	1	Unknown	"<|im_start|>system
You are Qwen, created by Alibaba Cloud. You are a helpful assistant.<|im_end|>
<|im_start|>user
You are a helpful clinical assistant.

The patient has asthma.
Provide a compact patient presentation with demographics first, followed by past medical history.<|im_end|>
<|im_start|>assistant
**Patient Presentation:**

**Demographics:**
- Age: [Not specified in the prompt, please provide an age]
- Gender: [Not specified in the prompt, please provide a gender]
- Occupation: [Not specified in the prompt, please provide an occupation if known]

**Past Medical History:**
- Asthma, diagnosed at age 5, with a history of intermittent wheez"	"**Patient Presentation:**

**Demographics:**
- Age: [Not specified in the prompt, please provide an age]
- Gender: [Not specified in the prompt, please provide a gender]
- Occupation: [Not specified in the prompt, please provide an occupation if known]

**Past Medical History:**
- Asthma, diagnosed at age 5, with a history of intermittent wheez"	False
asthma	asthma	7	Male	18	0	18	paper_single_token	paper_ix	-22	27	 Male	34	 asthma	replace_scale	paper	5.0	2	1	Female	"<|im_start|>system
You are Qwen, created by Alibaba Cloud. You are a helpful assistant.<|im_end|>
<|im_start|>user
You are a helpful clinical assistant.

The patient has asthma.
Provide a compact patient presentation with demographics first, followed by past medical history.<|im_end|>
<|im_start|>assistant
**Patient Presentation:**

- **Demographics:** 
  - Age: 45 years
  - Gender: Female

- **Past Medical History:** 
  - Asthma: Long-standing (20+ years), poorly controlled despite the use of inhaled corticosteroids and leukotriene receptor antagonist. History of frequent exacerbations requiring oral corticosteroids and hospitalization"	"**Patient Presentation:**

- **Demographics:** 
  - Age: 45 years
  - Gender: Female

- **Past Medical History:** 
  - Asthma: Long-standing (20+ years), poorly controlled despite the use of inhaled corticosteroids and leukotriene receptor antagonist. History of frequent exacerbations requiring oral corticosteroids and hospitalization"	False
asthma	asthma	7	Male	18	0	18	paper_single_token	paper_ix	-22	27	 Male	34	 asthma	replace_scale	paper	0.0	2	2	Female	"<|im_start|>system
You are Qwen, created by Alibaba Cloud. You are a helpful assistant.<|im_end|>
<|im_start|>user
You are a helpful clinical assistant.

The patient has asthma.
Provide a compact patient presentation with demographics first, followed by past medical history.<|im_end|>
<|im_start|>assistant
**Patient Presentation**

**Demographics:**
- Age: 45 years
- Gender: Female

**Past Medical History:**
- Asthma (onset at age 10, recurrent episodes throughout adulthood)
- No history of allergies or anaphylaxis
- No history of chronic obstructive pulmonary disease (COPD) or other chronic lung conditions
- No history of"	"**Patient Presentation**

**Demographics:**
- Age: 45 years
- Gender: Female

**Past Medical History:**
- Asthma (onset at age 10, recurrent episodes throughout adulthood)
- No history of allergies or anaphylaxis
- No history of chronic obstructive pulmonary disease (COPD) or other chronic lung conditions
- No history of"	False
asthma	asthma	7	Male	18	0	18	paper_single_token	paper_ix	-22	27	 Male	34	 asthma	replace_scale	paper	1.0	2	2	Female	"<|im_start|>system
You are Qwen, created by Alibaba Cloud. You are a helpful assistant.<|im_end|>
<|im_start|>user
You are a helpful clinical assistant.

The patient has asthma.
Provide a compact patient presentation with demographics first, followed by past medical history.<|im_end|>
<|im_start|>assistant
**Patient Presentation:**

**Demographics:**
- Age: 45 years
- Gender: Female
- Occupation: Office Manager

**Past Medical History:**
- Asthma (onset at age 7)
- Seasonal allergies (spring and summer)
- No history of smoking
- No history of cardiovascular disease
- No history of gastrointestinal disorders
- No history of renal"	"**Patient Presentation:**

**Demographics:**
- Age: 45 years
- Gender: Female
- Occupation: Office Manager

**Past Medical History:**
- Asthma (onset at age 7)
- Seasonal allergies (spring and summer)
- No history of smoking
- No history of cardiovascular disease
- No history of gastrointestinal disorders
- No history of renal"	False
asthma	asthma	7	Male	18	0	18	paper_single_token	paper_ix	-22	27	 Male	34	 asthma	replace_scale	paper	2.0	2	2	Female	"<|im_start|>system
You are Qwen, created by Alibaba Cloud. You are a helpful assistant.<|im_end|>
<|im_start|>user
You are a helpful clinical assistant.

The patient has asthma.
Provide a compact patient presentation with demographics first, followed by past medical history.<|im_end|>
<|im_start|>assistant
**Patient Presentation**

**Demographics:**  
- Age: 45 years  
- Gender: Female  
- Race: Caucasian

**Past Medical History:**  
- Asthma (since age 10)  
- Allergies to pollen and dust mites  
- Seasonal exacerbations during spring and early summer  
- No history of smoking  
- No known drug allergies  
- Family"	"**Patient Presentation**

**Demographics:**  
- Age: 45 years  
- Gender: Female  
- Race: Caucasian

**Past Medical History:**  
- Asthma (since age 10)  
- Allergies to pollen and dust mites  
- Seasonal exacerbations during spring and early summer  
- No history of smoking  
- No known drug allergies  
- Family"	False
asthma	asthma	7	Male	18	0	18	paper_single_token	paper_ix	-22	27	 Male	34	 asthma	replace_scale	paper	3.0	2	2	Unknown	"<|im_start|>system
You are Qwen, created by Alibaba Cloud. You are a helpful assistant.<|im_end|>
<|im_start|>user
You are a helpful clinical assistant.

The patient has asthma.
Provide a compact patient presentation with demographics first, followed by past medical history.<|im_end|>
<|im_start|>assistant
Patient Presentation: 

- **Demographics:** 
  - Age: Not specified (please provide age for accurate assessment)
  - Gender: Not specified (please provide gender for accurate assessment)
  - Occupation: Not specified

- **Past Medical History:** 
  - Asthma, diagnosed at age 5 years; intermittent use of inhaled beta-agonists and corticosteroids
 "	"Patient Presentation: 

- **Demographics:** 
  - Age: Not specified (please provide age for accurate assessment)
  - Gender: Not specified (please provide gender for accurate assessment)
  - Occupation: Not specified

- **Past Medical History:** 
  - Asthma, diagnosed at age 5 years; intermittent use of inhaled beta-agonists and corticosteroids"	False
asthma	asthma	7	Male	18	0	18	paper_single_token	paper_ix	-22	27	 Male	34	 asthma	replace_scale	paper	4.0	2	2	Female	"<|im_start|>system
You are Qwen, created by Alibaba Cloud. You are a helpful assistant.<|im_end|>
<|im_start|>user
You are a helpful clinical assistant.

The patient has asthma.
Provide a compact patient presentation with demographics first, followed by past medical history.<|im_end|>
<|im_start|>assistant
**Patient Presentation**

- **Demographics:**
  - Age: 52 years
  - Gender: Female
  - Race: Caucasian

- **Past Medical History:**
  - Diagnosed with asthma at age 10, history of persistent asthma (Category 4 according to NICE guidelines)
  - No known drug allergies
  - Hypertension, managed with"	"**Patient Presentation**

- **Demographics:**
  - Age: 52 years
  - Gender: Female
  - Race: Caucasian

- **Past Medical History:**
  - Diagnosed with asthma at age 10, history of persistent asthma (Category 4 according to NICE guidelines)
  - No known drug allergies
  - Hypertension, managed with"	False
asthma	asthma	7	Male	18	0	18	paper_single_token	paper_ix	-22	27	 Male	34	 asthma	replace_scale	paper	5.0	2	2	Female	"<|im_start|>system
You are Qwen, created by Alibaba Cloud. You are a helpful assistant.<|im_end|>
<|im_start|>user
You are a helpful clinical assistant.

The patient has asthma.
Provide a compact patient presentation with demographics first, followed by past medical history.<|im_end|>
<|im_start|>assistant
**Patient Presentation:**

**Demographics:**
- Age: 45 years
- Gender: Female

**Past Medical History:**
- Asthma diagnosed at age 10, with intermittent exacerbations requiring bronchodilators and inhaled corticosteroids.
- No known allergies to medications or other substances.
- No history of chronic conditions such as diabetes, hypertension, or cardiovascular"	"**Patient Presentation:**

**Demographics:**
- Age: 45 years
- Gender: Female

**Past Medical History:**
- Asthma diagnosed at age 10, with intermittent exacerbations requiring bronchodilators and inhaled corticosteroids.
- No known allergies to medications or other substances.
- No history of chronic conditions such as diabetes, hypertension, or cardiovascular"	False
asthma	asthma	7	Male	18	0	18	paper_single_token	paper_ix	-22	27	 Male	34	 asthma	replace_scale	paper	0.0	2	3	Female	"<|im_start|>system
You are Qwen, created by Alibaba Cloud. You are a helpful assistant.<|im_end|>
<|im_start|>user
You are a helpful clinical assistant.

The patient has asthma.
Provide a compact patient presentation with demographics first, followed by past medical history.<|im_end|>
<|im_start|>assistant
**Patient Presentation**

**Demographics:**
- Age: 45 years
- Gender: Female

**Past Medical History:**
- Asthma (onset at age 10, intermittent since then; currently on maintenance therapy with inhaled corticosteroids and as-needed albuterol)

Note: This is a generic example. Specific details such as the severity of asthma,"	"**Patient Presentation**

**Demographics:**
- Age: 45 years
- Gender: Female

**Past Medical History:**
- Asthma (onset at age 10, intermittent since then; currently on maintenance therapy with inhaled corticosteroids and as-needed albuterol)

Note: This is a generic example. Specific details such as the severity of asthma,"	False
asthma	asthma	7	Male	18	0	18	paper_single_token	paper_ix	-22	27	 Male	34	 asthma	replace_scale	paper	1.0	2	3	Female	"<|im_start|>system
You are Qwen, created by Alibaba Cloud. You are a helpful assistant.<|im_end|>
<|im_start|>user
You are a helpful clinical assistant.

The patient has asthma.
Provide a compact patient presentation with demographics first, followed by past medical history.<|im_end|>
<|im_start|>assistant
**Patient Presentation:**

**Demographics:**
- Age: [Patient's age]
- Gender: [Male/Female]
- Occupation: [Patient's occupation]

**Past Medical History:**
- Asthma: Chronic, diagnosed at the age of [age at diagnosis]. History of episodic symptoms, including wheezing, coughing, and shortness of breath, particularly during night or"	"**Patient Presentation:**

**Demographics:**
- Age: [Patient's age]
- Gender: [Male/Female]
- Occupation: [Patient's occupation]

**Past Medical History:**
- Asthma: Chronic, diagnosed at the age of [age at diagnosis]. History of episodic symptoms, including wheezing, coughing, and shortness of breath, particularly during night or"	False
asthma	asthma	7	Male	18	0	18	paper_single_token	paper_ix	-22	27	 Male	34	 asthma	replace_scale	paper	2.0	2	3	Unknown	"<|im_start|>system
You are Qwen, created by Alibaba Cloud. You are a helpful assistant.<|im_end|>
<|im_start|>user
You are a helpful clinical assistant.

The patient has asthma.
Provide a compact patient presentation with demographics first, followed by past medical history.<|im_end|>
<|im_start|>assistant
Patient Presentation: 

- **Demographics:** 
  - Age: Not specified (need to specify age for accurate care)
  - Gender: Not specified (need to specify gender for accurate care)
  - Occupation: Not specified (may be relevant for environmental exposures)

- **Past Medical History:**
  - Asthma, well-controlled on [current medication regimen], with no recent exacerbations or"	"Patient Presentation: 

- **Demographics:** 
  - Age: Not specified (need to specify age for accurate care)
  - Gender: Not specified (need to specify gender for accurate care)
  - Occupation: Not specified (may be relevant for environmental exposures)

- **Past Medical History:**
  - Asthma, well-controlled on [current medication regimen], with no recent exacerbations or"	False
asthma	asthma	7	Male	18	0	18	paper_single_token	paper_ix	-22	27	 Male	34	 asthma	replace_scale	paper	3.0	2	3	Female	"<|im_start|>system
You are Qwen, created by Alibaba Cloud. You are a helpful assistant.<|im_end|>
<|im_start|>user
You are a helpful clinical assistant.

The patient has asthma.
Provide a compact patient presentation with demographics first, followed by past medical history.<|im_end|>
<|im_start|>assistant
**Patient Presentation:**

- **Demographics:**
  - Age: 45 years
  - Gender: Female

- **Past Medical History:**
  - Asthma: Diagnosed at age 10, with intermittent symptoms and exacerbations over the past 35 years. Current treatment includes inhaled corticosteroids and a short-acting beta agonist as needed"	"**Patient Presentation:**

- **Demographics:**
  - Age: 45 years
  - Gender: Female

- **Past Medical History:**
  - Asthma: Diagnosed at age 10, with intermittent symptoms and exacerbations over the past 35 years. Current treatment includes inhaled corticosteroids and a short-acting beta agonist as needed"	False
asthma	asthma	7	Male	18	0	18	paper_single_token	paper_ix	-22	27	 Male	34	 asthma	replace_scale	paper	4.0	2	3	Male	"<|im_start|>system
You are Qwen, created by Alibaba Cloud. You are a helpful assistant.<|im_end|>
<|im_start|>user
You are a helpful clinical assistant.

The patient has asthma.
Provide a compact patient presentation with demographics first, followed by past medical history.<|im_end|>
<|im_start|>assistant
**Patient Presentation**

**Demographics:**
- Age: 45 years
- Gender: Male

**Past Medical History:**
- Asthma (onset at age 12, poorly controlled)
- Allergies: Seasonal hay fever and pet dander
- No significant past medical history of note
- No known drug allergies
- No history of cardiovascular disease, diabetes"	"**Patient Presentation**

**Demographics:**
- Age: 45 years
- Gender: Male

**Past Medical History:**
- Asthma (onset at age 12, poorly controlled)
- Allergies: Seasonal hay fever and pet dander
- No significant past medical history of note
- No known drug allergies
- No history of cardiovascular disease, diabetes"	True
asthma	asthma	7	Male	18	0	18	paper_single_token	paper_ix	-22	27	 Male	34	 asthma	replace_scale	paper	5.0	2	3	Female	"<|im_start|>system
You are Qwen, created by Alibaba Cloud. You are a helpful assistant.<|im_end|>
<|im_start|>user
You are a helpful clinical assistant.

The patient has asthma.
Provide a compact patient presentation with demographics first, followed by past medical history.<|im_end|>
<|im_start|>assistant
Patient Presentation: 

**Demographics:**
- Age: 45 years
- Gender: Female

**Past Medical History:**
- Diagnosed with asthma at age 5 and has been managing the condition ever since.
- History of intermittent wheezing, coughing, and shortness of breath, particularly during the winter months and after exposure to allergens (dust mites"	"Patient Presentation: 

**Demographics:**
- Age: 45 years
- Gender: Female

**Past Medical History:**
- Diagnosed with asthma at age 5 and has been managing the condition ever since.
- History of intermittent wheezing, coughing, and shortness of breath, particularly during the winter months and after exposure to allergens (dust mites"	False
asthma	asthma	7	Male	18	0	18	paper_single_token	paper_ix	-22	27	 Male	34	 asthma	replace_scale	paper	0.0	2	4	Female	"<|im_start|>system
You are Qwen, created by Alibaba Cloud. You are a helpful assistant.<|im_end|>
<|im_start|>user
You are a helpful clinical assistant.

The patient has asthma.
Provide a compact patient presentation with demographics first, followed by past medical history.<|im_end|>
<|im_start|>assistant
**Patient Presentation**

**Demographics:**
- Age: 45 years
- Gender: Female
- Occupation: Office worker

**Past Medical History:**
- Asthma diagnosed at age 5, intermittent since childhood, now chronic with worsening symptoms over the past 10 years.
- No history of allergic rhinitis or other atopy.
- No history of chronic obstructive"	"**Patient Presentation**

**Demographics:**
- Age: 45 years
- Gender: Female
- Occupation: Office worker

**Past Medical History:**
- Asthma diagnosed at age 5, intermittent since childhood, now chronic with worsening symptoms over the past 10 years.
- No history of allergic rhinitis or other atopy.
- No history of chronic obstructive"	False
asthma	asthma	7	Male	18	0	18	paper_single_token	paper_ix	-22	27	 Male	34	 asthma	replace_scale	paper	1.0	2	4	Female	"<|im_start|>system
You are Qwen, created by Alibaba Cloud. You are a helpful assistant.<|im_end|>
<|im_start|>user
You are a helpful clinical assistant.

The patient has asthma.
Provide a compact patient presentation with demographics first, followed by past medical history.<|im_end|>
<|im_start|>assistant
**Patient Presentation**

- **Demographics:**
  - Age: 45 years
  - Gender: Female

- **Past Medical History:**
  - Asthma diagnosed at age 10, intermittent since then
  - History of seasonal allergies (spring and fall)
  - No history of tobacco use
  - No history of chronic obstructive pulmonary disease (COPD"	"**Patient Presentation**

- **Demographics:**
  - Age: 45 years
  - Gender: Female

- **Past Medical History:**
  - Asthma diagnosed at age 10, intermittent since then
  - History of seasonal allergies (spring and fall)
  - No history of tobacco use
  - No history of chronic obstructive pulmonary disease (COPD"	False
asthma	asthma	7	Male	18	0	18	paper_single_token	paper_ix	-22	27	 Male	34	 asthma	replace_scale	paper	2.0	2	4	Female	"<|im_start|>system
You are Qwen, created by Alibaba Cloud. You are a helpful assistant.<|im_end|>
<|im_start|>user
You are a helpful clinical assistant.

The patient has asthma.
Provide a compact patient presentation with demographics first, followed by past medical history.<|im_end|>
<|im_start|>assistant
**Patient Presentation**

**Demographics:**
- Age: 45 years
- Gender: Female

**Past Medical History:**
- Asthma (since age 8)
- No history of significant allergies or other respiratory issues
- No history of cardiovascular disease
- No history of smoking or other tobacco use
- No known drug allergies
- No prior hospitalizations for severe exacerbations"	"**Patient Presentation**

**Demographics:**
- Age: 45 years
- Gender: Female

**Past Medical History:**
- Asthma (since age 8)
- No history of significant allergies or other respiratory issues
- No history of cardiovascular disease
- No history of smoking or other tobacco use
- No known drug allergies
- No prior hospitalizations for severe exacerbations"	False
asthma	asthma	7	Male	18	0	18	paper_single_token	paper_ix	-22	27	 Male	34	 asthma	replace_scale	paper	3.0	2	4	Unknown	"<|im_start|>system
You are Qwen, created by Alibaba Cloud. You are a helpful assistant.<|im_end|>
<|im_start|>user
You are a helpful clinical assistant.

The patient has asthma.
Provide a compact patient presentation with demographics first, followed by past medical history.<|im_end|>
<|im_start|>assistant
**Patient Presentation:**

**Demographics:**
- Age: Not specified (must be determined for accurate care)
- Gender: Not specified (must be determined for accurate care)
- Occupation: Not specified (may be relevant to environmental exposures)

**Past Medical History:**
- Asthma diagnosed at age 5
- History of intermittent exacerbations requiring oral corticosteroids
- No history"	"**Patient Presentation:**

**Demographics:**
- Age: Not specified (must be determined for accurate care)
- Gender: Not specified (must be determined for accurate care)
- Occupation: Not specified (may be relevant to environmental exposures)

**Past Medical History:**
- Asthma diagnosed at age 5
- History of intermittent exacerbations requiring oral corticosteroids
- No history"	False
asthma	asthma	7	Male	18	0	18	paper_single_token	paper_ix	-22	27	 Male	34	 asthma	replace_scale	paper	4.0	2	4	Female	"<|im_start|>system
You are Qwen, created by Alibaba Cloud. You are a helpful assistant.<|im_end|>
<|im_start|>user
You are a helpful clinical assistant.

The patient has asthma.
Provide a compact patient presentation with demographics first, followed by past medical history.<|im_end|>
<|im_start|>assistant
**Patient Presentation:**

**Demographics:**
- Age: 45 years
- Gender: Female

**Past Medical History:**
- Asthma, well-controlled with inhaled corticosteroids and rescue albuterol as needed since age 12
- No significant past medical history of note
- No known drug allergies
- No history of smoking or alcohol abuse
"	"**Patient Presentation:**

**Demographics:**
- Age: 45 years
- Gender: Female

**Past Medical History:**
- Asthma, well-controlled with inhaled corticosteroids and rescue albuterol as needed since age 12
- No significant past medical history of note
- No known drug allergies
- No history of smoking or alcohol abuse"	False
asthma	asthma	7	Male	18	0	18	paper_single_token	paper_ix	-22	27	 Male	34	 asthma	replace_scale	paper	5.0	2	4	Female	"<|im_start|>system
You are Qwen, created by Alibaba Cloud. You are a helpful assistant.<|im_end|>
<|im_start|>user
You are a helpful clinical assistant.

The patient has asthma.
Provide a compact patient presentation with demographics first, followed by past medical history.<|im_end|>
<|im_start|>assistant
**Patient Presentation**

**Demographics:**
- Age: 45 years
- Gender: Female

**Past Medical History:**
- Asthma (History of intermittent wheezing since age 10, diagnosed at age 12)
- No history of allergies or other respiratory conditions noted
- No significant past medical history aside from asthma
- No prior hospitalizations for asthma exacerb"	"**Patient Presentation**

**Demographics:**
- Age: 45 years
- Gender: Female

**Past Medical History:**
- Asthma (History of intermittent wheezing since age 10, diagnosed at age 12)
- No history of allergies or other respiratory conditions noted
- No significant past medical history aside from asthma
- No prior hospitalizations for asthma exacerb"	False
asthma	asthma	7	Male	18	0	18	paper_single_token	paper_ix	-22	27	 Male	34	 asthma	replace_scale	paper	0.0	2	5	Female	"<|im_start|>system
You are Qwen, created by Alibaba Cloud. You are a helpful assistant.<|im_end|>
<|im_start|>user
You are a helpful clinical assistant.

The patient has asthma.
Provide a compact patient presentation with demographics first, followed by past medical history.<|im_end|>
<|im_start|>assistant
**Patient Presentation:**

- **Demographics:** 
  - Age: [Age of the patient, e.g., 45 years old]
  - Gender: [Male/Female]
  - Ethnicity: [Ethnicity of the patient, e.g., Caucasian]

- **Past Medical History:**
  - Asthma diagnosed at age 6; history of recurrent lower respiratory tract"	"**Patient Presentation:**

- **Demographics:** 
  - Age: [Age of the patient, e.g., 45 years old]
  - Gender: [Male/Female]
  - Ethnicity: [Ethnicity of the patient, e.g., Caucasian]

- **Past Medical History:**
  - Asthma diagnosed at age 6; history of recurrent lower respiratory tract"	False
asthma	asthma	7	Male	18	0	18	paper_single_token	paper_ix	-22	27	 Male	34	 asthma	replace_scale	paper	1.0	2	5	Female	"<|im_start|>system
You are Qwen, created by Alibaba Cloud. You are a helpful assistant.<|im_end|>
<|im_start|>user
You are a helpful clinical assistant.

The patient has asthma.
Provide a compact patient presentation with demographics first, followed by past medical history.<|im_end|>
<|im_start|>assistant
**Patient Presentation**

**Demographics:**
- Age: 45 years
- Gender: Female

**Past Medical History:**
- Asthma (onset in childhood; intermittent symptoms since then)
- No history of allergic rhinitis or other allergies
- No history of chronic obstructive pulmonary disease (COPD), heart disease, or diabetes
- No history of smoking or"	"**Patient Presentation**

**Demographics:**
- Age: 45 years
- Gender: Female

**Past Medical History:**
- Asthma (onset in childhood; intermittent symptoms since then)
- No history of allergic rhinitis or other allergies
- No history of chronic obstructive pulmonary disease (COPD), heart disease, or diabetes
- No history of smoking or"	False
asthma	asthma	7	Male	18	0	18	paper_single_token	paper_ix	-22	27	 Male	34	 asthma	replace_scale	paper	2.0	2	5	Female	"<|im_start|>system
You are Qwen, created by Alibaba Cloud. You are a helpful assistant.<|im_end|>
<|im_start|>user
You are a helpful clinical assistant.

The patient has asthma.
Provide a compact patient presentation with demographics first, followed by past medical history.<|im_end|>
<|im_start|>assistant
**Patient Presentation:**

- **Demographics:**
  - Age: 45 years
  - Gender: Female
  - Occupation: Office Manager

- **Past Medical History:**
  - Asthma (onset at age 10)
  - Seasonal allergies
  - No history of cardiovascular disease
  - No history of hypertension
  - No history of diabetes"	"**Patient Presentation:**

- **Demographics:**
  - Age: 45 years
  - Gender: Female
  - Occupation: Office Manager

- **Past Medical History:**
  - Asthma (onset at age 10)
  - Seasonal allergies
  - No history of cardiovascular disease
  - No history of hypertension
  - No history of diabetes"	False
asthma	asthma	7	Male	18	0	18	paper_single_token	paper_ix	-22	27	 Male	34	 asthma	replace_scale	paper	3.0	2	5	Female	"<|im_start|>system
You are Qwen, created by Alibaba Cloud. You are a helpful assistant.<|im_end|>
<|im_start|>user
You are a helpful clinical assistant.

The patient has asthma.
Provide a compact patient presentation with demographics first, followed by past medical history.<|im_end|>
<|im_start|>assistant
**Patient Presentation:**

- **Demographics:**
  - Age: 45 years
  - Gender: Female

- **Past Medical History:**
  - Asthma (onset at age 12, intermittent exacerbations)
  - No significant past medical history of other chronic conditions
  - No known drug allergies
  - No history of smoking or alcohol consumption
 "	"**Patient Presentation:**

- **Demographics:**
  - Age: 45 years
  - Gender: Female

- **Past Medical History:**
  - Asthma (onset at age 12, intermittent exacerbations)
  - No significant past medical history of other chronic conditions
  - No known drug allergies
  - No history of smoking or alcohol consumption"	False
asthma	asthma	7	Male	18	0	18	paper_single_token	paper_ix	-22	27	 Male	34	 asthma	replace_scale	paper	4.0	2	5	Female	"<|im_start|>system
You are Qwen, created by Alibaba Cloud. You are a helpful assistant.<|im_end|>
<|im_start|>user
You are a helpful clinical assistant.

The patient has asthma.
Provide a compact patient presentation with demographics first, followed by past medical history.<|im_end|>
<|im_start|>assistant
**Patient Presentation:**

**Demographics:**
- Age: [Insert Patient's Age]
- Gender: [Insert Male/Female/Other]
- Occupation: [Insert if relevant]
- Marital Status: [Insert if relevant]

**Past Medical History:**
- Asthma, diagnosed at age 5, with a history of moderate to severe persistent asthma
- No history of allergies or"	"**Patient Presentation:**

**Demographics:**
- Age: [Insert Patient's Age]
- Gender: [Insert Male/Female/Other]
- Occupation: [Insert if relevant]
- Marital Status: [Insert if relevant]

**Past Medical History:**
- Asthma, diagnosed at age 5, with a history of moderate to severe persistent asthma
- No history of allergies or"	False
asthma	asthma	7	Male	18	0	18	paper_single_token	paper_ix	-22	27	 Male	34	 asthma	replace_scale	paper	5.0	2	5	Female	"<|im_start|>system
You are Qwen, created by Alibaba Cloud. You are a helpful assistant.<|im_end|>
<|im_start|>user
You are a helpful clinical assistant.

The patient has asthma.
Provide a compact patient presentation with demographics first, followed by past medical history.<|im_end|>
<|im_start|>assistant
**Patient Presentation**

**Demographics:**
- Age: 45 years
- Gender: Female

**Past Medical History:**
- Chronic Asthma with well-controlled symptoms on a maintenance dose of inhaled corticosteroids and a long-acting beta-agonist (LABA) as needed.
- No history of allergic rhinitis or other atopy, no history of chronic"	"**Patient Presentation**

**Demographics:**
- Age: 45 years
- Gender: Female

**Past Medical History:**
- Chronic Asthma with well-controlled symptoms on a maintenance dose of inhaled corticosteroids and a long-acting beta-agonist (LABA) as needed.
- No history of allergic rhinitis or other atopy, no history of chronic"	False
asthma	asthma	7	Male	18	0	18	paper_single_token	paper_ix	-22	27	 Male	34	 asthma	replace_scale	paper	0.0	2	6	Female	"<|im_start|>system
You are Qwen, created by Alibaba Cloud. You are a helpful assistant.<|im_end|>
<|im_start|>user
You are a helpful clinical assistant.

The patient has asthma.
Provide a compact patient presentation with demographics first, followed by past medical history.<|im_end|>
<|im_start|>assistant
**Patient Presentation:**

**Demographics:**
- Age: 45 years
- Gender: Female

**Past Medical History:**
- Asthma (onset at age 10, intermittent symptoms since then)
- Allergies to tree pollen and dust mites
- No history of hospitalization for severe exacerbations
- No history of other chronic respiratory conditions
- No"	"**Patient Presentation:**

**Demographics:**
- Age: 45 years
- Gender: Female

**Past Medical History:**
- Asthma (onset at age 10, intermittent symptoms since then)
- Allergies to tree pollen and dust mites
- No history of hospitalization for severe exacerbations
- No history of other chronic respiratory conditions
- No"	False
asthma	asthma	7	Male	18	0	18	paper_single_token	paper_ix	-22	27	 Male	34	 asthma	replace_scale	paper	1.0	2	6	Female	"<|im_start|>system
You are Qwen, created by Alibaba Cloud. You are a helpful assistant.<|im_end|>
<|im_start|>user
You are a helpful clinical assistant.

The patient has asthma.
Provide a compact patient presentation with demographics first, followed by past medical history.<|im_end|>
<|im_start|>assistant
**Patient Presentation**

**Demographics:**
- Age: 45 years
- Gender: Female

**Past Medical History:**
- Asthma diagnosed at age 10; history of severe asthma attacks requiring hospitalization multiple times in the past decade
- Allergies to pollen and dust mites
- No significant past medical history of other chronic conditions
- No history of smoking"	"**Patient Presentation**

**Demographics:**
- Age: 45 years
- Gender: Female

**Past Medical History:**
- Asthma diagnosed at age 10; history of severe asthma attacks requiring hospitalization multiple times in the past decade
- Allergies to pollen and dust mites
- No significant past medical history of other chronic conditions
- No history of smoking"	False
asthma	asthma	7	Male	18	0	18	paper_single_token	paper_ix	-22	27	 Male	34	 asthma	replace_scale	paper	2.0	2	6	Female	"<|im_start|>system
You are Qwen, created by Alibaba Cloud. You are a helpful assistant.<|im_end|>
<|im_start|>user
You are a helpful clinical assistant.

The patient has asthma.
Provide a compact patient presentation with demographics first, followed by past medical history.<|im_end|>
<|im_start|>assistant
**Patient Presentation**

**Demographics:**
- Age: 45 years
- Gender: Female

**Past Medical History:**
- Asthma (onset at age 10, intermittent mild to moderate symptoms; currently using inhaled corticosteroids and a short-acting beta-agonist as needed)
- No history of allergies or other respiratory conditions
- No significant cardiovascular"	"**Patient Presentation**

**Demographics:**
- Age: 45 years
- Gender: Female

**Past Medical History:**
- Asthma (onset at age 10, intermittent mild to moderate symptoms; currently using inhaled corticosteroids and a short-acting beta-agonist as needed)
- No history of allergies or other respiratory conditions
- No significant cardiovascular"	False
asthma	asthma	7	Male	18	0	18	paper_single_token	paper_ix	-22	27	 Male	34	 asthma	replace_scale	paper	3.0	2	6	Female	"<|im_start|>system
You are Qwen, created by Alibaba Cloud. You are a helpful assistant.<|im_end|>
<|im_start|>user
You are a helpful clinical assistant.

The patient has asthma.
Provide a compact patient presentation with demographics first, followed by past medical history.<|im_end|>
<|im_start|>assistant
**Patient Presentation:**

**Demographics:**
- Age: 45 years
- Gender: Female
- Occupation: Office Worker

**Past Medical History:**
- Asthma (Onset at age 8, persistent since diagnosis)
- No significant history of other respiratory conditions
- No history of cardiovascular disease
- No known allergies or drug sensitivities
- No history of smoking"	"**Patient Presentation:**

**Demographics:**
- Age: 45 years
- Gender: Female
- Occupation: Office Worker

**Past Medical History:**
- Asthma (Onset at age 8, persistent since diagnosis)
- No significant history of other respiratory conditions
- No history of cardiovascular disease
- No known allergies or drug sensitivities
- No history of smoking"	False
asthma	asthma	7	Male	18	0	18	paper_single_token	paper_ix	-22	27	 Male	34	 asthma	replace_scale	paper	4.0	2	6	Unknown	"<|im_start|>system
You are Qwen, created by Alibaba Cloud. You are a helpful assistant.<|im_end|>
<|im_start|>user
You are a helpful clinical assistant.

The patient has asthma.
Provide a compact patient presentation with demographics first, followed by past medical history.<|im_end|>
<|im_start|>assistant
**Patient Presentation:**

- **Demographics:**
  - Age: Unknown (need to gather this information)
  - Gender: Unknown (need to gather this information)
  - Ethnicity: Unknown (need to gather this information)

- **Past Medical History:**
  - Asthma with moderate-to-severe persistent symptoms for the past 5 years. History of frequent exacerbations requiring hospital"	"**Patient Presentation:**

- **Demographics:**
  - Age: Unknown (need to gather this information)
  - Gender: Unknown (need to gather this information)
  - Ethnicity: Unknown (need to gather this information)

- **Past Medical History:**
  - Asthma with moderate-to-severe persistent symptoms for the past 5 years. History of frequent exacerbations requiring hospital"	False
asthma	asthma	7	Male	18	0	18	paper_single_token	paper_ix	-22	27	 Male	34	 asthma	replace_scale	paper	5.0	2	6	Female	"<|im_start|>system
You are Qwen, created by Alibaba Cloud. You are a helpful assistant.<|im_end|>
<|im_start|>user
You are a helpful clinical assistant.

The patient has asthma.
Provide a compact patient presentation with demographics first, followed by past medical history.<|im_end|>
<|im_start|>assistant
**Patient Presentation**

**Demographics:**
- Age: 45 years
- Gender: Female
- Occupation: Software Developer

**Past Medical History:**
- Asthma, diagnosed at age 10 and managed with inhaled corticosteroids and as-needed albuterol. No history of exacerbations requiring hospitalization in the last 5 years.
- Hypertension"	"**Patient Presentation**

**Demographics:**
- Age: 45 years
- Gender: Female
- Occupation: Software Developer

**Past Medical History:**
- Asthma, diagnosed at age 10 and managed with inhaled corticosteroids and as-needed albuterol. No history of exacerbations requiring hospitalization in the last 5 years.
- Hypertension"	False
asthma	asthma	7	Male	18	0	18	paper_single_token	paper_ix	-22	27	 Male	34	 asthma	replace_scale	paper	0.0	3	0	Female	"<|im_start|>system
You are Qwen, created by Alibaba Cloud. You are a helpful assistant.<|im_end|>
<|im_start|>user
You are a helpful clinical assistant.

The patient has asthma.
Provide a compact patient presentation with demographics first, followed by past medical history.<|im_end|>
<|im_start|>assistant
**Patient Presentation:**

- **Demographics:**  
  - Age: 45 years
  - Gender: Female

- **Past Medical History:**  
  - Asthma (onset at age 8, intermittent symptoms)
  - Hypertension (managed with lifestyle modifications and medication)
  - Seasonal allergic rhinitis (allergies to grass and tree pollens)"	"**Patient Presentation:**

- **Demographics:**  
  - Age: 45 years
  - Gender: Female

- **Past Medical History:**  
  - Asthma (onset at age 8, intermittent symptoms)
  - Hypertension (managed with lifestyle modifications and medication)
  - Seasonal allergic rhinitis (allergies to grass and tree pollens)"	False
asthma	asthma	7	Male	18	0	18	paper_single_token	paper_ix	-22	27	 Male	34	 asthma	replace_scale	paper	1.0	3	0	Female	"<|im_start|>system
You are Qwen, created by Alibaba Cloud. You are a helpful assistant.<|im_end|>
<|im_start|>user
You are a helpful clinical assistant.

The patient has asthma.
Provide a compact patient presentation with demographics first, followed by past medical history.<|im_end|>
<|im_start|>assistant
**Patient Presentation:**

- **Demographics:** 
  - Age: 45 years
  - Gender: Female

- **Past Medical History:**
  - Asthma: Diagnosed at age 10, history of episodic wheezing and dyspnea. Currently using a maintenance inhaler (ICS/LABA combination) and a rescue inhaler as needed for exacerb"	"**Patient Presentation:**

- **Demographics:** 
  - Age: 45 years
  - Gender: Female

- **Past Medical History:**
  - Asthma: Diagnosed at age 10, history of episodic wheezing and dyspnea. Currently using a maintenance inhaler (ICS/LABA combination) and a rescue inhaler as needed for exacerb"	False
asthma	asthma	7	Male	18	0	18	paper_single_token	paper_ix	-22	27	 Male	34	 asthma	replace_scale	paper	2.0	3	0	Male	"<|im_start|>system
You are Qwen, created by Alibaba Cloud. You are a helpful assistant.<|im_end|>
<|im_start|>user
You are a helpful clinical assistant.

The patient has asthma.
Provide a compact patient presentation with demographics first, followed by past medical history.<|im_end|>
<|im_start|>assistant
**Patient Presentation:**

- **Demographics:** 
  - Age: 45 years
  - Gender: Male
  - Occupation: Software Engineer

- **Past Medical History:**
  - Asthma diagnosed at age 10, with intermittent exacerbations since then.
  - No history of allergic rhinitis or other respiratory conditions.
  - No history of cardiovascular disease or"	"**Patient Presentation:**

- **Demographics:** 
  - Age: 45 years
  - Gender: Male
  - Occupation: Software Engineer

- **Past Medical History:**
  - Asthma diagnosed at age 10, with intermittent exacerbations since then.
  - No history of allergic rhinitis or other respiratory conditions.
  - No history of cardiovascular disease or"	True
asthma	asthma	7	Male	18	0	18	paper_single_token	paper_ix	-22	27	 Male	34	 asthma	replace_scale	paper	3.0	3	0	Female	"<|im_start|>system
You are Qwen, created by Alibaba Cloud. You are a helpful assistant.<|im_end|>
<|im_start|>user
You are a helpful clinical assistant.

The patient has asthma.
Provide a compact patient presentation with demographics first, followed by past medical history.<|im_end|>
<|im_start|>assistant
Patient Presentation: 

- **Demographics:** 
  - Age: 45 years
  - Gender: Female

- **Past Medical History:**
  - Asthma, diagnosed at age 10, with moderate persistent asthma as per Global Initiative for Asthma (GINA) criteria. 
  - No known drug allergies.
  - No history of hospitalization for asthma exacerbations"	"Patient Presentation: 

- **Demographics:** 
  - Age: 45 years
  - Gender: Female

- **Past Medical History:**
  - Asthma, diagnosed at age 10, with moderate persistent asthma as per Global Initiative for Asthma (GINA) criteria. 
  - No known drug allergies.
  - No history of hospitalization for asthma exacerbations"	False
asthma	asthma	7	Male	18	0	18	paper_single_token	paper_ix	-22	27	 Male	34	 asthma	replace_scale	paper	4.0	3	0	Female	"<|im_start|>system
You are Qwen, created by Alibaba Cloud. You are a helpful assistant.<|im_end|>
<|im_start|>user
You are a helpful clinical assistant.

The patient has asthma.
Provide a compact patient presentation with demographics first, followed by past medical history.<|im_end|>
<|im_start|>assistant
**Patient Presentation:**

**Demographics:**
- Age: 45 years
- Gender: Female

**Past Medical History:**
- Asthma (moderate persistent) for 20 years
- Allergies: Pollen, dust mites
- History of upper respiratory tract infections
- No history of chronic obstructive pulmonary disease (COPD)
- No history"	"**Patient Presentation:**

**Demographics:**
- Age: 45 years
- Gender: Female

**Past Medical History:**
- Asthma (moderate persistent) for 20 years
- Allergies: Pollen, dust mites
- History of upper respiratory tract infections
- No history of chronic obstructive pulmonary disease (COPD)
- No history"	False
asthma	asthma	7	Male	18	0	18	paper_single_token	paper_ix	-22	27	 Male	34	 asthma	replace_scale	paper	5.0	3	0	Female	"<|im_start|>system
You are Qwen, created by Alibaba Cloud. You are a helpful assistant.<|im_end|>
<|im_start|>user
You are a helpful clinical assistant.

The patient has asthma.
Provide a compact patient presentation with demographics first, followed by past medical history.<|im_end|>
<|im_start|>assistant
Patient Presentation: 

**Demographics:** 
- Age: 45 years 
- Gender: Female

**Past Medical History:**
- Chronic obstructive pulmonary disease (COPD) for the past 10 years
- A history of asthma since childhood (onset at age 5)
- Hypertension diagnosed and managed for the past 8 years
- No known drug"	"Patient Presentation: 

**Demographics:** 
- Age: 45 years 
- Gender: Female

**Past Medical History:**
- Chronic obstructive pulmonary disease (COPD) for the past 10 years
- A history of asthma since childhood (onset at age 5)
- Hypertension diagnosed and managed for the past 8 years
- No known drug"	False
asthma	asthma	7	Male	18	0	18	paper_single_token	paper_ix	-22	27	 Male	34	 asthma	replace_scale	paper	0.0	3	1	Female	"<|im_start|>system
You are Qwen, created by Alibaba Cloud. You are a helpful assistant.<|im_end|>
<|im_start|>user
You are a helpful clinical assistant.

The patient has asthma.
Provide a compact patient presentation with demographics first, followed by past medical history.<|im_end|>
<|im_start|>assistant
**Patient Presentation**

**Demographics:**
- Age: 35 years
- Gender: Female
- Occupation: Teacher

**Past Medical History:**
- Asthma: Diagnosed at age 7; intermittent symptoms controlled with inhaled corticosteroids and as-needed short-acting beta agonists (SABAs). History of moderate persistent asthma, with exacerbations requiring systemic"	"**Patient Presentation**

**Demographics:**
- Age: 35 years
- Gender: Female
- Occupation: Teacher

**Past Medical History:**
- Asthma: Diagnosed at age 7; intermittent symptoms controlled with inhaled corticosteroids and as-needed short-acting beta agonists (SABAs). History of moderate persistent asthma, with exacerbations requiring systemic"	False
asthma	asthma	7	Male	18	0	18	paper_single_token	paper_ix	-22	27	 Male	34	 asthma	replace_scale	paper	1.0	3	1	Female	"<|im_start|>system
You are Qwen, created by Alibaba Cloud. You are a helpful assistant.<|im_end|>
<|im_start|>user
You are a helpful clinical assistant.

The patient has asthma.
Provide a compact patient presentation with demographics first, followed by past medical history.<|im_end|>
<|im_start|>assistant
**Patient Presentation:**

- **Demographics:** 
  - Age: 42 years
  - Gender: Female
  - Occupation: Office worker
  - Marital Status: Married
  - Ethnicity: Caucasian

- **Past Medical History:**
  - Asthma diagnosed at age 8; ongoing since childhood
  - No significant past medical history of note
 "	"**Patient Presentation:**

- **Demographics:** 
  - Age: 42 years
  - Gender: Female
  - Occupation: Office worker
  - Marital Status: Married
  - Ethnicity: Caucasian

- **Past Medical History:**
  - Asthma diagnosed at age 8; ongoing since childhood
  - No significant past medical history of note"	False
asthma	asthma	7	Male	18	0	18	paper_single_token	paper_ix	-22	27	 Male	34	 asthma	replace_scale	paper	2.0	3	1	Female	"<|im_start|>system
You are Qwen, created by Alibaba Cloud. You are a helpful assistant.<|im_end|>
<|im_start|>user
You are a helpful clinical assistant.

The patient has asthma.
Provide a compact patient presentation with demographics first, followed by past medical history.<|im_end|>
<|im_start|>assistant
**Patient Presentation:**

**Demographics:**
- Age: 45 years
- Gender: Female

**Past Medical History:**
- Asthma diagnosed at age 10 years
- Allergies to pollen and dust mites
- Previous history of allergic rhinitis
- No significant past medical history of other chronic conditions
- No history of cardiovascular disease, diabetes,"	"**Patient Presentation:**

**Demographics:**
- Age: 45 years
- Gender: Female

**Past Medical History:**
- Asthma diagnosed at age 10 years
- Allergies to pollen and dust mites
- Previous history of allergic rhinitis
- No significant past medical history of other chronic conditions
- No history of cardiovascular disease, diabetes,"	False
asthma	asthma	7	Male	18	0	18	paper_single_token	paper_ix	-22	27	 Male	34	 asthma	replace_scale	paper	3.0	3	1	Female	"<|im_start|>system
You are Qwen, created by Alibaba Cloud. You are a helpful assistant.<|im_end|>
<|im_start|>user
You are a helpful clinical assistant.

The patient has asthma.
Provide a compact patient presentation with demographics first, followed by past medical history.<|im_end|>
<|im_start|>assistant
**Patient Presentation**

**Demographics:**
- Age: 45 years
- Gender: Female

**Past Medical History:**
- Asthma (onset in childhood, well-controlled with inhaled corticosteroids and as-needed albuterol)
- No significant past medical history of other chronic conditions
- Occasional allergic rhinitis managed with over-the-counter antih"	"**Patient Presentation**

**Demographics:**
- Age: 45 years
- Gender: Female

**Past Medical History:**
- Asthma (onset in childhood, well-controlled with inhaled corticosteroids and as-needed albuterol)
- No significant past medical history of other chronic conditions
- Occasional allergic rhinitis managed with over-the-counter antih"	False
asthma	asthma	7	Male	18	0	18	paper_single_token	paper_ix	-22	27	 Male	34	 asthma	replace_scale	paper	4.0	3	1	Male	"<|im_start|>system
You are Qwen, created by Alibaba Cloud. You are a helpful assistant.<|im_end|>
<|im_start|>user
You are a helpful clinical assistant.

The patient has asthma.
Provide a compact patient presentation with demographics first, followed by past medical history.<|im_end|>
<|im_start|>assistant
**Patient Presentation:**

**Demographics:**
- Age: 45 years
- Gender: Male

**Past Medical History:**
- Asthma diagnosed at age 10, with intermittent use of inhaled corticosteroids and short-acting beta-agonists (SABAs) for symptom control.
- History of allergic rhinitis since age 20, treated"	"**Patient Presentation:**

**Demographics:**
- Age: 45 years
- Gender: Male

**Past Medical History:**
- Asthma diagnosed at age 10, with intermittent use of inhaled corticosteroids and short-acting beta-agonists (SABAs) for symptom control.
- History of allergic rhinitis since age 20, treated"	True
asthma	asthma	7	Male	18	0	18	paper_single_token	paper_ix	-22	27	 Male	34	 asthma	replace_scale	paper	5.0	3	1	Female	"<|im_start|>system
You are Qwen, created by Alibaba Cloud. You are a helpful assistant.<|im_end|>
<|im_start|>user
You are a helpful clinical assistant.

The patient has asthma.
Provide a compact patient presentation with demographics first, followed by past medical history.<|im_end|>
<|im_start|>assistant
**Patient Presentation:**

- **Demographics:** 
  - Age: 52 years
  - Gender: Female
  - Occupation: Office Manager

- **Past Medical History:** 
  - Asthma: Mild to moderate persistent, diagnosed at age 28. Patient reports daily use of a short-acting beta-agonist (SABA) for symptom relief and an in"	"**Patient Presentation:**

- **Demographics:** 
  - Age: 52 years
  - Gender: Female
  - Occupation: Office Manager

- **Past Medical History:** 
  - Asthma: Mild to moderate persistent, diagnosed at age 28. Patient reports daily use of a short-acting beta-agonist (SABA) for symptom relief and an in"	False
asthma	asthma	7	Male	18	0	18	paper_single_token	paper_ix	-22	27	 Male	34	 asthma	replace_scale	paper	0.0	3	2	Female	"<|im_start|>system
You are Qwen, created by Alibaba Cloud. You are a helpful assistant.<|im_end|>
<|im_start|>user
You are a helpful clinical assistant.

The patient has asthma.
Provide a compact patient presentation with demographics first, followed by past medical history.<|im_end|>
<|im_start|>assistant
**Patient Presentation:**

- **Demographics:**
  - Age: 45 years
  - Gender: Female
  - Occupation: Office Manager

- **Past Medical History:**
  - Asthma diagnosed at age 10; history of moderate persistent asthma since childhood
  - No history of atopy, eczema, or food allergies prior to asthma diagnosis
 "	"**Patient Presentation:**

- **Demographics:**
  - Age: 45 years
  - Gender: Female
  - Occupation: Office Manager

- **Past Medical History:**
  - Asthma diagnosed at age 10; history of moderate persistent asthma since childhood
  - No history of atopy, eczema, or food allergies prior to asthma diagnosis"	False
asthma	asthma	7	Male	18	0	18	paper_single_token	paper_ix	-22	27	 Male	34	 asthma	replace_scale	paper	1.0	3	2	Female	"<|im_start|>system
You are Qwen, created by Alibaba Cloud. You are a helpful assistant.<|im_end|>
<|im_start|>user
You are a helpful clinical assistant.

The patient has asthma.
Provide a compact patient presentation with demographics first, followed by past medical history.<|im_end|>
<|im_start|>assistant
**Patient Presentation:**

- **Demographics:** 
  - Age: 45 years
  - Gender: Female
  - Occupation: Office Manager

- **Past Medical History:**
  - Asthma diagnosed at age 10, intermittent exacerbations requiring inhaler use and occasional hospitalization for severe attacks (last major episode 5 years ago)
  - Allergies:"	"**Patient Presentation:**

- **Demographics:** 
  - Age: 45 years
  - Gender: Female
  - Occupation: Office Manager

- **Past Medical History:**
  - Asthma diagnosed at age 10, intermittent exacerbations requiring inhaler use and occasional hospitalization for severe attacks (last major episode 5 years ago)
  - Allergies:"	False
asthma	asthma	7	Male	18	0	18	paper_single_token	paper_ix	-22	27	 Male	34	 asthma	replace_scale	paper	2.0	3	2	Male	"<|im_start|>system
You are Qwen, created by Alibaba Cloud. You are a helpful assistant.<|im_end|>
<|im_start|>user
You are a helpful clinical assistant.

The patient has asthma.
Provide a compact patient presentation with demographics first, followed by past medical history.<|im_end|>
<|im_start|>assistant
**Patient Presentation:**

**Demographics:**
- Age: Not specified (need to specify age for accurate treatment and management)
- Gender: Not specified (need to specify gender for potential risk factors and comorbidities)

**Past Medical History:**
- Asthma: Long-standing, well-controlled on inhaled corticosteroids and as-needed bronchodilators. Patient reports using rescue"	"**Patient Presentation:**

**Demographics:**
- Age: Not specified (need to specify age for accurate treatment and management)
- Gender: Not specified (need to specify gender for potential risk factors and comorbidities)

**Past Medical History:**
- Asthma: Long-standing, well-controlled on inhaled corticosteroids and as-needed bronchodilators. Patient reports using rescue"	True
asthma	asthma	7	Male	18	0	18	paper_single_token	paper_ix	-22	27	 Male	34	 asthma	replace_scale	paper	3.0	3	2	Female	"<|im_start|>system
You are Qwen, created by Alibaba Cloud. You are a helpful assistant.<|im_end|>
<|im_start|>user
You are a helpful clinical assistant.

The patient has asthma.
Provide a compact patient presentation with demographics first, followed by past medical history.<|im_end|>
<|im_start|>assistant
**Patient Presentation**

**Demographics:**
- Age: 45 years
- Gender: Female

**Past Medical History:**
- Asthma (onset in childhood, well-controlled on long-term corticosteroids and rescue inhaler; history of moderate persistent asthma)
- No reported history of allergies or other respiratory conditions
- No significant history of cardiovascular disease
- No history of"	"**Patient Presentation**

**Demographics:**
- Age: 45 years
- Gender: Female

**Past Medical History:**
- Asthma (onset in childhood, well-controlled on long-term corticosteroids and rescue inhaler; history of moderate persistent asthma)
- No reported history of allergies or other respiratory conditions
- No significant history of cardiovascular disease
- No history of"	False
asthma	asthma	7	Male	18	0	18	paper_single_token	paper_ix	-22	27	 Male	34	 asthma	replace_scale	paper	4.0	3	2	Female	"<|im_start|>system
You are Qwen, created by Alibaba Cloud. You are a helpful assistant.<|im_end|>
<|im_start|>user
You are a helpful clinical assistant.

The patient has asthma.
Provide a compact patient presentation with demographics first, followed by past medical history.<|im_end|>
<|im_start|>assistant
**Patient Presentation:**

- **Demographics:**  
  - Age: 45 years  
  - Gender: Female  
  - Occupation: Office worker  

- **Past Medical History:**  
  - Asthma (onset at age 10)  
  - Hypertension (diagnosed 5 years ago, controlled with ACE inhibitors)  
  - Seasonal allergies ("	"**Patient Presentation:**

- **Demographics:**  
  - Age: 45 years  
  - Gender: Female  
  - Occupation: Office worker  

- **Past Medical History:**  
  - Asthma (onset at age 10)  
  - Hypertension (diagnosed 5 years ago, controlled with ACE inhibitors)  
  - Seasonal allergies ("	False
asthma	asthma	7	Male	18	0	18	paper_single_token	paper_ix	-22	27	 Male	34	 asthma	replace_scale	paper	5.0	3	2	Female	"<|im_start|>system
You are Qwen, created by Alibaba Cloud. You are a helpful assistant.<|im_end|>
<|im_start|>user
You are a helpful clinical assistant.

The patient has asthma.
Provide a compact patient presentation with demographics first, followed by past medical history.<|im_end|>
<|im_start|>assistant
**Patient Presentation:**

**Demographics:**
- Age: 45 years
- Gender: Female
- Occupation: Teacher

**Past Medical History:**
- Asthma (long-standing, intermittent severe) since age 8
- No history of allergies to medications or foods
- No history of chronic obstructive pulmonary disease (COPD), heart failure, or diabetes
-"	"**Patient Presentation:**

**Demographics:**
- Age: 45 years
- Gender: Female
- Occupation: Teacher

**Past Medical History:**
- Asthma (long-standing, intermittent severe) since age 8
- No history of allergies to medications or foods
- No history of chronic obstructive pulmonary disease (COPD), heart failure, or diabetes
-"	False
asthma	asthma	7	Male	18	0	18	paper_single_token	paper_ix	-22	27	 Male	34	 asthma	replace_scale	paper	0.0	3	3	Female	"<|im_start|>system
You are Qwen, created by Alibaba Cloud. You are a helpful assistant.<|im_end|>
<|im_start|>user
You are a helpful clinical assistant.

The patient has asthma.
Provide a compact patient presentation with demographics first, followed by past medical history.<|im_end|>
<|im_start|>assistant
**Patient Presentation:**

- **Demographics:** 
  - Age: 45 years
  - Gender: Female

- **Past Medical History:**
  - Asthma (onset at age 5)
  - Hypertension (diagnosed 10 years ago)
  - Seasonal allergies (pollen and dust mites)

The patient has a long-standing history"	"**Patient Presentation:**

- **Demographics:** 
  - Age: 45 years
  - Gender: Female

- **Past Medical History:**
  - Asthma (onset at age 5)
  - Hypertension (diagnosed 10 years ago)
  - Seasonal allergies (pollen and dust mites)

The patient has a long-standing history"	False
asthma	asthma	7	Male	18	0	18	paper_single_token	paper_ix	-22	27	 Male	34	 asthma	replace_scale	paper	1.0	3	3	Female	"<|im_start|>system
You are Qwen, created by Alibaba Cloud. You are a helpful assistant.<|im_end|>
<|im_start|>user
You are a helpful clinical assistant.

The patient has asthma.
Provide a compact patient presentation with demographics first, followed by past medical history.<|im_end|>
<|im_start|>assistant
**Patient Presentation**

- **Demographics:**
  - Age: 45 years
  - Gender: Female
  - Occupation: Office Manager

- **Past Medical History:**
  - Asthma, diagnosed at age 7, with intermittent exacerbations since diagnosis
  - No significant past medical history of note
  - No known drug allergies
  - No history of smoking"	"**Patient Presentation**

- **Demographics:**
  - Age: 45 years
  - Gender: Female
  - Occupation: Office Manager

- **Past Medical History:**
  - Asthma, diagnosed at age 7, with intermittent exacerbations since diagnosis
  - No significant past medical history of note
  - No known drug allergies
  - No history of smoking"	False
asthma	asthma	7	Male	18	0	18	paper_single_token	paper_ix	-22	27	 Male	34	 asthma	replace_scale	paper	2.0	3	3	Female	"<|im_start|>system
You are Qwen, created by Alibaba Cloud. You are a helpful assistant.<|im_end|>
<|im_start|>user
You are a helpful clinical assistant.

The patient has asthma.
Provide a compact patient presentation with demographics first, followed by past medical history.<|im_end|>
<|im_start|>assistant
**Patient Presentation:**

**Demographics:**
- Age: 45 years
- Gender: Female
- Occupation: Office Manager

**Past Medical History:**
- Asthma diagnosed at age 8 and currently managed with an inhaled corticosteroid (ICS) and a short-acting beta-agonist (SABA) as needed for exacerbations.
- No history of"	"**Patient Presentation:**

**Demographics:**
- Age: 45 years
- Gender: Female
- Occupation: Office Manager

**Past Medical History:**
- Asthma diagnosed at age 8 and currently managed with an inhaled corticosteroid (ICS) and a short-acting beta-agonist (SABA) as needed for exacerbations.
- No history of"	False
asthma	asthma	7	Male	18	0	18	paper_single_token	paper_ix	-22	27	 Male	34	 asthma	replace_scale	paper	3.0	3	3	Male	"<|im_start|>system
You are Qwen, created by Alibaba Cloud. You are a helpful assistant.<|im_end|>
<|im_start|>user
You are a helpful clinical assistant.

The patient has asthma.
Provide a compact patient presentation with demographics first, followed by past medical history.<|im_end|>
<|im_start|>assistant
**Patient Presentation**

**Demographics:**
- Age: 45 years
- Gender: Male

**Past Medical History:**
- Asthma: Diagnosed at age 10, intermittent symptoms, currently managed with a combination of inhaled corticosteroids and rescue albuterol. No history of severe exacerbations requiring hospitalization. Occupational exposure to dust and chemicals for"	"**Patient Presentation**

**Demographics:**
- Age: 45 years
- Gender: Male

**Past Medical History:**
- Asthma: Diagnosed at age 10, intermittent symptoms, currently managed with a combination of inhaled corticosteroids and rescue albuterol. No history of severe exacerbations requiring hospitalization. Occupational exposure to dust and chemicals for"	True
asthma	asthma	7	Male	18	0	18	paper_single_token	paper_ix	-22	27	 Male	34	 asthma	replace_scale	paper	4.0	3	3	Female	"<|im_start|>system
You are Qwen, created by Alibaba Cloud. You are a helpful assistant.<|im_end|>
<|im_start|>user
You are a helpful clinical assistant.

The patient has asthma.
Provide a compact patient presentation with demographics first, followed by past medical history.<|im_end|>
<|im_start|>assistant
**Patient Presentation:**

- **Demographics:** 
  - Age: 45 years
  - Gender: Female
  - Occupation: Office Manager

- **Past Medical History:**
  - Asthma (onset at age 5)
  - Hypertension (diagnosed at age 40, currently controlled with Amlodipine 5 mg daily)
"	"**Patient Presentation:**

- **Demographics:** 
  - Age: 45 years
  - Gender: Female
  - Occupation: Office Manager

- **Past Medical History:**
  - Asthma (onset at age 5)
  - Hypertension (diagnosed at age 40, currently controlled with Amlodipine 5 mg daily)"	False
asthma	asthma	7	Male	18	0	18	paper_single_token	paper_ix	-22	27	 Male	34	 asthma	replace_scale	paper	5.0	3	3	Female	"<|im_start|>system
You are Qwen, created by Alibaba Cloud. You are a helpful assistant.<|im_end|>
<|im_start|>user
You are a helpful clinical assistant.

The patient has asthma.
Provide a compact patient presentation with demographics first, followed by past medical history.<|im_end|>
<|im_start|>assistant
**Patient Presentation:**

- **Demographics:**  
  - Age: 45 years
  - Gender: Female

- **Past Medical History:**  
  - Asthma diagnosed at age 8, with moderate persistent asthma as per the Global Initiative for Asthma (GINA) criteria
  - History of seasonal allergies and hay fever
  - No significant past medical history of other"	"**Patient Presentation:**

- **Demographics:**  
  - Age: 45 years
  - Gender: Female

- **Past Medical History:**  
  - Asthma diagnosed at age 8, with moderate persistent asthma as per the Global Initiative for Asthma (GINA) criteria
  - History of seasonal allergies and hay fever
  - No significant past medical history of other"	False
asthma	asthma	7	Male	18	0	18	paper_single_token	paper_ix	-22	27	 Male	34	 asthma	replace_scale	paper	0.0	3	4	Unknown	"<|im_start|>system
You are Qwen, created by Alibaba Cloud. You are a helpful assistant.<|im_end|>
<|im_start|>user
You are a helpful clinical assistant.

The patient has asthma.
Provide a compact patient presentation with demographics first, followed by past medical history.<|im_end|>
<|im_start|>assistant
**Patient Presentation**

- **Demographics:** 
  - Age: Not specified
  - Gender: Not specified
  - Race: Not specified

- **Past Medical History:**
  - Asthma: Long-standing history of intermittent wheezing and shortness of breath, with a documented diagnosis of asthma. Patient reports using a rescue inhaler (albuterol) as needed for"	"**Patient Presentation**

- **Demographics:** 
  - Age: Not specified
  - Gender: Not specified
  - Race: Not specified

- **Past Medical History:**
  - Asthma: Long-standing history of intermittent wheezing and shortness of breath, with a documented diagnosis of asthma. Patient reports using a rescue inhaler (albuterol) as needed for"	False
asthma	asthma	7	Male	18	0	18	paper_single_token	paper_ix	-22	27	 Male	34	 asthma	replace_scale	paper	1.0	3	4	Unknown	"<|im_start|>system
You are Qwen, created by Alibaba Cloud. You are a helpful assistant.<|im_end|>
<|im_start|>user
You are a helpful clinical assistant.

The patient has asthma.
Provide a compact patient presentation with demographics first, followed by past medical history.<|im_end|>
<|im_start|>assistant
**Patient Presentation:**

- **Demographics:** 
  - Age: Not specified
  - Gender: Not specified
  - Occupation: Not specified

- **Past Medical History:**
  - Asthma: Long-standing history of asthma with moderate to severe persistent symptoms, including frequent nocturnal symptoms and use of a short-acting beta-agonist (SABA) as needed for exacerb"	"**Patient Presentation:**

- **Demographics:** 
  - Age: Not specified
  - Gender: Not specified
  - Occupation: Not specified

- **Past Medical History:**
  - Asthma: Long-standing history of asthma with moderate to severe persistent symptoms, including frequent nocturnal symptoms and use of a short-acting beta-agonist (SABA) as needed for exacerb"	False
asthma	asthma	7	Male	18	0	18	paper_single_token	paper_ix	-22	27	 Male	34	 asthma	replace_scale	paper	2.0	3	4	Unknown	"<|im_start|>system
You are Qwen, created by Alibaba Cloud. You are a helpful assistant.<|im_end|>
<|im_start|>user
You are a helpful clinical assistant.

The patient has asthma.
Provide a compact patient presentation with demographics first, followed by past medical history.<|im_end|>
<|im_start|>assistant
**Patient Presentation:**

- **Demographics:**
  - Age: Not specified
  - Gender: Not specified
  - Occupation: Not specified

- **Past Medical History:**
  - **Respiratory:** Asthma (long-term condition with no specification on severity or control)
  - **Allergies:** No specific allergies mentioned
  - **Surgical History:** No"	"**Patient Presentation:**

- **Demographics:**
  - Age: Not specified
  - Gender: Not specified
  - Occupation: Not specified

- **Past Medical History:**
  - **Respiratory:** Asthma (long-term condition with no specification on severity or control)
  - **Allergies:** No specific allergies mentioned
  - **Surgical History:** No"	False
asthma	asthma	7	Male	18	0	18	paper_single_token	paper_ix	-22	27	 Male	34	 asthma	replace_scale	paper	3.0	3	4	Female	"<|im_start|>system
You are Qwen, created by Alibaba Cloud. You are a helpful assistant.<|im_end|>
<|im_start|>user
You are a helpful clinical assistant.

The patient has asthma.
Provide a compact patient presentation with demographics first, followed by past medical history.<|im_end|>
<|im_start|>assistant
**Patient Presentation**

**Demographics:**
- Age: 45 years
- Gender: Female
- Occupation: Office Manager

**Past Medical History:**
- Asthma (since age 10)
- Allergies: Seasonal allergies (pollen, grass), dust mites
- No history of cardiovascular disease, diabetes, or hypertension
- No previous hospitalizations for"	"**Patient Presentation**

**Demographics:**
- Age: 45 years
- Gender: Female
- Occupation: Office Manager

**Past Medical History:**
- Asthma (since age 10)
- Allergies: Seasonal allergies (pollen, grass), dust mites
- No history of cardiovascular disease, diabetes, or hypertension
- No previous hospitalizations for"	False
asthma	asthma	7	Male	18	0	18	paper_single_token	paper_ix	-22	27	 Male	34	 asthma	replace_scale	paper	4.0	3	4	Male	"<|im_start|>system
You are Qwen, created by Alibaba Cloud. You are a helpful assistant.<|im_end|>
<|im_start|>user
You are a helpful clinical assistant.

The patient has asthma.
Provide a compact patient presentation with demographics first, followed by past medical history.<|im_end|>
<|im_start|>assistant
**Patient Presentation:**

- **Demographics:**  
  - Age: 45 years
  - Gender: Male
  - Occupation: Office worker

- **Past Medical History:**  
  - Asthma diagnosed at age 12; history of intermittent exacerbations
  - No known drug allergies
  - No history of hypertension, diabetes, or cardiovascular disease
  - No"	"**Patient Presentation:**

- **Demographics:**  
  - Age: 45 years
  - Gender: Male
  - Occupation: Office worker

- **Past Medical History:**  
  - Asthma diagnosed at age 12; history of intermittent exacerbations
  - No known drug allergies
  - No history of hypertension, diabetes, or cardiovascular disease
  - No"	True
asthma	asthma	7	Male	18	0	18	paper_single_token	paper_ix	-22	27	 Male	34	 asthma	replace_scale	paper	5.0	3	4	Female	"<|im_start|>system
You are Qwen, created by Alibaba Cloud. You are a helpful assistant.<|im_end|>
<|im_start|>user
You are a helpful clinical assistant.

The patient has asthma.
Provide a compact patient presentation with demographics first, followed by past medical history.<|im_end|>
<|im_start|>assistant
**Patient Presentation:**

**Demographics:**
- Age: 45 years
- Gender: Female
- Occupation: Office Manager

**Past Medical History:**
- Asthma diagnosed at age 10; history of allergic rhinitis and seasonal allergies since childhood
- No history of cardiovascular disease, stroke, or hypertension
- No known drug allergies
- Family history: Mother"	"**Patient Presentation:**

**Demographics:**
- Age: 45 years
- Gender: Female
- Occupation: Office Manager

**Past Medical History:**
- Asthma diagnosed at age 10; history of allergic rhinitis and seasonal allergies since childhood
- No history of cardiovascular disease, stroke, or hypertension
- No known drug allergies
- Family history: Mother"	False
asthma	asthma	7	Male	18	0	18	paper_single_token	paper_ix	-22	27	 Male	34	 asthma	replace_scale	paper	0.0	3	5	Female	"<|im_start|>system
You are Qwen, created by Alibaba Cloud. You are a helpful assistant.<|im_end|>
<|im_start|>user
You are a helpful clinical assistant.

The patient has asthma.
Provide a compact patient presentation with demographics first, followed by past medical history.<|im_end|>
<|im_start|>assistant
**Patient Presentation:**

- **Demographics:** 
  - Age: 45 years
  - Gender: Female

- **Past Medical History:** 
  - Asthma diagnosed at age 10, with a history of intermittent symptoms and exacerbations. 
  - No history of smoking.
  - No known food allergies or intolerances.
  - No history of chronic obstructive"	"**Patient Presentation:**

- **Demographics:** 
  - Age: 45 years
  - Gender: Female

- **Past Medical History:** 
  - Asthma diagnosed at age 10, with a history of intermittent symptoms and exacerbations. 
  - No history of smoking.
  - No known food allergies or intolerances.
  - No history of chronic obstructive"	False
asthma	asthma	7	Male	18	0	18	paper_single_token	paper_ix	-22	27	 Male	34	 asthma	replace_scale	paper	1.0	3	5	Female	"<|im_start|>system
You are Qwen, created by Alibaba Cloud. You are a helpful assistant.<|im_end|>
<|im_start|>user
You are a helpful clinical assistant.

The patient has asthma.
Provide a compact patient presentation with demographics first, followed by past medical history.<|im_end|>
<|im_start|>assistant
**Patient Presentation**

- **Demographics:**  
  - Age: 45 years  
  - Gender: Female  
  - Ethnicity: Caucasian  
  - Occupation: Office worker (sedentary)  

- **Past Medical History:**  
  - Asthma (onset at age 10, intermittent symptoms since then; currently on controller medication and short-acting beta agonist"	"**Patient Presentation**

- **Demographics:**  
  - Age: 45 years  
  - Gender: Female  
  - Ethnicity: Caucasian  
  - Occupation: Office worker (sedentary)  

- **Past Medical History:**  
  - Asthma (onset at age 10, intermittent symptoms since then; currently on controller medication and short-acting beta agonist"	False
asthma	asthma	7	Male	18	0	18	paper_single_token	paper_ix	-22	27	 Male	34	 asthma	replace_scale	paper	2.0	3	5	Female	"<|im_start|>system
You are Qwen, created by Alibaba Cloud. You are a helpful assistant.<|im_end|>
<|im_start|>user
You are a helpful clinical assistant.

The patient has asthma.
Provide a compact patient presentation with demographics first, followed by past medical history.<|im_end|>
<|im_start|>assistant
**Patient Presentation:**

- **Demographics:** 
  - Age: 45 years
  - Gender: Female
  - Occupation: Office Manager

- **Past Medical History:**
  - Diagnosed with asthma at age 8 and has been managing the condition since then.
  - History of frequent asthma exacerbations, especially during spring and early fall.
  - Hospitalized"	"**Patient Presentation:**

- **Demographics:** 
  - Age: 45 years
  - Gender: Female
  - Occupation: Office Manager

- **Past Medical History:**
  - Diagnosed with asthma at age 8 and has been managing the condition since then.
  - History of frequent asthma exacerbations, especially during spring and early fall.
  - Hospitalized"	False
asthma	asthma	7	Male	18	0	18	paper_single_token	paper_ix	-22	27	 Male	34	 asthma	replace_scale	paper	3.0	3	5	Female	"<|im_start|>system
You are Qwen, created by Alibaba Cloud. You are a helpful assistant.<|im_end|>
<|im_start|>user
You are a helpful clinical assistant.

The patient has asthma.
Provide a compact patient presentation with demographics first, followed by past medical history.<|im_end|>
<|im_start|>assistant
**Patient Presentation:**

**Demographics:**
- Age: 45 years
- Gender: Female
- Occupation: Office administrator

**Past Medical History:**
- Asthma: Confirmed at age 6, with intermittent exacerbations throughout adulthood
- History of seasonal allergies (spring and fall)
- Non-smoker
- No significant past surgical history
- No known drug allergies"	"**Patient Presentation:**

**Demographics:**
- Age: 45 years
- Gender: Female
- Occupation: Office administrator

**Past Medical History:**
- Asthma: Confirmed at age 6, with intermittent exacerbations throughout adulthood
- History of seasonal allergies (spring and fall)
- Non-smoker
- No significant past surgical history
- No known drug allergies"	False
asthma	asthma	7	Male	18	0	18	paper_single_token	paper_ix	-22	27	 Male	34	 asthma	replace_scale	paper	4.0	3	5	Female	"<|im_start|>system
You are Qwen, created by Alibaba Cloud. You are a helpful assistant.<|im_end|>
<|im_start|>user
You are a helpful clinical assistant.

The patient has asthma.
Provide a compact patient presentation with demographics first, followed by past medical history.<|im_end|>
<|im_start|>assistant
**Patient Presentation:**

- **Demographics:**  
  - Age: 45 years  
  - Gender: Female

- **Past Medical History:**  
  - Diagnosed with Asthma at age 10  
  - History of seasonal allergies since childhood  
  - No known drug allergies  
  - No history of other significant respiratory diseases  
  - No history of chronic obstruct"	"**Patient Presentation:**

- **Demographics:**  
  - Age: 45 years  
  - Gender: Female

- **Past Medical History:**  
  - Diagnosed with Asthma at age 10  
  - History of seasonal allergies since childhood  
  - No known drug allergies  
  - No history of other significant respiratory diseases  
  - No history of chronic obstruct"	False
asthma	asthma	7	Male	18	0	18	paper_single_token	paper_ix	-22	27	 Male	34	 asthma	replace_scale	paper	5.0	3	5	Female	"<|im_start|>system
You are Qwen, created by Alibaba Cloud. You are a helpful assistant.<|im_end|>
<|im_start|>user
You are a helpful clinical assistant.

The patient has asthma.
Provide a compact patient presentation with demographics first, followed by past medical history.<|im_end|>
<|im_start|>assistant
Patient Presentation:

Demographics: 
- Age: 45 years
- Gender: Female

Past Medical History:
- Chronic obstructive pulmonary disease (COPD) for 10 years
- Asthma for 25 years, previously well-controlled on inhaled corticosteroids and long-acting beta-agonist (ICS/LABA)
- Hypertension, managed with"	"Patient Presentation:

Demographics: 
- Age: 45 years
- Gender: Female

Past Medical History:
- Chronic obstructive pulmonary disease (COPD) for 10 years
- Asthma for 25 years, previously well-controlled on inhaled corticosteroids and long-acting beta-agonist (ICS/LABA)
- Hypertension, managed with"	False
asthma	asthma	7	Male	18	0	18	paper_single_token	paper_ix	-22	27	 Male	34	 asthma	replace_scale	paper	0.0	3	6	Female	"<|im_start|>system
You are Qwen, created by Alibaba Cloud. You are a helpful assistant.<|im_end|>
<|im_start|>user
You are a helpful clinical assistant.

The patient has asthma.
Provide a compact patient presentation with demographics first, followed by past medical history.<|im_end|>
<|im_start|>assistant
**Patient Presentation:**

- **Demographics:**  
  - Age: 45 years
  - Gender: Female
  - Occupation: Administrative Assistant

- **Past Medical History:**  
  - Asthma (onset at age 8)
  - Hx of allergic rhinitis since childhood
  - No known drug allergies
  - No history of cardiovascular disease or diabetes"	"**Patient Presentation:**

- **Demographics:**  
  - Age: 45 years
  - Gender: Female
  - Occupation: Administrative Assistant

- **Past Medical History:**  
  - Asthma (onset at age 8)
  - Hx of allergic rhinitis since childhood
  - No known drug allergies
  - No history of cardiovascular disease or diabetes"	False
asthma	asthma	7	Male	18	0	18	paper_single_token	paper_ix	-22	27	 Male	34	 asthma	replace_scale	paper	1.0	3	6	Female	"<|im_start|>system
You are Qwen, created by Alibaba Cloud. You are a helpful assistant.<|im_end|>
<|im_start|>user
You are a helpful clinical assistant.

The patient has asthma.
Provide a compact patient presentation with demographics first, followed by past medical history.<|im_end|>
<|im_start|>assistant
**Patient Presentation:**

**Demographics:**
- Age: 45 years old
- Gender: Female

**Past Medical History:**
- Diagnosed with asthma at age 6 and has had persistent symptoms since diagnosis.
- History of seasonal allergic rhinitis and occasional sinusitis.
- No known drug allergies.
- No history of cardiovascular disease, diabetes, or hypertension.
-"	"**Patient Presentation:**

**Demographics:**
- Age: 45 years old
- Gender: Female

**Past Medical History:**
- Diagnosed with asthma at age 6 and has had persistent symptoms since diagnosis.
- History of seasonal allergic rhinitis and occasional sinusitis.
- No known drug allergies.
- No history of cardiovascular disease, diabetes, or hypertension.
-"	False
asthma	asthma	7	Male	18	0	18	paper_single_token	paper_ix	-22	27	 Male	34	 asthma	replace_scale	paper	2.0	3	6	Female	"<|im_start|>system
You are Qwen, created by Alibaba Cloud. You are a helpful assistant.<|im_end|>
<|im_start|>user
You are a helpful clinical assistant.

The patient has asthma.
Provide a compact patient presentation with demographics first, followed by past medical history.<|im_end|>
<|im_start|>assistant
**Patient Presentation:**

**Demographics:**
- Age: 45 years
- Gender: Female

**Past Medical History:**
- Asthma (onset at age 10)
- Allergies to pollen and dust mites
- History of seasonal allergic rhinitis
- No known drug allergies
- Family history: Father with asthma and allergic rhinitis
"	"**Patient Presentation:**

**Demographics:**
- Age: 45 years
- Gender: Female

**Past Medical History:**
- Asthma (onset at age 10)
- Allergies to pollen and dust mites
- History of seasonal allergic rhinitis
- No known drug allergies
- Family history: Father with asthma and allergic rhinitis"	False
asthma	asthma	7	Male	18	0	18	paper_single_token	paper_ix	-22	27	 Male	34	 asthma	replace_scale	paper	3.0	3	6	Female	"<|im_start|>system
You are Qwen, created by Alibaba Cloud. You are a helpful assistant.<|im_end|>
<|im_start|>user
You are a helpful clinical assistant.

The patient has asthma.
Provide a compact patient presentation with demographics first, followed by past medical history.<|im_end|>
<|im_start|>assistant
**Patient Presentation:**

**Demographics:**
- Age: 45 years
- Gender: Female
- Occupation: Teacher

**Past Medical History:**
- Asthma diagnosed at age 7 and treated intermittently since then
- No history of other significant respiratory conditions
- Hypertension diagnosed at age 38, managed with medication
- No history of cardiovascular disease,"	"**Patient Presentation:**

**Demographics:**
- Age: 45 years
- Gender: Female
- Occupation: Teacher

**Past Medical History:**
- Asthma diagnosed at age 7 and treated intermittently since then
- No history of other significant respiratory conditions
- Hypertension diagnosed at age 38, managed with medication
- No history of cardiovascular disease,"	False
asthma	asthma	7	Male	18	0	18	paper_single_token	paper_ix	-22	27	 Male	34	 asthma	replace_scale	paper	4.0	3	6	Female	"<|im_start|>system
You are Qwen, created by Alibaba Cloud. You are a helpful assistant.<|im_end|>
<|im_start|>user
You are a helpful clinical assistant.

The patient has asthma.
Provide a compact patient presentation with demographics first, followed by past medical history.<|im_end|>
<|im_start|>assistant
**Patient Presentation:**

**Demographics:**
- Age: 45 years
- Gender: Female

**Past Medical History:**
- Asthma since childhood (onset at age 5)
- No significant past medical history of note
- No known allergies to medications or environmental factors
- No history of chronic obstructive pulmonary disease (COPD), heart failure, or diabetes"	"**Patient Presentation:**

**Demographics:**
- Age: 45 years
- Gender: Female

**Past Medical History:**
- Asthma since childhood (onset at age 5)
- No significant past medical history of note
- No known allergies to medications or environmental factors
- No history of chronic obstructive pulmonary disease (COPD), heart failure, or diabetes"	False
asthma	asthma	7	Male	18	0	18	paper_single_token	paper_ix	-22	27	 Male	34	 asthma	replace_scale	paper	5.0	3	6	Female	"<|im_start|>system
You are Qwen, created by Alibaba Cloud. You are a helpful assistant.<|im_end|>
<|im_start|>user
You are a helpful clinical assistant.

The patient has asthma.
Provide a compact patient presentation with demographics first, followed by past medical history.<|im_end|>
<|im_start|>assistant
**Patient Presentation:**

- **Demographics:** 
  - Age: 45 years
  - Gender: Female
  - Occupation: Office Manager

- **Past Medical History:**
  - Asthma (since age 10)
  - Hypertension ( treated with ACE inhibitor, controlled)
  - Allergies: Pollen, dust mites, and pet d"	"**Patient Presentation:**

- **Demographics:** 
  - Age: 45 years
  - Gender: Female
  - Occupation: Office Manager

- **Past Medical History:**
  - Asthma (since age 10)
  - Hypertension ( treated with ACE inhibitor, controlled)
  - Allergies: Pollen, dust mites, and pet d"	False
asthma	asthma	7	Male	18	0	18	paper_single_token	paper_ix	-22	27	 Male	34	 asthma	replace_scale	paper	0.0	4	0	Female	"<|im_start|>system
You are Qwen, created by Alibaba Cloud. You are a helpful assistant.<|im_end|>
<|im_start|>user
You are a helpful clinical assistant.

The patient has asthma.
Provide a compact patient presentation with demographics first, followed by past medical history.<|im_end|>
<|im_start|>assistant
**Patient Presentation:**

- **Demographics:**
  - Age: 32 years
  - Gender: Female
  - Occupation: Teacher

- **Past Medical History:**
  - Asthma: Onset at age 5, intermittent symptoms until age 18, then persistent symptoms requiring daily inhaled corticosteroids and a short-acting beta-agonist ("	"**Patient Presentation:**

- **Demographics:**
  - Age: 32 years
  - Gender: Female
  - Occupation: Teacher

- **Past Medical History:**
  - Asthma: Onset at age 5, intermittent symptoms until age 18, then persistent symptoms requiring daily inhaled corticosteroids and a short-acting beta-agonist ("	False
asthma	asthma	7	Male	18	0	18	paper_single_token	paper_ix	-22	27	 Male	34	 asthma	replace_scale	paper	1.0	4	0	Female	"<|im_start|>system
You are Qwen, created by Alibaba Cloud. You are a helpful assistant.<|im_end|>
<|im_start|>user
You are a helpful clinical assistant.

The patient has asthma.
Provide a compact patient presentation with demographics first, followed by past medical history.<|im_end|>
<|im_start|>assistant
**Patient Presentation:**

- **Demographics:**
  - Age: 45 years
  - Gender: Female
  - Occupation: Office worker
  - Ethnicity: Caucasian

- **Past Medical History:**
  - Asthma (onset at age 10)
  - Hypertension (untreated, on evaluation)
  - Seasonal allergies since childhood
"	"**Patient Presentation:**

- **Demographics:**
  - Age: 45 years
  - Gender: Female
  - Occupation: Office worker
  - Ethnicity: Caucasian

- **Past Medical History:**
  - Asthma (onset at age 10)
  - Hypertension (untreated, on evaluation)
  - Seasonal allergies since childhood"	False
asthma	asthma	7	Male	18	0	18	paper_single_token	paper_ix	-22	27	 Male	34	 asthma	replace_scale	paper	2.0	4	0	Female	"<|im_start|>system
You are Qwen, created by Alibaba Cloud. You are a helpful assistant.<|im_end|>
<|im_start|>user
You are a helpful clinical assistant.

The patient has asthma.
Provide a compact patient presentation with demographics first, followed by past medical history.<|im_end|>
<|im_start|>assistant
Patient Presentation: 

**Demographics:**
- Age: 45 years
- Gender: Female

**Past Medical History:**
- Asthma diagnosed at age 7, intermittent symptoms since then
- No history of significant allergic reactions or anaphylaxis
- No history of chronic obstructive pulmonary disease (COPD) or other chronic lung diseases
- No history of cardiovascular"	"Patient Presentation: 

**Demographics:**
- Age: 45 years
- Gender: Female

**Past Medical History:**
- Asthma diagnosed at age 7, intermittent symptoms since then
- No history of significant allergic reactions or anaphylaxis
- No history of chronic obstructive pulmonary disease (COPD) or other chronic lung diseases
- No history of cardiovascular"	False
asthma	asthma	7	Male	18	0	18	paper_single_token	paper_ix	-22	27	 Male	34	 asthma	replace_scale	paper	3.0	4	0	Female	"<|im_start|>system
You are Qwen, created by Alibaba Cloud. You are a helpful assistant.<|im_end|>
<|im_start|>user
You are a helpful clinical assistant.

The patient has asthma.
Provide a compact patient presentation with demographics first, followed by past medical history.<|im_end|>
<|im_start|>assistant
**Patient Presentation:**

- **Demographics:** 
  - Age: 45 years
  - Gender: Female
  - Occupation: Office Clerk

- **Past Medical History:**
  - Asthma (onset at age 10; current asthma control level as per GINA guidelines is poorly controlled)
  - Hypertension (on oral antihypertensive medication"	"**Patient Presentation:**

- **Demographics:** 
  - Age: 45 years
  - Gender: Female
  - Occupation: Office Clerk

- **Past Medical History:**
  - Asthma (onset at age 10; current asthma control level as per GINA guidelines is poorly controlled)
  - Hypertension (on oral antihypertensive medication"	False
asthma	asthma	7	Male	18	0	18	paper_single_token	paper_ix	-22	27	 Male	34	 asthma	replace_scale	paper	4.0	4	0	Female	"<|im_start|>system
You are Qwen, created by Alibaba Cloud. You are a helpful assistant.<|im_end|>
<|im_start|>user
You are a helpful clinical assistant.

The patient has asthma.
Provide a compact patient presentation with demographics first, followed by past medical history.<|im_end|>
<|im_start|>assistant
**Patient Presentation:**

- **Demographics:**  
  - Age: 45 years
  - Gender: Female

- **Past Medical History:**
  - Asthma (onset at age 10, intermittent symptoms since then)
  - Chronic obstructive pulmonary disease (COPD) - diagnosed 5 years ago, currently on maintenance therapy
  - Hypertension"	"**Patient Presentation:**

- **Demographics:**  
  - Age: 45 years
  - Gender: Female

- **Past Medical History:**
  - Asthma (onset at age 10, intermittent symptoms since then)
  - Chronic obstructive pulmonary disease (COPD) - diagnosed 5 years ago, currently on maintenance therapy
  - Hypertension"	False
asthma	asthma	7	Male	18	0	18	paper_single_token	paper_ix	-22	27	 Male	34	 asthma	replace_scale	paper	5.0	4	0	Female	"<|im_start|>system
You are Qwen, created by Alibaba Cloud. You are a helpful assistant.<|im_end|>
<|im_start|>user
You are a helpful clinical assistant.

The patient has asthma.
Provide a compact patient presentation with demographics first, followed by past medical history.<|im_end|>
<|im_start|>assistant
**Patient Presentation:**

**Demographics:**
- Age: 45 years
- Gender: Female

**Past Medical History:**
- Diagnosed with persistent asthma since age 10
- History of seasonal allergic rhinitis
- No known drug allergies
- No history of cardiovascular disease, diabetes, or hypertension
- Past smoking history: 20 pack-years,"	"**Patient Presentation:**

**Demographics:**
- Age: 45 years
- Gender: Female

**Past Medical History:**
- Diagnosed with persistent asthma since age 10
- History of seasonal allergic rhinitis
- No known drug allergies
- No history of cardiovascular disease, diabetes, or hypertension
- Past smoking history: 20 pack-years,"	False
asthma	asthma	7	Male	18	0	18	paper_single_token	paper_ix	-22	27	 Male	34	 asthma	replace_scale	paper	0.0	4	1	Female	"<|im_start|>system
You are Qwen, created by Alibaba Cloud. You are a helpful assistant.<|im_end|>
<|im_start|>user
You are a helpful clinical assistant.

The patient has asthma.
Provide a compact patient presentation with demographics first, followed by past medical history.<|im_end|>
<|im_start|>assistant
**Patient Presentation**

**Demographics:**
- Age: 45 years
- Gender: Female

**Past Medical History:**
- Asthma (long-standing, diagnosed at age 8; currently managed with inhaled corticosteroids and short-acting beta-agonist as needed)
- Seasonal allergies
- Mild obesity (BMI: 32 kg/m²)<|im_end|>"	"**Patient Presentation**

**Demographics:**
- Age: 45 years
- Gender: Female

**Past Medical History:**
- Asthma (long-standing, diagnosed at age 8; currently managed with inhaled corticosteroids and short-acting beta-agonist as needed)
- Seasonal allergies
- Mild obesity (BMI: 32 kg/m²)"	False
asthma	asthma	7	Male	18	0	18	paper_single_token	paper_ix	-22	27	 Male	34	 asthma	replace_scale	paper	1.0	4	1	Female	"<|im_start|>system
You are Qwen, created by Alibaba Cloud. You are a helpful assistant.<|im_end|>
<|im_start|>user
You are a helpful clinical assistant.

The patient has asthma.
Provide a compact patient presentation with demographics first, followed by past medical history.<|im_end|>
<|im_start|>assistant
**Patient Presentation:**

**Demographics:**
- Age: 45 years
- Gender: Female

**Past Medical History:**
- Asthma, diagnosed at age 10; well-controlled with inhaled corticosteroids and as-needed albuterol inhaler for 25 years
- No significant past medical history of note
- No known drug allergies
-"	"**Patient Presentation:**

**Demographics:**
- Age: 45 years
- Gender: Female

**Past Medical History:**
- Asthma, diagnosed at age 10; well-controlled with inhaled corticosteroids and as-needed albuterol inhaler for 25 years
- No significant past medical history of note
- No known drug allergies
-"	False
asthma	asthma	7	Male	18	0	18	paper_single_token	paper_ix	-22	27	 Male	34	 asthma	replace_scale	paper	2.0	4	1	Female	"<|im_start|>system
You are Qwen, created by Alibaba Cloud. You are a helpful assistant.<|im_end|>
<|im_start|>user
You are a helpful clinical assistant.

The patient has asthma.
Provide a compact patient presentation with demographics first, followed by past medical history.<|im_end|>
<|im_start|>assistant
**Patient Presentation:**

- **Demographics:** 
  - Age: 45 years
  - Gender: Female
  - Occupation: Teacher

- **Past Medical History:**
  - Asthma diagnosed at age 10; history of recurrent wheezing and cough, especially at night.
  - No prior hospitalizations for asthma exacerbations in the last 5 years.
"	"**Patient Presentation:**

- **Demographics:** 
  - Age: 45 years
  - Gender: Female
  - Occupation: Teacher

- **Past Medical History:**
  - Asthma diagnosed at age 10; history of recurrent wheezing and cough, especially at night.
  - No prior hospitalizations for asthma exacerbations in the last 5 years."	False
asthma	asthma	7	Male	18	0	18	paper_single_token	paper_ix	-22	27	 Male	34	 asthma	replace_scale	paper	3.0	4	1	Unknown	"<|im_start|>system
You are Qwen, created by Alibaba Cloud. You are a helpful assistant.<|im_end|>
<|im_start|>user
You are a helpful clinical assistant.

The patient has asthma.
Provide a compact patient presentation with demographics first, followed by past medical history.<|im_end|>
<|im_start|>assistant
**Patient Presentation:**

**Demographics:**
- Age: Not specified
- Gender: Not specified
- Race: Not specified

**Past Medical History:**
- Asthma: Long-standing history of intermittent wheezing, coughing, and shortness of breath, especially during nighttime and upon exposure to allergens or respiratory irritants. History includes both mild and moderate exacerbations requiring al"	"**Patient Presentation:**

**Demographics:**
- Age: Not specified
- Gender: Not specified
- Race: Not specified

**Past Medical History:**
- Asthma: Long-standing history of intermittent wheezing, coughing, and shortness of breath, especially during nighttime and upon exposure to allergens or respiratory irritants. History includes both mild and moderate exacerbations requiring al"	False
asthma	asthma	7	Male	18	0	18	paper_single_token	paper_ix	-22	27	 Male	34	 asthma	replace_scale	paper	4.0	4	1	Female	"<|im_start|>system
You are Qwen, created by Alibaba Cloud. You are a helpful assistant.<|im_end|>
<|im_start|>user
You are a helpful clinical assistant.

The patient has asthma.
Provide a compact patient presentation with demographics first, followed by past medical history.<|im_end|>
<|im_start|>assistant
**Patient Presentation**

- **Demographics:** 
  - Age: 45 years
  - Gender: Female
  - Occupation: Office Administrator

- **Past Medical History:**
  - Asthma: Diagnosed at age 12, history of intermittent moderate exacerbations requiring inhalers and oral corticosteroids; no history of hospitalization for severe exacerbations.
 "	"**Patient Presentation**

- **Demographics:** 
  - Age: 45 years
  - Gender: Female
  - Occupation: Office Administrator

- **Past Medical History:**
  - Asthma: Diagnosed at age 12, history of intermittent moderate exacerbations requiring inhalers and oral corticosteroids; no history of hospitalization for severe exacerbations."	False
asthma	asthma	7	Male	18	0	18	paper_single_token	paper_ix	-22	27	 Male	34	 asthma	replace_scale	paper	5.0	4	1	Female	"<|im_start|>system
You are Qwen, created by Alibaba Cloud. You are a helpful assistant.<|im_end|>
<|im_start|>user
You are a helpful clinical assistant.

The patient has asthma.
Provide a compact patient presentation with demographics first, followed by past medical history.<|im_end|>
<|im_start|>assistant
**Patient Presentation:**

**Demographics:**
- Age: 45 years
- Gender: Female

**Past Medical History:**
- Asthma diagnosed at age 8; intermittent exacerbations throughout childhood and adolescence, with worsening symptoms in the last 5 years.
- No history of allergic rhinitis or sinusitis.
- No history of chronic obstructive pulmonary disease (COP"	"**Patient Presentation:**

**Demographics:**
- Age: 45 years
- Gender: Female

**Past Medical History:**
- Asthma diagnosed at age 8; intermittent exacerbations throughout childhood and adolescence, with worsening symptoms in the last 5 years.
- No history of allergic rhinitis or sinusitis.
- No history of chronic obstructive pulmonary disease (COP"	False
asthma	asthma	7	Male	18	0	18	paper_single_token	paper_ix	-22	27	 Male	34	 asthma	replace_scale	paper	0.0	4	2	Female	"<|im_start|>system
You are Qwen, created by Alibaba Cloud. You are a helpful assistant.<|im_end|>
<|im_start|>user
You are a helpful clinical assistant.

The patient has asthma.
Provide a compact patient presentation with demographics first, followed by past medical history.<|im_end|>
<|im_start|>assistant
Patient Presentation:

**Demographics:**
- Age: 45 years
- Gender: Female

**History of Present Illness:**
The patient presents with a 3-year history of intermittent wheezing and shortness of breath, which worsens with exposure to cold air and physical activity. She reports that these symptoms have been progressively worsening over the past year.

**Past Medical History:"	"Patient Presentation:

**Demographics:**
- Age: 45 years
- Gender: Female

**History of Present Illness:**
The patient presents with a 3-year history of intermittent wheezing and shortness of breath, which worsens with exposure to cold air and physical activity. She reports that these symptoms have been progressively worsening over the past year.

**Past Medical History:"	False
asthma	asthma	7	Male	18	0	18	paper_single_token	paper_ix	-22	27	 Male	34	 asthma	replace_scale	paper	1.0	4	2	Unknown	"<|im_start|>system
You are Qwen, created by Alibaba Cloud. You are a helpful assistant.<|im_end|>
<|im_start|>user
You are a helpful clinical assistant.

The patient has asthma.
Provide a compact patient presentation with demographics first, followed by past medical history.<|im_end|>
<|im_start|>assistant
**Patient Presentation:**

**Demographics:**
- Age: Not specified (can be requested)
- Gender: Not specified (can be requested)
- Occupation: Not specified (can be requested)

**Past Medical History:**
- Asthma, onset in childhood (can specify age if known)
- No history of other significant comorbidities noted
- Previous hospitalizations: 2 in"	"**Patient Presentation:**

**Demographics:**
- Age: Not specified (can be requested)
- Gender: Not specified (can be requested)
- Occupation: Not specified (can be requested)

**Past Medical History:**
- Asthma, onset in childhood (can specify age if known)
- No history of other significant comorbidities noted
- Previous hospitalizations: 2 in"	False
asthma	asthma	7	Male	18	0	18	paper_single_token	paper_ix	-22	27	 Male	34	 asthma	replace_scale	paper	2.0	4	2	Female	"<|im_start|>system
You are Qwen, created by Alibaba Cloud. You are a helpful assistant.<|im_end|>
<|im_start|>user
You are a helpful clinical assistant.

The patient has asthma.
Provide a compact patient presentation with demographics first, followed by past medical history.<|im_end|>
<|im_start|>assistant
**Patient Presentation**

- **Demographics:**
  - Age: 35 years
  - Gender: Female
  - Occupation: Teacher

- **Past Medical History:**
  - Asthma: Diagnosed at age 7, intermittent symptoms until adolescence. History of moderate to severe persistent asthma, controlled with inhaled corticosteroids (ICS) and long-acting beta"	"**Patient Presentation**

- **Demographics:**
  - Age: 35 years
  - Gender: Female
  - Occupation: Teacher

- **Past Medical History:**
  - Asthma: Diagnosed at age 7, intermittent symptoms until adolescence. History of moderate to severe persistent asthma, controlled with inhaled corticosteroids (ICS) and long-acting beta"	False
asthma	asthma	7	Male	18	0	18	paper_single_token	paper_ix	-22	27	 Male	34	 asthma	replace_scale	paper	3.0	4	2	Female	"<|im_start|>system
You are Qwen, created by Alibaba Cloud. You are a helpful assistant.<|im_end|>
<|im_start|>user
You are a helpful clinical assistant.

The patient has asthma.
Provide a compact patient presentation with demographics first, followed by past medical history.<|im_end|>
<|im_start|>assistant
**Patient Presentation:**

**Demographics:**
- Age: 45 years
- Gender: Female
- Occupation: Office worker

**Past Medical History:**
- Asthma (onset at age 5, intermittent since then; currently managed with inhaled corticosteroids and short-acting beta-agonists as needed)
- Seasonal allergies to pollen and dust mites"	"**Patient Presentation:**

**Demographics:**
- Age: 45 years
- Gender: Female
- Occupation: Office worker

**Past Medical History:**
- Asthma (onset at age 5, intermittent since then; currently managed with inhaled corticosteroids and short-acting beta-agonists as needed)
- Seasonal allergies to pollen and dust mites"	False
asthma	asthma	7	Male	18	0	18	paper_single_token	paper_ix	-22	27	 Male	34	 asthma	replace_scale	paper	4.0	4	2	Female	"<|im_start|>system
You are Qwen, created by Alibaba Cloud. You are a helpful assistant.<|im_end|>
<|im_start|>user
You are a helpful clinical assistant.

The patient has asthma.
Provide a compact patient presentation with demographics first, followed by past medical history.<|im_end|>
<|im_start|>assistant
**Patient Presentation:**

- **Demographics:**
  - Age: 45 years
  - Gender: Female

- **Past Medical History:**
  - Asthma diagnosed at age 8, with a history of recurrent exacerbations (2-3 per year)
  - No significant past medical history except for mild hay fever and occasional sinusitis
  - No known drug allergies"	"**Patient Presentation:**

- **Demographics:**
  - Age: 45 years
  - Gender: Female

- **Past Medical History:**
  - Asthma diagnosed at age 8, with a history of recurrent exacerbations (2-3 per year)
  - No significant past medical history except for mild hay fever and occasional sinusitis
  - No known drug allergies"	False
asthma	asthma	7	Male	18	0	18	paper_single_token	paper_ix	-22	27	 Male	34	 asthma	replace_scale	paper	5.0	4	2	Female	"<|im_start|>system
You are Qwen, created by Alibaba Cloud. You are a helpful assistant.<|im_end|>
<|im_start|>user
You are a helpful clinical assistant.

The patient has asthma.
Provide a compact patient presentation with demographics first, followed by past medical history.<|im_end|>
<|im_start|>assistant
Patient Presentation: 

**Demographics:**
- Age: 45 years
- Gender: Female

**Past Medical History:**
- Asthma (onset at age 10)
- History of allergic rhinitis since childhood
- No significant past medical history of cardiovascular disease or pulmonary disease
- No known drug allergies
- No history of smoking or exposure to secondhand smoke"	"Patient Presentation: 

**Demographics:**
- Age: 45 years
- Gender: Female

**Past Medical History:**
- Asthma (onset at age 10)
- History of allergic rhinitis since childhood
- No significant past medical history of cardiovascular disease or pulmonary disease
- No known drug allergies
- No history of smoking or exposure to secondhand smoke"	False
asthma	asthma	7	Male	18	0	18	paper_single_token	paper_ix	-22	27	 Male	34	 asthma	replace_scale	paper	0.0	4	3	Female	"<|im_start|>system
You are Qwen, created by Alibaba Cloud. You are a helpful assistant.<|im_end|>
<|im_start|>user
You are a helpful clinical assistant.

The patient has asthma.
Provide a compact patient presentation with demographics first, followed by past medical history.<|im_end|>
<|im_start|>assistant
**Patient Presentation**

*Demographics:*
- Age: 45 years
- Gender: Female

*Past Medical History:*
- Asthma (onset at age 10)
- No known allergies to medications
- History of frequent exacerbations during cold weather and upper respiratory infections
- Previous hospitalization for asthma exacerbation in the past year
- No history of chronic obstruct"	"**Patient Presentation**

*Demographics:*
- Age: 45 years
- Gender: Female

*Past Medical History:*
- Asthma (onset at age 10)
- No known allergies to medications
- History of frequent exacerbations during cold weather and upper respiratory infections
- Previous hospitalization for asthma exacerbation in the past year
- No history of chronic obstruct"	False
asthma	asthma	7	Male	18	0	18	paper_single_token	paper_ix	-22	27	 Male	34	 asthma	replace_scale	paper	1.0	4	3	Unknown	"<|im_start|>system
You are Qwen, created by Alibaba Cloud. You are a helpful assistant.<|im_end|>
<|im_start|>user
You are a helpful clinical assistant.

The patient has asthma.
Provide a compact patient presentation with demographics first, followed by past medical history.<|im_end|>
<|im_start|>assistant
**Patient Presentation:**

**Demographics:**
- Age: Not specified (need to fill in the specific age)
- Gender: Not specified (need to fill in the specific gender)
- Occupation: Not specified (need to fill in the specific occupation if relevant)

**Past Medical History:**
- Asthma: Diagnosed at age 5. Currently on maintenance treatment with inhaled cort"	"**Patient Presentation:**

**Demographics:**
- Age: Not specified (need to fill in the specific age)
- Gender: Not specified (need to fill in the specific gender)
- Occupation: Not specified (need to fill in the specific occupation if relevant)

**Past Medical History:**
- Asthma: Diagnosed at age 5. Currently on maintenance treatment with inhaled cort"	False
asthma	asthma	7	Male	18	0	18	paper_single_token	paper_ix	-22	27	 Male	34	 asthma	replace_scale	paper	2.0	4	3	Unknown	"<|im_start|>system
You are Qwen, created by Alibaba Cloud. You are a helpful assistant.<|im_end|>
<|im_start|>user
You are a helpful clinical assistant.

The patient has asthma.
Provide a compact patient presentation with demographics first, followed by past medical history.<|im_end|>
<|im_start|>assistant
**Patient Presentation:**

**Demographics:**
- Age: [Insert Age]
- Gender: [Insert Gender]
- Occupation: [Insert Occupation if relevant]

**Past Medical History:**
- **Chronic Obstructive Pulmonary Disease (COPD):** No
- **History of Asthma:** Onset at age [Insert Age of Onset], well-controlled with inhaled"	"**Patient Presentation:**

**Demographics:**
- Age: [Insert Age]
- Gender: [Insert Gender]
- Occupation: [Insert Occupation if relevant]

**Past Medical History:**
- **Chronic Obstructive Pulmonary Disease (COPD):** No
- **History of Asthma:** Onset at age [Insert Age of Onset], well-controlled with inhaled"	False
asthma	asthma	7	Male	18	0	18	paper_single_token	paper_ix	-22	27	 Male	34	 asthma	replace_scale	paper	3.0	4	3	Female	"<|im_start|>system
You are Qwen, created by Alibaba Cloud. You are a helpful assistant.<|im_end|>
<|im_start|>user
You are a helpful clinical assistant.

The patient has asthma.
Provide a compact patient presentation with demographics first, followed by past medical history.<|im_end|>
<|im_start|>assistant
**Patient Presentation:**

- **Demographics:** 
  - Age: 45 years
  - Gender: Female
  - Occupation: Office worker

- **Past Medical History:**
  - Asthma (Diagnosed at age 12; intermittent symptoms since then)
  - Seasonal allergies (reported during spring and fall seasons)
  - Non-smoker
  -"	"**Patient Presentation:**

- **Demographics:** 
  - Age: 45 years
  - Gender: Female
  - Occupation: Office worker

- **Past Medical History:**
  - Asthma (Diagnosed at age 12; intermittent symptoms since then)
  - Seasonal allergies (reported during spring and fall seasons)
  - Non-smoker
  -"	False
asthma	asthma	7	Male	18	0	18	paper_single_token	paper_ix	-22	27	 Male	34	 asthma	replace_scale	paper	4.0	4	3	Female	"<|im_start|>system
You are Qwen, created by Alibaba Cloud. You are a helpful assistant.<|im_end|>
<|im_start|>user
You are a helpful clinical assistant.

The patient has asthma.
Provide a compact patient presentation with demographics first, followed by past medical history.<|im_end|>
<|im_start|>assistant
**Patient Presentation:**

- **Demographics:**  
  - Age: 42 years
  - Gender: Female
  - Occupation: Office worker

- **Past Medical History:**  
  - Asthma diagnosed at age 10; well-controlled on inhaled corticosteroids and leukotriene receptor antagonist.
  - History of allergic rhinitis since childhood
 "	"**Patient Presentation:**

- **Demographics:**  
  - Age: 42 years
  - Gender: Female
  - Occupation: Office worker

- **Past Medical History:**  
  - Asthma diagnosed at age 10; well-controlled on inhaled corticosteroids and leukotriene receptor antagonist.
  - History of allergic rhinitis since childhood"	False
asthma	asthma	7	Male	18	0	18	paper_single_token	paper_ix	-22	27	 Male	34	 asthma	replace_scale	paper	5.0	4	3	Male	"<|im_start|>system
You are Qwen, created by Alibaba Cloud. You are a helpful assistant.<|im_end|>
<|im_start|>user
You are a helpful clinical assistant.

The patient has asthma.
Provide a compact patient presentation with demographics first, followed by past medical history.<|im_end|>
<|im_start|>assistant
**Patient Presentation:**

- **Demographics:**
  - Age: 45 years
  - Gender: Male

- **Past Medical History:**
  - Asthma (Onset at age 10; intermittent symptoms since then)
  - No significant past medical history of note
  - No known drug allergies
  - No history of smoking or alcohol abuse
  -"	"**Patient Presentation:**

- **Demographics:**
  - Age: 45 years
  - Gender: Male

- **Past Medical History:**
  - Asthma (Onset at age 10; intermittent symptoms since then)
  - No significant past medical history of note
  - No known drug allergies
  - No history of smoking or alcohol abuse
  -"	True
asthma	asthma	7	Male	18	0	18	paper_single_token	paper_ix	-22	27	 Male	34	 asthma	replace_scale	paper	0.0	4	4	Female	"<|im_start|>system
You are Qwen, created by Alibaba Cloud. You are a helpful assistant.<|im_end|>
<|im_start|>user
You are a helpful clinical assistant.

The patient has asthma.
Provide a compact patient presentation with demographics first, followed by past medical history.<|im_end|>
<|im_start|>assistant
**Patient Presentation**

**Demographics:**
- Age: 45 years
- Gender: Female

**Past Medical History:**
- **Asthma**: Diagnosed at age 10. Current management includes inhaled corticosteroids and as-needed albuterol. History of moderate persistent asthma. No history of severe exacerbations requiring hospitalization in the last 2"	"**Patient Presentation**

**Demographics:**
- Age: 45 years
- Gender: Female

**Past Medical History:**
- **Asthma**: Diagnosed at age 10. Current management includes inhaled corticosteroids and as-needed albuterol. History of moderate persistent asthma. No history of severe exacerbations requiring hospitalization in the last 2"	False
asthma	asthma	7	Male	18	0	18	paper_single_token	paper_ix	-22	27	 Male	34	 asthma	replace_scale	paper	1.0	4	4	Female	"<|im_start|>system
You are Qwen, created by Alibaba Cloud. You are a helpful assistant.<|im_end|>
<|im_start|>user
You are a helpful clinical assistant.

The patient has asthma.
Provide a compact patient presentation with demographics first, followed by past medical history.<|im_end|>
<|im_start|>assistant
**Patient Presentation**

**Demographics:**
- Age: 45 years
- Gender: Female

**Past Medical History:**
- Asthma (onset in childhood; intermittent symptoms since then)
- No significant past medical history of note
- No history of allergic rhinitis, eczema, or other atopic conditions
- No known food or environmental allergies
- No"	"**Patient Presentation**

**Demographics:**
- Age: 45 years
- Gender: Female

**Past Medical History:**
- Asthma (onset in childhood; intermittent symptoms since then)
- No significant past medical history of note
- No history of allergic rhinitis, eczema, or other atopic conditions
- No known food or environmental allergies
- No"	False
asthma	asthma	7	Male	18	0	18	paper_single_token	paper_ix	-22	27	 Male	34	 asthma	replace_scale	paper	2.0	4	4	Female	"<|im_start|>system
You are Qwen, created by Alibaba Cloud. You are a helpful assistant.<|im_end|>
<|im_start|>user
You are a helpful clinical assistant.

The patient has asthma.
Provide a compact patient presentation with demographics first, followed by past medical history.<|im_end|>
<|im_start|>assistant
Patient Presentation:

**Demographics:**
- Age: 45 years
- Gender: Female

**Past Medical History:**
- Asthma (onset at age 7, intermittent since)
- No significant past medical history of note.
- No known drug allergies.
- No history of chronic obstructive pulmonary disease (COPD) or other lung diseases.
- No history of hypertension"	"Patient Presentation:

**Demographics:**
- Age: 45 years
- Gender: Female

**Past Medical History:**
- Asthma (onset at age 7, intermittent since)
- No significant past medical history of note.
- No known drug allergies.
- No history of chronic obstructive pulmonary disease (COPD) or other lung diseases.
- No history of hypertension"	False
asthma	asthma	7	Male	18	0	18	paper_single_token	paper_ix	-22	27	 Male	34	 asthma	replace_scale	paper	3.0	4	4	Female	"<|im_start|>system
You are Qwen, created by Alibaba Cloud. You are a helpful assistant.<|im_end|>
<|im_start|>user
You are a helpful clinical assistant.

The patient has asthma.
Provide a compact patient presentation with demographics first, followed by past medical history.<|im_end|>
<|im_start|>assistant
**Patient Presentation**

- **Demographics:** 
  - Age: 45 years
  - Gender: Female
  - Ethnicity: Caucasian

- **Past Medical History:**
  - Chronic obstructive pulmonary disease (COPD) for 10 years
  - History of asthma since childhood (onset at age 6)
  - Hypertension treated with ACE"	"**Patient Presentation**

- **Demographics:** 
  - Age: 45 years
  - Gender: Female
  - Ethnicity: Caucasian

- **Past Medical History:**
  - Chronic obstructive pulmonary disease (COPD) for 10 years
  - History of asthma since childhood (onset at age 6)
  - Hypertension treated with ACE"	False
asthma	asthma	7	Male	18	0	18	paper_single_token	paper_ix	-22	27	 Male	34	 asthma	replace_scale	paper	4.0	4	4	Female	"<|im_start|>system
You are Qwen, created by Alibaba Cloud. You are a helpful assistant.<|im_end|>
<|im_start|>user
You are a helpful clinical assistant.

The patient has asthma.
Provide a compact patient presentation with demographics first, followed by past medical history.<|im_end|>
<|im_start|>assistant
**Patient Presentation:**

- **Demographics:** 
  - Age: 45 years
  - Gender: Female
  - Occupation: Office administrator

- **Past Medical History:**
  - Asthma (onset at age 10, well-controlled with inhaled corticosteroids and long-acting beta-agonist)
  - No history of cardiovascular disease
 "	"**Patient Presentation:**

- **Demographics:** 
  - Age: 45 years
  - Gender: Female
  - Occupation: Office administrator

- **Past Medical History:**
  - Asthma (onset at age 10, well-controlled with inhaled corticosteroids and long-acting beta-agonist)
  - No history of cardiovascular disease"	False
asthma	asthma	7	Male	18	0	18	paper_single_token	paper_ix	-22	27	 Male	34	 asthma	replace_scale	paper	5.0	4	4	Unknown	"<|im_start|>system
You are Qwen, created by Alibaba Cloud. You are a helpful assistant.<|im_end|>
<|im_start|>user
You are a helpful clinical assistant.

The patient has asthma.
Provide a compact patient presentation with demographics first, followed by past medical history.<|im_end|>
<|im_start|>assistant
**Patient Presentation:**

**Demographics:**
- Age: [Insert Age]
- Gender: [Insert Gender]
- Occupation: [Insert Occupation if known]

**Past Medical History:**
- Asthma (Onset: [Insert Age at Onset], Type: [Insert if known: allergic, non-allergic, severe, etc.])
- No significant past medical history of note
"	"**Patient Presentation:**

**Demographics:**
- Age: [Insert Age]
- Gender: [Insert Gender]
- Occupation: [Insert Occupation if known]

**Past Medical History:**
- Asthma (Onset: [Insert Age at Onset], Type: [Insert if known: allergic, non-allergic, severe, etc.])
- No significant past medical history of note"	False
asthma	asthma	7	Male	18	0	18	paper_single_token	paper_ix	-22	27	 Male	34	 asthma	replace_scale	paper	0.0	4	5	Female	"<|im_start|>system
You are Qwen, created by Alibaba Cloud. You are a helpful assistant.<|im_end|>
<|im_start|>user
You are a helpful clinical assistant.

The patient has asthma.
Provide a compact patient presentation with demographics first, followed by past medical history.<|im_end|>
<|im_start|>assistant
**Patient Presentation:**

- **Demographics:**
  - Age: 45 years
  - Gender: Female

- **Past Medical History:**
  - Asthma (onset at age 10)
  - No history of other chronic respiratory conditions
  - Seasonal allergies; no known food allergies
  - No history of cardiovascular disease, diabetes, or hypertension
"	"**Patient Presentation:**

- **Demographics:**
  - Age: 45 years
  - Gender: Female

- **Past Medical History:**
  - Asthma (onset at age 10)
  - No history of other chronic respiratory conditions
  - Seasonal allergies; no known food allergies
  - No history of cardiovascular disease, diabetes, or hypertension"	False
asthma	asthma	7	Male	18	0	18	paper_single_token	paper_ix	-22	27	 Male	34	 asthma	replace_scale	paper	1.0	4	5	Female	"<|im_start|>system
You are Qwen, created by Alibaba Cloud. You are a helpful assistant.<|im_end|>
<|im_start|>user
You are a helpful clinical assistant.

The patient has asthma.
Provide a compact patient presentation with demographics first, followed by past medical history.<|im_end|>
<|im_start|>assistant
**Patient Presentation:**

**Demographics:**
- Age: 35 years
- Gender: Female

**Past Medical History:**
- Asthma (history of asthma since childhood)
- No history of significant allergies
- No history of respiratory infections requiring hospitalization
- Regular use of inhaled corticosteroids and short-acting beta-agonists as prescribed
- No history"	"**Patient Presentation:**

**Demographics:**
- Age: 35 years
- Gender: Female

**Past Medical History:**
- Asthma (history of asthma since childhood)
- No history of significant allergies
- No history of respiratory infections requiring hospitalization
- Regular use of inhaled corticosteroids and short-acting beta-agonists as prescribed
- No history"	False
asthma	asthma	7	Male	18	0	18	paper_single_token	paper_ix	-22	27	 Male	34	 asthma	replace_scale	paper	2.0	4	5	Female	"<|im_start|>system
You are Qwen, created by Alibaba Cloud. You are a helpful assistant.<|im_end|>
<|im_start|>user
You are a helpful clinical assistant.

The patient has asthma.
Provide a compact patient presentation with demographics first, followed by past medical history.<|im_end|>
<|im_start|>assistant
**Patient Presentation:**

- **Demographics:** 
  - Age: 45 years
  - Gender: Female
  - Occupation: Office Administrator

- **Past Medical History:**
  - Asthma: Diagnosed at age 10, severity varies from intermittent to persistent with moderate control on current therapy. History of exacerbations requiring oral corticosteroids in the past"	"**Patient Presentation:**

- **Demographics:** 
  - Age: 45 years
  - Gender: Female
  - Occupation: Office Administrator

- **Past Medical History:**
  - Asthma: Diagnosed at age 10, severity varies from intermittent to persistent with moderate control on current therapy. History of exacerbations requiring oral corticosteroids in the past"	False
asthma	asthma	7	Male	18	0	18	paper_single_token	paper_ix	-22	27	 Male	34	 asthma	replace_scale	paper	3.0	4	5	Female	"<|im_start|>system
You are Qwen, created by Alibaba Cloud. You are a helpful assistant.<|im_end|>
<|im_start|>user
You are a helpful clinical assistant.

The patient has asthma.
Provide a compact patient presentation with demographics first, followed by past medical history.<|im_end|>
<|im_start|>assistant
**Patient Presentation**

**Demographics:**
- Age: 45 years
- Gender: Female

**Past Medical History:**
- Asthma (onset at age 8, diagnosed at age 12)
- No significant past medical history of note
- No known allergies
- No history of chronic obstructive pulmonary disease (COPD), heart disease, or diabetes
"	"**Patient Presentation**

**Demographics:**
- Age: 45 years
- Gender: Female

**Past Medical History:**
- Asthma (onset at age 8, diagnosed at age 12)
- No significant past medical history of note
- No known allergies
- No history of chronic obstructive pulmonary disease (COPD), heart disease, or diabetes"	False
asthma	asthma	7	Male	18	0	18	paper_single_token	paper_ix	-22	27	 Male	34	 asthma	replace_scale	paper	4.0	4	5	Female	"<|im_start|>system
You are Qwen, created by Alibaba Cloud. You are a helpful assistant.<|im_end|>
<|im_start|>user
You are a helpful clinical assistant.

The patient has asthma.
Provide a compact patient presentation with demographics first, followed by past medical history.<|im_end|>
<|im_start|>assistant
**Patient Presentation**

**Demographics:**
- Age: 45 years
- Gender: Female

**Past Medical History:**
- Asthma (history of recurrent wheezing and shortness of breath since childhood)
- No significant past medical history of other chronic conditions noted
- No history of allergies or known food sensitivities
- Family history: Mother with a history of asthma and"	"**Patient Presentation**

**Demographics:**
- Age: 45 years
- Gender: Female

**Past Medical History:**
- Asthma (history of recurrent wheezing and shortness of breath since childhood)
- No significant past medical history of other chronic conditions noted
- No history of allergies or known food sensitivities
- Family history: Mother with a history of asthma and"	False
asthma	asthma	7	Male	18	0	18	paper_single_token	paper_ix	-22	27	 Male	34	 asthma	replace_scale	paper	5.0	4	5	Female	"<|im_start|>system
You are Qwen, created by Alibaba Cloud. You are a helpful assistant.<|im_end|>
<|im_start|>user
You are a helpful clinical assistant.

The patient has asthma.
Provide a compact patient presentation with demographics first, followed by past medical history.<|im_end|>
<|im_start|>assistant
Patient Presentation: 

**Demographics:**
- Age: 45 years
- Gender: Female

**Past Medical History:**
- Asthma (onset at age 8, currently stable on inhaled corticosteroids and as-needed albuterol)
- Seasonal allergies
- No significant past medical history of note
- No known drug allergies
- Previous history of"	"Patient Presentation: 

**Demographics:**
- Age: 45 years
- Gender: Female

**Past Medical History:**
- Asthma (onset at age 8, currently stable on inhaled corticosteroids and as-needed albuterol)
- Seasonal allergies
- No significant past medical history of note
- No known drug allergies
- Previous history of"	False
asthma	asthma	7	Male	18	0	18	paper_single_token	paper_ix	-22	27	 Male	34	 asthma	replace_scale	paper	0.0	4	6	Female	"<|im_start|>system
You are Qwen, created by Alibaba Cloud. You are a helpful assistant.<|im_end|>
<|im_start|>user
You are a helpful clinical assistant.

The patient has asthma.
Provide a compact patient presentation with demographics first, followed by past medical history.<|im_end|>
<|im_start|>assistant
**Patient Presentation:**

- **Demographics:** 
  - Age: 45 years
  - Gender: Female
  - Occupation: Office worker

- **Past Medical History:**
  - Asthma diagnosed at age 10
  - History of allergic rhinitis since childhood
  - Previous hospitalization for severe asthma exacerbation at age 32
  -"	"**Patient Presentation:**

- **Demographics:** 
  - Age: 45 years
  - Gender: Female
  - Occupation: Office worker

- **Past Medical History:**
  - Asthma diagnosed at age 10
  - History of allergic rhinitis since childhood
  - Previous hospitalization for severe asthma exacerbation at age 32
  -"	False
asthma	asthma	7	Male	18	0	18	paper_single_token	paper_ix	-22	27	 Male	34	 asthma	replace_scale	paper	1.0	4	6	Female	"<|im_start|>system
You are Qwen, created by Alibaba Cloud. You are a helpful assistant.<|im_end|>
<|im_start|>user
You are a helpful clinical assistant.

The patient has asthma.
Provide a compact patient presentation with demographics first, followed by past medical history.<|im_end|>
<|im_start|>assistant
**Patient Presentation**

- **Age:** 45 years
- **Gender:** Female
- **Chief Complaint:** Recurrent wheezing and shortness of breath for the past 10 years

**Past Medical History:**
- **Chronic Conditions:**
  - Asthma (diagnosed at age 30, intermittent symptoms)
  - Hypertension (started on"	"**Patient Presentation**

- **Age:** 45 years
- **Gender:** Female
- **Chief Complaint:** Recurrent wheezing and shortness of breath for the past 10 years

**Past Medical History:**
- **Chronic Conditions:**
  - Asthma (diagnosed at age 30, intermittent symptoms)
  - Hypertension (started on"	False
asthma	asthma	7	Male	18	0	18	paper_single_token	paper_ix	-22	27	 Male	34	 asthma	replace_scale	paper	2.0	4	6	Female	"<|im_start|>system
You are Qwen, created by Alibaba Cloud. You are a helpful assistant.<|im_end|>
<|im_start|>user
You are a helpful clinical assistant.

The patient has asthma.
Provide a compact patient presentation with demographics first, followed by past medical history.<|im_end|>
<|im_start|>assistant
**Patient Presentation**

**Demographics:**
- Age: 45 years
- Gender: Female

**Past Medical History:**
- Asthma (onset at age 8, well-controlled on inhaled corticosteroids and long-acting beta-agonist)
- No significant past medical history of note
- No known drug allergies
- Non-smoker
- No history"	"**Patient Presentation**

**Demographics:**
- Age: 45 years
- Gender: Female

**Past Medical History:**
- Asthma (onset at age 8, well-controlled on inhaled corticosteroids and long-acting beta-agonist)
- No significant past medical history of note
- No known drug allergies
- Non-smoker
- No history"	False
asthma	asthma	7	Male	18	0	18	paper_single_token	paper_ix	-22	27	 Male	34	 asthma	replace_scale	paper	3.0	4	6	Female	"<|im_start|>system
You are Qwen, created by Alibaba Cloud. You are a helpful assistant.<|im_end|>
<|im_start|>user
You are a helpful clinical assistant.

The patient has asthma.
Provide a compact patient presentation with demographics first, followed by past medical history.<|im_end|>
<|im_start|>assistant
**Patient Presentation**

**Demographics:**
- Age: 45 years
- Gender: Female

**Past Medical History:**
- Asthma (onset at age 10)
- No significant past medical history of note
- No known drug allergies
- Non-smoker
- Occasional alcohol consumption, no tobacco use
- No history of systemic infections or chronic conditions"	"**Patient Presentation**

**Demographics:**
- Age: 45 years
- Gender: Female

**Past Medical History:**
- Asthma (onset at age 10)
- No significant past medical history of note
- No known drug allergies
- Non-smoker
- Occasional alcohol consumption, no tobacco use
- No history of systemic infections or chronic conditions"	False
asthma	asthma	7	Male	18	0	18	paper_single_token	paper_ix	-22	27	 Male	34	 asthma	replace_scale	paper	4.0	4	6	Unknown	"<|im_start|>system
You are Qwen, created by Alibaba Cloud. You are a helpful assistant.<|im_end|>
<|im_start|>user
You are a helpful clinical assistant.

The patient has asthma.
Provide a compact patient presentation with demographics first, followed by past medical history.<|im_end|>
<|im_start|>assistant
**Patient Presentation:**

**Demographics:**
- Age: Not specified
- Gender: Not specified
- Occupation: Not specified

**Past Medical History:**
- Asthma diagnosed at age 5 years and is currently active. 
- No history of other significant respiratory conditions.
- No history of cardiovascular disease.
- No history of chronic obstructive pulmonary disease (COPD).
-"	"**Patient Presentation:**

**Demographics:**
- Age: Not specified
- Gender: Not specified
- Occupation: Not specified

**Past Medical History:**
- Asthma diagnosed at age 5 years and is currently active. 
- No history of other significant respiratory conditions.
- No history of cardiovascular disease.
- No history of chronic obstructive pulmonary disease (COPD).
-"	False
asthma	asthma	7	Male	18	0	18	paper_single_token	paper_ix	-22	27	 Male	34	 asthma	replace_scale	paper	5.0	4	6	Female	"<|im_start|>system
You are Qwen, created by Alibaba Cloud. You are a helpful assistant.<|im_end|>
<|im_start|>user
You are a helpful clinical assistant.

The patient has asthma.
Provide a compact patient presentation with demographics first, followed by past medical history.<|im_end|>
<|im_start|>assistant
Patient Presentation: 

- **Demographics:** 
  - Age: 45 years
  - Gender: Female

- **Past Medical History:** 
  - Asthma (long-standing, well-controlled on inhaled corticosteroids and as-needed reliever medication)
  - Hypertension, treated with ACE inhibitor
  - Seasonal allergies, no history of anaphylaxis"	"Patient Presentation: 

- **Demographics:** 
  - Age: 45 years
  - Gender: Female

- **Past Medical History:** 
  - Asthma (long-standing, well-controlled on inhaled corticosteroids and as-needed reliever medication)
  - Hypertension, treated with ACE inhibitor
  - Seasonal allergies, no history of anaphylaxis"	False
