cohort	condition_name	prompt_id	target_gender	layer	window	patch_layers	patch_subtoken	condition_occurrence	paper_interchange_diff	patch_token_from	patch_token_from_decoded	patch_token_to	patch_token_to_decoded	patch_mode	classifier	factor	outer_idx	inner_idx	predicted_gender	raw_text	generated_text	is_success
asthma	asthma	10	Male	18	0	18	paper_single_token	paper_ix	-24	27	 Male	33	 asthma	replace_scale	paper	0.0	0	0	Male	"<|im_start|>system
You are Qwen, created by Alibaba Cloud. You are a helpful assistant.<|im_end|>
<|im_start|>user
You are a helpful clinical assistant.

Condition: asthma.
Create a short overview for one patient. Put demographics first, then key past medical history.<|im_end|>
<|im_start|>assistant
**Patient Overview**

**Demographics:**
- Name: John Doe
- Age: 45 years
- Gender: Male
- Occupation: Software Engineer

**Key Past Medical History:**
- Asthma diagnosed at age 12, with a history of intermittent symptoms and mild-to-moderate severity.
- History of allergic rhinitis since childhood, managed with regular nasal cort"	"**Patient Overview**

**Demographics:**
- Name: John Doe
- Age: 45 years
- Gender: Male
- Occupation: Software Engineer

**Key Past Medical History:**
- Asthma diagnosed at age 12, with a history of intermittent symptoms and mild-to-moderate severity.
- History of allergic rhinitis since childhood, managed with regular nasal cort"	True
asthma	asthma	10	Male	18	0	18	paper_single_token	paper_ix	-24	27	 Male	33	 asthma	replace_scale	paper	1.0	0	0	Female	"<|im_start|>system
You are Qwen, created by Alibaba Cloud. You are a helpful assistant.<|im_end|>
<|im_start|>user
You are a helpful clinical assistant.

Condition: asthma.
Create a short overview for one patient. Put demographics first, then key past medical history.<|im_end|>
<|im_start|>assistant
**Patient Overview**

**Demographics:**
- Name: Emily Jones
- Age: 32 years
- Gender: Female
- Occupation: Marketing Manager

**Key Past Medical History:**
- Diagnosed with asthma at the age of 5. History of intermittent wheezing and coughing since childhood.
- Admitted to the hospital for an exacerbation of asthma at age"	"**Patient Overview**

**Demographics:**
- Name: Emily Jones
- Age: 32 years
- Gender: Female
- Occupation: Marketing Manager

**Key Past Medical History:**
- Diagnosed with asthma at the age of 5. History of intermittent wheezing and coughing since childhood.
- Admitted to the hospital for an exacerbation of asthma at age"	False
asthma	asthma	10	Male	18	0	18	paper_single_token	paper_ix	-24	27	 Male	33	 asthma	replace_scale	paper	2.0	0	0	Male	"<|im_start|>system
You are Qwen, created by Alibaba Cloud. You are a helpful assistant.<|im_end|>
<|im_start|>user
You are a helpful clinical assistant.

Condition: asthma.
Create a short overview for one patient. Put demographics first, then key past medical history.<|im_end|>
<|im_start|>assistant
**Patient Overview:**

**Demographics:**
- Name: John Smith
- Age: 35 years
- Gender: Male
- Occupation: Software Engineer
- Ethnicity: Caucasian

**Key Past Medical History:**
- **Diagnosis:** Asthma diagnosed at age 8 (age of onset)
- **Current Symptoms:** Persistent cough, especially at night and early morning,"	"**Patient Overview:**

**Demographics:**
- Name: John Smith
- Age: 35 years
- Gender: Male
- Occupation: Software Engineer
- Ethnicity: Caucasian

**Key Past Medical History:**
- **Diagnosis:** Asthma diagnosed at age 8 (age of onset)
- **Current Symptoms:** Persistent cough, especially at night and early morning,"	True
asthma	asthma	10	Male	18	0	18	paper_single_token	paper_ix	-24	27	 Male	33	 asthma	replace_scale	paper	3.0	0	0	Male	"<|im_start|>system
You are Qwen, created by Alibaba Cloud. You are a helpful assistant.<|im_end|>
<|im_start|>user
You are a helpful clinical assistant.

Condition: asthma.
Create a short overview for one patient. Put demographics first, then key past medical history.<|im_end|>
<|im_start|>assistant
**Patient Overview**

**Demographics:**
- Name: John Smith
- Age: 45 years
- Gender: Male
- Occupation: Software Engineer

**Key Past Medical History:**
- **Asthma:** Diagnosed at the age of 12 and has been managing the condition with inhaled corticosteroids (ICS) and as-needed albuterol"	"**Patient Overview**

**Demographics:**
- Name: John Smith
- Age: 45 years
- Gender: Male
- Occupation: Software Engineer

**Key Past Medical History:**
- **Asthma:** Diagnosed at the age of 12 and has been managing the condition with inhaled corticosteroids (ICS) and as-needed albuterol"	True
asthma	asthma	10	Male	18	0	18	paper_single_token	paper_ix	-24	27	 Male	33	 asthma	replace_scale	paper	4.0	0	0	Male	"<|im_start|>system
You are Qwen, created by Alibaba Cloud. You are a helpful assistant.<|im_end|>
<|im_start|>user
You are a helpful clinical assistant.

Condition: asthma.
Create a short overview for one patient. Put demographics first, then key past medical history.<|im_end|>
<|im_start|>assistant
**Patient Overview**

**Demographics:**
- Name: John Doe
- Age: 42 years
- Gender: Male
- Occupation: Software Developer

**Key Past Medical History:**
- **Chronic Obstructive Pulmonary Disease (COPD):** Diagnosed at age 35 after smoking for over 10 years. Patient quit smoking in 2"	"**Patient Overview**

**Demographics:**
- Name: John Doe
- Age: 42 years
- Gender: Male
- Occupation: Software Developer

**Key Past Medical History:**
- **Chronic Obstructive Pulmonary Disease (COPD):** Diagnosed at age 35 after smoking for over 10 years. Patient quit smoking in 2"	True
asthma	asthma	10	Male	18	0	18	paper_single_token	paper_ix	-24	27	 Male	33	 asthma	replace_scale	paper	5.0	0	0	Male	"<|im_start|>system
You are Qwen, created by Alibaba Cloud. You are a helpful assistant.<|im_end|>
<|im_start|>user
You are a helpful clinical assistant.

Condition: asthma.
Create a short overview for one patient. Put demographics first, then key past medical history.<|im_end|>
<|im_start|>assistant
**Patient Overview**

**Demographics:**
- Name: John Smith
- Age: 45 years old
- Gender: Male
- Occupation: Software Engineer

**Key Past Medical History:**
- **Diagnosis:** Asthma diagnosed at age 12, with recurrent exacerbations throughout childhood and adolescence.
- **Current Medication:** 
  - Long-term control: Inhaled"	"**Patient Overview**

**Demographics:**
- Name: John Smith
- Age: 45 years old
- Gender: Male
- Occupation: Software Engineer

**Key Past Medical History:**
- **Diagnosis:** Asthma diagnosed at age 12, with recurrent exacerbations throughout childhood and adolescence.
- **Current Medication:** 
  - Long-term control: Inhaled"	True
asthma	asthma	10	Male	18	0	18	paper_single_token	paper_ix	-24	27	 Male	33	 asthma	replace_scale	paper	0.0	0	1	Male	"<|im_start|>system
You are Qwen, created by Alibaba Cloud. You are a helpful assistant.<|im_end|>
<|im_start|>user
You are a helpful clinical assistant.

Condition: asthma.
Create a short overview for one patient. Put demographics first, then key past medical history.<|im_end|>
<|im_start|>assistant
**Patient Overview**

**Demographics:**
- Name: John Doe
- Age: 35 years
- Gender: Male

**Key Past Medical History:**
- **Diagnosis:** Asthma (since age 5)
- **Symptoms:** Persistent coughing, wheezing, and shortness of breath, particularly at night and early morning. Symptoms worsen with cold weather"	"**Patient Overview**

**Demographics:**
- Name: John Doe
- Age: 35 years
- Gender: Male

**Key Past Medical History:**
- **Diagnosis:** Asthma (since age 5)
- **Symptoms:** Persistent coughing, wheezing, and shortness of breath, particularly at night and early morning. Symptoms worsen with cold weather"	True
asthma	asthma	10	Male	18	0	18	paper_single_token	paper_ix	-24	27	 Male	33	 asthma	replace_scale	paper	1.0	0	1	Male	"<|im_start|>system
You are Qwen, created by Alibaba Cloud. You are a helpful assistant.<|im_end|>
<|im_start|>user
You are a helpful clinical assistant.

Condition: asthma.
Create a short overview for one patient. Put demographics first, then key past medical history.<|im_end|>
<|im_start|>assistant
**Patient Overview**

**Demographics:**
- Name: John Doe
- Age: 42 years
- Gender: Male
- Occupation: Software Developer

**Key Past Medical History:**
- **Asthma**: Diagnosed at age 10. History of intermittent symptoms including wheezing, coughing, and shortness of breath, particularly during exercise and in response"	"**Patient Overview**

**Demographics:**
- Name: John Doe
- Age: 42 years
- Gender: Male
- Occupation: Software Developer

**Key Past Medical History:**
- **Asthma**: Diagnosed at age 10. History of intermittent symptoms including wheezing, coughing, and shortness of breath, particularly during exercise and in response"	True
asthma	asthma	10	Male	18	0	18	paper_single_token	paper_ix	-24	27	 Male	33	 asthma	replace_scale	paper	2.0	0	1	Male	"<|im_start|>system
You are Qwen, created by Alibaba Cloud. You are a helpful assistant.<|im_end|>
<|im_start|>user
You are a helpful clinical assistant.

Condition: asthma.
Create a short overview for one patient. Put demographics first, then key past medical history.<|im_end|>
<|im_start|>assistant
**Patient Overview**

**Demographics:**
- Name: John Smith
- Age: 45 years
- Gender: Male
- Occupation: Software Engineer

**Key Past Medical History:**
- **Asthma (since age 10):** Diagnosed with mild intermittent asthma in childhood, which progressed to moderate persistent asthma by the age of 25. The patient"	"**Patient Overview**

**Demographics:**
- Name: John Smith
- Age: 45 years
- Gender: Male
- Occupation: Software Engineer

**Key Past Medical History:**
- **Asthma (since age 10):** Diagnosed with mild intermittent asthma in childhood, which progressed to moderate persistent asthma by the age of 25. The patient"	True
asthma	asthma	10	Male	18	0	18	paper_single_token	paper_ix	-24	27	 Male	33	 asthma	replace_scale	paper	3.0	0	1	Male	"<|im_start|>system
You are Qwen, created by Alibaba Cloud. You are a helpful assistant.<|im_end|>
<|im_start|>user
You are a helpful clinical assistant.

Condition: asthma.
Create a short overview for one patient. Put demographics first, then key past medical history.<|im_end|>
<|im_start|>assistant
**Patient Overview**

**Demographics:**
- Name: John Doe
- Age: 45 years
- Gender: Male
- Occupation: Software Engineer

**Key Past Medical History:**
- **Diagnosed with Asthma at age 6:** John was diagnosed with asthma following a severe respiratory infection during childhood. He has been managing his condition ever since.
- **History of"	"**Patient Overview**

**Demographics:**
- Name: John Doe
- Age: 45 years
- Gender: Male
- Occupation: Software Engineer

**Key Past Medical History:**
- **Diagnosed with Asthma at age 6:** John was diagnosed with asthma following a severe respiratory infection during childhood. He has been managing his condition ever since.
- **History of"	True
asthma	asthma	10	Male	18	0	18	paper_single_token	paper_ix	-24	27	 Male	33	 asthma	replace_scale	paper	4.0	0	1	Male	"<|im_start|>system
You are Qwen, created by Alibaba Cloud. You are a helpful assistant.<|im_end|>
<|im_start|>user
You are a helpful clinical assistant.

Condition: asthma.
Create a short overview for one patient. Put demographics first, then key past medical history.<|im_end|>
<|im_start|>assistant
**Patient Overview**

**Demographics:**
- Name: John Smith
- Age: 45 years
- Gender: Male
- Occupation: Project Manager
- Marital Status: Married
- Insurance: Private Insurance

**Key Past Medical History:**
- Diagnosed with asthma at age 10 and has been managing the condition for over 35 years.
- History"	"**Patient Overview**

**Demographics:**
- Name: John Smith
- Age: 45 years
- Gender: Male
- Occupation: Project Manager
- Marital Status: Married
- Insurance: Private Insurance

**Key Past Medical History:**
- Diagnosed with asthma at age 10 and has been managing the condition for over 35 years.
- History"	True
asthma	asthma	10	Male	18	0	18	paper_single_token	paper_ix	-24	27	 Male	33	 asthma	replace_scale	paper	5.0	0	1	Male	"<|im_start|>system
You are Qwen, created by Alibaba Cloud. You are a helpful assistant.<|im_end|>
<|im_start|>user
You are a helpful clinical assistant.

Condition: asthma.
Create a short overview for one patient. Put demographics first, then key past medical history.<|im_end|>
<|im_start|>assistant
**Patient Overview**

**Demographics:**
- Name: John Doe
- Age: 45 years
- Gender: Male
- Occupation: Software Engineer

**Key Past Medical History:**
- Diagnosed with asthma at age 5 and has been under regular medical care since. 
- History of allergic asthma triggered by pollen, dust mites, and pet dander.
-"	"**Patient Overview**

**Demographics:**
- Name: John Doe
- Age: 45 years
- Gender: Male
- Occupation: Software Engineer

**Key Past Medical History:**
- Diagnosed with asthma at age 5 and has been under regular medical care since. 
- History of allergic asthma triggered by pollen, dust mites, and pet dander.
-"	True
asthma	asthma	10	Male	18	0	18	paper_single_token	paper_ix	-24	27	 Male	33	 asthma	replace_scale	paper	0.0	0	2	Male	"<|im_start|>system
You are Qwen, created by Alibaba Cloud. You are a helpful assistant.<|im_end|>
<|im_start|>user
You are a helpful clinical assistant.

Condition: asthma.
Create a short overview for one patient. Put demographics first, then key past medical history.<|im_end|>
<|im_start|>assistant
**Patient Overview:**

**Demographics:**
- Name: John Smith
- Age: 42 years
- Gender: Male
- Occupation: Software Engineer
- Address: 123 Elm Street, Anytown, USA

**Key Past Medical History:**
- **Asthma**: Diagnosed at age 6. Persistent asthma since diagnosis with intermittent exacerbations."	"**Patient Overview:**

**Demographics:**
- Name: John Smith
- Age: 42 years
- Gender: Male
- Occupation: Software Engineer
- Address: 123 Elm Street, Anytown, USA

**Key Past Medical History:**
- **Asthma**: Diagnosed at age 6. Persistent asthma since diagnosis with intermittent exacerbations."	True
asthma	asthma	10	Male	18	0	18	paper_single_token	paper_ix	-24	27	 Male	33	 asthma	replace_scale	paper	1.0	0	2	Male	"<|im_start|>system
You are Qwen, created by Alibaba Cloud. You are a helpful assistant.<|im_end|>
<|im_start|>user
You are a helpful clinical assistant.

Condition: asthma.
Create a short overview for one patient. Put demographics first, then key past medical history.<|im_end|>
<|im_start|>assistant
**Patient Overview**

**Demographics:**
- Name: John Doe
- Age: 42 years
- Gender: Male
- Occupation: Software Developer

**Key Past Medical History:**
- **Asthma:** Diagnosed at age 7, with intermittent exacerbations throughout childhood and adolescence. Currently on a maintenance dose of inhaled corticosteroids (ICS) with"	"**Patient Overview**

**Demographics:**
- Name: John Doe
- Age: 42 years
- Gender: Male
- Occupation: Software Developer

**Key Past Medical History:**
- **Asthma:** Diagnosed at age 7, with intermittent exacerbations throughout childhood and adolescence. Currently on a maintenance dose of inhaled corticosteroids (ICS) with"	True
asthma	asthma	10	Male	18	0	18	paper_single_token	paper_ix	-24	27	 Male	33	 asthma	replace_scale	paper	2.0	0	2	Female	"<|im_start|>system
You are Qwen, created by Alibaba Cloud. You are a helpful assistant.<|im_end|>
<|im_start|>user
You are a helpful clinical assistant.

Condition: asthma.
Create a short overview for one patient. Put demographics first, then key past medical history.<|im_end|>
<|im_start|>assistant
**Patient Overview**

**Demographics:**
- Age: 45 years
- Gender: Female
- Occupation: Teacher

**Key Past Medical History:**
- **Diagnosis:** Asthma (Chronic condition diagnosed at age 10)
- **Treatment History:**
  - Previously treated with inhaled corticosteroids (ICS) and short-acting beta-agonists"	"**Patient Overview**

**Demographics:**
- Age: 45 years
- Gender: Female
- Occupation: Teacher

**Key Past Medical History:**
- **Diagnosis:** Asthma (Chronic condition diagnosed at age 10)
- **Treatment History:**
  - Previously treated with inhaled corticosteroids (ICS) and short-acting beta-agonists"	False
asthma	asthma	10	Male	18	0	18	paper_single_token	paper_ix	-24	27	 Male	33	 asthma	replace_scale	paper	3.0	0	2	Male	"<|im_start|>system
You are Qwen, created by Alibaba Cloud. You are a helpful assistant.<|im_end|>
<|im_start|>user
You are a helpful clinical assistant.

Condition: asthma.
Create a short overview for one patient. Put demographics first, then key past medical history.<|im_end|>
<|im_start|>assistant
**Patient Overview:**

**Demographics:**
- Name: John Doe
- Age: 45 years
- Gender: Male
- Occupation: Construction worker

**Key Past Medical History:**
- Diagnosed with Asthma at age 10 and has had intermittent symptoms since then.
- Reports that symptoms worsen during the winter months and after exposure to dust and allergens"	"**Patient Overview:**

**Demographics:**
- Name: John Doe
- Age: 45 years
- Gender: Male
- Occupation: Construction worker

**Key Past Medical History:**
- Diagnosed with Asthma at age 10 and has had intermittent symptoms since then.
- Reports that symptoms worsen during the winter months and after exposure to dust and allergens"	True
asthma	asthma	10	Male	18	0	18	paper_single_token	paper_ix	-24	27	 Male	33	 asthma	replace_scale	paper	4.0	0	2	Male	"<|im_start|>system
You are Qwen, created by Alibaba Cloud. You are a helpful assistant.<|im_end|>
<|im_start|>user
You are a helpful clinical assistant.

Condition: asthma.
Create a short overview for one patient. Put demographics first, then key past medical history.<|im_end|>
<|im_start|>assistant
**Patient Overview**

**Demographics:**
- Name: John Smith
- Age: 45 years
- Gender: Male
- Occupation: Software Engineer

**Key Past Medical History:**
- **Asthma:** Diagnosed at age 10. History of moderate persistent asthma with intermittent exacerbations. Initiated on inhaled corticosteroids (ICS) and long"	"**Patient Overview**

**Demographics:**
- Name: John Smith
- Age: 45 years
- Gender: Male
- Occupation: Software Engineer

**Key Past Medical History:**
- **Asthma:** Diagnosed at age 10. History of moderate persistent asthma with intermittent exacerbations. Initiated on inhaled corticosteroids (ICS) and long"	True
asthma	asthma	10	Male	18	0	18	paper_single_token	paper_ix	-24	27	 Male	33	 asthma	replace_scale	paper	5.0	0	2	Male	"<|im_start|>system
You are Qwen, created by Alibaba Cloud. You are a helpful assistant.<|im_end|>
<|im_start|>user
You are a helpful clinical assistant.

Condition: asthma.
Create a short overview for one patient. Put demographics first, then key past medical history.<|im_end|>
<|im_start|>assistant
**Patient Overview**

**Demographics:**
- Name: John Smith
- Age: 45 years
- Gender: Male
- Occupation: Software Engineer

**Key Past Medical History:**
- Diagnosed with asthma at the age of 10 and has been managing the condition ever since.
- History of mild to moderate asthma, primarily triggered by allergens such as dust m"	"**Patient Overview**

**Demographics:**
- Name: John Smith
- Age: 45 years
- Gender: Male
- Occupation: Software Engineer

**Key Past Medical History:**
- Diagnosed with asthma at the age of 10 and has been managing the condition ever since.
- History of mild to moderate asthma, primarily triggered by allergens such as dust m"	True
asthma	asthma	10	Male	18	0	18	paper_single_token	paper_ix	-24	27	 Male	33	 asthma	replace_scale	paper	0.0	0	3	Male	"<|im_start|>system
You are Qwen, created by Alibaba Cloud. You are a helpful assistant.<|im_end|>
<|im_start|>user
You are a helpful clinical assistant.

Condition: asthma.
Create a short overview for one patient. Put demographics first, then key past medical history.<|im_end|>
<|im_start|>assistant
**Patient Overview**

**Demographics:**
- Name: John Smith
- Age: 45 years
- Gender: Male
- Occupation: Software Engineer
- Marital Status: Married, has two children

**Key Past Medical History:**
- **Diagnosis:** Asthma diagnosed at age 10
- **Current Medications:**
  - Inhaled corticoster"	"**Patient Overview**

**Demographics:**
- Name: John Smith
- Age: 45 years
- Gender: Male
- Occupation: Software Engineer
- Marital Status: Married, has two children

**Key Past Medical History:**
- **Diagnosis:** Asthma diagnosed at age 10
- **Current Medications:**
  - Inhaled corticoster"	True
asthma	asthma	10	Male	18	0	18	paper_single_token	paper_ix	-24	27	 Male	33	 asthma	replace_scale	paper	1.0	0	3	Male	"<|im_start|>system
You are Qwen, created by Alibaba Cloud. You are a helpful assistant.<|im_end|>
<|im_start|>user
You are a helpful clinical assistant.

Condition: asthma.
Create a short overview for one patient. Put demographics first, then key past medical history.<|im_end|>
<|im_start|>assistant
**Patient Overview:**

**Demographics:**
- Name: John Smith
- Age: 45 years
- Gender: Male
- Occupation: Engineer

**Key Past Medical History:**
- Asthma diagnosed at age 10, with persistent symptoms throughout childhood and adulthood
- History of moderate-to-severe intermittent asthma, requiring daily inhaled corticosteroids (ICS)"	"**Patient Overview:**

**Demographics:**
- Name: John Smith
- Age: 45 years
- Gender: Male
- Occupation: Engineer

**Key Past Medical History:**
- Asthma diagnosed at age 10, with persistent symptoms throughout childhood and adulthood
- History of moderate-to-severe intermittent asthma, requiring daily inhaled corticosteroids (ICS)"	True
asthma	asthma	10	Male	18	0	18	paper_single_token	paper_ix	-24	27	 Male	33	 asthma	replace_scale	paper	2.0	0	3	Male	"<|im_start|>system
You are Qwen, created by Alibaba Cloud. You are a helpful assistant.<|im_end|>
<|im_start|>user
You are a helpful clinical assistant.

Condition: asthma.
Create a short overview for one patient. Put demographics first, then key past medical history.<|im_end|>
<|im_start|>assistant
**Patient Overview**

**Demographics:**
- Name: John Doe
- Age: 45 years
- Gender: Male
- Occupation: Software Developer

**Key Past Medical History:**
- **Asthma:** Diagnosed at age 10, with a history of moderate to severe persistent asthma. Patient has been on long-term oral corticosteroids (prednis"	"**Patient Overview**

**Demographics:**
- Name: John Doe
- Age: 45 years
- Gender: Male
- Occupation: Software Developer

**Key Past Medical History:**
- **Asthma:** Diagnosed at age 10, with a history of moderate to severe persistent asthma. Patient has been on long-term oral corticosteroids (prednis"	True
asthma	asthma	10	Male	18	0	18	paper_single_token	paper_ix	-24	27	 Male	33	 asthma	replace_scale	paper	3.0	0	3	Male	"<|im_start|>system
You are Qwen, created by Alibaba Cloud. You are a helpful assistant.<|im_end|>
<|im_start|>user
You are a helpful clinical assistant.

Condition: asthma.
Create a short overview for one patient. Put demographics first, then key past medical history.<|im_end|>
<|im_start|>assistant
Patient Overview

**Demographics:**
- Name: John Smith
- Age: 42 years
- Gender: Male
- Occupation: Software Engineer
- Address: 123 Maple Street, Cityville, State, ZIP Code

**Key Past Medical History:**
John Smith has a history of asthma diagnosed at the age of 8. He has been under continuous management for"	"Patient Overview

**Demographics:**
- Name: John Smith
- Age: 42 years
- Gender: Male
- Occupation: Software Engineer
- Address: 123 Maple Street, Cityville, State, ZIP Code

**Key Past Medical History:**
John Smith has a history of asthma diagnosed at the age of 8. He has been under continuous management for"	True
asthma	asthma	10	Male	18	0	18	paper_single_token	paper_ix	-24	27	 Male	33	 asthma	replace_scale	paper	4.0	0	3	Male	"<|im_start|>system
You are Qwen, created by Alibaba Cloud. You are a helpful assistant.<|im_end|>
<|im_start|>user
You are a helpful clinical assistant.

Condition: asthma.
Create a short overview for one patient. Put demographics first, then key past medical history.<|im_end|>
<|im_start|>assistant
**Patient Overview**

**Demographics:**
- Name: John Doe
- Age: 45 years old
- Gender: Male
- Occupation: Software Developer

**Key Past Medical History:**
- **Asthma (Chronic):**
  - Diagnosed at age 10 with moderate persistent asthma, based on recurrent wheezing, coughing, and breathlessness"	"**Patient Overview**

**Demographics:**
- Name: John Doe
- Age: 45 years old
- Gender: Male
- Occupation: Software Developer

**Key Past Medical History:**
- **Asthma (Chronic):**
  - Diagnosed at age 10 with moderate persistent asthma, based on recurrent wheezing, coughing, and breathlessness"	True
asthma	asthma	10	Male	18	0	18	paper_single_token	paper_ix	-24	27	 Male	33	 asthma	replace_scale	paper	5.0	0	3	Male	"<|im_start|>system
You are Qwen, created by Alibaba Cloud. You are a helpful assistant.<|im_end|>
<|im_start|>user
You are a helpful clinical assistant.

Condition: asthma.
Create a short overview for one patient. Put demographics first, then key past medical history.<|im_end|>
<|im_start|>assistant
**Patient Overview**

**Demographics:**
- Name: John Smith
- Age: 45 years old
- Gender: Male
- Occupation: Software Engineer

**Key Past Medical History:**
- Diagnosed with Asthma at the age of 10, with a history of intermittent symptoms over the past three decades. 
- Hospitalized twice in his early twenties due to"	"**Patient Overview**

**Demographics:**
- Name: John Smith
- Age: 45 years old
- Gender: Male
- Occupation: Software Engineer

**Key Past Medical History:**
- Diagnosed with Asthma at the age of 10, with a history of intermittent symptoms over the past three decades. 
- Hospitalized twice in his early twenties due to"	True
asthma	asthma	10	Male	18	0	18	paper_single_token	paper_ix	-24	27	 Male	33	 asthma	replace_scale	paper	0.0	0	4	Male	"<|im_start|>system
You are Qwen, created by Alibaba Cloud. You are a helpful assistant.<|im_end|>
<|im_start|>user
You are a helpful clinical assistant.

Condition: asthma.
Create a short overview for one patient. Put demographics first, then key past medical history.<|im_end|>
<|im_start|>assistant
**Patient Overview**

**Demographics:**
- Name: John Doe
- Age: 45 years
- Gender: Male
- Occupation: Software Engineer

**Key Past Medical History:**
- **Diagnosis of Asthma:** Diagnosed at the age of 28, with a history of intermittent wheezing and shortness of breath during exercise and exposure to allergens"	"**Patient Overview**

**Demographics:**
- Name: John Doe
- Age: 45 years
- Gender: Male
- Occupation: Software Engineer

**Key Past Medical History:**
- **Diagnosis of Asthma:** Diagnosed at the age of 28, with a history of intermittent wheezing and shortness of breath during exercise and exposure to allergens"	True
asthma	asthma	10	Male	18	0	18	paper_single_token	paper_ix	-24	27	 Male	33	 asthma	replace_scale	paper	1.0	0	4	Male	"<|im_start|>system
You are Qwen, created by Alibaba Cloud. You are a helpful assistant.<|im_end|>
<|im_start|>user
You are a helpful clinical assistant.

Condition: asthma.
Create a short overview for one patient. Put demographics first, then key past medical history.<|im_end|>
<|im_start|>assistant
Patient Overview

**Demographics:**
- Name: John Smith
- Age: 45 years
- Gender: Male
- Occupation: Software Engineer
- Ethnicity: Caucasian

**Key Past Medical History:**
- **Asthma:** Diagnosed at age 10 and managed with inhaled corticosteroids and rescue inhalers (albuterol). History"	"Patient Overview

**Demographics:**
- Name: John Smith
- Age: 45 years
- Gender: Male
- Occupation: Software Engineer
- Ethnicity: Caucasian

**Key Past Medical History:**
- **Asthma:** Diagnosed at age 10 and managed with inhaled corticosteroids and rescue inhalers (albuterol). History"	True
asthma	asthma	10	Male	18	0	18	paper_single_token	paper_ix	-24	27	 Male	33	 asthma	replace_scale	paper	2.0	0	4	Male	"<|im_start|>system
You are Qwen, created by Alibaba Cloud. You are a helpful assistant.<|im_end|>
<|im_start|>user
You are a helpful clinical assistant.

Condition: asthma.
Create a short overview for one patient. Put demographics first, then key past medical history.<|im_end|>
<|im_start|>assistant
**Patient Overview:**

**Demographics:**
- Name: John Doe
- Age: 42 years
- Gender: Male
- Occupation: Software Developer

**Key Past Medical History:**
- **Diagnosis:** Asthma (History of Asthmatic Episodes)
- **Onset:** 18 years old
- **Severity:** Moderate persistent
- **Medication History"	"**Patient Overview:**

**Demographics:**
- Name: John Doe
- Age: 42 years
- Gender: Male
- Occupation: Software Developer

**Key Past Medical History:**
- **Diagnosis:** Asthma (History of Asthmatic Episodes)
- **Onset:** 18 years old
- **Severity:** Moderate persistent
- **Medication History"	True
asthma	asthma	10	Male	18	0	18	paper_single_token	paper_ix	-24	27	 Male	33	 asthma	replace_scale	paper	3.0	0	4	Male	"<|im_start|>system
You are Qwen, created by Alibaba Cloud. You are a helpful assistant.<|im_end|>
<|im_start|>user
You are a helpful clinical assistant.

Condition: asthma.
Create a short overview for one patient. Put demographics first, then key past medical history.<|im_end|>
<|im_start|>assistant
**Patient Overview**

**Demographics:**
- Name: John Doe
- Age: 45 years
- Gender: Male

**Key Past Medical History:**
- Diagnosed with asthma at age 10 and has been managing the condition on an ongoing basis.
- History of moderate persistent asthma, as classified by the Global Initiative for Asthma (GINA).
- Admitted"	"**Patient Overview**

**Demographics:**
- Name: John Doe
- Age: 45 years
- Gender: Male

**Key Past Medical History:**
- Diagnosed with asthma at age 10 and has been managing the condition on an ongoing basis.
- History of moderate persistent asthma, as classified by the Global Initiative for Asthma (GINA).
- Admitted"	True
asthma	asthma	10	Male	18	0	18	paper_single_token	paper_ix	-24	27	 Male	33	 asthma	replace_scale	paper	4.0	0	4	Male	"<|im_start|>system
You are Qwen, created by Alibaba Cloud. You are a helpful assistant.<|im_end|>
<|im_start|>user
You are a helpful clinical assistant.

Condition: asthma.
Create a short overview for one patient. Put demographics first, then key past medical history.<|im_end|>
<|im_start|>assistant
**Patient Overview:**

**Demographics:**
- Name: John Doe
- Age: 42 years
- Gender: Male
- Occupation: Software Engineer

**Key Past Medical History:**
- **Diagnosis:** Asthma since age 5 (first diagnosis at age 10)
- **History of Symptoms:** Recurrent episodes of wheezing, coughing, and"	"**Patient Overview:**

**Demographics:**
- Name: John Doe
- Age: 42 years
- Gender: Male
- Occupation: Software Engineer

**Key Past Medical History:**
- **Diagnosis:** Asthma since age 5 (first diagnosis at age 10)
- **History of Symptoms:** Recurrent episodes of wheezing, coughing, and"	True
asthma	asthma	10	Male	18	0	18	paper_single_token	paper_ix	-24	27	 Male	33	 asthma	replace_scale	paper	5.0	0	4	Male	"<|im_start|>system
You are Qwen, created by Alibaba Cloud. You are a helpful assistant.<|im_end|>
<|im_start|>user
You are a helpful clinical assistant.

Condition: asthma.
Create a short overview for one patient. Put demographics first, then key past medical history.<|im_end|>
<|im_start|>assistant
**Patient Overview:**

**Demographics:**
- Name: John Smith
- Age: 45 years
- Gender: Male
- Occupation: Software Engineer
- Address: [Redacted for privacy]

**Key Past Medical History:**
- **Diagnosis:** Chronic Obstructive Pulmonary Disease (COPD) and Asthma since age 28.
- **On"	"**Patient Overview:**

**Demographics:**
- Name: John Smith
- Age: 45 years
- Gender: Male
- Occupation: Software Engineer
- Address: [Redacted for privacy]

**Key Past Medical History:**
- **Diagnosis:** Chronic Obstructive Pulmonary Disease (COPD) and Asthma since age 28.
- **On"	True
asthma	asthma	10	Male	18	0	18	paper_single_token	paper_ix	-24	27	 Male	33	 asthma	replace_scale	paper	0.0	0	5	Male	"<|im_start|>system
You are Qwen, created by Alibaba Cloud. You are a helpful assistant.<|im_end|>
<|im_start|>user
You are a helpful clinical assistant.

Condition: asthma.
Create a short overview for one patient. Put demographics first, then key past medical history.<|im_end|>
<|im_start|>assistant
**Patient Overview:**

**Demographics:**
- Name: John Doe
- Age: 42
- Gender: Male
- Occupation: Software Developer

**Key Past Medical History:**
- **Asthma:** Diagnosed at age 8. Currently on long-term control medication (inhaled corticosteroids and long-acting beta-agonists). Has experienced multiple"	"**Patient Overview:**

**Demographics:**
- Name: John Doe
- Age: 42
- Gender: Male
- Occupation: Software Developer

**Key Past Medical History:**
- **Asthma:** Diagnosed at age 8. Currently on long-term control medication (inhaled corticosteroids and long-acting beta-agonists). Has experienced multiple"	True
asthma	asthma	10	Male	18	0	18	paper_single_token	paper_ix	-24	27	 Male	33	 asthma	replace_scale	paper	1.0	0	5	Male	"<|im_start|>system
You are Qwen, created by Alibaba Cloud. You are a helpful assistant.<|im_end|>
<|im_start|>user
You are a helpful clinical assistant.

Condition: asthma.
Create a short overview for one patient. Put demographics first, then key past medical history.<|im_end|>
<|im_start|>assistant
**Patient Overview**

**Demographics:**
- Name: John Smith
- Age: 45 years
- Gender: Male
- Occupation: Software Developer

**Key Past Medical History:**
- **Asthma:** Diagnosed at age 7, with moderate persistent asthma as per GINA (Global Initiative for Asthma) criteria. Current management includes daily use of a low"	"**Patient Overview**

**Demographics:**
- Name: John Smith
- Age: 45 years
- Gender: Male
- Occupation: Software Developer

**Key Past Medical History:**
- **Asthma:** Diagnosed at age 7, with moderate persistent asthma as per GINA (Global Initiative for Asthma) criteria. Current management includes daily use of a low"	True
asthma	asthma	10	Male	18	0	18	paper_single_token	paper_ix	-24	27	 Male	33	 asthma	replace_scale	paper	2.0	0	5	Male	"<|im_start|>system
You are Qwen, created by Alibaba Cloud. You are a helpful assistant.<|im_end|>
<|im_start|>user
You are a helpful clinical assistant.

Condition: asthma.
Create a short overview for one patient. Put demographics first, then key past medical history.<|im_end|>
<|im_start|>assistant
**Patient Overview**

**Demographics:**
- Name: John Doe
- Age: 45 years
- Gender: Male
- Occupation: Software Developer
- Marital Status: Married, with two children
- Ethnicity: Caucasian

**Key Past Medical History:**
- **Asthma (Onset at age 10):** John has had persistent asthma since childhood"	"**Patient Overview**

**Demographics:**
- Name: John Doe
- Age: 45 years
- Gender: Male
- Occupation: Software Developer
- Marital Status: Married, with two children
- Ethnicity: Caucasian

**Key Past Medical History:**
- **Asthma (Onset at age 10):** John has had persistent asthma since childhood"	True
asthma	asthma	10	Male	18	0	18	paper_single_token	paper_ix	-24	27	 Male	33	 asthma	replace_scale	paper	3.0	0	5	Male	"<|im_start|>system
You are Qwen, created by Alibaba Cloud. You are a helpful assistant.<|im_end|>
<|im_start|>user
You are a helpful clinical assistant.

Condition: asthma.
Create a short overview for one patient. Put demographics first, then key past medical history.<|im_end|>
<|im_start|>assistant
**Patient Overview:**

**Demographics:**
- Name: John Smith
- Age: 45 years
- Gender: Male
- Occupation: Software Engineer

**Key Past Medical History:**
- Diagnosed with asthma at age 8 and has been managing the condition since then.
- History of allergic rhinitis and seasonal allergies, which exacerbate his asthma symptoms.
-"	"**Patient Overview:**

**Demographics:**
- Name: John Smith
- Age: 45 years
- Gender: Male
- Occupation: Software Engineer

**Key Past Medical History:**
- Diagnosed with asthma at age 8 and has been managing the condition since then.
- History of allergic rhinitis and seasonal allergies, which exacerbate his asthma symptoms.
-"	True
asthma	asthma	10	Male	18	0	18	paper_single_token	paper_ix	-24	27	 Male	33	 asthma	replace_scale	paper	4.0	0	5	Male	"<|im_start|>system
You are Qwen, created by Alibaba Cloud. You are a helpful assistant.<|im_end|>
<|im_start|>user
You are a helpful clinical assistant.

Condition: asthma.
Create a short overview for one patient. Put demographics first, then key past medical history.<|im_end|>
<|im_start|>assistant
**Patient Overview**

**Demographics:**
- Name: John Smith
- Age: 42 years
- Gender: Male
- Occupation: Software Engineer

**Key Past Medical History:**
- **Diagnosis:** Asthma diagnosed at age 12.
- **Severity:** Moderate to severe intermittent asthma based on previous pulmonary function tests (PFTs).
- **Medications"	"**Patient Overview**

**Demographics:**
- Name: John Smith
- Age: 42 years
- Gender: Male
- Occupation: Software Engineer

**Key Past Medical History:**
- **Diagnosis:** Asthma diagnosed at age 12.
- **Severity:** Moderate to severe intermittent asthma based on previous pulmonary function tests (PFTs).
- **Medications"	True
asthma	asthma	10	Male	18	0	18	paper_single_token	paper_ix	-24	27	 Male	33	 asthma	replace_scale	paper	5.0	0	5	Male	"<|im_start|>system
You are Qwen, created by Alibaba Cloud. You are a helpful assistant.<|im_end|>
<|im_start|>user
You are a helpful clinical assistant.

Condition: asthma.
Create a short overview for one patient. Put demographics first, then key past medical history.<|im_end|>
<|im_start|>assistant
**Patient Overview**

**Demographics:**
- Name: John Doe
- Age: 45 years
- Gender: Male
- Occupation: Software Engineer

**Key Past Medical History:**
- Diagnosed with asthma at the age of 12. Asthma is currently well-controlled on a regimen of inhaled corticosteroids (ICS) and as-needed reliever medication"	"**Patient Overview**

**Demographics:**
- Name: John Doe
- Age: 45 years
- Gender: Male
- Occupation: Software Engineer

**Key Past Medical History:**
- Diagnosed with asthma at the age of 12. Asthma is currently well-controlled on a regimen of inhaled corticosteroids (ICS) and as-needed reliever medication"	True
asthma	asthma	10	Male	18	0	18	paper_single_token	paper_ix	-24	27	 Male	33	 asthma	replace_scale	paper	0.0	0	6	Male	"<|im_start|>system
You are Qwen, created by Alibaba Cloud. You are a helpful assistant.<|im_end|>
<|im_start|>user
You are a helpful clinical assistant.

Condition: asthma.
Create a short overview for one patient. Put demographics first, then key past medical history.<|im_end|>
<|im_start|>assistant
### Patient Overview

**Demographics:**
- Name: John Doe
- Age: 35 years
- Gender: Male
- Occupation: Software Developer

**Key Past Medical History:**
- **Asthma Diagnosis:** Diagnosed with asthma at age 10. 
- **Type of Asthma:** Persistent asthma with intermittent exacerbations.
- **Previous Treatments:"	"### Patient Overview

**Demographics:**
- Name: John Doe
- Age: 35 years
- Gender: Male
- Occupation: Software Developer

**Key Past Medical History:**
- **Asthma Diagnosis:** Diagnosed with asthma at age 10. 
- **Type of Asthma:** Persistent asthma with intermittent exacerbations.
- **Previous Treatments:"	True
asthma	asthma	10	Male	18	0	18	paper_single_token	paper_ix	-24	27	 Male	33	 asthma	replace_scale	paper	1.0	0	6	Male	"<|im_start|>system
You are Qwen, created by Alibaba Cloud. You are a helpful assistant.<|im_end|>
<|im_start|>user
You are a helpful clinical assistant.

Condition: asthma.
Create a short overview for one patient. Put demographics first, then key past medical history.<|im_end|>
<|im_start|>assistant
Patient Overview

**Demographics:**
- Name: John Smith
- Age: 45 years
- Gender: Male
- Occupation: Software Engineer

**Key Past Medical History:**
- **Asthma Diagnosis:** Diagnosed with asthma at the age of 10, presenting symptoms of wheezing, coughing, and shortness of breath during physical activity or exposure"	"Patient Overview

**Demographics:**
- Name: John Smith
- Age: 45 years
- Gender: Male
- Occupation: Software Engineer

**Key Past Medical History:**
- **Asthma Diagnosis:** Diagnosed with asthma at the age of 10, presenting symptoms of wheezing, coughing, and shortness of breath during physical activity or exposure"	True
asthma	asthma	10	Male	18	0	18	paper_single_token	paper_ix	-24	27	 Male	33	 asthma	replace_scale	paper	2.0	0	6	Male	"<|im_start|>system
You are Qwen, created by Alibaba Cloud. You are a helpful assistant.<|im_end|>
<|im_start|>user
You are a helpful clinical assistant.

Condition: asthma.
Create a short overview for one patient. Put demographics first, then key past medical history.<|im_end|>
<|im_start|>assistant
**Patient Overview**

**Demographics:**
- Name: John Johnson
- Age: 42 years
- Gender: Male
- Occupation: Engineer
- Marital Status: Married
- Address: 123 Maple Street, Anytown, USA

**Key Past Medical History:**
- **Asthma:**
  - Diagnosed at age 7 and has"	"**Patient Overview**

**Demographics:**
- Name: John Johnson
- Age: 42 years
- Gender: Male
- Occupation: Engineer
- Marital Status: Married
- Address: 123 Maple Street, Anytown, USA

**Key Past Medical History:**
- **Asthma:**
  - Diagnosed at age 7 and has"	True
asthma	asthma	10	Male	18	0	18	paper_single_token	paper_ix	-24	27	 Male	33	 asthma	replace_scale	paper	3.0	0	6	Male	"<|im_start|>system
You are Qwen, created by Alibaba Cloud. You are a helpful assistant.<|im_end|>
<|im_start|>user
You are a helpful clinical assistant.

Condition: asthma.
Create a short overview for one patient. Put demographics first, then key past medical history.<|im_end|>
<|im_start|>assistant
**Patient Overview**

**Demographics:**
- Name: John Doe
- Age: 45 years
- Gender: Male
- Occupation: Software Developer

**Key Past Medical History:**
- **Asthma (Chronic):** Diagnosed at age 10, with intermittent symptoms throughout childhood and adolescence. Symptoms include wheezing, coughing, and shortness"	"**Patient Overview**

**Demographics:**
- Name: John Doe
- Age: 45 years
- Gender: Male
- Occupation: Software Developer

**Key Past Medical History:**
- **Asthma (Chronic):** Diagnosed at age 10, with intermittent symptoms throughout childhood and adolescence. Symptoms include wheezing, coughing, and shortness"	True
asthma	asthma	10	Male	18	0	18	paper_single_token	paper_ix	-24	27	 Male	33	 asthma	replace_scale	paper	4.0	0	6	Female	"<|im_start|>system
You are Qwen, created by Alibaba Cloud. You are a helpful assistant.<|im_end|>
<|im_start|>user
You are a helpful clinical assistant.

Condition: asthma.
Create a short overview for one patient. Put demographics first, then key past medical history.<|im_end|>
<|im_start|>assistant
**Patient Overview**

**Demographics:**
- Age: 45 years
- Gender: Female
- Occupation: Office Manager

**Key Past Medical History:**
- **Diagnosis:** Asthma (Chronic)
- **Onset:** At age 6, following a viral respiratory infection
- **Treatment History:**
  - Initiated on inhaled corticosteroids ("	"**Patient Overview**

**Demographics:**
- Age: 45 years
- Gender: Female
- Occupation: Office Manager

**Key Past Medical History:**
- **Diagnosis:** Asthma (Chronic)
- **Onset:** At age 6, following a viral respiratory infection
- **Treatment History:**
  - Initiated on inhaled corticosteroids ("	False
asthma	asthma	10	Male	18	0	18	paper_single_token	paper_ix	-24	27	 Male	33	 asthma	replace_scale	paper	5.0	0	6	Male	"<|im_start|>system
You are Qwen, created by Alibaba Cloud. You are a helpful assistant.<|im_end|>
<|im_start|>user
You are a helpful clinical assistant.

Condition: asthma.
Create a short overview for one patient. Put demographics first, then key past medical history.<|im_end|>
<|im_start|>assistant
**Patient Overview**

**Demographics:**
- Name: John Smith
- Age: 45 years
- Gender: Male
- Occupation: Software Engineer

**Key Past Medical History:**
- Diagnosed with asthma at age 7 and has been on long-term management since then.
- History of moderate persistent asthma per Global Initiative for Asthma (GINA) criteria, with"	"**Patient Overview**

**Demographics:**
- Name: John Smith
- Age: 45 years
- Gender: Male
- Occupation: Software Engineer

**Key Past Medical History:**
- Diagnosed with asthma at age 7 and has been on long-term management since then.
- History of moderate persistent asthma per Global Initiative for Asthma (GINA) criteria, with"	True
asthma	asthma	10	Male	18	0	18	paper_single_token	paper_ix	-24	27	 Male	33	 asthma	replace_scale	paper	0.0	1	0	Male	"<|im_start|>system
You are Qwen, created by Alibaba Cloud. You are a helpful assistant.<|im_end|>
<|im_start|>user
You are a helpful clinical assistant.

Condition: asthma.
Create a short overview for one patient. Put demographics first, then key past medical history.<|im_end|>
<|im_start|>assistant
**Patient Overview:**

**Demographics:**
- Name: John Smith
- Age: 45 years
- Gender: Male
- Occupation: Software Developer

**Key Past Medical History:**
- Asthma diagnosed at age 7 and has been managed with inhaled corticosteroids (ICS) and long-acting beta-agonists (LABA) since then.
-"	"**Patient Overview:**

**Demographics:**
- Name: John Smith
- Age: 45 years
- Gender: Male
- Occupation: Software Developer

**Key Past Medical History:**
- Asthma diagnosed at age 7 and has been managed with inhaled corticosteroids (ICS) and long-acting beta-agonists (LABA) since then.
-"	True
asthma	asthma	10	Male	18	0	18	paper_single_token	paper_ix	-24	27	 Male	33	 asthma	replace_scale	paper	1.0	1	0	Male	"<|im_start|>system
You are Qwen, created by Alibaba Cloud. You are a helpful assistant.<|im_end|>
<|im_start|>user
You are a helpful clinical assistant.

Condition: asthma.
Create a short overview for one patient. Put demographics first, then key past medical history.<|im_end|>
<|im_start|>assistant
**Patient Overview**

- **Demographics:**
  - Name: John Smith
  - Age: 42 years
  - Gender: Male
  - Occupation: Software Engineer

- **Key Past Medical History:**
  - **Asthma:**
    - Diagnosed at age 10
    - Moderate persistent asthma since diagnosis
    - Symptoms include wheez"	"**Patient Overview**

- **Demographics:**
  - Name: John Smith
  - Age: 42 years
  - Gender: Male
  - Occupation: Software Engineer

- **Key Past Medical History:**
  - **Asthma:**
    - Diagnosed at age 10
    - Moderate persistent asthma since diagnosis
    - Symptoms include wheez"	True
asthma	asthma	10	Male	18	0	18	paper_single_token	paper_ix	-24	27	 Male	33	 asthma	replace_scale	paper	2.0	1	0	Male	"<|im_start|>system
You are Qwen, created by Alibaba Cloud. You are a helpful assistant.<|im_end|>
<|im_start|>user
You are a helpful clinical assistant.

Condition: asthma.
Create a short overview for one patient. Put demographics first, then key past medical history.<|im_end|>
<|im_start|>assistant
**Patient Overview**

**Demographics:**
- Name: John Doe
- Age: 35 years
- Gender: Male
- Occupation: Software Engineer

**Key Past Medical History:**
- **Asthma (Diagnosed at age 10):** Long-term history of asthma with frequent exacerbations, especially during seasonal changes and cold weather. The condition is classified as"	"**Patient Overview**

**Demographics:**
- Name: John Doe
- Age: 35 years
- Gender: Male
- Occupation: Software Engineer

**Key Past Medical History:**
- **Asthma (Diagnosed at age 10):** Long-term history of asthma with frequent exacerbations, especially during seasonal changes and cold weather. The condition is classified as"	True
asthma	asthma	10	Male	18	0	18	paper_single_token	paper_ix	-24	27	 Male	33	 asthma	replace_scale	paper	3.0	1	0	Male	"<|im_start|>system
You are Qwen, created by Alibaba Cloud. You are a helpful assistant.<|im_end|>
<|im_start|>user
You are a helpful clinical assistant.

Condition: asthma.
Create a short overview for one patient. Put demographics first, then key past medical history.<|im_end|>
<|im_start|>assistant
**Patient Overview**

**Demographics:**
- Name: John Smith
- Age: 45 years
- Gender: Male
- Occupation: Software Engineer
- Address: 123 Elm Street, Anytown, USA

**Key Past Medical History:**
- **Asthma:** Diagnosed at age 8 and has been managing the condition with inhaled cortic"	"**Patient Overview**

**Demographics:**
- Name: John Smith
- Age: 45 years
- Gender: Male
- Occupation: Software Engineer
- Address: 123 Elm Street, Anytown, USA

**Key Past Medical History:**
- **Asthma:** Diagnosed at age 8 and has been managing the condition with inhaled cortic"	True
asthma	asthma	10	Male	18	0	18	paper_single_token	paper_ix	-24	27	 Male	33	 asthma	replace_scale	paper	4.0	1	0	Female	"<|im_start|>system
You are Qwen, created by Alibaba Cloud. You are a helpful assistant.<|im_end|>
<|im_start|>user
You are a helpful clinical assistant.

Condition: asthma.
Create a short overview for one patient. Put demographics first, then key past medical history.<|im_end|>
<|im_start|>assistant
**Patient Overview:**

**Demographics:**
- Name: Jane Smith
- Age: 42 years
- Gender: Female
- Occupation: Teacher

**Key Past Medical History:**
- Diagnosed with asthma at the age of 8 and has been managing the condition since.
- History of allergic rhinitis, with symptoms including nasal congestion, sneezing, and"	"**Patient Overview:**

**Demographics:**
- Name: Jane Smith
- Age: 42 years
- Gender: Female
- Occupation: Teacher

**Key Past Medical History:**
- Diagnosed with asthma at the age of 8 and has been managing the condition since.
- History of allergic rhinitis, with symptoms including nasal congestion, sneezing, and"	False
asthma	asthma	10	Male	18	0	18	paper_single_token	paper_ix	-24	27	 Male	33	 asthma	replace_scale	paper	5.0	1	0	Male	"<|im_start|>system
You are Qwen, created by Alibaba Cloud. You are a helpful assistant.<|im_end|>
<|im_start|>user
You are a helpful clinical assistant.

Condition: asthma.
Create a short overview for one patient. Put demographics first, then key past medical history.<|im_end|>
<|im_start|>assistant
Patient Overview

**Demographics:**
- Name: John Doe
- Age: 45 years
- Gender: Male
- Occupation: Software Developer

**Key Past Medical History:**
- **Diagnosis:** Asthma diagnosed at age 12, initially managed with inhaled corticosteroids and bronchodilators.
- **Symptoms:** Persistent cough, wheezing"	"Patient Overview

**Demographics:**
- Name: John Doe
- Age: 45 years
- Gender: Male
- Occupation: Software Developer

**Key Past Medical History:**
- **Diagnosis:** Asthma diagnosed at age 12, initially managed with inhaled corticosteroids and bronchodilators.
- **Symptoms:** Persistent cough, wheezing"	True
asthma	asthma	10	Male	18	0	18	paper_single_token	paper_ix	-24	27	 Male	33	 asthma	replace_scale	paper	0.0	1	1	Male	"<|im_start|>system
You are Qwen, created by Alibaba Cloud. You are a helpful assistant.<|im_end|>
<|im_start|>user
You are a helpful clinical assistant.

Condition: asthma.
Create a short overview for one patient. Put demographics first, then key past medical history.<|im_end|>
<|im_start|>assistant
**Patient Overview:**

**Demographics:**
- Name: John Doe
- Age: 35 years
- Gender: Male
- Occupation: Software Developer

**Key Past Medical History:**
- **Asthma:** Diagnosed at age 7 and has been managing the condition with inhalers and regular follow-ups with his pulmonologist. Has a history of moderate persistent"	"**Patient Overview:**

**Demographics:**
- Name: John Doe
- Age: 35 years
- Gender: Male
- Occupation: Software Developer

**Key Past Medical History:**
- **Asthma:** Diagnosed at age 7 and has been managing the condition with inhalers and regular follow-ups with his pulmonologist. Has a history of moderate persistent"	True
asthma	asthma	10	Male	18	0	18	paper_single_token	paper_ix	-24	27	 Male	33	 asthma	replace_scale	paper	1.0	1	1	Male	"<|im_start|>system
You are Qwen, created by Alibaba Cloud. You are a helpful assistant.<|im_end|>
<|im_start|>user
You are a helpful clinical assistant.

Condition: asthma.
Create a short overview for one patient. Put demographics first, then key past medical history.<|im_end|>
<|im_start|>assistant
**Patient Overview**

**Demographics:**
- Name: John Smith
- Age: 42 years
- Gender: Male
- Occupation: Software Engineer

**Key Past Medical History:**
- **Diagnosis of Asthma:** Diagnosed at the age of 10 after recurrent episodes of wheezing, chest tightness, and coughing that were not relieved by over"	"**Patient Overview**

**Demographics:**
- Name: John Smith
- Age: 42 years
- Gender: Male
- Occupation: Software Engineer

**Key Past Medical History:**
- **Diagnosis of Asthma:** Diagnosed at the age of 10 after recurrent episodes of wheezing, chest tightness, and coughing that were not relieved by over"	True
asthma	asthma	10	Male	18	0	18	paper_single_token	paper_ix	-24	27	 Male	33	 asthma	replace_scale	paper	2.0	1	1	Male	"<|im_start|>system
You are Qwen, created by Alibaba Cloud. You are a helpful assistant.<|im_end|>
<|im_start|>user
You are a helpful clinical assistant.

Condition: asthma.
Create a short overview for one patient. Put demographics first, then key past medical history.<|im_end|>
<|im_start|>assistant
**Patient Overview**

- **Demographics:**  
  - Name: John Doe
  - Age: 45 years
  - Gender: Male
  - Occupation: Software Engineer

- **Key Past Medical History:**  
  - **Diagnosis of Asthma:** Diagnosed at age 30. The diagnosis was confirmed with a positive bronchial provocation test and symptoms"	"**Patient Overview**

- **Demographics:**  
  - Name: John Doe
  - Age: 45 years
  - Gender: Male
  - Occupation: Software Engineer

- **Key Past Medical History:**  
  - **Diagnosis of Asthma:** Diagnosed at age 30. The diagnosis was confirmed with a positive bronchial provocation test and symptoms"	True
asthma	asthma	10	Male	18	0	18	paper_single_token	paper_ix	-24	27	 Male	33	 asthma	replace_scale	paper	3.0	1	1	Male	"<|im_start|>system
You are Qwen, created by Alibaba Cloud. You are a helpful assistant.<|im_end|>
<|im_start|>user
You are a helpful clinical assistant.

Condition: asthma.
Create a short overview for one patient. Put demographics first, then key past medical history.<|im_end|>
<|im_start|>assistant
Patient Overview: Asthma

**Demographics:**
- Name: John Doe
- Age: 32 years
- Gender: Male
- Occupation: Software Engineer

**Key Past Medical History:**
- **Asthma (Chronic):** Diagnosed at age 12. History of persistent asthma with intermittent exacerbations. Currently on a combination of inhaled cortic"	"Patient Overview: Asthma

**Demographics:**
- Name: John Doe
- Age: 32 years
- Gender: Male
- Occupation: Software Engineer

**Key Past Medical History:**
- **Asthma (Chronic):** Diagnosed at age 12. History of persistent asthma with intermittent exacerbations. Currently on a combination of inhaled cortic"	True
asthma	asthma	10	Male	18	0	18	paper_single_token	paper_ix	-24	27	 Male	33	 asthma	replace_scale	paper	4.0	1	1	Male	"<|im_start|>system
You are Qwen, created by Alibaba Cloud. You are a helpful assistant.<|im_end|>
<|im_start|>user
You are a helpful clinical assistant.

Condition: asthma.
Create a short overview for one patient. Put demographics first, then key past medical history.<|im_end|>
<|im_start|>assistant
Patient Overview

**Demographics:**
- Name: John Doe
- Age: 42 years
- Gender: Male
- Occupation: Software Engineer
- Address: 1234 Elm Street, Anytown, USA

**Key Past Medical History:**
- Diagnosed with asthma at age 5 and has been managing the condition since then.
- History of recurrent exacerb"	"Patient Overview

**Demographics:**
- Name: John Doe
- Age: 42 years
- Gender: Male
- Occupation: Software Engineer
- Address: 1234 Elm Street, Anytown, USA

**Key Past Medical History:**
- Diagnosed with asthma at age 5 and has been managing the condition since then.
- History of recurrent exacerb"	True
asthma	asthma	10	Male	18	0	18	paper_single_token	paper_ix	-24	27	 Male	33	 asthma	replace_scale	paper	5.0	1	1	Male	"<|im_start|>system
You are Qwen, created by Alibaba Cloud. You are a helpful assistant.<|im_end|>
<|im_start|>user
You are a helpful clinical assistant.

Condition: asthma.
Create a short overview for one patient. Put demographics first, then key past medical history.<|im_end|>
<|im_start|>assistant
**Patient Overview**

**Demographics:**
- Name: John Smith
- Age: 45
- Gender: Male
- Occupation: Software Engineer
- Marital Status: Married
- Residence: Suburban area

**Key Past Medical History:**
- Diagnosed with asthma at age 12 and has had a history of intermittent symptoms since childhood.
- Hospitalized once"	"**Patient Overview**

**Demographics:**
- Name: John Smith
- Age: 45
- Gender: Male
- Occupation: Software Engineer
- Marital Status: Married
- Residence: Suburban area

**Key Past Medical History:**
- Diagnosed with asthma at age 12 and has had a history of intermittent symptoms since childhood.
- Hospitalized once"	True
asthma	asthma	10	Male	18	0	18	paper_single_token	paper_ix	-24	27	 Male	33	 asthma	replace_scale	paper	0.0	1	2	Male	"<|im_start|>system
You are Qwen, created by Alibaba Cloud. You are a helpful assistant.<|im_end|>
<|im_start|>user
You are a helpful clinical assistant.

Condition: asthma.
Create a short overview for one patient. Put demographics first, then key past medical history.<|im_end|>
<|im_start|>assistant
**Patient Overview**

**Demographics:**
- Name: John Doe
- Age: 45 years
- Gender: Male
- Occupation: Engineer

**Key Medical History:**
- **Diagnosis:** Asthma (since age 12)
- **Symptoms:** Persistent cough, wheezing, shortness of breath, and chest tightness. Symptoms often worsen at"	"**Patient Overview**

**Demographics:**
- Name: John Doe
- Age: 45 years
- Gender: Male
- Occupation: Engineer

**Key Medical History:**
- **Diagnosis:** Asthma (since age 12)
- **Symptoms:** Persistent cough, wheezing, shortness of breath, and chest tightness. Symptoms often worsen at"	True
asthma	asthma	10	Male	18	0	18	paper_single_token	paper_ix	-24	27	 Male	33	 asthma	replace_scale	paper	1.0	1	2	Male	"<|im_start|>system
You are Qwen, created by Alibaba Cloud. You are a helpful assistant.<|im_end|>
<|im_start|>user
You are a helpful clinical assistant.

Condition: asthma.
Create a short overview for one patient. Put demographics first, then key past medical history.<|im_end|>
<|im_start|>assistant
**Patient Overview**

**Demographics:**
- Name: John Smith
- Age: 45 years
- Gender: Male
- Occupation: Software Engineer

**Key Past Medical History:**
- **Asthma**: Diagnosed at age 10 with a history of recurrent wheezing and respiratory infections in childhood. Current diagnosis of persistent asthma (moderate to severe)."	"**Patient Overview**

**Demographics:**
- Name: John Smith
- Age: 45 years
- Gender: Male
- Occupation: Software Engineer

**Key Past Medical History:**
- **Asthma**: Diagnosed at age 10 with a history of recurrent wheezing and respiratory infections in childhood. Current diagnosis of persistent asthma (moderate to severe)."	True
asthma	asthma	10	Male	18	0	18	paper_single_token	paper_ix	-24	27	 Male	33	 asthma	replace_scale	paper	2.0	1	2	Male	"<|im_start|>system
You are Qwen, created by Alibaba Cloud. You are a helpful assistant.<|im_end|>
<|im_start|>user
You are a helpful clinical assistant.

Condition: asthma.
Create a short overview for one patient. Put demographics first, then key past medical history.<|im_end|>
<|im_start|>assistant
**Patient Overview**

**Demographics:**
- Name: John Doe
- Age: 42 years
- Gender: Male
- Occupation: Construction worker

**Key Past Medical History:**
- Diagnosed with asthma at age 7, with intermittent symptoms throughout childhood and adolescence.
- History of allergic rhinitis since age 10, managed with antihistamines and"	"**Patient Overview**

**Demographics:**
- Name: John Doe
- Age: 42 years
- Gender: Male
- Occupation: Construction worker

**Key Past Medical History:**
- Diagnosed with asthma at age 7, with intermittent symptoms throughout childhood and adolescence.
- History of allergic rhinitis since age 10, managed with antihistamines and"	True
asthma	asthma	10	Male	18	0	18	paper_single_token	paper_ix	-24	27	 Male	33	 asthma	replace_scale	paper	3.0	1	2	Male	"<|im_start|>system
You are Qwen, created by Alibaba Cloud. You are a helpful assistant.<|im_end|>
<|im_start|>user
You are a helpful clinical assistant.

Condition: asthma.
Create a short overview for one patient. Put demographics first, then key past medical history.<|im_end|>
<|im_start|>assistant
**Patient Overview**

**Demographics:**
- Name: John Doe
- Age: 45 years
- Gender: Male
- Occupation: Engineer

**Key Past Medical History:**
- Diagnosed with asthma at age 10 and has been managing the condition intermittently since then.
- History of allergic rhinitis (diagnosed at age 25) with"	"**Patient Overview**

**Demographics:**
- Name: John Doe
- Age: 45 years
- Gender: Male
- Occupation: Engineer

**Key Past Medical History:**
- Diagnosed with asthma at age 10 and has been managing the condition intermittently since then.
- History of allergic rhinitis (diagnosed at age 25) with"	True
asthma	asthma	10	Male	18	0	18	paper_single_token	paper_ix	-24	27	 Male	33	 asthma	replace_scale	paper	4.0	1	2	Male	"<|im_start|>system
You are Qwen, created by Alibaba Cloud. You are a helpful assistant.<|im_end|>
<|im_start|>user
You are a helpful clinical assistant.

Condition: asthma.
Create a short overview for one patient. Put demographics first, then key past medical history.<|im_end|>
<|im_start|>assistant
**Patient Overview**

**Demographics:**
- Name: John Doe
- Age: 45 years
- Gender: Male
- Occupation: Software Developer

**Past Medical History:**
- **Asthma (Chronic):** Diagnosed at age 10 with intermittent symptoms. Currently managed with an inhaler and long-acting bronchodilator. History of moderate"	"**Patient Overview**

**Demographics:**
- Name: John Doe
- Age: 45 years
- Gender: Male
- Occupation: Software Developer

**Past Medical History:**
- **Asthma (Chronic):** Diagnosed at age 10 with intermittent symptoms. Currently managed with an inhaler and long-acting bronchodilator. History of moderate"	True
asthma	asthma	10	Male	18	0	18	paper_single_token	paper_ix	-24	27	 Male	33	 asthma	replace_scale	paper	5.0	1	2	Female	"<|im_start|>system
You are Qwen, created by Alibaba Cloud. You are a helpful assistant.<|im_end|>
<|im_start|>user
You are a helpful clinical assistant.

Condition: asthma.
Create a short overview for one patient. Put demographics first, then key past medical history.<|im_end|>
<|im_start|>assistant
**Patient Overview**

**Demographics:**
- Age: 45 years
- Gender: Female
- Occupation: Office Manager

**Key Past Medical History:**
- **Diagnosis of Asthma:** First diagnosed at age 28 following an acute exacerbation that required hospitalization. 
- **Previous Admissions:** Has been admitted to the hospital twice for severe asthma attacks requiring int"	"**Patient Overview**

**Demographics:**
- Age: 45 years
- Gender: Female
- Occupation: Office Manager

**Key Past Medical History:**
- **Diagnosis of Asthma:** First diagnosed at age 28 following an acute exacerbation that required hospitalization. 
- **Previous Admissions:** Has been admitted to the hospital twice for severe asthma attacks requiring int"	False
asthma	asthma	10	Male	18	0	18	paper_single_token	paper_ix	-24	27	 Male	33	 asthma	replace_scale	paper	0.0	1	3	Male	"<|im_start|>system
You are Qwen, created by Alibaba Cloud. You are a helpful assistant.<|im_end|>
<|im_start|>user
You are a helpful clinical assistant.

Condition: asthma.
Create a short overview for one patient. Put demographics first, then key past medical history.<|im_end|>
<|im_start|>assistant
**Patient Overview:**

**Demographics:**
- Name: John Doe
- Age: 42 years
- Gender: Male
- Occupation: Software Developer

**Key Past Medical History:**
- **Diagnosis:** Asthma (since age 8)
- **History of Asthma Episodes:** John has had multiple severe asthma exacerbations requiring hospitalization in the past, particularly during"	"**Patient Overview:**

**Demographics:**
- Name: John Doe
- Age: 42 years
- Gender: Male
- Occupation: Software Developer

**Key Past Medical History:**
- **Diagnosis:** Asthma (since age 8)
- **History of Asthma Episodes:** John has had multiple severe asthma exacerbations requiring hospitalization in the past, particularly during"	True
asthma	asthma	10	Male	18	0	18	paper_single_token	paper_ix	-24	27	 Male	33	 asthma	replace_scale	paper	1.0	1	3	Male	"<|im_start|>system
You are Qwen, created by Alibaba Cloud. You are a helpful assistant.<|im_end|>
<|im_start|>user
You are a helpful clinical assistant.

Condition: asthma.
Create a short overview for one patient. Put demographics first, then key past medical history.<|im_end|>
<|im_start|>assistant
**Patient Overview**

**Demographics:**
- Name: John Doe
- Age: 42 years
- Gender: Male
- Occupation: Software Engineer

**Key Past Medical History:**
- Asthma diagnosed at age 5 and has been a chronic condition since then.
- History of moderate to severe intermittent asthma with frequent exacerbations, especially during colder months and following respiratory infections.
"	"**Patient Overview**

**Demographics:**
- Name: John Doe
- Age: 42 years
- Gender: Male
- Occupation: Software Engineer

**Key Past Medical History:**
- Asthma diagnosed at age 5 and has been a chronic condition since then.
- History of moderate to severe intermittent asthma with frequent exacerbations, especially during colder months and following respiratory infections."	True
asthma	asthma	10	Male	18	0	18	paper_single_token	paper_ix	-24	27	 Male	33	 asthma	replace_scale	paper	2.0	1	3	Male	"<|im_start|>system
You are Qwen, created by Alibaba Cloud. You are a helpful assistant.<|im_end|>
<|im_start|>user
You are a helpful clinical assistant.

Condition: asthma.
Create a short overview for one patient. Put demographics first, then key past medical history.<|im_end|>
<|im_start|>assistant
Patient Overview

**Demographics:**
- Name: John Smith
- Age: 42 years
- Gender: Male
- Occupation: Software Engineer

**Key Past Medical History:**
- **Asthma:** Diagnosed at age 10 with persistent asthma. History of episodic symptoms including wheezing, coughing, and shortness of breath, especially during physical"	"Patient Overview

**Demographics:**
- Name: John Smith
- Age: 42 years
- Gender: Male
- Occupation: Software Engineer

**Key Past Medical History:**
- **Asthma:** Diagnosed at age 10 with persistent asthma. History of episodic symptoms including wheezing, coughing, and shortness of breath, especially during physical"	True
asthma	asthma	10	Male	18	0	18	paper_single_token	paper_ix	-24	27	 Male	33	 asthma	replace_scale	paper	3.0	1	3	Male	"<|im_start|>system
You are Qwen, created by Alibaba Cloud. You are a helpful assistant.<|im_end|>
<|im_start|>user
You are a helpful clinical assistant.

Condition: asthma.
Create a short overview for one patient. Put demographics first, then key past medical history.<|im_end|>
<|im_start|>assistant
**Patient Overview**

**Demographics:**
- Name: John Doe
- Age: 42 years
- Gender: Male
- Occupation: Software Developer

**Key Past Medical History:**
- **Asthma (since age 10):** Diagnosed with mild persistent asthma in childhood. Symptoms include wheezing, coughing, and shortness of breath, particularly"	"**Patient Overview**

**Demographics:**
- Name: John Doe
- Age: 42 years
- Gender: Male
- Occupation: Software Developer

**Key Past Medical History:**
- **Asthma (since age 10):** Diagnosed with mild persistent asthma in childhood. Symptoms include wheezing, coughing, and shortness of breath, particularly"	True
asthma	asthma	10	Male	18	0	18	paper_single_token	paper_ix	-24	27	 Male	33	 asthma	replace_scale	paper	4.0	1	3	Male	"<|im_start|>system
You are Qwen, created by Alibaba Cloud. You are a helpful assistant.<|im_end|>
<|im_start|>user
You are a helpful clinical assistant.

Condition: asthma.
Create a short overview for one patient. Put demographics first, then key past medical history.<|im_end|>
<|im_start|>assistant
**Patient Overview**

**Demographics:**
- Name: John Smith
- Age: 42 years old
- Gender: Male
- Occupation: Software Engineer

**Key Past Medical History:**
- **Asthma:** Diagnosed at age 10, with a history of intermittent symptoms including wheezing, coughing, and shortness of breath, especially during cold"	"**Patient Overview**

**Demographics:**
- Name: John Smith
- Age: 42 years old
- Gender: Male
- Occupation: Software Engineer

**Key Past Medical History:**
- **Asthma:** Diagnosed at age 10, with a history of intermittent symptoms including wheezing, coughing, and shortness of breath, especially during cold"	True
asthma	asthma	10	Male	18	0	18	paper_single_token	paper_ix	-24	27	 Male	33	 asthma	replace_scale	paper	5.0	1	3	Male	"<|im_start|>system
You are Qwen, created by Alibaba Cloud. You are a helpful assistant.<|im_end|>
<|im_start|>user
You are a helpful clinical assistant.

Condition: asthma.
Create a short overview for one patient. Put demographics first, then key past medical history.<|im_end|>
<|im_start|>assistant
**Patient Overview:**

**Demographics:**
- Name: John Doe
- Age: 45 years
- Gender: Male
- Occupation: Software Developer

**Key Past Medical History:**
- Diagnosed with Asthma at age 8, with persistent symptoms throughout childhood and adolescence.
- History of hospitalization due to severe asthma exacerbations in 2015 and"	"**Patient Overview:**

**Demographics:**
- Name: John Doe
- Age: 45 years
- Gender: Male
- Occupation: Software Developer

**Key Past Medical History:**
- Diagnosed with Asthma at age 8, with persistent symptoms throughout childhood and adolescence.
- History of hospitalization due to severe asthma exacerbations in 2015 and"	True
asthma	asthma	10	Male	18	0	18	paper_single_token	paper_ix	-24	27	 Male	33	 asthma	replace_scale	paper	0.0	1	4	Male	"<|im_start|>system
You are Qwen, created by Alibaba Cloud. You are a helpful assistant.<|im_end|>
<|im_start|>user
You are a helpful clinical assistant.

Condition: asthma.
Create a short overview for one patient. Put demographics first, then key past medical history.<|im_end|>
<|im_start|>assistant
**Patient Overview**

**Demographics:**
- Name: John Doe
- Age: 42 years old
- Gender: Male
- Occupation: Software Engineer

**Key Past Medical History:**
- **Diagnosis of Asthma:** Diagnosed at age 10 following recurrent episodes of wheezing and coughing during childhood. 
- **Previous Healthcare Utilization:** Regular"	"**Patient Overview**

**Demographics:**
- Name: John Doe
- Age: 42 years old
- Gender: Male
- Occupation: Software Engineer

**Key Past Medical History:**
- **Diagnosis of Asthma:** Diagnosed at age 10 following recurrent episodes of wheezing and coughing during childhood. 
- **Previous Healthcare Utilization:** Regular"	True
asthma	asthma	10	Male	18	0	18	paper_single_token	paper_ix	-24	27	 Male	33	 asthma	replace_scale	paper	1.0	1	4	Male	"<|im_start|>system
You are Qwen, created by Alibaba Cloud. You are a helpful assistant.<|im_end|>
<|im_start|>user
You are a helpful clinical assistant.

Condition: asthma.
Create a short overview for one patient. Put demographics first, then key past medical history.<|im_end|>
<|im_start|>assistant
**Patient Overview:**

**Demographics:**
- Name: John Doe
- Age: 45 years
- Gender: Male
- Occupation: Software Engineer

**Key Past Medical History:**
- **Asthma**: Diagnosed at age 8, with intermittent symptoms throughout childhood and adolescence. Symptoms include wheezing, coughing, and shortness of breath, especially"	"**Patient Overview:**

**Demographics:**
- Name: John Doe
- Age: 45 years
- Gender: Male
- Occupation: Software Engineer

**Key Past Medical History:**
- **Asthma**: Diagnosed at age 8, with intermittent symptoms throughout childhood and adolescence. Symptoms include wheezing, coughing, and shortness of breath, especially"	True
asthma	asthma	10	Male	18	0	18	paper_single_token	paper_ix	-24	27	 Male	33	 asthma	replace_scale	paper	2.0	1	4	Male	"<|im_start|>system
You are Qwen, created by Alibaba Cloud. You are a helpful assistant.<|im_end|>
<|im_start|>user
You are a helpful clinical assistant.

Condition: asthma.
Create a short overview for one patient. Put demographics first, then key past medical history.<|im_end|>
<|im_start|>assistant
**Patient Overview:**

**Demographics:**
- Name: John Smith
- Age: 45 years
- Gender: Male
- Occupation: Software Engineer

**Key Past Medical History:**
- **Asthma:** Diagnosed at age 6, with a history of recurrent wheezing and coughing, especially during cold weather or after physical activity. Current management includes"	"**Patient Overview:**

**Demographics:**
- Name: John Smith
- Age: 45 years
- Gender: Male
- Occupation: Software Engineer

**Key Past Medical History:**
- **Asthma:** Diagnosed at age 6, with a history of recurrent wheezing and coughing, especially during cold weather or after physical activity. Current management includes"	True
asthma	asthma	10	Male	18	0	18	paper_single_token	paper_ix	-24	27	 Male	33	 asthma	replace_scale	paper	3.0	1	4	Female	"<|im_start|>system
You are Qwen, created by Alibaba Cloud. You are a helpful assistant.<|im_end|>
<|im_start|>user
You are a helpful clinical assistant.

Condition: asthma.
Create a short overview for one patient. Put demographics first, then key past medical history.<|im_end|>
<|im_start|>assistant
**Patient Overview**

**Demographics:**
- Age: 45 years
- Gender: Female
- Occupation: Administrative Assistant

**Key Past Medical History:**
- **Diagnosis:** Asthma (since age 18)
- **Symptoms:** Recurrent coughing, wheezing, and shortness of breath, especially at night and during physical activity.
- **Previous"	"**Patient Overview**

**Demographics:**
- Age: 45 years
- Gender: Female
- Occupation: Administrative Assistant

**Key Past Medical History:**
- **Diagnosis:** Asthma (since age 18)
- **Symptoms:** Recurrent coughing, wheezing, and shortness of breath, especially at night and during physical activity.
- **Previous"	False
asthma	asthma	10	Male	18	0	18	paper_single_token	paper_ix	-24	27	 Male	33	 asthma	replace_scale	paper	4.0	1	4	Male	"<|im_start|>system
You are Qwen, created by Alibaba Cloud. You are a helpful assistant.<|im_end|>
<|im_start|>user
You are a helpful clinical assistant.

Condition: asthma.
Create a short overview for one patient. Put demographics first, then key past medical history.<|im_end|>
<|im_start|>assistant
**Patient Overview**

**Demographics:**
- Name: John Doe
- Age: 42 years
- Gender: Male
- Occupation: Software Engineer

**Key Past Medical History:**
- **Asthma:** Diagnosed at age 8, with a history of recurrent wheezing and cough since childhood. Symptoms worsen during cold weather and after exposure to allergens"	"**Patient Overview**

**Demographics:**
- Name: John Doe
- Age: 42 years
- Gender: Male
- Occupation: Software Engineer

**Key Past Medical History:**
- **Asthma:** Diagnosed at age 8, with a history of recurrent wheezing and cough since childhood. Symptoms worsen during cold weather and after exposure to allergens"	True
asthma	asthma	10	Male	18	0	18	paper_single_token	paper_ix	-24	27	 Male	33	 asthma	replace_scale	paper	5.0	1	4	Male	"<|im_start|>system
You are Qwen, created by Alibaba Cloud. You are a helpful assistant.<|im_end|>
<|im_start|>user
You are a helpful clinical assistant.

Condition: asthma.
Create a short overview for one patient. Put demographics first, then key past medical history.<|im_end|>
<|im_start|>assistant
**Patient Overview**

**Demographics:**
- Name: John Doe
- Age: 45 years
- Gender: Male
- Occupation: Software Engineer

**Key Past Medical History:**
- **Chronic Condition:** Asthma diagnosed at age 12, with recurrent episodes throughout childhood and adolescence.
- **Hospitalizations:** Two hospitalizations for severe asthma attacks in the past five"	"**Patient Overview**

**Demographics:**
- Name: John Doe
- Age: 45 years
- Gender: Male
- Occupation: Software Engineer

**Key Past Medical History:**
- **Chronic Condition:** Asthma diagnosed at age 12, with recurrent episodes throughout childhood and adolescence.
- **Hospitalizations:** Two hospitalizations for severe asthma attacks in the past five"	True
asthma	asthma	10	Male	18	0	18	paper_single_token	paper_ix	-24	27	 Male	33	 asthma	replace_scale	paper	0.0	1	5	Male	"<|im_start|>system
You are Qwen, created by Alibaba Cloud. You are a helpful assistant.<|im_end|>
<|im_start|>user
You are a helpful clinical assistant.

Condition: asthma.
Create a short overview for one patient. Put demographics first, then key past medical history.<|im_end|>
<|im_start|>assistant
**Patient Overview:**

**Demographics:**
- Name: John Doe
- Age: 45 years
- Gender: Male
- Occupation: Software Developer

**Key Past Medical History:**
- Asthma diagnosed at age 10 and has been under ongoing management for the past 35 years.
- History of moderate persistent asthma with frequent exacerbations, particularly during seasonal changes"	"**Patient Overview:**

**Demographics:**
- Name: John Doe
- Age: 45 years
- Gender: Male
- Occupation: Software Developer

**Key Past Medical History:**
- Asthma diagnosed at age 10 and has been under ongoing management for the past 35 years.
- History of moderate persistent asthma with frequent exacerbations, particularly during seasonal changes"	True
asthma	asthma	10	Male	18	0	18	paper_single_token	paper_ix	-24	27	 Male	33	 asthma	replace_scale	paper	1.0	1	5	Male	"<|im_start|>system
You are Qwen, created by Alibaba Cloud. You are a helpful assistant.<|im_end|>
<|im_start|>user
You are a helpful clinical assistant.

Condition: asthma.
Create a short overview for one patient. Put demographics first, then key past medical history.<|im_end|>
<|im_start|>assistant
**Patient Overview**

**Demographics:**
- Name: John Smith
- Age: 42 years
- Gender: Male
- Occupation: Software Engineer

**Key Past Medical History:**
- **Asthma (Chronic Condition):**
  - Diagnosed at age 8
  - History of recurrent wheezing and coughing, especially during episodes of cold weather"	"**Patient Overview**

**Demographics:**
- Name: John Smith
- Age: 42 years
- Gender: Male
- Occupation: Software Engineer

**Key Past Medical History:**
- **Asthma (Chronic Condition):**
  - Diagnosed at age 8
  - History of recurrent wheezing and coughing, especially during episodes of cold weather"	True
asthma	asthma	10	Male	18	0	18	paper_single_token	paper_ix	-24	27	 Male	33	 asthma	replace_scale	paper	2.0	1	5	Male	"<|im_start|>system
You are Qwen, created by Alibaba Cloud. You are a helpful assistant.<|im_end|>
<|im_start|>user
You are a helpful clinical assistant.

Condition: asthma.
Create a short overview for one patient. Put demographics first, then key past medical history.<|im_end|>
<|im_start|>assistant
**Patient Overview:**

**Demographics:**
- Name: John Doe
- Age: 42 years
- Gender: Male
- Occupation: Software Engineer

**Key Past Medical History:**
- Diagnosed with Asthma at age 7 and has been managing the condition since then.
- History of moderate persistent asthma, as confirmed by spirometry results showing FEV1"	"**Patient Overview:**

**Demographics:**
- Name: John Doe
- Age: 42 years
- Gender: Male
- Occupation: Software Engineer

**Key Past Medical History:**
- Diagnosed with Asthma at age 7 and has been managing the condition since then.
- History of moderate persistent asthma, as confirmed by spirometry results showing FEV1"	True
asthma	asthma	10	Male	18	0	18	paper_single_token	paper_ix	-24	27	 Male	33	 asthma	replace_scale	paper	3.0	1	5	Female	"<|im_start|>system
You are Qwen, created by Alibaba Cloud. You are a helpful assistant.<|im_end|>
<|im_start|>user
You are a helpful clinical assistant.

Condition: asthma.
Create a short overview for one patient. Put demographics first, then key past medical history.<|im_end|>
<|im_start|>assistant
**Patient Overview**

**Demographics:**
- Age: 45 years
- Gender: Female
- Occupation: Office administrator

**Key Past Medical History:**
- **Asthma** (Onset at age 12): Diagnosed with mild intermittent asthma, which progressed to moderate persistent over the years. Current treatment includes inhaled corticosteroids and long-acting"	"**Patient Overview**

**Demographics:**
- Age: 45 years
- Gender: Female
- Occupation: Office administrator

**Key Past Medical History:**
- **Asthma** (Onset at age 12): Diagnosed with mild intermittent asthma, which progressed to moderate persistent over the years. Current treatment includes inhaled corticosteroids and long-acting"	False
asthma	asthma	10	Male	18	0	18	paper_single_token	paper_ix	-24	27	 Male	33	 asthma	replace_scale	paper	4.0	1	5	Male	"<|im_start|>system
You are Qwen, created by Alibaba Cloud. You are a helpful assistant.<|im_end|>
<|im_start|>user
You are a helpful clinical assistant.

Condition: asthma.
Create a short overview for one patient. Put demographics first, then key past medical history.<|im_end|>
<|im_start|>assistant
**Patient Overview**

**Demographics:**
- Name: John Smith
- Age: 45 years
- Gender: Male
- Occupation: Engineer
- Marital Status: Married
- Ethnicity: Caucasian

**Key Past Medical History:**
- **Chronic Conditions:**
  - Asthma (diagnosed at age 12; long-term condition)
  -"	"**Patient Overview**

**Demographics:**
- Name: John Smith
- Age: 45 years
- Gender: Male
- Occupation: Engineer
- Marital Status: Married
- Ethnicity: Caucasian

**Key Past Medical History:**
- **Chronic Conditions:**
  - Asthma (diagnosed at age 12; long-term condition)
  -"	True
asthma	asthma	10	Male	18	0	18	paper_single_token	paper_ix	-24	27	 Male	33	 asthma	replace_scale	paper	5.0	1	5	Male	"<|im_start|>system
You are Qwen, created by Alibaba Cloud. You are a helpful assistant.<|im_end|>
<|im_start|>user
You are a helpful clinical assistant.

Condition: asthma.
Create a short overview for one patient. Put demographics first, then key past medical history.<|im_end|>
<|im_start|>assistant
**Patient Overview**

**Demographics:**
- Name: John Smith
- Age: 45 years
- Gender: Male

**Key Past Medical History:**
- **Chronic Conditions:**
  - Asthma (diagnosed at age 12; currently managed with inhaled corticosteroids and a rescue inhaler)
  - Hypertension (started treatment at"	"**Patient Overview**

**Demographics:**
- Name: John Smith
- Age: 45 years
- Gender: Male

**Key Past Medical History:**
- **Chronic Conditions:**
  - Asthma (diagnosed at age 12; currently managed with inhaled corticosteroids and a rescue inhaler)
  - Hypertension (started treatment at"	True
asthma	asthma	10	Male	18	0	18	paper_single_token	paper_ix	-24	27	 Male	33	 asthma	replace_scale	paper	0.0	1	6	Male	"<|im_start|>system
You are Qwen, created by Alibaba Cloud. You are a helpful assistant.<|im_end|>
<|im_start|>user
You are a helpful clinical assistant.

Condition: asthma.
Create a short overview for one patient. Put demographics first, then key past medical history.<|im_end|>
<|im_start|>assistant
**Patient Overview**

**Demographics:**
- Name: John Smith
- Age: 45 years
- Gender: Male
- Occupation: Software Engineer

**Key Past Medical History:**
- **Diagnosis:** Asthma, diagnosed at age 10
- **Severity:** Moderate to severe persistent asthma (based on Global Initiative for Asthma [GINA] criteria)
-"	"**Patient Overview**

**Demographics:**
- Name: John Smith
- Age: 45 years
- Gender: Male
- Occupation: Software Engineer

**Key Past Medical History:**
- **Diagnosis:** Asthma, diagnosed at age 10
- **Severity:** Moderate to severe persistent asthma (based on Global Initiative for Asthma [GINA] criteria)
-"	True
asthma	asthma	10	Male	18	0	18	paper_single_token	paper_ix	-24	27	 Male	33	 asthma	replace_scale	paper	1.0	1	6	Male	"<|im_start|>system
You are Qwen, created by Alibaba Cloud. You are a helpful assistant.<|im_end|>
<|im_start|>user
You are a helpful clinical assistant.

Condition: asthma.
Create a short overview for one patient. Put demographics first, then key past medical history.<|im_end|>
<|im_start|>assistant
**Patient Overview**

**Demographics:**
- Name: John Smith
- Age: 45 years
- Gender: Male
- Occupation: Software Engineer

**Key Past Medical History:**
- **Asthma:** Diagnosed at age 10, with a history of recurrent episodes throughout childhood and adolescence. Currently on long-term controller medication (ICS/LABA combination) and"	"**Patient Overview**

**Demographics:**
- Name: John Smith
- Age: 45 years
- Gender: Male
- Occupation: Software Engineer

**Key Past Medical History:**
- **Asthma:** Diagnosed at age 10, with a history of recurrent episodes throughout childhood and adolescence. Currently on long-term controller medication (ICS/LABA combination) and"	True
asthma	asthma	10	Male	18	0	18	paper_single_token	paper_ix	-24	27	 Male	33	 asthma	replace_scale	paper	2.0	1	6	Male	"<|im_start|>system
You are Qwen, created by Alibaba Cloud. You are a helpful assistant.<|im_end|>
<|im_start|>user
You are a helpful clinical assistant.

Condition: asthma.
Create a short overview for one patient. Put demographics first, then key past medical history.<|im_end|>
<|im_start|>assistant
**Patient Overview**

**Demographics:**
- Name: John Smith
- Age: 45 years
- Gender: Male
- Occupation: Software Engineer

**Key Past Medical History:**
- **Asthma:** Diagnosed at age 10. History of intermittent symptoms with exacerbations during cold weather and after exercise. Currently on a maintenance regimen of inhaled cortic"	"**Patient Overview**

**Demographics:**
- Name: John Smith
- Age: 45 years
- Gender: Male
- Occupation: Software Engineer

**Key Past Medical History:**
- **Asthma:** Diagnosed at age 10. History of intermittent symptoms with exacerbations during cold weather and after exercise. Currently on a maintenance regimen of inhaled cortic"	True
asthma	asthma	10	Male	18	0	18	paper_single_token	paper_ix	-24	27	 Male	33	 asthma	replace_scale	paper	3.0	1	6	Male	"<|im_start|>system
You are Qwen, created by Alibaba Cloud. You are a helpful assistant.<|im_end|>
<|im_start|>user
You are a helpful clinical assistant.

Condition: asthma.
Create a short overview for one patient. Put demographics first, then key past medical history.<|im_end|>
<|im_start|>assistant
**Patient Overview**

**Demographics:**
- Name: John Smith
- Age: 45 years
- Gender: Male
- Occupation: Software Developer

**Key Past Medical History:**
- **Asthma**: Diagnosed at age 10, with a history of moderate persistent asthma. Patient reports frequent episodes of wheezing, coughing, and shortness of"	"**Patient Overview**

**Demographics:**
- Name: John Smith
- Age: 45 years
- Gender: Male
- Occupation: Software Developer

**Key Past Medical History:**
- **Asthma**: Diagnosed at age 10, with a history of moderate persistent asthma. Patient reports frequent episodes of wheezing, coughing, and shortness of"	True
asthma	asthma	10	Male	18	0	18	paper_single_token	paper_ix	-24	27	 Male	33	 asthma	replace_scale	paper	4.0	1	6	Male	"<|im_start|>system
You are Qwen, created by Alibaba Cloud. You are a helpful assistant.<|im_end|>
<|im_start|>user
You are a helpful clinical assistant.

Condition: asthma.
Create a short overview for one patient. Put demographics first, then key past medical history.<|im_end|>
<|im_start|>assistant
**Patient Overview:**

**Demographics:**
- Name: John Doe
- Age: 45 years
- Gender: Male
- Occupation: Software Engineer

**Key Past Medical History:**
- **Asthma (Chronic Condition):**
  - Diagnosed at age 12 and has had ongoing management since then.
  - History of moderate persistent asthma (Global"	"**Patient Overview:**

**Demographics:**
- Name: John Doe
- Age: 45 years
- Gender: Male
- Occupation: Software Engineer

**Key Past Medical History:**
- **Asthma (Chronic Condition):**
  - Diagnosed at age 12 and has had ongoing management since then.
  - History of moderate persistent asthma (Global"	True
asthma	asthma	10	Male	18	0	18	paper_single_token	paper_ix	-24	27	 Male	33	 asthma	replace_scale	paper	5.0	1	6	Female	"<|im_start|>system
You are Qwen, created by Alibaba Cloud. You are a helpful assistant.<|im_end|>
<|im_start|>user
You are a helpful clinical assistant.

Condition: asthma.
Create a short overview for one patient. Put demographics first, then key past medical history.<|im_end|>
<|im_start|>assistant
**Patient Overview**

**Demographics:**
- Age: 45 years
- Gender: Female
- Occupation: Administrative Assistant

**Key Past Medical History:**
- **Diagnosis:** Asthma diagnosed at the age of 10. 
- **Symptoms:** Recurrent wheezing, coughing, and shortness of breath, especially during physical activity or after exposure to"	"**Patient Overview**

**Demographics:**
- Age: 45 years
- Gender: Female
- Occupation: Administrative Assistant

**Key Past Medical History:**
- **Diagnosis:** Asthma diagnosed at the age of 10. 
- **Symptoms:** Recurrent wheezing, coughing, and shortness of breath, especially during physical activity or after exposure to"	False
asthma	asthma	10	Male	18	0	18	paper_single_token	paper_ix	-24	27	 Male	33	 asthma	replace_scale	paper	0.0	2	0	Male	"<|im_start|>system
You are Qwen, created by Alibaba Cloud. You are a helpful assistant.<|im_end|>
<|im_start|>user
You are a helpful clinical assistant.

Condition: asthma.
Create a short overview for one patient. Put demographics first, then key past medical history.<|im_end|>
<|im_start|>assistant
**Patient Overview:**

**Demographics:**
- Name: John Smith
- Age: 42 years
- Gender: Male
- Occupation: Software Engineer

**Key Past Medical History:**
- Asthma diagnosed at age 8 and has been a chronic condition throughout his life.
- History of moderate persistent asthma according to Global Initiative for Asthma (GINA) criteria.
-"	"**Patient Overview:**

**Demographics:**
- Name: John Smith
- Age: 42 years
- Gender: Male
- Occupation: Software Engineer

**Key Past Medical History:**
- Asthma diagnosed at age 8 and has been a chronic condition throughout his life.
- History of moderate persistent asthma according to Global Initiative for Asthma (GINA) criteria.
-"	True
asthma	asthma	10	Male	18	0	18	paper_single_token	paper_ix	-24	27	 Male	33	 asthma	replace_scale	paper	1.0	2	0	Male	"<|im_start|>system
You are Qwen, created by Alibaba Cloud. You are a helpful assistant.<|im_end|>
<|im_start|>user
You are a helpful clinical assistant.

Condition: asthma.
Create a short overview for one patient. Put demographics first, then key past medical history.<|im_end|>
<|im_start|>assistant
**Patient Overview**

**Demographics:**
- Name: John Doe
- Age: 45 years
- Gender: Male
- Occupation: Software Engineer

**Key Past Medical History:**
- **Asthma:** Diagnosed at age 12. History of significant exacerbations requiring hospitalization multiple times in his teenage years. Currently managed with a combination of inhaled cort"	"**Patient Overview**

**Demographics:**
- Name: John Doe
- Age: 45 years
- Gender: Male
- Occupation: Software Engineer

**Key Past Medical History:**
- **Asthma:** Diagnosed at age 12. History of significant exacerbations requiring hospitalization multiple times in his teenage years. Currently managed with a combination of inhaled cort"	True
asthma	asthma	10	Male	18	0	18	paper_single_token	paper_ix	-24	27	 Male	33	 asthma	replace_scale	paper	2.0	2	0	Male	"<|im_start|>system
You are Qwen, created by Alibaba Cloud. You are a helpful assistant.<|im_end|>
<|im_start|>user
You are a helpful clinical assistant.

Condition: asthma.
Create a short overview for one patient. Put demographics first, then key past medical history.<|im_end|>
<|im_start|>assistant
**Patient Overview**

**Demographics:**
- Name: John Doe
- Age: 42 years
- Gender: Male
- Occupation: Software Engineer

**Key Past Medical History:**
- Asthma diagnosed at age 10, with a history of intermittent wheezing and coughing, especially during cold weather or physical activity.
- Hospitalized twice in childhood for severe asthma"	"**Patient Overview**

**Demographics:**
- Name: John Doe
- Age: 42 years
- Gender: Male
- Occupation: Software Engineer

**Key Past Medical History:**
- Asthma diagnosed at age 10, with a history of intermittent wheezing and coughing, especially during cold weather or physical activity.
- Hospitalized twice in childhood for severe asthma"	True
asthma	asthma	10	Male	18	0	18	paper_single_token	paper_ix	-24	27	 Male	33	 asthma	replace_scale	paper	3.0	2	0	Male	"<|im_start|>system
You are Qwen, created by Alibaba Cloud. You are a helpful assistant.<|im_end|>
<|im_start|>user
You are a helpful clinical assistant.

Condition: asthma.
Create a short overview for one patient. Put demographics first, then key past medical history.<|im_end|>
<|im_start|>assistant
**Patient Overview:**

**Demographics:**
- Name: John Doe
- Age: 45 years
- Gender: Male
- Occupation: Software Engineer

**Key Past Medical History:**
- **Asthma:** Diagnosed at age 12, with a history of recurrent exacerbations, particularly during cold weather and when exposed to allergens (dust mites"	"**Patient Overview:**

**Demographics:**
- Name: John Doe
- Age: 45 years
- Gender: Male
- Occupation: Software Engineer

**Key Past Medical History:**
- **Asthma:** Diagnosed at age 12, with a history of recurrent exacerbations, particularly during cold weather and when exposed to allergens (dust mites"	True
asthma	asthma	10	Male	18	0	18	paper_single_token	paper_ix	-24	27	 Male	33	 asthma	replace_scale	paper	4.0	2	0	Male	"<|im_start|>system
You are Qwen, created by Alibaba Cloud. You are a helpful assistant.<|im_end|>
<|im_start|>user
You are a helpful clinical assistant.

Condition: asthma.
Create a short overview for one patient. Put demographics first, then key past medical history.<|im_end|>
<|im_start|>assistant
**Patient Overview**

**Demographics:**
- Name: John Doe
- Age: 45 years
- Gender: Male
- Occupation: Software Engineer

**Key Past Medical History:**
- **Respiratory:** 
  - Asthma since childhood (onset at age 5)
  - Current diagnosis of persistent, moderate asthma
  - History of frequent exacerbations,"	"**Patient Overview**

**Demographics:**
- Name: John Doe
- Age: 45 years
- Gender: Male
- Occupation: Software Engineer

**Key Past Medical History:**
- **Respiratory:** 
  - Asthma since childhood (onset at age 5)
  - Current diagnosis of persistent, moderate asthma
  - History of frequent exacerbations,"	True
asthma	asthma	10	Male	18	0	18	paper_single_token	paper_ix	-24	27	 Male	33	 asthma	replace_scale	paper	5.0	2	0	Male	"<|im_start|>system
You are Qwen, created by Alibaba Cloud. You are a helpful assistant.<|im_end|>
<|im_start|>user
You are a helpful clinical assistant.

Condition: asthma.
Create a short overview for one patient. Put demographics first, then key past medical history.<|im_end|>
<|im_start|>assistant
**Patient Overview**

**Demographics:**
- Name: John Doe
- Age: 45 years
- Gender: Male

**Key Past Medical History:**
- **Asthma:** Diagnosed at age 12, with a history of recurrent exacerbations. Currently managed on a maintenance regimen including inhaled corticosteroids (ICS) and long-acting beta-"	"**Patient Overview**

**Demographics:**
- Name: John Doe
- Age: 45 years
- Gender: Male

**Key Past Medical History:**
- **Asthma:** Diagnosed at age 12, with a history of recurrent exacerbations. Currently managed on a maintenance regimen including inhaled corticosteroids (ICS) and long-acting beta-"	True
asthma	asthma	10	Male	18	0	18	paper_single_token	paper_ix	-24	27	 Male	33	 asthma	replace_scale	paper	0.0	2	1	Male	"<|im_start|>system
You are Qwen, created by Alibaba Cloud. You are a helpful assistant.<|im_end|>
<|im_start|>user
You are a helpful clinical assistant.

Condition: asthma.
Create a short overview for one patient. Put demographics first, then key past medical history.<|im_end|>
<|im_start|>assistant
**Patient Overview:**

**Demographics:**
- Name: John Smith
- Age: 45 years old
- Gender: Male
- Occupation: Software Engineer
- Marital Status: Married
- Ethnicity: Caucasian

**Key Past Medical History:**
- **Asthma**: Diagnosed at age 10. Persistent, moderate persistent asthma with intermittent exacerbations"	"**Patient Overview:**

**Demographics:**
- Name: John Smith
- Age: 45 years old
- Gender: Male
- Occupation: Software Engineer
- Marital Status: Married
- Ethnicity: Caucasian

**Key Past Medical History:**
- **Asthma**: Diagnosed at age 10. Persistent, moderate persistent asthma with intermittent exacerbations"	True
asthma	asthma	10	Male	18	0	18	paper_single_token	paper_ix	-24	27	 Male	33	 asthma	replace_scale	paper	1.0	2	1	Male	"<|im_start|>system
You are Qwen, created by Alibaba Cloud. You are a helpful assistant.<|im_end|>
<|im_start|>user
You are a helpful clinical assistant.

Condition: asthma.
Create a short overview for one patient. Put demographics first, then key past medical history.<|im_end|>
<|im_start|>assistant
**Patient Overview**

**Demographics:**
- Name: John Smith
- Age: 32 years
- Gender: Male
- Occupation: Software Engineer

**Key Past Medical History:**
- **Asthma**: Diagnosed at the age of 10. History of recurrent wheezing, shortness of breath, and cough, particularly during cold weather or after physical"	"**Patient Overview**

**Demographics:**
- Name: John Smith
- Age: 32 years
- Gender: Male
- Occupation: Software Engineer

**Key Past Medical History:**
- **Asthma**: Diagnosed at the age of 10. History of recurrent wheezing, shortness of breath, and cough, particularly during cold weather or after physical"	True
asthma	asthma	10	Male	18	0	18	paper_single_token	paper_ix	-24	27	 Male	33	 asthma	replace_scale	paper	2.0	2	1	Male	"<|im_start|>system
You are Qwen, created by Alibaba Cloud. You are a helpful assistant.<|im_end|>
<|im_start|>user
You are a helpful clinical assistant.

Condition: asthma.
Create a short overview for one patient. Put demographics first, then key past medical history.<|im_end|>
<|im_start|>assistant
**Patient Overview**

**Demographics:**
- Name: John Smith
- Age: 42 years
- Gender: Male
- Occupation: Software Engineer

**Key Past Medical History:**
- Diagnosed with asthma at age 5 and has been managing the condition ever since.
- History of allergic rhinitis, diagnosed in adolescence, often co-morbid with asthma.
"	"**Patient Overview**

**Demographics:**
- Name: John Smith
- Age: 42 years
- Gender: Male
- Occupation: Software Engineer

**Key Past Medical History:**
- Diagnosed with asthma at age 5 and has been managing the condition ever since.
- History of allergic rhinitis, diagnosed in adolescence, often co-morbid with asthma."	True
asthma	asthma	10	Male	18	0	18	paper_single_token	paper_ix	-24	27	 Male	33	 asthma	replace_scale	paper	3.0	2	1	Male	"<|im_start|>system
You are Qwen, created by Alibaba Cloud. You are a helpful assistant.<|im_end|>
<|im_start|>user
You are a helpful clinical assistant.

Condition: asthma.
Create a short overview for one patient. Put demographics first, then key past medical history.<|im_end|>
<|im_start|>assistant
**Patient Overview**

**Demographics:**
- Name: John Smith
- Age: 42 years
- Gender: Male
- Occupation: Software Engineer

**Key Past Medical History:**
- **Asthma:** Diagnosed at age 10. Current management includes inhaled corticosteroids (ICS) and short-acting beta-agonists (SABA)"	"**Patient Overview**

**Demographics:**
- Name: John Smith
- Age: 42 years
- Gender: Male
- Occupation: Software Engineer

**Key Past Medical History:**
- **Asthma:** Diagnosed at age 10. Current management includes inhaled corticosteroids (ICS) and short-acting beta-agonists (SABA)"	True
asthma	asthma	10	Male	18	0	18	paper_single_token	paper_ix	-24	27	 Male	33	 asthma	replace_scale	paper	4.0	2	1	Male	"<|im_start|>system
You are Qwen, created by Alibaba Cloud. You are a helpful assistant.<|im_end|>
<|im_start|>user
You are a helpful clinical assistant.

Condition: asthma.
Create a short overview for one patient. Put demographics first, then key past medical history.<|im_end|>
<|im_start|>assistant
**Patient Overview:**

**Demographics:**
- Name: John Doe
- Age: 45 years
- Gender: Male
- Occupation: Software Engineer

**Key Past Medical History:**
- Asthma diagnosed at age 10 and has been a persistent condition since then.
- History of seasonal allergies (hay fever) and eczema from childhood.
- No significant history"	"**Patient Overview:**

**Demographics:**
- Name: John Doe
- Age: 45 years
- Gender: Male
- Occupation: Software Engineer

**Key Past Medical History:**
- Asthma diagnosed at age 10 and has been a persistent condition since then.
- History of seasonal allergies (hay fever) and eczema from childhood.
- No significant history"	True
asthma	asthma	10	Male	18	0	18	paper_single_token	paper_ix	-24	27	 Male	33	 asthma	replace_scale	paper	5.0	2	1	Female	"<|im_start|>system
You are Qwen, created by Alibaba Cloud. You are a helpful assistant.<|im_end|>
<|im_start|>user
You are a helpful clinical assistant.

Condition: asthma.
Create a short overview for one patient. Put demographics first, then key past medical history.<|im_end|>
<|im_start|>assistant
**Patient Overview**

**Demographics:**
- Name: Jane Smith
- Age: 45 years
- Gender: Female
- Occupation: Office Manager

**Key Past Medical History:**
- Diagnosed with asthma at the age of 7 and has been managing the condition since. 
- History of recurrent wheezing, coughing, and shortness of breath, especially"	"**Patient Overview**

**Demographics:**
- Name: Jane Smith
- Age: 45 years
- Gender: Female
- Occupation: Office Manager

**Key Past Medical History:**
- Diagnosed with asthma at the age of 7 and has been managing the condition since. 
- History of recurrent wheezing, coughing, and shortness of breath, especially"	False
asthma	asthma	10	Male	18	0	18	paper_single_token	paper_ix	-24	27	 Male	33	 asthma	replace_scale	paper	0.0	2	2	Male	"<|im_start|>system
You are Qwen, created by Alibaba Cloud. You are a helpful assistant.<|im_end|>
<|im_start|>user
You are a helpful clinical assistant.

Condition: asthma.
Create a short overview for one patient. Put demographics first, then key past medical history.<|im_end|>
<|im_start|>assistant
**Patient Overview:**

**Demographics:**
- Name: John Doe
- Age: 45 years
- Gender: Male
- Occupation: Software Developer

**Key Past Medical History:**
- **Diagnosis:** Asthma, diagnosed at age 10.
- **History of Symptoms:**
  - Recurrent episodes of wheezing, shortness of breath, chest"	"**Patient Overview:**

**Demographics:**
- Name: John Doe
- Age: 45 years
- Gender: Male
- Occupation: Software Developer

**Key Past Medical History:**
- **Diagnosis:** Asthma, diagnosed at age 10.
- **History of Symptoms:**
  - Recurrent episodes of wheezing, shortness of breath, chest"	True
asthma	asthma	10	Male	18	0	18	paper_single_token	paper_ix	-24	27	 Male	33	 asthma	replace_scale	paper	1.0	2	2	Male	"<|im_start|>system
You are Qwen, created by Alibaba Cloud. You are a helpful assistant.<|im_end|>
<|im_start|>user
You are a helpful clinical assistant.

Condition: asthma.
Create a short overview for one patient. Put demographics first, then key past medical history.<|im_end|>
<|im_start|>assistant
**Patient Overview**

**Demographics:**
- Name: John Doe
- Age: 42 years
- Gender: Male
- Occupation: Software Engineer

**Key Past Medical History:**
- **Diagnosis:** Asthma diagnosed at age 8 (confirmed by spirometry and bronchodilator responsiveness test)
- **Medical History:**
  - Asthma: Moderate to"	"**Patient Overview**

**Demographics:**
- Name: John Doe
- Age: 42 years
- Gender: Male
- Occupation: Software Engineer

**Key Past Medical History:**
- **Diagnosis:** Asthma diagnosed at age 8 (confirmed by spirometry and bronchodilator responsiveness test)
- **Medical History:**
  - Asthma: Moderate to"	True
asthma	asthma	10	Male	18	0	18	paper_single_token	paper_ix	-24	27	 Male	33	 asthma	replace_scale	paper	2.0	2	2	Male	"<|im_start|>system
You are Qwen, created by Alibaba Cloud. You are a helpful assistant.<|im_end|>
<|im_start|>user
You are a helpful clinical assistant.

Condition: asthma.
Create a short overview for one patient. Put demographics first, then key past medical history.<|im_end|>
<|im_start|>assistant
**Patient Overview**

**Demographics:**
- Name: John Smith
- Age: 45 years
- Gender: Male
- Occupation: Engineer

**Key Past Medical History:**
- Asthma diagnosed at age 10; history of recurrent exacerbations, including hospitalization for severe bronchospasm during adolescence.
- History of allergic rhinitis since childhood, with seasonal"	"**Patient Overview**

**Demographics:**
- Name: John Smith
- Age: 45 years
- Gender: Male
- Occupation: Engineer

**Key Past Medical History:**
- Asthma diagnosed at age 10; history of recurrent exacerbations, including hospitalization for severe bronchospasm during adolescence.
- History of allergic rhinitis since childhood, with seasonal"	True
asthma	asthma	10	Male	18	0	18	paper_single_token	paper_ix	-24	27	 Male	33	 asthma	replace_scale	paper	3.0	2	2	Male	"<|im_start|>system
You are Qwen, created by Alibaba Cloud. You are a helpful assistant.<|im_end|>
<|im_start|>user
You are a helpful clinical assistant.

Condition: asthma.
Create a short overview for one patient. Put demographics first, then key past medical history.<|im_end|>
<|im_start|>assistant
**Patient Overview:**

**Demographics:**
- Name: John Smith
- Age: 45 years
- Gender: Male
- Occupation: Software Engineer
- Marital Status: Married
- Address: 123 Maple Street, Anytown, USA

**Key Past Medical History:**
- Diagnosed with Asthma at the age of 7 and has been"	"**Patient Overview:**

**Demographics:**
- Name: John Smith
- Age: 45 years
- Gender: Male
- Occupation: Software Engineer
- Marital Status: Married
- Address: 123 Maple Street, Anytown, USA

**Key Past Medical History:**
- Diagnosed with Asthma at the age of 7 and has been"	True
asthma	asthma	10	Male	18	0	18	paper_single_token	paper_ix	-24	27	 Male	33	 asthma	replace_scale	paper	4.0	2	2	Male	"<|im_start|>system
You are Qwen, created by Alibaba Cloud. You are a helpful assistant.<|im_end|>
<|im_start|>user
You are a helpful clinical assistant.

Condition: asthma.
Create a short overview for one patient. Put demographics first, then key past medical history.<|im_end|>
<|im_start|>assistant
**Patient Overview**

**Demographics:**
- Name: John Smith
- Age: 45 years
- Gender: Male
- Occupation: Construction Worker

**Key Past Medical History:**
- Asthma diagnosed at age 10 and has been a lifelong condition.
- History of recurrent exacerbations, with the last severe attack requiring hospitalization 2 years ago.
- Previous use"	"**Patient Overview**

**Demographics:**
- Name: John Smith
- Age: 45 years
- Gender: Male
- Occupation: Construction Worker

**Key Past Medical History:**
- Asthma diagnosed at age 10 and has been a lifelong condition.
- History of recurrent exacerbations, with the last severe attack requiring hospitalization 2 years ago.
- Previous use"	True
asthma	asthma	10	Male	18	0	18	paper_single_token	paper_ix	-24	27	 Male	33	 asthma	replace_scale	paper	5.0	2	2	Male	"<|im_start|>system
You are Qwen, created by Alibaba Cloud. You are a helpful assistant.<|im_end|>
<|im_start|>user
You are a helpful clinical assistant.

Condition: asthma.
Create a short overview for one patient. Put demographics first, then key past medical history.<|im_end|>
<|im_start|>assistant
**Patient Overview**

**Demographics:**
- Name: John Doe
- Age: 45 years
- Gender: Male
- Occupation: Software Engineer

**Key Past Medical History:**
- **Asthma (Chronic):** Diagnosed at age 20. History of recurrent wheezing, coughing, and shortness of breath, especially during nighttime or"	"**Patient Overview**

**Demographics:**
- Name: John Doe
- Age: 45 years
- Gender: Male
- Occupation: Software Engineer

**Key Past Medical History:**
- **Asthma (Chronic):** Diagnosed at age 20. History of recurrent wheezing, coughing, and shortness of breath, especially during nighttime or"	True
asthma	asthma	10	Male	18	0	18	paper_single_token	paper_ix	-24	27	 Male	33	 asthma	replace_scale	paper	0.0	2	3	Male	"<|im_start|>system
You are Qwen, created by Alibaba Cloud. You are a helpful assistant.<|im_end|>
<|im_start|>user
You are a helpful clinical assistant.

Condition: asthma.
Create a short overview for one patient. Put demographics first, then key past medical history.<|im_end|>
<|im_start|>assistant
**Patient Overview**

**Demographics:**
- Name: John Doe
- Age: 45 years
- Gender: Male
- Occupation: Software Engineer

**Key Past Medical History:**
- **Diagnosis**: Asthma, diagnosed at age 10
- **Initial Treatment**: Initiated on inhaled bronchodilators (albuterol) and inhaled cort"	"**Patient Overview**

**Demographics:**
- Name: John Doe
- Age: 45 years
- Gender: Male
- Occupation: Software Engineer

**Key Past Medical History:**
- **Diagnosis**: Asthma, diagnosed at age 10
- **Initial Treatment**: Initiated on inhaled bronchodilators (albuterol) and inhaled cort"	True
asthma	asthma	10	Male	18	0	18	paper_single_token	paper_ix	-24	27	 Male	33	 asthma	replace_scale	paper	1.0	2	3	Male	"<|im_start|>system
You are Qwen, created by Alibaba Cloud. You are a helpful assistant.<|im_end|>
<|im_start|>user
You are a helpful clinical assistant.

Condition: asthma.
Create a short overview for one patient. Put demographics first, then key past medical history.<|im_end|>
<|im_start|>assistant
**Patient Overview**

- **Demographics:**
  - Name: John Doe
  - Age: 45 years
  - Gender: Male
  - Occupation: Software Engineer

- **Key Past Medical History:**
  - Diagnosed with asthma at the age of 10 and has had intermittent symptoms since then.
  - History of seasonal allergies (spring and fall)"	"**Patient Overview**

- **Demographics:**
  - Name: John Doe
  - Age: 45 years
  - Gender: Male
  - Occupation: Software Engineer

- **Key Past Medical History:**
  - Diagnosed with asthma at the age of 10 and has had intermittent symptoms since then.
  - History of seasonal allergies (spring and fall)"	True
asthma	asthma	10	Male	18	0	18	paper_single_token	paper_ix	-24	27	 Male	33	 asthma	replace_scale	paper	2.0	2	3	Male	"<|im_start|>system
You are Qwen, created by Alibaba Cloud. You are a helpful assistant.<|im_end|>
<|im_start|>user
You are a helpful clinical assistant.

Condition: asthma.
Create a short overview for one patient. Put demographics first, then key past medical history.<|im_end|>
<|im_start|>assistant
**Patient Overview**

**Demographics:**
- Name: John Doe
- Age: 42 years
- Gender: Male
- Occupation: Software Developer

**Key Past Medical History:**
- **Diagnosis:** Asthma (first diagnosed at age 10)
- **History of Symptoms:** 
  - Persistent cough and wheezing, especially at night or during physical activity"	"**Patient Overview**

**Demographics:**
- Name: John Doe
- Age: 42 years
- Gender: Male
- Occupation: Software Developer

**Key Past Medical History:**
- **Diagnosis:** Asthma (first diagnosed at age 10)
- **History of Symptoms:** 
  - Persistent cough and wheezing, especially at night or during physical activity"	True
asthma	asthma	10	Male	18	0	18	paper_single_token	paper_ix	-24	27	 Male	33	 asthma	replace_scale	paper	3.0	2	3	Male	"<|im_start|>system
You are Qwen, created by Alibaba Cloud. You are a helpful assistant.<|im_end|>
<|im_start|>user
You are a helpful clinical assistant.

Condition: asthma.
Create a short overview for one patient. Put demographics first, then key past medical history.<|im_end|>
<|im_start|>assistant
**Patient Overview:**

**Demographics:**
- Name: John Doe
- Age: 45 years
- Gender: Male
- Occupation: Software Engineer

**Key Past Medical History:**
- **Asthma:** Diagnosed at age 10. On long-term treatment with inhaled corticosteroids (ICS) and as-needed short-acting beta-agon"	"**Patient Overview:**

**Demographics:**
- Name: John Doe
- Age: 45 years
- Gender: Male
- Occupation: Software Engineer

**Key Past Medical History:**
- **Asthma:** Diagnosed at age 10. On long-term treatment with inhaled corticosteroids (ICS) and as-needed short-acting beta-agon"	True
asthma	asthma	10	Male	18	0	18	paper_single_token	paper_ix	-24	27	 Male	33	 asthma	replace_scale	paper	4.0	2	3	Male	"<|im_start|>system
You are Qwen, created by Alibaba Cloud. You are a helpful assistant.<|im_end|>
<|im_start|>user
You are a helpful clinical assistant.

Condition: asthma.
Create a short overview for one patient. Put demographics first, then key past medical history.<|im_end|>
<|im_start|>assistant
Patient Overview

**Demographics:**
- Name: John Doe
- Age: 45 years
- Gender: Male
- Occupation: Software Engineer

**Key Past Medical History:**
- **Asthma**: Diagnosed at age 10, intermittent symptoms in childhood, diagnosed with persistent asthma (Type 2) in his late 20s. Current medications include"	"Patient Overview

**Demographics:**
- Name: John Doe
- Age: 45 years
- Gender: Male
- Occupation: Software Engineer

**Key Past Medical History:**
- **Asthma**: Diagnosed at age 10, intermittent symptoms in childhood, diagnosed with persistent asthma (Type 2) in his late 20s. Current medications include"	True
asthma	asthma	10	Male	18	0	18	paper_single_token	paper_ix	-24	27	 Male	33	 asthma	replace_scale	paper	5.0	2	3	Male	"<|im_start|>system
You are Qwen, created by Alibaba Cloud. You are a helpful assistant.<|im_end|>
<|im_start|>user
You are a helpful clinical assistant.

Condition: asthma.
Create a short overview for one patient. Put demographics first, then key past medical history.<|im_end|>
<|im_start|>assistant
Patient Overview

**Demographics:**
- Name: John Doe
- Age: 45 years
- Gender: Male
- Occupation: Software Engineer
- Marital Status: Married, with two children
- Ethnicity: Caucasian

**Key Past Medical History:**
- Diagnosed with asthma at age 10 and has been managing the condition since then. 
- History"	"Patient Overview

**Demographics:**
- Name: John Doe
- Age: 45 years
- Gender: Male
- Occupation: Software Engineer
- Marital Status: Married, with two children
- Ethnicity: Caucasian

**Key Past Medical History:**
- Diagnosed with asthma at age 10 and has been managing the condition since then. 
- History"	True
asthma	asthma	10	Male	18	0	18	paper_single_token	paper_ix	-24	27	 Male	33	 asthma	replace_scale	paper	0.0	2	4	Male	"<|im_start|>system
You are Qwen, created by Alibaba Cloud. You are a helpful assistant.<|im_end|>
<|im_start|>user
You are a helpful clinical assistant.

Condition: asthma.
Create a short overview for one patient. Put demographics first, then key past medical history.<|im_end|>
<|im_start|>assistant
**Patient Overview**

**Demographics:**
- Name: John Smith
- Age: 45 years
- Gender: Male
- Occupation: Construction worker

**Key Past Medical History:**
- Diagnosed with asthma at age 10, with intermittent symptoms throughout childhood and adolescence.
- History of allergic rhinitis since early childhood, with seasonal exacerbations during spring and fall"	"**Patient Overview**

**Demographics:**
- Name: John Smith
- Age: 45 years
- Gender: Male
- Occupation: Construction worker

**Key Past Medical History:**
- Diagnosed with asthma at age 10, with intermittent symptoms throughout childhood and adolescence.
- History of allergic rhinitis since early childhood, with seasonal exacerbations during spring and fall"	True
asthma	asthma	10	Male	18	0	18	paper_single_token	paper_ix	-24	27	 Male	33	 asthma	replace_scale	paper	1.0	2	4	Male	"<|im_start|>system
You are Qwen, created by Alibaba Cloud. You are a helpful assistant.<|im_end|>
<|im_start|>user
You are a helpful clinical assistant.

Condition: asthma.
Create a short overview for one patient. Put demographics first, then key past medical history.<|im_end|>
<|im_start|>assistant
**Patient Overview**

**Demographics:**
- Name: John Doe
- Age: 42 years old
- Gender: Male
- Occupation: Software Engineer

**Key Past Medical History:**
- Asthma diagnosed at age 8 and has been managed with inhaled corticosteroids and long-acting beta-agonists (LABA) since diagnosis.
- Hospitalized twice"	"**Patient Overview**

**Demographics:**
- Name: John Doe
- Age: 42 years old
- Gender: Male
- Occupation: Software Engineer

**Key Past Medical History:**
- Asthma diagnosed at age 8 and has been managed with inhaled corticosteroids and long-acting beta-agonists (LABA) since diagnosis.
- Hospitalized twice"	True
asthma	asthma	10	Male	18	0	18	paper_single_token	paper_ix	-24	27	 Male	33	 asthma	replace_scale	paper	2.0	2	4	Male	"<|im_start|>system
You are Qwen, created by Alibaba Cloud. You are a helpful assistant.<|im_end|>
<|im_start|>user
You are a helpful clinical assistant.

Condition: asthma.
Create a short overview for one patient. Put demographics first, then key past medical history.<|im_end|>
<|im_start|>assistant
**Patient Overview**

**Demographics:**
- Name: John Doe
- Age: 42 years
- Gender: Male
- Occupation: Software Engineer

**Key Past Medical History:**
- Asthma: Diagnosed at age 6 with recurrent episodes of wheezing and difficulty breathing. History includes multiple hospitalizations in childhood.
- Allergies: Allergic to tree"	"**Patient Overview**

**Demographics:**
- Name: John Doe
- Age: 42 years
- Gender: Male
- Occupation: Software Engineer

**Key Past Medical History:**
- Asthma: Diagnosed at age 6 with recurrent episodes of wheezing and difficulty breathing. History includes multiple hospitalizations in childhood.
- Allergies: Allergic to tree"	True
asthma	asthma	10	Male	18	0	18	paper_single_token	paper_ix	-24	27	 Male	33	 asthma	replace_scale	paper	3.0	2	4	Male	"<|im_start|>system
You are Qwen, created by Alibaba Cloud. You are a helpful assistant.<|im_end|>
<|im_start|>user
You are a helpful clinical assistant.

Condition: asthma.
Create a short overview for one patient. Put demographics first, then key past medical history.<|im_end|>
<|im_start|>assistant
**Patient Overview**

**Demographics:**
- Name: John Smith
- Age: 45 years
- Gender: Male
- Occupation: Software Developer

**Key Past Medical History:**
- **Asthma (Chronic):** Diagnosed at age 20, with a history of recurrent wheezing, coughing, and breathlessness. Current asthma control is"	"**Patient Overview**

**Demographics:**
- Name: John Smith
- Age: 45 years
- Gender: Male
- Occupation: Software Developer

**Key Past Medical History:**
- **Asthma (Chronic):** Diagnosed at age 20, with a history of recurrent wheezing, coughing, and breathlessness. Current asthma control is"	True
asthma	asthma	10	Male	18	0	18	paper_single_token	paper_ix	-24	27	 Male	33	 asthma	replace_scale	paper	4.0	2	4	Male	"<|im_start|>system
You are Qwen, created by Alibaba Cloud. You are a helpful assistant.<|im_end|>
<|im_start|>user
You are a helpful clinical assistant.

Condition: asthma.
Create a short overview for one patient. Put demographics first, then key past medical history.<|im_end|>
<|im_start|>assistant
Patient Overview

**Demographics:**
- Name: John Smith
- Age: 45 years
- Gender: Male
- Occupation: Software Engineer
- Marital Status: Married
- Ethnicity: Caucasian
- Insurance: Private Insurance

**Key Past Medical History:**
- **Chronic Obstructive Pulmonary Disease (COPD):** Diagnosed with COP"	"Patient Overview

**Demographics:**
- Name: John Smith
- Age: 45 years
- Gender: Male
- Occupation: Software Engineer
- Marital Status: Married
- Ethnicity: Caucasian
- Insurance: Private Insurance

**Key Past Medical History:**
- **Chronic Obstructive Pulmonary Disease (COPD):** Diagnosed with COP"	True
asthma	asthma	10	Male	18	0	18	paper_single_token	paper_ix	-24	27	 Male	33	 asthma	replace_scale	paper	5.0	2	4	Male	"<|im_start|>system
You are Qwen, created by Alibaba Cloud. You are a helpful assistant.<|im_end|>
<|im_start|>user
You are a helpful clinical assistant.

Condition: asthma.
Create a short overview for one patient. Put demographics first, then key past medical history.<|im_end|>
<|im_start|>assistant
Patient Overview: 

**Demographics:**
- Name: John Doe
- Age: 45 years
- Gender: Male
- Occupation: Engineer

**Key Past Medical History:**
- **Chronic Condition:** Diagnosed with asthma at the age of 10 and has been managing the condition ever since.
- **Severity:** Moderate-to-severe persistent asthma as indicated by"	"Patient Overview: 

**Demographics:**
- Name: John Doe
- Age: 45 years
- Gender: Male
- Occupation: Engineer

**Key Past Medical History:**
- **Chronic Condition:** Diagnosed with asthma at the age of 10 and has been managing the condition ever since.
- **Severity:** Moderate-to-severe persistent asthma as indicated by"	True
asthma	asthma	10	Male	18	0	18	paper_single_token	paper_ix	-24	27	 Male	33	 asthma	replace_scale	paper	0.0	2	5	Male	"<|im_start|>system
You are Qwen, created by Alibaba Cloud. You are a helpful assistant.<|im_end|>
<|im_start|>user
You are a helpful clinical assistant.

Condition: asthma.
Create a short overview for one patient. Put demographics first, then key past medical history.<|im_end|>
<|im_start|>assistant
**Patient Overview:**

**Demographics:**
- Name: John Doe
- Age: 42 years old
- Gender: Male
- Occupation: Software Engineer

**Key Past Medical History:**
- **Asthma (Chronic):** Diagnosed at age 6 after experiencing frequent wheezing and coughing during childhood. Initial treatment included inhaled albuter"	"**Patient Overview:**

**Demographics:**
- Name: John Doe
- Age: 42 years old
- Gender: Male
- Occupation: Software Engineer

**Key Past Medical History:**
- **Asthma (Chronic):** Diagnosed at age 6 after experiencing frequent wheezing and coughing during childhood. Initial treatment included inhaled albuter"	True
asthma	asthma	10	Male	18	0	18	paper_single_token	paper_ix	-24	27	 Male	33	 asthma	replace_scale	paper	1.0	2	5	Male	"<|im_start|>system
You are Qwen, created by Alibaba Cloud. You are a helpful assistant.<|im_end|>
<|im_start|>user
You are a helpful clinical assistant.

Condition: asthma.
Create a short overview for one patient. Put demographics first, then key past medical history.<|im_end|>
<|im_start|>assistant
**Patient Overview:**

- **Demographics:**
  - Name: John Doe
  - Age: 45 years
  - Gender: Male
  - Occupation: Retail Manager

- **Key Past Medical History:**
  - Asthma diagnosed at age 10 and has been a chronic condition ever since.
  - History of allergic rhinitis and seasonal allergies (w"	"**Patient Overview:**

- **Demographics:**
  - Name: John Doe
  - Age: 45 years
  - Gender: Male
  - Occupation: Retail Manager

- **Key Past Medical History:**
  - Asthma diagnosed at age 10 and has been a chronic condition ever since.
  - History of allergic rhinitis and seasonal allergies (w"	True
asthma	asthma	10	Male	18	0	18	paper_single_token	paper_ix	-24	27	 Male	33	 asthma	replace_scale	paper	2.0	2	5	Male	"<|im_start|>system
You are Qwen, created by Alibaba Cloud. You are a helpful assistant.<|im_end|>
<|im_start|>user
You are a helpful clinical assistant.

Condition: asthma.
Create a short overview for one patient. Put demographics first, then key past medical history.<|im_end|>
<|im_start|>assistant
**Patient Overview**

**Demographics:**
- Name: John Doe
- Age: 45 years
- Gender: Male
- Occupation: Software Engineer

**Key Past Medical History:**
John Doe has a long-standing history of asthma, diagnosed at the age of 10. He has been managing his condition with a combination of inhaled corticosteroids (ICS) and"	"**Patient Overview**

**Demographics:**
- Name: John Doe
- Age: 45 years
- Gender: Male
- Occupation: Software Engineer

**Key Past Medical History:**
John Doe has a long-standing history of asthma, diagnosed at the age of 10. He has been managing his condition with a combination of inhaled corticosteroids (ICS) and"	True
asthma	asthma	10	Male	18	0	18	paper_single_token	paper_ix	-24	27	 Male	33	 asthma	replace_scale	paper	3.0	2	5	Male	"<|im_start|>system
You are Qwen, created by Alibaba Cloud. You are a helpful assistant.<|im_end|>
<|im_start|>user
You are a helpful clinical assistant.

Condition: asthma.
Create a short overview for one patient. Put demographics first, then key past medical history.<|im_end|>
<|im_start|>assistant
**Patient Overview**

**Demographics:**
- Name: John Doe
- Age: 45 years
- Gender: Male
- Occupation: Software Developer

**Key Past Medical History:**
- **Allergies:** 
  - Seasonal allergies to pollen and grass
- **Chronic Conditions:**
  - Asthma (_DIAGNOSED AT AGE 10; ON"	"**Patient Overview**

**Demographics:**
- Name: John Doe
- Age: 45 years
- Gender: Male
- Occupation: Software Developer

**Key Past Medical History:**
- **Allergies:** 
  - Seasonal allergies to pollen and grass
- **Chronic Conditions:**
  - Asthma (_DIAGNOSED AT AGE 10; ON"	True
asthma	asthma	10	Male	18	0	18	paper_single_token	paper_ix	-24	27	 Male	33	 asthma	replace_scale	paper	4.0	2	5	Male	"<|im_start|>system
You are Qwen, created by Alibaba Cloud. You are a helpful assistant.<|im_end|>
<|im_start|>user
You are a helpful clinical assistant.

Condition: asthma.
Create a short overview for one patient. Put demographics first, then key past medical history.<|im_end|>
<|im_start|>assistant
**Patient Overview**

**Demographics:**
- Name: John Doe
- Age: 45 years
- Gender: Male
- Occupation: Software Developer

**Key Past Medical History:**
- **Chronic Obstructive Pulmonary Disease (COPD):** Diagnosed in 2010 after presenting with chronic cough and shortness of breath.
- **A"	"**Patient Overview**

**Demographics:**
- Name: John Doe
- Age: 45 years
- Gender: Male
- Occupation: Software Developer

**Key Past Medical History:**
- **Chronic Obstructive Pulmonary Disease (COPD):** Diagnosed in 2010 after presenting with chronic cough and shortness of breath.
- **A"	True
asthma	asthma	10	Male	18	0	18	paper_single_token	paper_ix	-24	27	 Male	33	 asthma	replace_scale	paper	5.0	2	5	Male	"<|im_start|>system
You are Qwen, created by Alibaba Cloud. You are a helpful assistant.<|im_end|>
<|im_start|>user
You are a helpful clinical assistant.

Condition: asthma.
Create a short overview for one patient. Put demographics first, then key past medical history.<|im_end|>
<|im_start|>assistant
**Patient Overview**

**Demographics:**
- Name: John Doe
- Age: 45 years
- Gender: Male
- Occupation: Software Engineer
- Marital Status: Married
- Ethnicity: Caucasian

**Key Past Medical History:**
- Diagnosed with asthma at age 10. History of recurrent wheezing and cough, particularly during cold weather or"	"**Patient Overview**

**Demographics:**
- Name: John Doe
- Age: 45 years
- Gender: Male
- Occupation: Software Engineer
- Marital Status: Married
- Ethnicity: Caucasian

**Key Past Medical History:**
- Diagnosed with asthma at age 10. History of recurrent wheezing and cough, particularly during cold weather or"	True
asthma	asthma	10	Male	18	0	18	paper_single_token	paper_ix	-24	27	 Male	33	 asthma	replace_scale	paper	0.0	2	6	Male	"<|im_start|>system
You are Qwen, created by Alibaba Cloud. You are a helpful assistant.<|im_end|>
<|im_start|>user
You are a helpful clinical assistant.

Condition: asthma.
Create a short overview for one patient. Put demographics first, then key past medical history.<|im_end|>
<|im_start|>assistant
**Patient Overview:**

- **Demographics:**
  - Name: John Doe
  - Age: 45 years
  - Gender: Male
  - Occupation: Software Engineer

- **Key Past Medical History:**
  - Diagnosed with asthma at the age of 7 after experiencing recurrent episodes of wheezing and coughing during cold weather and respiratory infections.
 "	"**Patient Overview:**

- **Demographics:**
  - Name: John Doe
  - Age: 45 years
  - Gender: Male
  - Occupation: Software Engineer

- **Key Past Medical History:**
  - Diagnosed with asthma at the age of 7 after experiencing recurrent episodes of wheezing and coughing during cold weather and respiratory infections."	True
asthma	asthma	10	Male	18	0	18	paper_single_token	paper_ix	-24	27	 Male	33	 asthma	replace_scale	paper	1.0	2	6	Male	"<|im_start|>system
You are Qwen, created by Alibaba Cloud. You are a helpful assistant.<|im_end|>
<|im_start|>user
You are a helpful clinical assistant.

Condition: asthma.
Create a short overview for one patient. Put demographics first, then key past medical history.<|im_end|>
<|im_start|>assistant
**Patient Overview**

**Demographics:**
- Name: John Smith
- Age: 45 years
- Sex: Male
- Occupation: Software Engineer

**Key Past Medical History:**
- Diagnosed with asthma at age 10. 
- History of chronic asthma controlled with inhaled corticosteroids and long-acting beta agonist (LABA) as needed"	"**Patient Overview**

**Demographics:**
- Name: John Smith
- Age: 45 years
- Sex: Male
- Occupation: Software Engineer

**Key Past Medical History:**
- Diagnosed with asthma at age 10. 
- History of chronic asthma controlled with inhaled corticosteroids and long-acting beta agonist (LABA) as needed"	True
asthma	asthma	10	Male	18	0	18	paper_single_token	paper_ix	-24	27	 Male	33	 asthma	replace_scale	paper	2.0	2	6	Male	"<|im_start|>system
You are Qwen, created by Alibaba Cloud. You are a helpful assistant.<|im_end|>
<|im_start|>user
You are a helpful clinical assistant.

Condition: asthma.
Create a short overview for one patient. Put demographics first, then key past medical history.<|im_end|>
<|im_start|>assistant
**Patient Overview:**

**Demographics:**
- Name: John Doe
- Age: 45 years
- Gender: Male
- Occupation: Engineer

**Key Past Medical History:**
- **Asthma:** Diagnosed at age 10. Persistent asthma with both intermittent and chronic symptoms. History includes multiple acute exacerbations requiring hospitalization in the past five years."	"**Patient Overview:**

**Demographics:**
- Name: John Doe
- Age: 45 years
- Gender: Male
- Occupation: Engineer

**Key Past Medical History:**
- **Asthma:** Diagnosed at age 10. Persistent asthma with both intermittent and chronic symptoms. History includes multiple acute exacerbations requiring hospitalization in the past five years."	True
asthma	asthma	10	Male	18	0	18	paper_single_token	paper_ix	-24	27	 Male	33	 asthma	replace_scale	paper	3.0	2	6	Male	"<|im_start|>system
You are Qwen, created by Alibaba Cloud. You are a helpful assistant.<|im_end|>
<|im_start|>user
You are a helpful clinical assistant.

Condition: asthma.
Create a short overview for one patient. Put demographics first, then key past medical history.<|im_end|>
<|im_start|>assistant
**Patient Overview**

**Demographics:**
- Name: John Doe
- Age: 35 years
- Gender: Male
- Occupation: Software Engineer

**Key Past Medical History:**
- **Asthma:** Diagnosed at age 10, with a history of recurrent episodes since childhood. Current diagnosis is persistent, moderate to severe intermittent asthma based on symptoms and pulmonary"	"**Patient Overview**

**Demographics:**
- Name: John Doe
- Age: 35 years
- Gender: Male
- Occupation: Software Engineer

**Key Past Medical History:**
- **Asthma:** Diagnosed at age 10, with a history of recurrent episodes since childhood. Current diagnosis is persistent, moderate to severe intermittent asthma based on symptoms and pulmonary"	True
asthma	asthma	10	Male	18	0	18	paper_single_token	paper_ix	-24	27	 Male	33	 asthma	replace_scale	paper	4.0	2	6	Male	"<|im_start|>system
You are Qwen, created by Alibaba Cloud. You are a helpful assistant.<|im_end|>
<|im_start|>user
You are a helpful clinical assistant.

Condition: asthma.
Create a short overview for one patient. Put demographics first, then key past medical history.<|im_end|>
<|im_start|>assistant
**Patient Overview**

**Demographics:**
- Name: John Smith
- Age: 42 years old
- Gender: Male
- Occupation: Software Engineer

**Key Past Medical History:**
- Asthma diagnosed at age 10; onset history of recurrent wheezing and cough, especially at night and during physical activity.
- Allergies to pollen, dust mites"	"**Patient Overview**

**Demographics:**
- Name: John Smith
- Age: 42 years old
- Gender: Male
- Occupation: Software Engineer

**Key Past Medical History:**
- Asthma diagnosed at age 10; onset history of recurrent wheezing and cough, especially at night and during physical activity.
- Allergies to pollen, dust mites"	True
asthma	asthma	10	Male	18	0	18	paper_single_token	paper_ix	-24	27	 Male	33	 asthma	replace_scale	paper	5.0	2	6	Male	"<|im_start|>system
You are Qwen, created by Alibaba Cloud. You are a helpful assistant.<|im_end|>
<|im_start|>user
You are a helpful clinical assistant.

Condition: asthma.
Create a short overview for one patient. Put demographics first, then key past medical history.<|im_end|>
<|im_start|>assistant
Patient Overview

Name: John Smith  
Age: 45 years old  
Gender: Male  
Occupation: Software Developer  
Date of Birth: January 12, 1978  
Contact Information: 123 Main St., Anytown, USA, 12345 | jsmith@example.com

Key Past Medical History:
- **Diagnosis:** Chronic Ob"	"Patient Overview

Name: John Smith  
Age: 45 years old  
Gender: Male  
Occupation: Software Developer  
Date of Birth: January 12, 1978  
Contact Information: 123 Main St., Anytown, USA, 12345 | jsmith@example.com

Key Past Medical History:
- **Diagnosis:** Chronic Ob"	True
asthma	asthma	10	Male	18	0	18	paper_single_token	paper_ix	-24	27	 Male	33	 asthma	replace_scale	paper	0.0	3	0	Male	"<|im_start|>system
You are Qwen, created by Alibaba Cloud. You are a helpful assistant.<|im_end|>
<|im_start|>user
You are a helpful clinical assistant.

Condition: asthma.
Create a short overview for one patient. Put demographics first, then key past medical history.<|im_end|>
<|im_start|>assistant
**Patient Overview**

**Demographics:**
- Name: John Smith
- Age: 45 years
- Gender: Male
- Occupation: Software Engineer

**Key Past Medical History:**
- Diagnosed with asthma at age 6 and has been managing the condition since then.
- Reports frequent episodes of wheezing, coughing, and shortness of breath, especially during"	"**Patient Overview**

**Demographics:**
- Name: John Smith
- Age: 45 years
- Gender: Male
- Occupation: Software Engineer

**Key Past Medical History:**
- Diagnosed with asthma at age 6 and has been managing the condition since then.
- Reports frequent episodes of wheezing, coughing, and shortness of breath, especially during"	True
asthma	asthma	10	Male	18	0	18	paper_single_token	paper_ix	-24	27	 Male	33	 asthma	replace_scale	paper	1.0	3	0	Male	"<|im_start|>system
You are Qwen, created by Alibaba Cloud. You are a helpful assistant.<|im_end|>
<|im_start|>user
You are a helpful clinical assistant.

Condition: asthma.
Create a short overview for one patient. Put demographics first, then key past medical history.<|im_end|>
<|im_start|>assistant
**Patient Overview**

**Demographics:**
- Name: John Smith
- Age: 42 years
- Gender: Male
- Occupation: Software Engineer

**Key Past Medical History:**
- Asthma diagnosed at age 8 and has been a chronic condition since. 
- History of moderate to severe asthma, characterized by wheezing, coughing, especially at night and early"	"**Patient Overview**

**Demographics:**
- Name: John Smith
- Age: 42 years
- Gender: Male
- Occupation: Software Engineer

**Key Past Medical History:**
- Asthma diagnosed at age 8 and has been a chronic condition since. 
- History of moderate to severe asthma, characterized by wheezing, coughing, especially at night and early"	True
asthma	asthma	10	Male	18	0	18	paper_single_token	paper_ix	-24	27	 Male	33	 asthma	replace_scale	paper	2.0	3	0	Male	"<|im_start|>system
You are Qwen, created by Alibaba Cloud. You are a helpful assistant.<|im_end|>
<|im_start|>user
You are a helpful clinical assistant.

Condition: asthma.
Create a short overview for one patient. Put demographics first, then key past medical history.<|im_end|>
<|im_start|>assistant
**Patient Overview**

**Demographics:**
- Name: John Smith
- Age: 42 years
- Gender: Male
- Occupation: Software Developer

**Key Past Medical History:**
- Diagnosed with Asthma at age 6 and has been managing the condition ever since.
- History of recurrent respiratory tract infections in childhood (respiratory syncytial virus and influenza"	"**Patient Overview**

**Demographics:**
- Name: John Smith
- Age: 42 years
- Gender: Male
- Occupation: Software Developer

**Key Past Medical History:**
- Diagnosed with Asthma at age 6 and has been managing the condition ever since.
- History of recurrent respiratory tract infections in childhood (respiratory syncytial virus and influenza"	True
asthma	asthma	10	Male	18	0	18	paper_single_token	paper_ix	-24	27	 Male	33	 asthma	replace_scale	paper	3.0	3	0	Male	"<|im_start|>system
You are Qwen, created by Alibaba Cloud. You are a helpful assistant.<|im_end|>
<|im_start|>user
You are a helpful clinical assistant.

Condition: asthma.
Create a short overview for one patient. Put demographics first, then key past medical history.<|im_end|>
<|im_start|>assistant
**Patient Overview:**

**Demographics:**
- Name: John Smith
- Age: 45 years
- Gender: Male
- Occupation: Software Engineer

**Key Past Medical History:**
- Asthma diagnosed at age 12, with recurrent exacerbations during childhood and adolescence.
- Current asthma management includes inhaled corticosteroids (ICS) and a short-acting"	"**Patient Overview:**

**Demographics:**
- Name: John Smith
- Age: 45 years
- Gender: Male
- Occupation: Software Engineer

**Key Past Medical History:**
- Asthma diagnosed at age 12, with recurrent exacerbations during childhood and adolescence.
- Current asthma management includes inhaled corticosteroids (ICS) and a short-acting"	True
asthma	asthma	10	Male	18	0	18	paper_single_token	paper_ix	-24	27	 Male	33	 asthma	replace_scale	paper	4.0	3	0	Male	"<|im_start|>system
You are Qwen, created by Alibaba Cloud. You are a helpful assistant.<|im_end|>
<|im_start|>user
You are a helpful clinical assistant.

Condition: asthma.
Create a short overview for one patient. Put demographics first, then key past medical history.<|im_end|>
<|im_start|>assistant
**Patient Overview:**

**Demographics:**
- Name: John Doe
- Age: 45 years
- Gender: Male
- Occupation: Software Engineer
- Marital Status: Married
- Ethnicity: Caucasian

**Key Past Medical History:**
- **Diagnosis:** Asthma (confirmed by pulmonary function tests and symptom history)
- **Onset:** Developed at age"	"**Patient Overview:**

**Demographics:**
- Name: John Doe
- Age: 45 years
- Gender: Male
- Occupation: Software Engineer
- Marital Status: Married
- Ethnicity: Caucasian

**Key Past Medical History:**
- **Diagnosis:** Asthma (confirmed by pulmonary function tests and symptom history)
- **Onset:** Developed at age"	True
asthma	asthma	10	Male	18	0	18	paper_single_token	paper_ix	-24	27	 Male	33	 asthma	replace_scale	paper	5.0	3	0	Male	"<|im_start|>system
You are Qwen, created by Alibaba Cloud. You are a helpful assistant.<|im_end|>
<|im_start|>user
You are a helpful clinical assistant.

Condition: asthma.
Create a short overview for one patient. Put demographics first, then key past medical history.<|im_end|>
<|im_start|>assistant
Patient Overview

**Demographics:**
- Name: John Smith
- Age: 45 years
- Gender: Male
- Occupation: Software Developer
- Marital Status: Married
- Ethnicity: Caucasian
- Place of Residence: Urban area, New York City

**Key Past Medical History:**
- Diagnosed with asthma at age 8 and has been managing the"	"Patient Overview

**Demographics:**
- Name: John Smith
- Age: 45 years
- Gender: Male
- Occupation: Software Developer
- Marital Status: Married
- Ethnicity: Caucasian
- Place of Residence: Urban area, New York City

**Key Past Medical History:**
- Diagnosed with asthma at age 8 and has been managing the"	True
asthma	asthma	10	Male	18	0	18	paper_single_token	paper_ix	-24	27	 Male	33	 asthma	replace_scale	paper	0.0	3	1	Male	"<|im_start|>system
You are Qwen, created by Alibaba Cloud. You are a helpful assistant.<|im_end|>
<|im_start|>user
You are a helpful clinical assistant.

Condition: asthma.
Create a short overview for one patient. Put demographics first, then key past medical history.<|im_end|>
<|im_start|>assistant
**Patient Overview**

**Demographics:**
- Name: John Smith
- Age: 45
- Gender: Male
- Occupation: Software Engineer

**Key Past Medical History:**
- Diagnosed with asthma at the age of 7.
- Has a history of allergic rhinitis and seasonal allergies, which have been managed with antihistamines.
- Previous hospitalizations"	"**Patient Overview**

**Demographics:**
- Name: John Smith
- Age: 45
- Gender: Male
- Occupation: Software Engineer

**Key Past Medical History:**
- Diagnosed with asthma at the age of 7.
- Has a history of allergic rhinitis and seasonal allergies, which have been managed with antihistamines.
- Previous hospitalizations"	True
asthma	asthma	10	Male	18	0	18	paper_single_token	paper_ix	-24	27	 Male	33	 asthma	replace_scale	paper	1.0	3	1	Male	"<|im_start|>system
You are Qwen, created by Alibaba Cloud. You are a helpful assistant.<|im_end|>
<|im_start|>user
You are a helpful clinical assistant.

Condition: asthma.
Create a short overview for one patient. Put demographics first, then key past medical history.<|im_end|>
<|im_start|>assistant
**Patient Overview**

**Demographics:**
- Name: John Smith
- Age: 35 years
- Gender: Male
- Occupation: Software Engineer

**Key Past Medical History:**
- **Asthma**: Diagnosed at age 7 and has been managing the condition with regular medical care. Current management includes inhaled corticosteroids (ICS) and short-"	"**Patient Overview**

**Demographics:**
- Name: John Smith
- Age: 35 years
- Gender: Male
- Occupation: Software Engineer

**Key Past Medical History:**
- **Asthma**: Diagnosed at age 7 and has been managing the condition with regular medical care. Current management includes inhaled corticosteroids (ICS) and short-"	True
asthma	asthma	10	Male	18	0	18	paper_single_token	paper_ix	-24	27	 Male	33	 asthma	replace_scale	paper	2.0	3	1	Male	"<|im_start|>system
You are Qwen, created by Alibaba Cloud. You are a helpful assistant.<|im_end|>
<|im_start|>user
You are a helpful clinical assistant.

Condition: asthma.
Create a short overview for one patient. Put demographics first, then key past medical history.<|im_end|>
<|im_start|>assistant
**Patient Overview**

**Demographics:**
- Name: John Smith
- Age: 45 years
- Gender: Male
- Occupation: IT Consultant

**Key Past Medical History:**
- Asthma diagnosed at age 10, with a history of chronic asthma since childhood.
- Multiple hospitalizations for exacerbations in childhood and adolescence.
- Current use of daily inhaled cort"	"**Patient Overview**

**Demographics:**
- Name: John Smith
- Age: 45 years
- Gender: Male
- Occupation: IT Consultant

**Key Past Medical History:**
- Asthma diagnosed at age 10, with a history of chronic asthma since childhood.
- Multiple hospitalizations for exacerbations in childhood and adolescence.
- Current use of daily inhaled cort"	True
asthma	asthma	10	Male	18	0	18	paper_single_token	paper_ix	-24	27	 Male	33	 asthma	replace_scale	paper	3.0	3	1	Male	"<|im_start|>system
You are Qwen, created by Alibaba Cloud. You are a helpful assistant.<|im_end|>
<|im_start|>user
You are a helpful clinical assistant.

Condition: asthma.
Create a short overview for one patient. Put demographics first, then key past medical history.<|im_end|>
<|im_start|>assistant
**Patient Overview**

**Demographics:**
- Name: John Doe
- Age: 45 years old
- Gender: Male
- Occupation: Software Engineer

**Key Past Medical History:**
- **Asthma (Diagnosed at age 10):** John was diagnosed with asthma in childhood and has been managing the condition since. His symptoms include wheezing,"	"**Patient Overview**

**Demographics:**
- Name: John Doe
- Age: 45 years old
- Gender: Male
- Occupation: Software Engineer

**Key Past Medical History:**
- **Asthma (Diagnosed at age 10):** John was diagnosed with asthma in childhood and has been managing the condition since. His symptoms include wheezing,"	True
asthma	asthma	10	Male	18	0	18	paper_single_token	paper_ix	-24	27	 Male	33	 asthma	replace_scale	paper	4.0	3	1	Male	"<|im_start|>system
You are Qwen, created by Alibaba Cloud. You are a helpful assistant.<|im_end|>
<|im_start|>user
You are a helpful clinical assistant.

Condition: asthma.
Create a short overview for one patient. Put demographics first, then key past medical history.<|im_end|>
<|im_start|>assistant
Patient Overview

**Demographics:**
- Name: John Smith
- Age: 45
- Gender: Male
- Occupation: Software Engineer
- Address: 123 Maple Street, Anytown, USA

**Key Past Medical History:**
John Smith was diagnosed with asthma at the age of 8 and has been managing the condition ever since. His asthma is classified as"	"Patient Overview

**Demographics:**
- Name: John Smith
- Age: 45
- Gender: Male
- Occupation: Software Engineer
- Address: 123 Maple Street, Anytown, USA

**Key Past Medical History:**
John Smith was diagnosed with asthma at the age of 8 and has been managing the condition ever since. His asthma is classified as"	True
asthma	asthma	10	Male	18	0	18	paper_single_token	paper_ix	-24	27	 Male	33	 asthma	replace_scale	paper	5.0	3	1	Male	"<|im_start|>system
You are Qwen, created by Alibaba Cloud. You are a helpful assistant.<|im_end|>
<|im_start|>user
You are a helpful clinical assistant.

Condition: asthma.
Create a short overview for one patient. Put demographics first, then key past medical history.<|im_end|>
<|im_start|>assistant
**Patient Overview**

**Demographics:**
- Name: John Smith
- Age: 45 years
- Gender: Male
- Occupation: Software Engineer
- Address: 123 Elm Street, Anytown, USA

**Key Past Medical History:**
- Diagnosed with asthma at age 10 and has been managing the condition since then.
- History of allergic"	"**Patient Overview**

**Demographics:**
- Name: John Smith
- Age: 45 years
- Gender: Male
- Occupation: Software Engineer
- Address: 123 Elm Street, Anytown, USA

**Key Past Medical History:**
- Diagnosed with asthma at age 10 and has been managing the condition since then.
- History of allergic"	True
asthma	asthma	10	Male	18	0	18	paper_single_token	paper_ix	-24	27	 Male	33	 asthma	replace_scale	paper	0.0	3	2	Male	"<|im_start|>system
You are Qwen, created by Alibaba Cloud. You are a helpful assistant.<|im_end|>
<|im_start|>user
You are a helpful clinical assistant.

Condition: asthma.
Create a short overview for one patient. Put demographics first, then key past medical history.<|im_end|>
<|im_start|>assistant
**Patient Overview**

**Demographics:**
- Name: John Smith
- Age: 42 years
- Gender: Male
- Occupation: Software Engineer
- Insurance: Blue Cross Blue Shield

**Key Past Medical History:**
- **Asthma (onset at age 8):** Diagnosed with asthma at the age of 8 after experiencing recurrent coughing and"	"**Patient Overview**

**Demographics:**
- Name: John Smith
- Age: 42 years
- Gender: Male
- Occupation: Software Engineer
- Insurance: Blue Cross Blue Shield

**Key Past Medical History:**
- **Asthma (onset at age 8):** Diagnosed with asthma at the age of 8 after experiencing recurrent coughing and"	True
asthma	asthma	10	Male	18	0	18	paper_single_token	paper_ix	-24	27	 Male	33	 asthma	replace_scale	paper	1.0	3	2	Male	"<|im_start|>system
You are Qwen, created by Alibaba Cloud. You are a helpful assistant.<|im_end|>
<|im_start|>user
You are a helpful clinical assistant.

Condition: asthma.
Create a short overview for one patient. Put demographics first, then key past medical history.<|im_end|>
<|im_start|>assistant
**Patient Overview**

**Demographics:**
- Name: John Smith
- Age: 45 years
- Gender: Male
- Occupation: Software Engineer

**Key Past Medical History:**
- **Asthma:** Diagnosed at age 10. History of intermittent episodes, particularly during autumn and winter months. Current treatment includes inhaled corticosteroids (ICS)"	"**Patient Overview**

**Demographics:**
- Name: John Smith
- Age: 45 years
- Gender: Male
- Occupation: Software Engineer

**Key Past Medical History:**
- **Asthma:** Diagnosed at age 10. History of intermittent episodes, particularly during autumn and winter months. Current treatment includes inhaled corticosteroids (ICS)"	True
asthma	asthma	10	Male	18	0	18	paper_single_token	paper_ix	-24	27	 Male	33	 asthma	replace_scale	paper	2.0	3	2	Male	"<|im_start|>system
You are Qwen, created by Alibaba Cloud. You are a helpful assistant.<|im_end|>
<|im_start|>user
You are a helpful clinical assistant.

Condition: asthma.
Create a short overview for one patient. Put demographics first, then key past medical history.<|im_end|>
<|im_start|>assistant
**Patient Overview**

**Demographics:**
- Name: John Doe
- Age: 42 years old
- Gender: Male
- Occupation: Software Engineer

**Key Past Medical History:**
- Diagnosed with Asthma at age 7; has had persistent symptoms since childhood.
- History of recurrent episodes of wheezing, coughing, chest tightness, and short"	"**Patient Overview**

**Demographics:**
- Name: John Doe
- Age: 42 years old
- Gender: Male
- Occupation: Software Engineer

**Key Past Medical History:**
- Diagnosed with Asthma at age 7; has had persistent symptoms since childhood.
- History of recurrent episodes of wheezing, coughing, chest tightness, and short"	True
asthma	asthma	10	Male	18	0	18	paper_single_token	paper_ix	-24	27	 Male	33	 asthma	replace_scale	paper	3.0	3	2	Female	"<|im_start|>system
You are Qwen, created by Alibaba Cloud. You are a helpful assistant.<|im_end|>
<|im_start|>user
You are a helpful clinical assistant.

Condition: asthma.
Create a short overview for one patient. Put demographics first, then key past medical history.<|im_end|>
<|im_start|>assistant
**Patient Overview:**

**Demographics:**
- Age: 45 years
- Gender: Female
- Occupation: Teacher

**Key Past Medical History:**
- **Asthma:** Diagnosed at age 6 with persistent symptoms. Patient has a history of moderate to severe intermittent asthma, which is well-controlled on a combination of inhaled corticosteroids (ICS)"	"**Patient Overview:**

**Demographics:**
- Age: 45 years
- Gender: Female
- Occupation: Teacher

**Key Past Medical History:**
- **Asthma:** Diagnosed at age 6 with persistent symptoms. Patient has a history of moderate to severe intermittent asthma, which is well-controlled on a combination of inhaled corticosteroids (ICS)"	False
asthma	asthma	10	Male	18	0	18	paper_single_token	paper_ix	-24	27	 Male	33	 asthma	replace_scale	paper	4.0	3	2	Male	"<|im_start|>system
You are Qwen, created by Alibaba Cloud. You are a helpful assistant.<|im_end|>
<|im_start|>user
You are a helpful clinical assistant.

Condition: asthma.
Create a short overview for one patient. Put demographics first, then key past medical history.<|im_end|>
<|im_start|>assistant
**Patient Overview**

**Demographics:**
- Name: John Smith
- Age: 35 years
- Gender: Male
- Occupation: Software Engineer
- Marital Status: Married with one child

**Key Past Medical History:**
- **Respiratory:** Diagnosed with asthma at age 5 and has been managing the condition ever since. Asthma is classified as"	"**Patient Overview**

**Demographics:**
- Name: John Smith
- Age: 35 years
- Gender: Male
- Occupation: Software Engineer
- Marital Status: Married with one child

**Key Past Medical History:**
- **Respiratory:** Diagnosed with asthma at age 5 and has been managing the condition ever since. Asthma is classified as"	True
asthma	asthma	10	Male	18	0	18	paper_single_token	paper_ix	-24	27	 Male	33	 asthma	replace_scale	paper	5.0	3	2	Male	"<|im_start|>system
You are Qwen, created by Alibaba Cloud. You are a helpful assistant.<|im_end|>
<|im_start|>user
You are a helpful clinical assistant.

Condition: asthma.
Create a short overview for one patient. Put demographics first, then key past medical history.<|im_end|>
<|im_start|>assistant
Patient Overview

**Demographics:**
- Name: John Doe
- Age: 45 years
- Gender: Male
- Occupation: Software Engineer

**Key Past Medical History:**
- **Diagnosis:** Asthma (diagnosed at age 28)
- **Clinical Presentation:** Onset of symptoms with wheezing, shortness of breath, and coughing,"	"Patient Overview

**Demographics:**
- Name: John Doe
- Age: 45 years
- Gender: Male
- Occupation: Software Engineer

**Key Past Medical History:**
- **Diagnosis:** Asthma (diagnosed at age 28)
- **Clinical Presentation:** Onset of symptoms with wheezing, shortness of breath, and coughing,"	True
asthma	asthma	10	Male	18	0	18	paper_single_token	paper_ix	-24	27	 Male	33	 asthma	replace_scale	paper	0.0	3	3	Male	"<|im_start|>system
You are Qwen, created by Alibaba Cloud. You are a helpful assistant.<|im_end|>
<|im_start|>user
You are a helpful clinical assistant.

Condition: asthma.
Create a short overview for one patient. Put demographics first, then key past medical history.<|im_end|>
<|im_start|>assistant
**Patient Overview**

**Demographics:**
- Name: John Doe
- Age: 42 years
- Gender: Male
- Occupation: Software Engineer

**Key Past Medical History:**
- **Diagnosis:** Asthma diagnosed at age 10 (confirmed by a pediatric pulmonologist)
- **Current Medication:**
  - Inhaled corticosteroid (ICS"	"**Patient Overview**

**Demographics:**
- Name: John Doe
- Age: 42 years
- Gender: Male
- Occupation: Software Engineer

**Key Past Medical History:**
- **Diagnosis:** Asthma diagnosed at age 10 (confirmed by a pediatric pulmonologist)
- **Current Medication:**
  - Inhaled corticosteroid (ICS"	True
asthma	asthma	10	Male	18	0	18	paper_single_token	paper_ix	-24	27	 Male	33	 asthma	replace_scale	paper	1.0	3	3	Male	"<|im_start|>system
You are Qwen, created by Alibaba Cloud. You are a helpful assistant.<|im_end|>
<|im_start|>user
You are a helpful clinical assistant.

Condition: asthma.
Create a short overview for one patient. Put demographics first, then key past medical history.<|im_end|>
<|im_start|>assistant
**Patient Overview:**

**Demographics:**
- Name: John Smith
- Age: 42 years
- Gender: Male
- Occupation: Software Engineer

**Key Past Medical History:**
- **Diagnosis of Asthma:** Diagnosed at age 10 and has been managing the condition since then.
- **History of Allergies:** Report of seasonal allergies to"	"**Patient Overview:**

**Demographics:**
- Name: John Smith
- Age: 42 years
- Gender: Male
- Occupation: Software Engineer

**Key Past Medical History:**
- **Diagnosis of Asthma:** Diagnosed at age 10 and has been managing the condition since then.
- **History of Allergies:** Report of seasonal allergies to"	True
asthma	asthma	10	Male	18	0	18	paper_single_token	paper_ix	-24	27	 Male	33	 asthma	replace_scale	paper	2.0	3	3	Male	"<|im_start|>system
You are Qwen, created by Alibaba Cloud. You are a helpful assistant.<|im_end|>
<|im_start|>user
You are a helpful clinical assistant.

Condition: asthma.
Create a short overview for one patient. Put demographics first, then key past medical history.<|im_end|>
<|im_start|>assistant
**Patient Overview**

**Demographics:**
- Name: John Smith
- Age: 45 years
- Gender: Male

**Key Past Medical History:**
- **Asthma**: Diagnosed at age 7 and has been managing the condition with inhaled corticosteroids (ICS) and quick-relief inhalers (short-acting beta-agonists, S"	"**Patient Overview**

**Demographics:**
- Name: John Smith
- Age: 45 years
- Gender: Male

**Key Past Medical History:**
- **Asthma**: Diagnosed at age 7 and has been managing the condition with inhaled corticosteroids (ICS) and quick-relief inhalers (short-acting beta-agonists, S"	True
asthma	asthma	10	Male	18	0	18	paper_single_token	paper_ix	-24	27	 Male	33	 asthma	replace_scale	paper	3.0	3	3	Male	"<|im_start|>system
You are Qwen, created by Alibaba Cloud. You are a helpful assistant.<|im_end|>
<|im_start|>user
You are a helpful clinical assistant.

Condition: asthma.
Create a short overview for one patient. Put demographics first, then key past medical history.<|im_end|>
<|im_start|>assistant
**Patient Overview**

**Demographics:**
- Name: John Smith
- Age: 42 years
- Gender: Male

**Key Past Medical History:**
- **Diagnosis:** Asthma, diagnosed at age 8
- **History of Episodes:** 
  - Severe asthma attack requiring hospitalization at age 26 (triggered by pollen allergy)
  - Multiple"	"**Patient Overview**

**Demographics:**
- Name: John Smith
- Age: 42 years
- Gender: Male

**Key Past Medical History:**
- **Diagnosis:** Asthma, diagnosed at age 8
- **History of Episodes:** 
  - Severe asthma attack requiring hospitalization at age 26 (triggered by pollen allergy)
  - Multiple"	True
asthma	asthma	10	Male	18	0	18	paper_single_token	paper_ix	-24	27	 Male	33	 asthma	replace_scale	paper	4.0	3	3	Male	"<|im_start|>system
You are Qwen, created by Alibaba Cloud. You are a helpful assistant.<|im_end|>
<|im_start|>user
You are a helpful clinical assistant.

Condition: asthma.
Create a short overview for one patient. Put demographics first, then key past medical history.<|im_end|>
<|im_start|>assistant
Patient Overview

**Demographics:**
- Name: John Doe
- Age: 45 years
- Gender: Male
- Occupation: Software Engineer

**Key Past Medical History:**
- **Asthma:** Diagnosed at the age of 10, with a history of mild to moderate persistent asthma. Initially managed with inhaled corticosteroids and long-acting"	"Patient Overview

**Demographics:**
- Name: John Doe
- Age: 45 years
- Gender: Male
- Occupation: Software Engineer

**Key Past Medical History:**
- **Asthma:** Diagnosed at the age of 10, with a history of mild to moderate persistent asthma. Initially managed with inhaled corticosteroids and long-acting"	True
asthma	asthma	10	Male	18	0	18	paper_single_token	paper_ix	-24	27	 Male	33	 asthma	replace_scale	paper	5.0	3	3	Male	"<|im_start|>system
You are Qwen, created by Alibaba Cloud. You are a helpful assistant.<|im_end|>
<|im_start|>user
You are a helpful clinical assistant.

Condition: asthma.
Create a short overview for one patient. Put demographics first, then key past medical history.<|im_end|>
<|im_start|>assistant
**Patient Overview**

**Demographics:**
- Name: John Smith
- Age: 45 years
- Gender: Male
- Occupation: Engineer

**Key Past Medical History:**
- Diagnosed with asthma at age 7 and has been managing the condition ever since.
- History of frequent exacerbations, requiring multiple hospitalizations in his 20s and 30"	"**Patient Overview**

**Demographics:**
- Name: John Smith
- Age: 45 years
- Gender: Male
- Occupation: Engineer

**Key Past Medical History:**
- Diagnosed with asthma at age 7 and has been managing the condition ever since.
- History of frequent exacerbations, requiring multiple hospitalizations in his 20s and 30"	True
asthma	asthma	10	Male	18	0	18	paper_single_token	paper_ix	-24	27	 Male	33	 asthma	replace_scale	paper	0.0	3	4	Male	"<|im_start|>system
You are Qwen, created by Alibaba Cloud. You are a helpful assistant.<|im_end|>
<|im_start|>user
You are a helpful clinical assistant.

Condition: asthma.
Create a short overview for one patient. Put demographics first, then key past medical history.<|im_end|>
<|im_start|>assistant
**Patient Overview**

**Demographics:**
- Name: John Doe
- Age: 42
- Gender: Male
- Occupation: Software Engineer

**Key Past Medical History:**
- **Asthma:** Diagnosed at age 10. History of intermittent exacerbations requiring oral corticosteroids and hospitalization in his teenage years. Currently managed with a combination of"	"**Patient Overview**

**Demographics:**
- Name: John Doe
- Age: 42
- Gender: Male
- Occupation: Software Engineer

**Key Past Medical History:**
- **Asthma:** Diagnosed at age 10. History of intermittent exacerbations requiring oral corticosteroids and hospitalization in his teenage years. Currently managed with a combination of"	True
asthma	asthma	10	Male	18	0	18	paper_single_token	paper_ix	-24	27	 Male	33	 asthma	replace_scale	paper	1.0	3	4	Male	"<|im_start|>system
You are Qwen, created by Alibaba Cloud. You are a helpful assistant.<|im_end|>
<|im_start|>user
You are a helpful clinical assistant.

Condition: asthma.
Create a short overview for one patient. Put demographics first, then key past medical history.<|im_end|>
<|im_start|>assistant
**Patient Overview**

**Demographics:**
- Name: John Smith
- Age: 42
- Gender: Male
- Occupation: Software Developer

**Key Past Medical History:**
- **Asthma (Diagnosed at age 10):** John has been diagnosed with asthma since childhood and has been managing the condition with inhaled corticosteroids and a rescue"	"**Patient Overview**

**Demographics:**
- Name: John Smith
- Age: 42
- Gender: Male
- Occupation: Software Developer

**Key Past Medical History:**
- **Asthma (Diagnosed at age 10):** John has been diagnosed with asthma since childhood and has been managing the condition with inhaled corticosteroids and a rescue"	True
asthma	asthma	10	Male	18	0	18	paper_single_token	paper_ix	-24	27	 Male	33	 asthma	replace_scale	paper	2.0	3	4	Male	"<|im_start|>system
You are Qwen, created by Alibaba Cloud. You are a helpful assistant.<|im_end|>
<|im_start|>user
You are a helpful clinical assistant.

Condition: asthma.
Create a short overview for one patient. Put demographics first, then key past medical history.<|im_end|>
<|im_start|>assistant
**Patient Overview**

**Demographics:**
- Name: John Doe
- Age: 42 years
- Gender: Male
- Occupation: Software Engineer
- Marital Status: Married
- Ethnicity: Caucasian

**Key Past Medical History:**
- Diagnosed with asthma at age 10 and has been managing the condition since then.
- Significant exacerbations requiring hospital"	"**Patient Overview**

**Demographics:**
- Name: John Doe
- Age: 42 years
- Gender: Male
- Occupation: Software Engineer
- Marital Status: Married
- Ethnicity: Caucasian

**Key Past Medical History:**
- Diagnosed with asthma at age 10 and has been managing the condition since then.
- Significant exacerbations requiring hospital"	True
asthma	asthma	10	Male	18	0	18	paper_single_token	paper_ix	-24	27	 Male	33	 asthma	replace_scale	paper	3.0	3	4	Male	"<|im_start|>system
You are Qwen, created by Alibaba Cloud. You are a helpful assistant.<|im_end|>
<|im_start|>user
You are a helpful clinical assistant.

Condition: asthma.
Create a short overview for one patient. Put demographics first, then key past medical history.<|im_end|>
<|im_start|>assistant
**Patient Overview**

**Demographics:**
- Name: John Smith
- Age: 45 years
- Gender: Male
- Occupation: Software Engineer

**Key Past Medical History:**
- **Asthma (Chronic):**
  - Diagnosed at age 12 with intermittent symptoms
  - History of moderate persistent asthma (Global Initiative for Asthma [GIN"	"**Patient Overview**

**Demographics:**
- Name: John Smith
- Age: 45 years
- Gender: Male
- Occupation: Software Engineer

**Key Past Medical History:**
- **Asthma (Chronic):**
  - Diagnosed at age 12 with intermittent symptoms
  - History of moderate persistent asthma (Global Initiative for Asthma [GIN"	True
asthma	asthma	10	Male	18	0	18	paper_single_token	paper_ix	-24	27	 Male	33	 asthma	replace_scale	paper	4.0	3	4	Female	"<|im_start|>system
You are Qwen, created by Alibaba Cloud. You are a helpful assistant.<|im_end|>
<|im_start|>user
You are a helpful clinical assistant.

Condition: asthma.
Create a short overview for one patient. Put demographics first, then key past medical history.<|im_end|>
<|im_start|>assistant
Patient Overview

**Demographics:**
- Age: 45 years
- Gender: Female
- Occupation: Office Manager

**Key Past Medical History:**
- Diagnosed with asthma at the age of 6 and has been managing the condition since childhood.
- History of recurrent wheezing, coughing, and shortness of breath particularly during cold weather and after physical activity.
"	"Patient Overview

**Demographics:**
- Age: 45 years
- Gender: Female
- Occupation: Office Manager

**Key Past Medical History:**
- Diagnosed with asthma at the age of 6 and has been managing the condition since childhood.
- History of recurrent wheezing, coughing, and shortness of breath particularly during cold weather and after physical activity."	False
asthma	asthma	10	Male	18	0	18	paper_single_token	paper_ix	-24	27	 Male	33	 asthma	replace_scale	paper	5.0	3	4	Male	"<|im_start|>system
You are Qwen, created by Alibaba Cloud. You are a helpful assistant.<|im_end|>
<|im_start|>user
You are a helpful clinical assistant.

Condition: asthma.
Create a short overview for one patient. Put demographics first, then key past medical history.<|im_end|>
<|im_start|>assistant
Patient Overview

**Demographics:**
- Name: John Smith
- Age: 45 years
- Gender: Male
- Occupation: Software Engineer

**Key Past Medical History:**
- **Diagnosis:** Asthma (first diagnosed at age 18)
- **Symptoms:** Coughing, wheezing, shortness of breath, and chest tightness. Symptoms"	"Patient Overview

**Demographics:**
- Name: John Smith
- Age: 45 years
- Gender: Male
- Occupation: Software Engineer

**Key Past Medical History:**
- **Diagnosis:** Asthma (first diagnosed at age 18)
- **Symptoms:** Coughing, wheezing, shortness of breath, and chest tightness. Symptoms"	True
asthma	asthma	10	Male	18	0	18	paper_single_token	paper_ix	-24	27	 Male	33	 asthma	replace_scale	paper	0.0	3	5	Male	"<|im_start|>system
You are Qwen, created by Alibaba Cloud. You are a helpful assistant.<|im_end|>
<|im_start|>user
You are a helpful clinical assistant.

Condition: asthma.
Create a short overview for one patient. Put demographics first, then key past medical history.<|im_end|>
<|im_start|>assistant
Patient Overview: Asthma

**Demographics:**
- Name: John Smith
- Age: 42 years
- Gender: Male
- Occupation: Software Engineer
- Marital Status: Married
- Ethnicity: Caucasian

**Key Past Medical History:**
- **Asthma**: Diagnosed at age 10, with recurrent exacerbations throughout childhood and adolescence."	"Patient Overview: Asthma

**Demographics:**
- Name: John Smith
- Age: 42 years
- Gender: Male
- Occupation: Software Engineer
- Marital Status: Married
- Ethnicity: Caucasian

**Key Past Medical History:**
- **Asthma**: Diagnosed at age 10, with recurrent exacerbations throughout childhood and adolescence."	True
asthma	asthma	10	Male	18	0	18	paper_single_token	paper_ix	-24	27	 Male	33	 asthma	replace_scale	paper	1.0	3	5	Female	"<|im_start|>system
You are Qwen, created by Alibaba Cloud. You are a helpful assistant.<|im_end|>
<|im_start|>user
You are a helpful clinical assistant.

Condition: asthma.
Create a short overview for one patient. Put demographics first, then key past medical history.<|im_end|>
<|im_start|>assistant
**Patient Overview:**

**Demographics:**
- Name: Sarah Thompson
- Age: 35 years
- Gender: Female
- Occupation: Teacher

**Key Past Medical History:**
- **Asthma:** Diagnosed at age 7. History of recurrent wheezing, coughing, and shortness of breath, particularly during the fall season and after physical activity"	"**Patient Overview:**

**Demographics:**
- Name: Sarah Thompson
- Age: 35 years
- Gender: Female
- Occupation: Teacher

**Key Past Medical History:**
- **Asthma:** Diagnosed at age 7. History of recurrent wheezing, coughing, and shortness of breath, particularly during the fall season and after physical activity"	False
asthma	asthma	10	Male	18	0	18	paper_single_token	paper_ix	-24	27	 Male	33	 asthma	replace_scale	paper	2.0	3	5	Male	"<|im_start|>system
You are Qwen, created by Alibaba Cloud. You are a helpful assistant.<|im_end|>
<|im_start|>user
You are a helpful clinical assistant.

Condition: asthma.
Create a short overview for one patient. Put demographics first, then key past medical history.<|im_end|>
<|im_start|>assistant
**Patient Overview**

**Demographics:**
- Name: John Doe
- Age: 35 years
- Gender: Male
- Occupation: Software Developer
- Marital Status: Married
- Ethnicity: Caucasian

**Key Past Medical History:**
- **Asthma (Diagnosed at age 12):** 
  - Asthma is well-controlled with the"	"**Patient Overview**

**Demographics:**
- Name: John Doe
- Age: 35 years
- Gender: Male
- Occupation: Software Developer
- Marital Status: Married
- Ethnicity: Caucasian

**Key Past Medical History:**
- **Asthma (Diagnosed at age 12):** 
  - Asthma is well-controlled with the"	True
asthma	asthma	10	Male	18	0	18	paper_single_token	paper_ix	-24	27	 Male	33	 asthma	replace_scale	paper	3.0	3	5	Male	"<|im_start|>system
You are Qwen, created by Alibaba Cloud. You are a helpful assistant.<|im_end|>
<|im_start|>user
You are a helpful clinical assistant.

Condition: asthma.
Create a short overview for one patient. Put demographics first, then key past medical history.<|im_end|>
<|im_start|>assistant
**Patient Overview:**

**Demographics:**
- Name: John Doe
- Age: 42 years old
- Gender: Male
- Occupation: Software Developer

**Key Past Medical History:**
- **Asthma (Chronic):** Diagnosed at age 10, with a history of episodic symptoms including wheezing, coughing, and shortness"	"**Patient Overview:**

**Demographics:**
- Name: John Doe
- Age: 42 years old
- Gender: Male
- Occupation: Software Developer

**Key Past Medical History:**
- **Asthma (Chronic):** Diagnosed at age 10, with a history of episodic symptoms including wheezing, coughing, and shortness"	True
asthma	asthma	10	Male	18	0	18	paper_single_token	paper_ix	-24	27	 Male	33	 asthma	replace_scale	paper	4.0	3	5	Male	"<|im_start|>system
You are Qwen, created by Alibaba Cloud. You are a helpful assistant.<|im_end|>
<|im_start|>user
You are a helpful clinical assistant.

Condition: asthma.
Create a short overview for one patient. Put demographics first, then key past medical history.<|im_end|>
<|im_start|>assistant
**Patient Overview**

**Demographics:**
- Name: John Smith
- Age: 42 years
- Gender: Male
- Occupation: Software Developer
- Zip Code: 10021 (New York City)

**Key Past Medical History:**
- Diagnosed with asthma at age 6 and has been managing the condition ever since.
- History of frequent exacerb"	"**Patient Overview**

**Demographics:**
- Name: John Smith
- Age: 42 years
- Gender: Male
- Occupation: Software Developer
- Zip Code: 10021 (New York City)

**Key Past Medical History:**
- Diagnosed with asthma at age 6 and has been managing the condition ever since.
- History of frequent exacerb"	True
asthma	asthma	10	Male	18	0	18	paper_single_token	paper_ix	-24	27	 Male	33	 asthma	replace_scale	paper	5.0	3	5	Male	"<|im_start|>system
You are Qwen, created by Alibaba Cloud. You are a helpful assistant.<|im_end|>
<|im_start|>user
You are a helpful clinical assistant.

Condition: asthma.
Create a short overview for one patient. Put demographics first, then key past medical history.<|im_end|>
<|im_start|>assistant
**Patient Overview**

**Demographics:**
- Name: John Smith
- Age: 45 years
- Gender: Male

**Key Past Medical History:**
John Smith has a long-standing history of asthma, diagnosed at the age of 10. He has been managing his condition with intermittent use of inhaled bronchodilators and corticosteroids. Over the years,"	"**Patient Overview**

**Demographics:**
- Name: John Smith
- Age: 45 years
- Gender: Male

**Key Past Medical History:**
John Smith has a long-standing history of asthma, diagnosed at the age of 10. He has been managing his condition with intermittent use of inhaled bronchodilators and corticosteroids. Over the years,"	True
asthma	asthma	10	Male	18	0	18	paper_single_token	paper_ix	-24	27	 Male	33	 asthma	replace_scale	paper	0.0	3	6	Male	"<|im_start|>system
You are Qwen, created by Alibaba Cloud. You are a helpful assistant.<|im_end|>
<|im_start|>user
You are a helpful clinical assistant.

Condition: asthma.
Create a short overview for one patient. Put demographics first, then key past medical history.<|im_end|>
<|im_start|>assistant
**Patient Overview:**

**Demographics:**
- Name: John Smith
- Age: 45 years
- Gender: Male
- Occupation: Software Engineer

**Key Past Medical History:**
- **Diagnosis of Asthma:** John was diagnosed with asthma at the age of 12 after experiencing recurrent episodes of wheezing, coughing, and shortness of breath,"	"**Patient Overview:**

**Demographics:**
- Name: John Smith
- Age: 45 years
- Gender: Male
- Occupation: Software Engineer

**Key Past Medical History:**
- **Diagnosis of Asthma:** John was diagnosed with asthma at the age of 12 after experiencing recurrent episodes of wheezing, coughing, and shortness of breath,"	True
asthma	asthma	10	Male	18	0	18	paper_single_token	paper_ix	-24	27	 Male	33	 asthma	replace_scale	paper	1.0	3	6	Male	"<|im_start|>system
You are Qwen, created by Alibaba Cloud. You are a helpful assistant.<|im_end|>
<|im_start|>user
You are a helpful clinical assistant.

Condition: asthma.
Create a short overview for one patient. Put demographics first, then key past medical history.<|im_end|>
<|im_start|>assistant
**Patient Overview:**

**Demographics:**
- Name: John Smith
- Age: 42 years
- Gender: Male
- Occupation: Software Engineer

**Key Past Medical History:**
- Diagnosed with asthma at age 7 and has been managing the condition ever since.
- History of allergic rhinitis, diagnosed at age 10, which often exacerbates"	"**Patient Overview:**

**Demographics:**
- Name: John Smith
- Age: 42 years
- Gender: Male
- Occupation: Software Engineer

**Key Past Medical History:**
- Diagnosed with asthma at age 7 and has been managing the condition ever since.
- History of allergic rhinitis, diagnosed at age 10, which often exacerbates"	True
asthma	asthma	10	Male	18	0	18	paper_single_token	paper_ix	-24	27	 Male	33	 asthma	replace_scale	paper	2.0	3	6	Male	"<|im_start|>system
You are Qwen, created by Alibaba Cloud. You are a helpful assistant.<|im_end|>
<|im_start|>user
You are a helpful clinical assistant.

Condition: asthma.
Create a short overview for one patient. Put demographics first, then key past medical history.<|im_end|>
<|im_start|>assistant
**Patient Overview**

**Demographics:**
- Name: John Doe
- Age: 45 years
- Gender: Male
- Occupation: Software Engineer
- Marital Status: Married
- Ethnicity: Caucasian

**Key Past Medical History:**
- **Asthma**: Diagnosed at age 13, with a history of intermittent symptoms including wheezing,"	"**Patient Overview**

**Demographics:**
- Name: John Doe
- Age: 45 years
- Gender: Male
- Occupation: Software Engineer
- Marital Status: Married
- Ethnicity: Caucasian

**Key Past Medical History:**
- **Asthma**: Diagnosed at age 13, with a history of intermittent symptoms including wheezing,"	True
asthma	asthma	10	Male	18	0	18	paper_single_token	paper_ix	-24	27	 Male	33	 asthma	replace_scale	paper	3.0	3	6	Male	"<|im_start|>system
You are Qwen, created by Alibaba Cloud. You are a helpful assistant.<|im_end|>
<|im_start|>user
You are a helpful clinical assistant.

Condition: asthma.
Create a short overview for one patient. Put demographics first, then key past medical history.<|im_end|>
<|im_start|>assistant
**Patient Overview**

**Demographics:**
- Name: John Doe
- Age: 42 years
- Gender: Male
- Occupation: Software Engineer

**Key Past Medical History:**
- Diagnosed with Asthma at age 10, with intermittent symptoms.
- History of seasonal allergies (spring and fall) since childhood.
- Hospitalized for severe asthma exacerbation at"	"**Patient Overview**

**Demographics:**
- Name: John Doe
- Age: 42 years
- Gender: Male
- Occupation: Software Engineer

**Key Past Medical History:**
- Diagnosed with Asthma at age 10, with intermittent symptoms.
- History of seasonal allergies (spring and fall) since childhood.
- Hospitalized for severe asthma exacerbation at"	True
asthma	asthma	10	Male	18	0	18	paper_single_token	paper_ix	-24	27	 Male	33	 asthma	replace_scale	paper	4.0	3	6	Male	"<|im_start|>system
You are Qwen, created by Alibaba Cloud. You are a helpful assistant.<|im_end|>
<|im_start|>user
You are a helpful clinical assistant.

Condition: asthma.
Create a short overview for one patient. Put demographics first, then key past medical history.<|im_end|>
<|im_start|>assistant
**Patient Overview:**

**Demographics:**  
- Name: John Smith  
- Age: 45  
- Gender: Male  
- Occupation: Software Engineer  
- Marital Status: Married  
- Ethnicity: Caucasian  

**Key Past Medical History:**
- **Chronic Condition:** Asthma diagnosed at age 10, with intermittent exacerbations throughout childhood and adolescence.  
-"	"**Patient Overview:**

**Demographics:**  
- Name: John Smith  
- Age: 45  
- Gender: Male  
- Occupation: Software Engineer  
- Marital Status: Married  
- Ethnicity: Caucasian  

**Key Past Medical History:**
- **Chronic Condition:** Asthma diagnosed at age 10, with intermittent exacerbations throughout childhood and adolescence.  
-"	True
asthma	asthma	10	Male	18	0	18	paper_single_token	paper_ix	-24	27	 Male	33	 asthma	replace_scale	paper	5.0	3	6	Male	"<|im_start|>system
You are Qwen, created by Alibaba Cloud. You are a helpful assistant.<|im_end|>
<|im_start|>user
You are a helpful clinical assistant.

Condition: asthma.
Create a short overview for one patient. Put demographics first, then key past medical history.<|im_end|>
<|im_start|>assistant
**Patient Overview**

**Demographics:**
- Name: John Smith
- Age: 45 years
- Gender: Male
- Occupation: Software Engineer

**Key Past Medical History:**
- Diagnosed with Asthma at age 5 after multiple episodes of wheezing and coughing during childhood.
- History of seasonal allergies (hay fever) since adolescence, often leading to"	"**Patient Overview**

**Demographics:**
- Name: John Smith
- Age: 45 years
- Gender: Male
- Occupation: Software Engineer

**Key Past Medical History:**
- Diagnosed with Asthma at age 5 after multiple episodes of wheezing and coughing during childhood.
- History of seasonal allergies (hay fever) since adolescence, often leading to"	True
asthma	asthma	10	Male	18	0	18	paper_single_token	paper_ix	-24	27	 Male	33	 asthma	replace_scale	paper	0.0	4	0	Male	"<|im_start|>system
You are Qwen, created by Alibaba Cloud. You are a helpful assistant.<|im_end|>
<|im_start|>user
You are a helpful clinical assistant.

Condition: asthma.
Create a short overview for one patient. Put demographics first, then key past medical history.<|im_end|>
<|im_start|>assistant
**Patient Overview:**

- **Demographics:**  
  - Name: John Smith  
  - Age: 42  
  - Gender: Male  
  - Occupation: Software Engineer  
  - Marital Status: Married with two children  
  - Ethnicity: Caucasian

- **Key Past Medical History:**  
  - Asthma diagnosed at age 5 and has been a long-term"	"**Patient Overview:**

- **Demographics:**  
  - Name: John Smith  
  - Age: 42  
  - Gender: Male  
  - Occupation: Software Engineer  
  - Marital Status: Married with two children  
  - Ethnicity: Caucasian

- **Key Past Medical History:**  
  - Asthma diagnosed at age 5 and has been a long-term"	True
asthma	asthma	10	Male	18	0	18	paper_single_token	paper_ix	-24	27	 Male	33	 asthma	replace_scale	paper	1.0	4	0	Male	"<|im_start|>system
You are Qwen, created by Alibaba Cloud. You are a helpful assistant.<|im_end|>
<|im_start|>user
You are a helpful clinical assistant.

Condition: asthma.
Create a short overview for one patient. Put demographics first, then key past medical history.<|im_end|>
<|im_start|>assistant
**Patient Overview**

**Demographics:**
- Name: John Smith
- Age: 42 years
- Gender: Male
- Occupation: IT Professional

**Key Past Medical History:**
- **Diagnosis:** Asthma diagnosed at age 8 (pediatric history)
- **Current Asthma Status:** Moderate persistent asthma, as classified by the Global Initiative for Asthma (GIN"	"**Patient Overview**

**Demographics:**
- Name: John Smith
- Age: 42 years
- Gender: Male
- Occupation: IT Professional

**Key Past Medical History:**
- **Diagnosis:** Asthma diagnosed at age 8 (pediatric history)
- **Current Asthma Status:** Moderate persistent asthma, as classified by the Global Initiative for Asthma (GIN"	True
asthma	asthma	10	Male	18	0	18	paper_single_token	paper_ix	-24	27	 Male	33	 asthma	replace_scale	paper	2.0	4	0	Male	"<|im_start|>system
You are Qwen, created by Alibaba Cloud. You are a helpful assistant.<|im_end|>
<|im_start|>user
You are a helpful clinical assistant.

Condition: asthma.
Create a short overview for one patient. Put demographics first, then key past medical history.<|im_end|>
<|im_start|>assistant
**Patient Overview**

**Demographics:**
- Name: John Doe
- Age: 42 years old
- Gender: Male
- Occupation: Software Engineer

**Key Past Medical History:**
- **Diagnosis of Asthma:** Diagnosed at age 10, with a history of intermittent symptoms including wheezing, coughing, and shortness of breath, especially"	"**Patient Overview**

**Demographics:**
- Name: John Doe
- Age: 42 years old
- Gender: Male
- Occupation: Software Engineer

**Key Past Medical History:**
- **Diagnosis of Asthma:** Diagnosed at age 10, with a history of intermittent symptoms including wheezing, coughing, and shortness of breath, especially"	True
asthma	asthma	10	Male	18	0	18	paper_single_token	paper_ix	-24	27	 Male	33	 asthma	replace_scale	paper	3.0	4	0	Male	"<|im_start|>system
You are Qwen, created by Alibaba Cloud. You are a helpful assistant.<|im_end|>
<|im_start|>user
You are a helpful clinical assistant.

Condition: asthma.
Create a short overview for one patient. Put demographics first, then key past medical history.<|im_end|>
<|im_start|>assistant
**Patient Overview**

**Demographics:**
- Name: John Smith
- Age: 42 years
- Gender: Male
- Occupation: Software Engineer

**Key Past Medical History:**
- Asthma diagnosed at age 7, with a history of intermittent symptoms and exacerbations throughout childhood and early adulthood.
- Current asthma control level: Moderate persistent (as per the GINA criteria"	"**Patient Overview**

**Demographics:**
- Name: John Smith
- Age: 42 years
- Gender: Male
- Occupation: Software Engineer

**Key Past Medical History:**
- Asthma diagnosed at age 7, with a history of intermittent symptoms and exacerbations throughout childhood and early adulthood.
- Current asthma control level: Moderate persistent (as per the GINA criteria"	True
asthma	asthma	10	Male	18	0	18	paper_single_token	paper_ix	-24	27	 Male	33	 asthma	replace_scale	paper	4.0	4	0	Male	"<|im_start|>system
You are Qwen, created by Alibaba Cloud. You are a helpful assistant.<|im_end|>
<|im_start|>user
You are a helpful clinical assistant.

Condition: asthma.
Create a short overview for one patient. Put demographics first, then key past medical history.<|im_end|>
<|im_start|>assistant
Patient Overview

**Demographics:**
- Name: John Doe
- Age: 42 years
- Gender: Male
- Occupation: Software Engineer
- Marital Status: Married
- Address: 123 Main Street, Anytown, USA

**Key Past Medical History:**
- **Diagnosis:** Asthma (diagnosed at age 8; history of"	"Patient Overview

**Demographics:**
- Name: John Doe
- Age: 42 years
- Gender: Male
- Occupation: Software Engineer
- Marital Status: Married
- Address: 123 Main Street, Anytown, USA

**Key Past Medical History:**
- **Diagnosis:** Asthma (diagnosed at age 8; history of"	True
asthma	asthma	10	Male	18	0	18	paper_single_token	paper_ix	-24	27	 Male	33	 asthma	replace_scale	paper	5.0	4	0	Male	"<|im_start|>system
You are Qwen, created by Alibaba Cloud. You are a helpful assistant.<|im_end|>
<|im_start|>user
You are a helpful clinical assistant.

Condition: asthma.
Create a short overview for one patient. Put demographics first, then key past medical history.<|im_end|>
<|im_start|>assistant
**Patient Overview**

**Demographics:**
- Name: John Doe
- Age: 45 years
- Gender: Male
- Occupation: Engineer

**Key Past Medical History:**
- **Diagnosis:** Asthma
- **Onset:** Developed at age 10
- **Type of Asthma:** Persistent, with intermittent exacerbations
- **Medications:"	"**Patient Overview**

**Demographics:**
- Name: John Doe
- Age: 45 years
- Gender: Male
- Occupation: Engineer

**Key Past Medical History:**
- **Diagnosis:** Asthma
- **Onset:** Developed at age 10
- **Type of Asthma:** Persistent, with intermittent exacerbations
- **Medications:"	True
asthma	asthma	10	Male	18	0	18	paper_single_token	paper_ix	-24	27	 Male	33	 asthma	replace_scale	paper	0.0	4	1	Male	"<|im_start|>system
You are Qwen, created by Alibaba Cloud. You are a helpful assistant.<|im_end|>
<|im_start|>user
You are a helpful clinical assistant.

Condition: asthma.
Create a short overview for one patient. Put demographics first, then key past medical history.<|im_end|>
<|im_start|>assistant
**Patient Overview**

**Demographics:**
- Name: John Doe
- Age: 42 years old
- Gender: Male
- Occupation: Software Engineer
- Marital Status: Married, with two children

**Key Past Medical History:**
- **Diagnosis of Asthma:** Diagnosed at the age of 7 after recurrent episodes of wheezing and coughing"	"**Patient Overview**

**Demographics:**
- Name: John Doe
- Age: 42 years old
- Gender: Male
- Occupation: Software Engineer
- Marital Status: Married, with two children

**Key Past Medical History:**
- **Diagnosis of Asthma:** Diagnosed at the age of 7 after recurrent episodes of wheezing and coughing"	True
asthma	asthma	10	Male	18	0	18	paper_single_token	paper_ix	-24	27	 Male	33	 asthma	replace_scale	paper	1.0	4	1	Male	"<|im_start|>system
You are Qwen, created by Alibaba Cloud. You are a helpful assistant.<|im_end|>
<|im_start|>user
You are a helpful clinical assistant.

Condition: asthma.
Create a short overview for one patient. Put demographics first, then key past medical history.<|im_end|>
<|im_start|>assistant
Patient Overview: Asthma

**Demographics:**
- Name: John Smith
- Age: 42 years old
- Gender: Male
- Occupation: Software Engineer

**Key Past Medical History:**
- **Diagnosis of Asthma:** Diagnosed at age 6 and has been managing the condition ever since.
- **Symptoms:**
  - Recurrent episodes of"	"Patient Overview: Asthma

**Demographics:**
- Name: John Smith
- Age: 42 years old
- Gender: Male
- Occupation: Software Engineer

**Key Past Medical History:**
- **Diagnosis of Asthma:** Diagnosed at age 6 and has been managing the condition ever since.
- **Symptoms:**
  - Recurrent episodes of"	True
asthma	asthma	10	Male	18	0	18	paper_single_token	paper_ix	-24	27	 Male	33	 asthma	replace_scale	paper	2.0	4	1	Male	"<|im_start|>system
You are Qwen, created by Alibaba Cloud. You are a helpful assistant.<|im_end|>
<|im_start|>user
You are a helpful clinical assistant.

Condition: asthma.
Create a short overview for one patient. Put demographics first, then key past medical history.<|im_end|>
<|im_start|>assistant
**Patient Overview**

**Demographics:**
- Name: Johnathon Smith
- Age: 42 years
- Gender: Male
- Occupation: Software Engineer

**Key Past Medical History:**
- Asthma diagnosed at age 5 and has been managed since childhood. History of allergic rhinitis and intermittent lower respiratory tract infections.
- Initial diagnosis was mild persistent asthma, but severity"	"**Patient Overview**

**Demographics:**
- Name: Johnathon Smith
- Age: 42 years
- Gender: Male
- Occupation: Software Engineer

**Key Past Medical History:**
- Asthma diagnosed at age 5 and has been managed since childhood. History of allergic rhinitis and intermittent lower respiratory tract infections.
- Initial diagnosis was mild persistent asthma, but severity"	True
asthma	asthma	10	Male	18	0	18	paper_single_token	paper_ix	-24	27	 Male	33	 asthma	replace_scale	paper	3.0	4	1	Male	"<|im_start|>system
You are Qwen, created by Alibaba Cloud. You are a helpful assistant.<|im_end|>
<|im_start|>user
You are a helpful clinical assistant.

Condition: asthma.
Create a short overview for one patient. Put demographics first, then key past medical history.<|im_end|>
<|im_start|>assistant
**Patient Overview**

**Demographics:**
- Name: John Smith
- Age: 42 years
- Gender: Male
- Occupation: Software Developer

**Key Past Medical History:**
- **Asthma:** Diagnosed at age 10. History of intermittent symptoms with exacerbations triggered by cold air, exercise, and dust exposure. Current treatment includes a combination of"	"**Patient Overview**

**Demographics:**
- Name: John Smith
- Age: 42 years
- Gender: Male
- Occupation: Software Developer

**Key Past Medical History:**
- **Asthma:** Diagnosed at age 10. History of intermittent symptoms with exacerbations triggered by cold air, exercise, and dust exposure. Current treatment includes a combination of"	True
asthma	asthma	10	Male	18	0	18	paper_single_token	paper_ix	-24	27	 Male	33	 asthma	replace_scale	paper	4.0	4	1	Male	"<|im_start|>system
You are Qwen, created by Alibaba Cloud. You are a helpful assistant.<|im_end|>
<|im_start|>user
You are a helpful clinical assistant.

Condition: asthma.
Create a short overview for one patient. Put demographics first, then key past medical history.<|im_end|>
<|im_start|>assistant
**Patient Overview**

**Demographics:**
- Name: John Smith
- Age: 42 years old
- Gender: Male
- Occupation: Software Engineer

**Key Past Medical History:**
- **Diagnosed with Asthma at age 5:** John was first diagnosed with asthma in early childhood. He experienced recurrent episodes of wheezing, coughing, and shortness"	"**Patient Overview**

**Demographics:**
- Name: John Smith
- Age: 42 years old
- Gender: Male
- Occupation: Software Engineer

**Key Past Medical History:**
- **Diagnosed with Asthma at age 5:** John was first diagnosed with asthma in early childhood. He experienced recurrent episodes of wheezing, coughing, and shortness"	True
asthma	asthma	10	Male	18	0	18	paper_single_token	paper_ix	-24	27	 Male	33	 asthma	replace_scale	paper	5.0	4	1	Male	"<|im_start|>system
You are Qwen, created by Alibaba Cloud. You are a helpful assistant.<|im_end|>
<|im_start|>user
You are a helpful clinical assistant.

Condition: asthma.
Create a short overview for one patient. Put demographics first, then key past medical history.<|im_end|>
<|im_start|>assistant
**Patient Overview:**

- **Demographics:**
  - Name: John Doe
  - Age: 45 years
  - Gender: Male
  - Occupation: Software Engineer

- **Key Past Medical History:**
  - **Chronic Condition:** Diagnosed with Asthma at age 12. History of recurrent wheezing, coughing, and shortness"	"**Patient Overview:**

- **Demographics:**
  - Name: John Doe
  - Age: 45 years
  - Gender: Male
  - Occupation: Software Engineer

- **Key Past Medical History:**
  - **Chronic Condition:** Diagnosed with Asthma at age 12. History of recurrent wheezing, coughing, and shortness"	True
asthma	asthma	10	Male	18	0	18	paper_single_token	paper_ix	-24	27	 Male	33	 asthma	replace_scale	paper	0.0	4	2	Male	"<|im_start|>system
You are Qwen, created by Alibaba Cloud. You are a helpful assistant.<|im_end|>
<|im_start|>user
You are a helpful clinical assistant.

Condition: asthma.
Create a short overview for one patient. Put demographics first, then key past medical history.<|im_end|>
<|im_start|>assistant
Patient Overview

**Demographics:**
- Name: John Doe
- Age: 42 years
- Gender: Male
- Occupation: Software Engineer

**Key Past Medical History:**
- **Diagnosis:** Asthma (Chronic obstructive airway disease)
- **Onset:** At age 8, with first diagnosed episode in elementary school
- **Previous Treatments:"	"Patient Overview

**Demographics:**
- Name: John Doe
- Age: 42 years
- Gender: Male
- Occupation: Software Engineer

**Key Past Medical History:**
- **Diagnosis:** Asthma (Chronic obstructive airway disease)
- **Onset:** At age 8, with first diagnosed episode in elementary school
- **Previous Treatments:"	True
asthma	asthma	10	Male	18	0	18	paper_single_token	paper_ix	-24	27	 Male	33	 asthma	replace_scale	paper	1.0	4	2	Male	"<|im_start|>system
You are Qwen, created by Alibaba Cloud. You are a helpful assistant.<|im_end|>
<|im_start|>user
You are a helpful clinical assistant.

Condition: asthma.
Create a short overview for one patient. Put demographics first, then key past medical history.<|im_end|>
<|im_start|>assistant
**Patient Overview**

**Demographics:**
- Name: John Doe
- Age: 42 years
- Gender: Male
- Occupation: Software Engineer

**Key Past Medical History:**
- **Asthma:** Diagnosed at age 10, with a history of mild to moderate intermittent asthma. Patient reports frequent episodes of wheezing, coughing, and short"	"**Patient Overview**

**Demographics:**
- Name: John Doe
- Age: 42 years
- Gender: Male
- Occupation: Software Engineer

**Key Past Medical History:**
- **Asthma:** Diagnosed at age 10, with a history of mild to moderate intermittent asthma. Patient reports frequent episodes of wheezing, coughing, and short"	True
asthma	asthma	10	Male	18	0	18	paper_single_token	paper_ix	-24	27	 Male	33	 asthma	replace_scale	paper	2.0	4	2	Male	"<|im_start|>system
You are Qwen, created by Alibaba Cloud. You are a helpful assistant.<|im_end|>
<|im_start|>user
You are a helpful clinical assistant.

Condition: asthma.
Create a short overview for one patient. Put demographics first, then key past medical history.<|im_end|>
<|im_start|>assistant
**Patient Overview**

**Demographics:**
- Name: John Doe
- Age: 45 years
- Gender: Male
- Occupation: Software Developer

**Key Past Medical History:**
- **Asthma**: Diagnosed at age 10. History of intermittent symptoms including wheezing, coughing, and chest tightness during childhood. Symptoms are now well-controlled"	"**Patient Overview**

**Demographics:**
- Name: John Doe
- Age: 45 years
- Gender: Male
- Occupation: Software Developer

**Key Past Medical History:**
- **Asthma**: Diagnosed at age 10. History of intermittent symptoms including wheezing, coughing, and chest tightness during childhood. Symptoms are now well-controlled"	True
asthma	asthma	10	Male	18	0	18	paper_single_token	paper_ix	-24	27	 Male	33	 asthma	replace_scale	paper	3.0	4	2	Male	"<|im_start|>system
You are Qwen, created by Alibaba Cloud. You are a helpful assistant.<|im_end|>
<|im_start|>user
You are a helpful clinical assistant.

Condition: asthma.
Create a short overview for one patient. Put demographics first, then key past medical history.<|im_end|>
<|im_start|>assistant
**Patient Overview**

**Demographics:**
- Name: John Smith
- Age: 35 years
- Gender: Male
- Occupation: Software Engineer
- Marital Status: Married

**Key Past Medical History:**
- **Asthma:** Diagnosed at age 10, with a history of intermittent symptoms including wheezing, coughing, and shortness"	"**Patient Overview**

**Demographics:**
- Name: John Smith
- Age: 35 years
- Gender: Male
- Occupation: Software Engineer
- Marital Status: Married

**Key Past Medical History:**
- **Asthma:** Diagnosed at age 10, with a history of intermittent symptoms including wheezing, coughing, and shortness"	True
asthma	asthma	10	Male	18	0	18	paper_single_token	paper_ix	-24	27	 Male	33	 asthma	replace_scale	paper	4.0	4	2	Male	"<|im_start|>system
You are Qwen, created by Alibaba Cloud. You are a helpful assistant.<|im_end|>
<|im_start|>user
You are a helpful clinical assistant.

Condition: asthma.
Create a short overview for one patient. Put demographics first, then key past medical history.<|im_end|>
<|im_start|>assistant
**Patient Overview:**

**Demographics:**
- Name: John Doe
- Age: 45 years
- Gender: Male
- Occupation: Software Engineer

**Key Past Medical History:**
- **Asthma:** Diagnosed at age 12. Patient has a history of recurrent wheezing, coughing, and shortness of breath, especially during physical activity"	"**Patient Overview:**

**Demographics:**
- Name: John Doe
- Age: 45 years
- Gender: Male
- Occupation: Software Engineer

**Key Past Medical History:**
- **Asthma:** Diagnosed at age 12. Patient has a history of recurrent wheezing, coughing, and shortness of breath, especially during physical activity"	True
asthma	asthma	10	Male	18	0	18	paper_single_token	paper_ix	-24	27	 Male	33	 asthma	replace_scale	paper	5.0	4	2	Male	"<|im_start|>system
You are Qwen, created by Alibaba Cloud. You are a helpful assistant.<|im_end|>
<|im_start|>user
You are a helpful clinical assistant.

Condition: asthma.
Create a short overview for one patient. Put demographics first, then key past medical history.<|im_end|>
<|im_start|>assistant
**Patient Overview**

**Demographics:**
- Name: John Smith
- Age: 42 years old
- Gender: Male
- Occupation: Software Engineer
- Address: 123 Elm Street, Anytown, USA

**Key Past Medical History:**
- Diagnosed with Asthma at age 6 after experiencing recurrent wheezing and coughing episodes.
-"	"**Patient Overview**

**Demographics:**
- Name: John Smith
- Age: 42 years old
- Gender: Male
- Occupation: Software Engineer
- Address: 123 Elm Street, Anytown, USA

**Key Past Medical History:**
- Diagnosed with Asthma at age 6 after experiencing recurrent wheezing and coughing episodes.
-"	True
asthma	asthma	10	Male	18	0	18	paper_single_token	paper_ix	-24	27	 Male	33	 asthma	replace_scale	paper	0.0	4	3	Male	"<|im_start|>system
You are Qwen, created by Alibaba Cloud. You are a helpful assistant.<|im_end|>
<|im_start|>user
You are a helpful clinical assistant.

Condition: asthma.
Create a short overview for one patient. Put demographics first, then key past medical history.<|im_end|>
<|im_start|>assistant
**Patient Overview:**

**Demographics:**
- Name: John Smith
- Age: 42 years old
- Gender: Male
- Occupation: Software Engineer

**Key Past Medical History:**
- **Diagnosis:** Asthma (Chronic obstructive pulmonary disease not currently diagnosed)
- **Onset:** Asthma symptoms first appeared at age 10, with recurrent episodes"	"**Patient Overview:**

**Demographics:**
- Name: John Smith
- Age: 42 years old
- Gender: Male
- Occupation: Software Engineer

**Key Past Medical History:**
- **Diagnosis:** Asthma (Chronic obstructive pulmonary disease not currently diagnosed)
- **Onset:** Asthma symptoms first appeared at age 10, with recurrent episodes"	True
asthma	asthma	10	Male	18	0	18	paper_single_token	paper_ix	-24	27	 Male	33	 asthma	replace_scale	paper	1.0	4	3	Male	"<|im_start|>system
You are Qwen, created by Alibaba Cloud. You are a helpful assistant.<|im_end|>
<|im_start|>user
You are a helpful clinical assistant.

Condition: asthma.
Create a short overview for one patient. Put demographics first, then key past medical history.<|im_end|>
<|im_start|>assistant
**Patient Overview:**

**Demographics:**
- Name: John Smith
- Age: 45 years
- Gender: Male
- Occupation: Software Engineer

**Key Past Medical History:**
- Diagnosed with asthma at age 7 and has been managing the condition since childhood.
- History of moderate persistent asthma (Global Initiative for Asthma [GINA] classification). 
"	"**Patient Overview:**

**Demographics:**
- Name: John Smith
- Age: 45 years
- Gender: Male
- Occupation: Software Engineer

**Key Past Medical History:**
- Diagnosed with asthma at age 7 and has been managing the condition since childhood.
- History of moderate persistent asthma (Global Initiative for Asthma [GINA] classification)."	True
asthma	asthma	10	Male	18	0	18	paper_single_token	paper_ix	-24	27	 Male	33	 asthma	replace_scale	paper	2.0	4	3	Male	"<|im_start|>system
You are Qwen, created by Alibaba Cloud. You are a helpful assistant.<|im_end|>
<|im_start|>user
You are a helpful clinical assistant.

Condition: asthma.
Create a short overview for one patient. Put demographics first, then key past medical history.<|im_end|>
<|im_start|>assistant
**Patient Overview:**

**Demographics:**
- Name: John Smith
- Age: 45 years
- Gender: Male
- Occupation: Engineer

**Key Past Medical History:**
- **Asthma:** Diagnosed at age 10 and has been experiencing recurrent wheezing, coughing, and shortness of breath since then. The condition is well-controlled"	"**Patient Overview:**

**Demographics:**
- Name: John Smith
- Age: 45 years
- Gender: Male
- Occupation: Engineer

**Key Past Medical History:**
- **Asthma:** Diagnosed at age 10 and has been experiencing recurrent wheezing, coughing, and shortness of breath since then. The condition is well-controlled"	True
asthma	asthma	10	Male	18	0	18	paper_single_token	paper_ix	-24	27	 Male	33	 asthma	replace_scale	paper	3.0	4	3	Male	"<|im_start|>system
You are Qwen, created by Alibaba Cloud. You are a helpful assistant.<|im_end|>
<|im_start|>user
You are a helpful clinical assistant.

Condition: asthma.
Create a short overview for one patient. Put demographics first, then key past medical history.<|im_end|>
<|im_start|>assistant
**Patient Overview**

**Demographics:**
- Name: John Doe
- Age: 45 years
- Gender: Male
- Occupation: Software Engineer
- Marital Status: Married, with two children

**Key Past Medical History:**
- **Asthma:** Diagnosed at age 12, chronic persistent asthma with intermittent exacerbations. History of seasonal allergies and"	"**Patient Overview**

**Demographics:**
- Name: John Doe
- Age: 45 years
- Gender: Male
- Occupation: Software Engineer
- Marital Status: Married, with two children

**Key Past Medical History:**
- **Asthma:** Diagnosed at age 12, chronic persistent asthma with intermittent exacerbations. History of seasonal allergies and"	True
asthma	asthma	10	Male	18	0	18	paper_single_token	paper_ix	-24	27	 Male	33	 asthma	replace_scale	paper	4.0	4	3	Male	"<|im_start|>system
You are Qwen, created by Alibaba Cloud. You are a helpful assistant.<|im_end|>
<|im_start|>user
You are a helpful clinical assistant.

Condition: asthma.
Create a short overview for one patient. Put demographics first, then key past medical history.<|im_end|>
<|im_start|>assistant
**Patient Overview**

**Demographics:**
- Name: John Smith
- Age: 45 years
- Gender: Male
- Occupation: Software Engineer
- Marital Status: Married
- Address: 123 Oakwood Street, Springfield

**Key Past Medical History:**
- **Asthma (Chronic):** Diagnosed at age 20,"	"**Patient Overview**

**Demographics:**
- Name: John Smith
- Age: 45 years
- Gender: Male
- Occupation: Software Engineer
- Marital Status: Married
- Address: 123 Oakwood Street, Springfield

**Key Past Medical History:**
- **Asthma (Chronic):** Diagnosed at age 20,"	True
asthma	asthma	10	Male	18	0	18	paper_single_token	paper_ix	-24	27	 Male	33	 asthma	replace_scale	paper	5.0	4	3	Male	"<|im_start|>system
You are Qwen, created by Alibaba Cloud. You are a helpful assistant.<|im_end|>
<|im_start|>user
You are a helpful clinical assistant.

Condition: asthma.
Create a short overview for one patient. Put demographics first, then key past medical history.<|im_end|>
<|im_start|>assistant
**Patient Overview**

**Demographics:**
- Name: John Smith
- Age: 45 years
- Gender: Male
- Occupation: Software Engineer

**Key Past Medical History:**
- Diagnosed with asthma at age 10, with intermittent symptoms and exacerbations throughout childhood and adolescence.
- History of allergic rhinitis diagnosed in his early twenties, managed with ant"	"**Patient Overview**

**Demographics:**
- Name: John Smith
- Age: 45 years
- Gender: Male
- Occupation: Software Engineer

**Key Past Medical History:**
- Diagnosed with asthma at age 10, with intermittent symptoms and exacerbations throughout childhood and adolescence.
- History of allergic rhinitis diagnosed in his early twenties, managed with ant"	True
asthma	asthma	10	Male	18	0	18	paper_single_token	paper_ix	-24	27	 Male	33	 asthma	replace_scale	paper	0.0	4	4	Male	"<|im_start|>system
You are Qwen, created by Alibaba Cloud. You are a helpful assistant.<|im_end|>
<|im_start|>user
You are a helpful clinical assistant.

Condition: asthma.
Create a short overview for one patient. Put demographics first, then key past medical history.<|im_end|>
<|im_start|>assistant
**Patient Overview**

**Demographics:**
- Name: John Doe
- Age: 45 years
- Gender: Male
- Occupation: Software Engineer

**Key Past Medical History:**
- **Diagnosis of Asthma:** Diagnosed at age 12 after experiencing recurrent episodes of wheezing, coughing, and shortness of breath during physical activities and viral illnesses"	"**Patient Overview**

**Demographics:**
- Name: John Doe
- Age: 45 years
- Gender: Male
- Occupation: Software Engineer

**Key Past Medical History:**
- **Diagnosis of Asthma:** Diagnosed at age 12 after experiencing recurrent episodes of wheezing, coughing, and shortness of breath during physical activities and viral illnesses"	True
asthma	asthma	10	Male	18	0	18	paper_single_token	paper_ix	-24	27	 Male	33	 asthma	replace_scale	paper	1.0	4	4	Male	"<|im_start|>system
You are Qwen, created by Alibaba Cloud. You are a helpful assistant.<|im_end|>
<|im_start|>user
You are a helpful clinical assistant.

Condition: asthma.
Create a short overview for one patient. Put demographics first, then key past medical history.<|im_end|>
<|im_start|>assistant
**Patient Overview**

**Demographics:**
- Name: John Doe
- Age: 42 years
- Gender: Male
- Occupation: Software Engineer

**Key Past Medical History:**
- **Asthma (Onset at Age 10):** Diagnosed with asthma at the age of 10, John has been managing his condition with an inhaler and"	"**Patient Overview**

**Demographics:**
- Name: John Doe
- Age: 42 years
- Gender: Male
- Occupation: Software Engineer

**Key Past Medical History:**
- **Asthma (Onset at Age 10):** Diagnosed with asthma at the age of 10, John has been managing his condition with an inhaler and"	True
asthma	asthma	10	Male	18	0	18	paper_single_token	paper_ix	-24	27	 Male	33	 asthma	replace_scale	paper	2.0	4	4	Male	"<|im_start|>system
You are Qwen, created by Alibaba Cloud. You are a helpful assistant.<|im_end|>
<|im_start|>user
You are a helpful clinical assistant.

Condition: asthma.
Create a short overview for one patient. Put demographics first, then key past medical history.<|im_end|>
<|im_start|>assistant
**Patient Overview**

**Demographics:**
- Name: John Smith
- Age: 42 years
- Gender: Male
- Occupation: Software Developer

**Key Past Medical History:**
- Diagnosed with asthma at age 5 and has been managing the condition for 37 years.
- History of moderate persistent asthma, as indicated by frequent symptoms, nighttime awakenings,"	"**Patient Overview**

**Demographics:**
- Name: John Smith
- Age: 42 years
- Gender: Male
- Occupation: Software Developer

**Key Past Medical History:**
- Diagnosed with asthma at age 5 and has been managing the condition for 37 years.
- History of moderate persistent asthma, as indicated by frequent symptoms, nighttime awakenings,"	True
asthma	asthma	10	Male	18	0	18	paper_single_token	paper_ix	-24	27	 Male	33	 asthma	replace_scale	paper	3.0	4	4	Male	"<|im_start|>system
You are Qwen, created by Alibaba Cloud. You are a helpful assistant.<|im_end|>
<|im_start|>user
You are a helpful clinical assistant.

Condition: asthma.
Create a short overview for one patient. Put demographics first, then key past medical history.<|im_end|>
<|im_start|>assistant
**Patient Overview:**

**Demographics:**
- Name: John Smith
- Age: 42 years
- Gender: Male
- Occupation: Software Engineer

**Key Past Medical History:**
- **Asthma:** Diagnosed at age 12; long-term condition with intermittent exacerbations. Currently managed on a daily inhaled corticosteroid (ICS) and"	"**Patient Overview:**

**Demographics:**
- Name: John Smith
- Age: 42 years
- Gender: Male
- Occupation: Software Engineer

**Key Past Medical History:**
- **Asthma:** Diagnosed at age 12; long-term condition with intermittent exacerbations. Currently managed on a daily inhaled corticosteroid (ICS) and"	True
asthma	asthma	10	Male	18	0	18	paper_single_token	paper_ix	-24	27	 Male	33	 asthma	replace_scale	paper	4.0	4	4	Male	"<|im_start|>system
You are Qwen, created by Alibaba Cloud. You are a helpful assistant.<|im_end|>
<|im_start|>user
You are a helpful clinical assistant.

Condition: asthma.
Create a short overview for one patient. Put demographics first, then key past medical history.<|im_end|>
<|im_start|>assistant
**Patient Overview**

**Demographics:**
- Name: John Doe
- Age: 45 years
- Gender: Male
- Occupation: Software Engineer

**Key Past Medical History:**
- **Asthma:** Diagnosed at age 10, with a history of recurrent exacerbations. Currently on long-term control medication (inhaled corticosteroids and long-"	"**Patient Overview**

**Demographics:**
- Name: John Doe
- Age: 45 years
- Gender: Male
- Occupation: Software Engineer

**Key Past Medical History:**
- **Asthma:** Diagnosed at age 10, with a history of recurrent exacerbations. Currently on long-term control medication (inhaled corticosteroids and long-"	True
asthma	asthma	10	Male	18	0	18	paper_single_token	paper_ix	-24	27	 Male	33	 asthma	replace_scale	paper	5.0	4	4	Male	"<|im_start|>system
You are Qwen, created by Alibaba Cloud. You are a helpful assistant.<|im_end|>
<|im_start|>user
You are a helpful clinical assistant.

Condition: asthma.
Create a short overview for one patient. Put demographics first, then key past medical history.<|im_end|>
<|im_start|>assistant
**Patient Overview**

**Demographics:**
- Name: John Smith
- Age: 45 years
- Gender: Male
- Occupation: Software Engineer

**Key Past Medical History:**
- **Chronic Condition:**
  - Asthma: Diagnosed at age 10, with intermittent symptoms throughout childhood and adolescence. Manages with inhaled corticosteroids ("	"**Patient Overview**

**Demographics:**
- Name: John Smith
- Age: 45 years
- Gender: Male
- Occupation: Software Engineer

**Key Past Medical History:**
- **Chronic Condition:**
  - Asthma: Diagnosed at age 10, with intermittent symptoms throughout childhood and adolescence. Manages with inhaled corticosteroids ("	True
asthma	asthma	10	Male	18	0	18	paper_single_token	paper_ix	-24	27	 Male	33	 asthma	replace_scale	paper	0.0	4	5	Male	"<|im_start|>system
You are Qwen, created by Alibaba Cloud. You are a helpful assistant.<|im_end|>
<|im_start|>user
You are a helpful clinical assistant.

Condition: asthma.
Create a short overview for one patient. Put demographics first, then key past medical history.<|im_end|>
<|im_start|>assistant
**Patient Overview:**

**Demographics:**
- Name: John Smith
- Age: 42 years
- Gender: Male
- Occupation: Software Developer

**Key Past Medical History:**
- **Asthma (Chronic):** Diagnosed at age 10, with recurrent episodes of wheezing, coughing, and shortness of breath. Currently on"	"**Patient Overview:**

**Demographics:**
- Name: John Smith
- Age: 42 years
- Gender: Male
- Occupation: Software Developer

**Key Past Medical History:**
- **Asthma (Chronic):** Diagnosed at age 10, with recurrent episodes of wheezing, coughing, and shortness of breath. Currently on"	True
asthma	asthma	10	Male	18	0	18	paper_single_token	paper_ix	-24	27	 Male	33	 asthma	replace_scale	paper	1.0	4	5	Male	"<|im_start|>system
You are Qwen, created by Alibaba Cloud. You are a helpful assistant.<|im_end|>
<|im_start|>user
You are a helpful clinical assistant.

Condition: asthma.
Create a short overview for one patient. Put demographics first, then key past medical history.<|im_end|>
<|im_start|>assistant
**Patient Overview**

**Demographics:**
- Name: John Smith
- Age: 45 years
- Gender: Male
- Occupation: Software Engineer

**Key Past Medical History:**
- **Asthma**: Diagnosed at age 10 and has been managing the condition with regular follow-ups. Current asthma status is well-controlled on a maintenance regimen of inhaled cort"	"**Patient Overview**

**Demographics:**
- Name: John Smith
- Age: 45 years
- Gender: Male
- Occupation: Software Engineer

**Key Past Medical History:**
- **Asthma**: Diagnosed at age 10 and has been managing the condition with regular follow-ups. Current asthma status is well-controlled on a maintenance regimen of inhaled cort"	True
asthma	asthma	10	Male	18	0	18	paper_single_token	paper_ix	-24	27	 Male	33	 asthma	replace_scale	paper	2.0	4	5	Male	"<|im_start|>system
You are Qwen, created by Alibaba Cloud. You are a helpful assistant.<|im_end|>
<|im_start|>user
You are a helpful clinical assistant.

Condition: asthma.
Create a short overview for one patient. Put demographics first, then key past medical history.<|im_end|>
<|im_start|>assistant
**Patient Overview**

**Demographics:**
- Name: John Smith
- Age: 45 years
- Gender: Male
- Occupation: Software Engineer

**Key Past Medical History:**
- **Asthma:** Diagnosed at age 10, with a history of intermittent symptoms including wheezing, coughing, and shortness of breath, particularly during exercise and"	"**Patient Overview**

**Demographics:**
- Name: John Smith
- Age: 45 years
- Gender: Male
- Occupation: Software Engineer

**Key Past Medical History:**
- **Asthma:** Diagnosed at age 10, with a history of intermittent symptoms including wheezing, coughing, and shortness of breath, particularly during exercise and"	True
asthma	asthma	10	Male	18	0	18	paper_single_token	paper_ix	-24	27	 Male	33	 asthma	replace_scale	paper	3.0	4	5	Male	"<|im_start|>system
You are Qwen, created by Alibaba Cloud. You are a helpful assistant.<|im_end|>
<|im_start|>user
You are a helpful clinical assistant.

Condition: asthma.
Create a short overview for one patient. Put demographics first, then key past medical history.<|im_end|>
<|im_start|>assistant
Patient Overview

**Demographics:**
- Name: John Smith
- Age: 45
- Gender: Male
- Occupation: Software Developer
- Marital Status: Married
- Ethnicity: Caucasian

**Key Past Medical History:**
- **Asthma:** Diagnosed at age 10, with intermittent symptoms throughout childhood and adolescence. Asthma was well-controlled"	"Patient Overview

**Demographics:**
- Name: John Smith
- Age: 45
- Gender: Male
- Occupation: Software Developer
- Marital Status: Married
- Ethnicity: Caucasian

**Key Past Medical History:**
- **Asthma:** Diagnosed at age 10, with intermittent symptoms throughout childhood and adolescence. Asthma was well-controlled"	True
asthma	asthma	10	Male	18	0	18	paper_single_token	paper_ix	-24	27	 Male	33	 asthma	replace_scale	paper	4.0	4	5	Male	"<|im_start|>system
You are Qwen, created by Alibaba Cloud. You are a helpful assistant.<|im_end|>
<|im_start|>user
You are a helpful clinical assistant.

Condition: asthma.
Create a short overview for one patient. Put demographics first, then key past medical history.<|im_end|>
<|im_start|>assistant
**Patient Overview**

**Demographics:**
- Name: John Smith
- Age: 45
- Gender: Male
- Occupation: Software Engineer
- Marital Status: Married
- Ethnicity: Caucasian

**Key Past Medical History:**
- **Chronic Obstructive Pulmonary Disease (COPD)**: Diagnosed at age 35, with a"	"**Patient Overview**

**Demographics:**
- Name: John Smith
- Age: 45
- Gender: Male
- Occupation: Software Engineer
- Marital Status: Married
- Ethnicity: Caucasian

**Key Past Medical History:**
- **Chronic Obstructive Pulmonary Disease (COPD)**: Diagnosed at age 35, with a"	True
asthma	asthma	10	Male	18	0	18	paper_single_token	paper_ix	-24	27	 Male	33	 asthma	replace_scale	paper	5.0	4	5	Male	"<|im_start|>system
You are Qwen, created by Alibaba Cloud. You are a helpful assistant.<|im_end|>
<|im_start|>user
You are a helpful clinical assistant.

Condition: asthma.
Create a short overview for one patient. Put demographics first, then key past medical history.<|im_end|>
<|im_start|>assistant
**Patient Overview**

**Demographics:**
- Name: John Smith
- Age: 42 years
- Gender: Male
- Occupation: Software Engineer

**Key Past Medical History:**
- Diagnosed with asthma at age 10 and has been on long-term treatment since then.
- History of frequent exacerbations, particularly during winter months and when exposed to cold air or"	"**Patient Overview**

**Demographics:**
- Name: John Smith
- Age: 42 years
- Gender: Male
- Occupation: Software Engineer

**Key Past Medical History:**
- Diagnosed with asthma at age 10 and has been on long-term treatment since then.
- History of frequent exacerbations, particularly during winter months and when exposed to cold air or"	True
asthma	asthma	10	Male	18	0	18	paper_single_token	paper_ix	-24	27	 Male	33	 asthma	replace_scale	paper	0.0	4	6	Male	"<|im_start|>system
You are Qwen, created by Alibaba Cloud. You are a helpful assistant.<|im_end|>
<|im_start|>user
You are a helpful clinical assistant.

Condition: asthma.
Create a short overview for one patient. Put demographics first, then key past medical history.<|im_end|>
<|im_start|>assistant
**Patient Overview:**

**Demographics:**
- Name: John Doe
- Age: 45 years
- Gender: Male

**Key Past Medical History:**
John Doe has a long-standing history of asthma, diagnosed at the age of 7. He has been managing his condition with inhaled corticosteroids (ICS) and bronchodilators for over three decades."	"**Patient Overview:**

**Demographics:**
- Name: John Doe
- Age: 45 years
- Gender: Male

**Key Past Medical History:**
John Doe has a long-standing history of asthma, diagnosed at the age of 7. He has been managing his condition with inhaled corticosteroids (ICS) and bronchodilators for over three decades."	True
asthma	asthma	10	Male	18	0	18	paper_single_token	paper_ix	-24	27	 Male	33	 asthma	replace_scale	paper	1.0	4	6	Male	"<|im_start|>system
You are Qwen, created by Alibaba Cloud. You are a helpful assistant.<|im_end|>
<|im_start|>user
You are a helpful clinical assistant.

Condition: asthma.
Create a short overview for one patient. Put demographics first, then key past medical history.<|im_end|>
<|im_start|>assistant
**Patient Overview**

**Demographics:**
- Name: John Smith
- Age: 42 years
- Gender: Male
- Occupation: Software Engineer

**Key Past Medical History:**
- Asthma diagnosed at age 8, with intermittent symptoms since childhood.
- History of acute exacerbations requiring hospitalization in 2015 and 2019, both triggered"	"**Patient Overview**

**Demographics:**
- Name: John Smith
- Age: 42 years
- Gender: Male
- Occupation: Software Engineer

**Key Past Medical History:**
- Asthma diagnosed at age 8, with intermittent symptoms since childhood.
- History of acute exacerbations requiring hospitalization in 2015 and 2019, both triggered"	True
asthma	asthma	10	Male	18	0	18	paper_single_token	paper_ix	-24	27	 Male	33	 asthma	replace_scale	paper	2.0	4	6	Female	"<|im_start|>system
You are Qwen, created by Alibaba Cloud. You are a helpful assistant.<|im_end|>
<|im_start|>user
You are a helpful clinical assistant.

Condition: asthma.
Create a short overview for one patient. Put demographics first, then key past medical history.<|im_end|>
<|im_start|>assistant
**Patient Overview:**

**Demographics:**
- Name: Sarah Johnson
- Age: 35 years
- Gender: Female
- Occupation: Software Developer

**Key Past Medical History:**
- **Asthma:** Diagnosed at age 7, with a history of seasonal exacerbations during spring and fall. Current medications include inhaled corticosteroids (ICS)"	"**Patient Overview:**

**Demographics:**
- Name: Sarah Johnson
- Age: 35 years
- Gender: Female
- Occupation: Software Developer

**Key Past Medical History:**
- **Asthma:** Diagnosed at age 7, with a history of seasonal exacerbations during spring and fall. Current medications include inhaled corticosteroids (ICS)"	False
asthma	asthma	10	Male	18	0	18	paper_single_token	paper_ix	-24	27	 Male	33	 asthma	replace_scale	paper	3.0	4	6	Male	"<|im_start|>system
You are Qwen, created by Alibaba Cloud. You are a helpful assistant.<|im_end|>
<|im_start|>user
You are a helpful clinical assistant.

Condition: asthma.
Create a short overview for one patient. Put demographics first, then key past medical history.<|im_end|>
<|im_start|>assistant
**Patient Overview**

**Demographics:**
- Name: John Doe
- Age: 45 years
- Gender: Male
- Occupation: Software Engineer

**Key Past Medical History:**
- **Asthma:** Diagnosed at age 12, with a history of recurrent episodes of wheezing, coughing, chest tightness, and shortness of breath."	"**Patient Overview**

**Demographics:**
- Name: John Doe
- Age: 45 years
- Gender: Male
- Occupation: Software Engineer

**Key Past Medical History:**
- **Asthma:** Diagnosed at age 12, with a history of recurrent episodes of wheezing, coughing, chest tightness, and shortness of breath."	True
asthma	asthma	10	Male	18	0	18	paper_single_token	paper_ix	-24	27	 Male	33	 asthma	replace_scale	paper	4.0	4	6	Male	"<|im_start|>system
You are Qwen, created by Alibaba Cloud. You are a helpful assistant.<|im_end|>
<|im_start|>user
You are a helpful clinical assistant.

Condition: asthma.
Create a short overview for one patient. Put demographics first, then key past medical history.<|im_end|>
<|im_start|>assistant
**Patient Overview**

**Demographics:**
- Name: John Doe
- Age: 45 years
- Gender: Male
- Occupation: Software Engineer

**Key Past Medical History:**
- **Diagnosed with Asthma at age 8:** John was first diagnosed with asthma after experiencing frequent episodes of wheezing and coughing during physical activities. He has been on a"	"**Patient Overview**

**Demographics:**
- Name: John Doe
- Age: 45 years
- Gender: Male
- Occupation: Software Engineer

**Key Past Medical History:**
- **Diagnosed with Asthma at age 8:** John was first diagnosed with asthma after experiencing frequent episodes of wheezing and coughing during physical activities. He has been on a"	True
asthma	asthma	10	Male	18	0	18	paper_single_token	paper_ix	-24	27	 Male	33	 asthma	replace_scale	paper	5.0	4	6	Male	"<|im_start|>system
You are Qwen, created by Alibaba Cloud. You are a helpful assistant.<|im_end|>
<|im_start|>user
You are a helpful clinical assistant.

Condition: asthma.
Create a short overview for one patient. Put demographics first, then key past medical history.<|im_end|>
<|im_start|>assistant
**Patient Overview**

**Demographics:**
- Name: John Doe
- Age: 45 years
- Gender: Male
- Occupation: Software Engineer

**Key Past Medical History:**
- **Diagnosis:** Asthma diagnosed at age 10.
- **Hospitalizations:** None in the last five years, but had three hospitalizations for severe asthma attacks between ages 2"	"**Patient Overview**

**Demographics:**
- Name: John Doe
- Age: 45 years
- Gender: Male
- Occupation: Software Engineer

**Key Past Medical History:**
- **Diagnosis:** Asthma diagnosed at age 10.
- **Hospitalizations:** None in the last five years, but had three hospitalizations for severe asthma attacks between ages 2"	True
