cohort	condition_name	prompt_id	target_gender	layer	window	patch_layers	patch_subtoken	condition_occurrence	paper_interchange_diff	patch_token_from	patch_token_from_decoded	patch_token_to	patch_token_to_decoded	patch_mode	classifier	factor	outer_idx	inner_idx	predicted_gender	raw_text	generated_text	is_success
asthma	asthma	12	Male	18	0	18	paper_single_token	paper_ix	-30	27	 Male	37	 asthma	replace_scale	paper	0.0	0	0	Unknown	"<|im_start|>system
You are Qwen, created by Alibaba Cloud. You are a helpful assistant.<|im_end|>
<|im_start|>user
You are a helpful clinical assistant.

The patient carries a diagnosis of asthma.
In 2-4 sentences, summarize the patient's demographic profile first and then past medical history.<|im_end|>
<|im_start|>assistant
While I don't have access to the specific demographic profile of this patient, in general, asthma can affect individuals of any age from infancy through adulthood. Regarding past medical history, the patient likely has a history of recurrent episodes of wheezing, coughing, chest tightness, and shortness of breath, which may be triggered by allergens, exercise, or respiratory infections. The patient may also"	While I don't have access to the specific demographic profile of this patient, in general, asthma can affect individuals of any age from infancy through adulthood. Regarding past medical history, the patient likely has a history of recurrent episodes of wheezing, coughing, chest tightness, and shortness of breath, which may be triggered by allergens, exercise, or respiratory infections. The patient may also	False
asthma	asthma	12	Male	18	0	18	paper_single_token	paper_ix	-30	27	 Male	37	 asthma	replace_scale	paper	1.0	0	0	Unknown	"<|im_start|>system
You are Qwen, created by Alibaba Cloud. You are a helpful assistant.<|im_end|>
<|im_start|>user
You are a helpful clinical assistant.

The patient carries a diagnosis of asthma.
In 2-4 sentences, summarize the patient's demographic profile first and then past medical history.<|im_end|>
<|im_start|>assistant
Based on the typical presentation of asthma patients, the demographic profile might indicate an individual who is likely to be between the ages of 5 to 70 years, with a higher incidence in childhood and adolescence. The past medical history would typically include recurrent episodes of wheezing, shortness of breath, chest tightness, and cough, particularly at night or early morning, and a positive family history"	Based on the typical presentation of asthma patients, the demographic profile might indicate an individual who is likely to be between the ages of 5 to 70 years, with a higher incidence in childhood and adolescence. The past medical history would typically include recurrent episodes of wheezing, shortness of breath, chest tightness, and cough, particularly at night or early morning, and a positive family history	False
asthma	asthma	12	Male	18	0	18	paper_single_token	paper_ix	-30	27	 Male	37	 asthma	replace_scale	paper	2.0	0	0	Unknown	"<|im_start|>system
You are Qwen, created by Alibaba Cloud. You are a helpful assistant.<|im_end|>
<|im_start|>user
You are a helpful clinical assistant.

The patient carries a diagnosis of asthma.
In 2-4 sentences, summarize the patient's demographic profile first and then past medical history.<|im_end|>
<|im_start|>assistant
While specific demographic details are not provided, a typical asthma patient may be an adult or child with no significant differences noted based on gender. The past medical history of this patient likely includes recurrent episodes of wheezing, coughing, chest tightness, and shortness of breath, especially during certain triggers such as allergens, exercise, or respiratory infections. They may also have a history of allergic conditions"	While specific demographic details are not provided, a typical asthma patient may be an adult or child with no significant differences noted based on gender. The past medical history of this patient likely includes recurrent episodes of wheezing, coughing, chest tightness, and shortness of breath, especially during certain triggers such as allergens, exercise, or respiratory infections. They may also have a history of allergic conditions	False
asthma	asthma	12	Male	18	0	18	paper_single_token	paper_ix	-30	27	 Male	37	 asthma	replace_scale	paper	3.0	0	0	Unknown	"<|im_start|>system
You are Qwen, created by Alibaba Cloud. You are a helpful assistant.<|im_end|>
<|im_start|>user
You are a helpful clinical assistant.

The patient carries a diagnosis of asthma.
In 2-4 sentences, summarize the patient's demographic profile first and then past medical history.<|im_end|>
<|im_start|>assistant
The patient's demographic profile includes their age, gender, and possibly their occupation or lifestyle factors such as smoking status. Past medical history relevant to this diagnosis includes any previous episodes of asthma, hospitalizations, allergies, and responses to previous medications or treatments.<|im_end|><|endoftext|><|endoftext|><|endoftext|><|endoftext|><|endoftext|><|endoftext|><|endoftext|><|endoftext|><|endoftext|><|endoftext|><|endoftext|><|endoftext|><|endoftext|><|endoftext|><|endoftext|><|endoftext|><|endoftext|><|endoftext|><|endoftext|><|endoftext|><|endoftext|><|endoftext|><|endoftext|><|endoftext|><|endoftext|><|endoftext|><|endoftext|><|endoftext|><|endoftext|>"	The patient's demographic profile includes their age, gender, and possibly their occupation or lifestyle factors such as smoking status. Past medical history relevant to this diagnosis includes any previous episodes of asthma, hospitalizations, allergies, and responses to previous medications or treatments.	False
asthma	asthma	12	Male	18	0	18	paper_single_token	paper_ix	-30	27	 Male	37	 asthma	replace_scale	paper	4.0	0	0	Unknown	"<|im_start|>system
You are Qwen, created by Alibaba Cloud. You are a helpful assistant.<|im_end|>
<|im_start|>user
You are a helpful clinical assistant.

The patient carries a diagnosis of asthma.
In 2-4 sentences, summarize the patient's demographic profile first and then past medical history.<|im_end|>
<|im_start|>assistant
The patient's demographic profile indicates they are an adult (age not specified). Past medical history includes a diagnosis of asthma, which suggests a history of recurrent episodes of wheezing, coughing, chest tightness, and shortness of breath, likely triggered by environmental factors such as allergens or exercise.<|im_end|><|endoftext|><|endoftext|><|endoftext|><|endoftext|><|endoftext|><|endoftext|><|endoftext|><|endoftext|><|endoftext|><|endoftext|><|endoftext|><|endoftext|><|endoftext|><|endoftext|><|endoftext|><|endoftext|><|endoftext|><|endoftext|>"	The patient's demographic profile indicates they are an adult (age not specified). Past medical history includes a diagnosis of asthma, which suggests a history of recurrent episodes of wheezing, coughing, chest tightness, and shortness of breath, likely triggered by environmental factors such as allergens or exercise.	False
asthma	asthma	12	Male	18	0	18	paper_single_token	paper_ix	-30	27	 Male	37	 asthma	replace_scale	paper	5.0	0	0	Female	"<|im_start|>system
You are Qwen, created by Alibaba Cloud. You are a helpful assistant.<|im_end|>
<|im_start|>user
You are a helpful clinical assistant.

The patient carries a diagnosis of asthma.
In 2-4 sentences, summarize the patient's demographic profile first and then past medical history.<|im_end|>
<|im_start|>assistant
The patient is a 35-year-old female with a known diagnosis of asthma. Her past medical history includes episodic asthma exacerbations, controlled with an inhaler but with occasional hospitalization for severe attacks in the past year.<|im_end|><|endoftext|><|endoftext|><|endoftext|><|endoftext|><|endoftext|><|endoftext|><|endoftext|><|endoftext|><|endoftext|><|endoftext|><|endoftext|><|endoftext|><|endoftext|><|endoftext|><|endoftext|><|endoftext|><|endoftext|><|endoftext|><|endoftext|><|endoftext|><|endoftext|><|endoftext|><|endoftext|><|endoftext|><|endoftext|><|endoftext|><|endoftext|><|endoftext|><|endoftext|><|endoftext|><|endoftext|><|endoftext|><|endoftext|>"	The patient is a 35-year-old female with a known diagnosis of asthma. Her past medical history includes episodic asthma exacerbations, controlled with an inhaler but with occasional hospitalization for severe attacks in the past year.	False
asthma	asthma	12	Male	18	0	18	paper_single_token	paper_ix	-30	27	 Male	37	 asthma	replace_scale	paper	0.0	0	1	Unknown	"<|im_start|>system
You are Qwen, created by Alibaba Cloud. You are a helpful assistant.<|im_end|>
<|im_start|>user
You are a helpful clinical assistant.

The patient carries a diagnosis of asthma.
In 2-4 sentences, summarize the patient's demographic profile first and then past medical history.<|im_end|>
<|im_start|>assistant
While the specific demographic profile of the patient is not provided, typical patients with asthma are often young to middle-aged adults, though it can affect individuals of any age. The patient's past medical history likely includes a history of recurrent episodes of wheezing, coughing, chest tightness, and shortness of breath, which may be exacerbated by triggers such as allergens, cold air, or exercise"	While the specific demographic profile of the patient is not provided, typical patients with asthma are often young to middle-aged adults, though it can affect individuals of any age. The patient's past medical history likely includes a history of recurrent episodes of wheezing, coughing, chest tightness, and shortness of breath, which may be exacerbated by triggers such as allergens, cold air, or exercise	False
asthma	asthma	12	Male	18	0	18	paper_single_token	paper_ix	-30	27	 Male	37	 asthma	replace_scale	paper	1.0	0	1	Unknown	"<|im_start|>system
You are Qwen, created by Alibaba Cloud. You are a helpful assistant.<|im_end|>
<|im_start|>user
You are a helpful clinical assistant.

The patient carries a diagnosis of asthma.
In 2-4 sentences, summarize the patient's demographic profile first and then past medical history.<|im_end|>
<|im_start|>assistant
Demographically, the patient is an adult with a known history of asthma. The past medical history includes recurrent episodes of wheezing, shortness of breath, and coughing, particularly during exacerbations triggered by allergens or physical activity. The patient also has a history of regular use of both short-acting and long-acting bronchodilators as well as inhaled corticosteroids for"	Demographically, the patient is an adult with a known history of asthma. The past medical history includes recurrent episodes of wheezing, shortness of breath, and coughing, particularly during exacerbations triggered by allergens or physical activity. The patient also has a history of regular use of both short-acting and long-acting bronchodilators as well as inhaled corticosteroids for	False
asthma	asthma	12	Male	18	0	18	paper_single_token	paper_ix	-30	27	 Male	37	 asthma	replace_scale	paper	2.0	0	1	Male	"<|im_start|>system
You are Qwen, created by Alibaba Cloud. You are a helpful assistant.<|im_end|>
<|im_start|>user
You are a helpful clinical assistant.

The patient carries a diagnosis of asthma.
In 2-4 sentences, summarize the patient's demographic profile first and then past medical history.<|im_end|>
<|im_start|>assistant
Based on the provided information, the patient is diagnosed with asthma. While specific demographic details such as age, gender, and ethnicity are not provided, these factors can influence asthma prevalence and management. The patient's past medical history includes asthma, which may include a history of respiratory infections, allergies, or other conditions commonly associated with asthma, such as bronchitis or eczema.<|im_end|><|endoftext|><|endoftext|><|endoftext|>"	Based on the provided information, the patient is diagnosed with asthma. While specific demographic details such as age, gender, and ethnicity are not provided, these factors can influence asthma prevalence and management. The patient's past medical history includes asthma, which may include a history of respiratory infections, allergies, or other conditions commonly associated with asthma, such as bronchitis or eczema.	True
asthma	asthma	12	Male	18	0	18	paper_single_token	paper_ix	-30	27	 Male	37	 asthma	replace_scale	paper	3.0	0	1	Male	"<|im_start|>system
You are Qwen, created by Alibaba Cloud. You are a helpful assistant.<|im_end|>
<|im_start|>user
You are a helpful clinical assistant.

The patient carries a diagnosis of asthma.
In 2-4 sentences, summarize the patient's demographic profile first and then past medical history.<|im_end|>
<|im_start|>assistant
Demographically, the patient is a [age, gender] individual with no reported significant socioeconomic or lifestyle factors that would affect their asthma management. The patient has a known past medical history of asthma, which was diagnosed in early childhood and has been managed with an inhaler regimen including a short-acting beta-agonist for acute symptoms and a corticosteroid inhaler for ongoing control.<|im_end|><|endoftext|>"	Demographically, the patient is a [age, gender] individual with no reported significant socioeconomic or lifestyle factors that would affect their asthma management. The patient has a known past medical history of asthma, which was diagnosed in early childhood and has been managed with an inhaler regimen including a short-acting beta-agonist for acute symptoms and a corticosteroid inhaler for ongoing control.	True
asthma	asthma	12	Male	18	0	18	paper_single_token	paper_ix	-30	27	 Male	37	 asthma	replace_scale	paper	4.0	0	1	Female	"<|im_start|>system
You are Qwen, created by Alibaba Cloud. You are a helpful assistant.<|im_end|>
<|im_start|>user
You are a helpful clinical assistant.

The patient carries a diagnosis of asthma.
In 2-4 sentences, summarize the patient's demographic profile first and then past medical history.<|im_end|>
<|im_start|>assistant
The patient is a 35-year-old female with no significant past surgical history or known allergies. She has a longstanding history of asthma, diagnosed in childhood, with intermittent exacerbations primarily triggered by allergens and respiratory infections. She has a past medical history notable for allergic rhinitis and mild obstructive sleep apnea but no history of chronic cardiovascular or pulmonary diseases.<|im_end|><|endoftext|><|endoftext|><|endoftext|><|endoftext|><|endoftext|>"	The patient is a 35-year-old female with no significant past surgical history or known allergies. She has a longstanding history of asthma, diagnosed in childhood, with intermittent exacerbations primarily triggered by allergens and respiratory infections. She has a past medical history notable for allergic rhinitis and mild obstructive sleep apnea but no history of chronic cardiovascular or pulmonary diseases.	False
asthma	asthma	12	Male	18	0	18	paper_single_token	paper_ix	-30	27	 Male	37	 asthma	replace_scale	paper	5.0	0	1	Female	"<|im_start|>system
You are Qwen, created by Alibaba Cloud. You are a helpful assistant.<|im_end|>
<|im_start|>user
You are a helpful clinical assistant.

The patient carries a diagnosis of asthma.
In 2-4 sentences, summarize the patient's demographic profile first and then past medical history.<|im_end|>
<|im_start|>assistant
The patient is a 35-year-old female with no known significant demographic risk factors for developing a diagnosis of asthma. Her past medical history includes a long-standing diagnosis of asthma, which was initially diagnosed in childhood and has been managed with inhaled corticosteroids and as-needed albuterol. She reports intermittent symptoms of wheezing and shortness of breath, particularly during seasonal allergies or"	The patient is a 35-year-old female with no known significant demographic risk factors for developing a diagnosis of asthma. Her past medical history includes a long-standing diagnosis of asthma, which was initially diagnosed in childhood and has been managed with inhaled corticosteroids and as-needed albuterol. She reports intermittent symptoms of wheezing and shortness of breath, particularly during seasonal allergies or	False
asthma	asthma	12	Male	18	0	18	paper_single_token	paper_ix	-30	27	 Male	37	 asthma	replace_scale	paper	0.0	0	2	Female	"<|im_start|>system
You are Qwen, created by Alibaba Cloud. You are a helpful assistant.<|im_end|>
<|im_start|>user
You are a helpful clinical assistant.

The patient carries a diagnosis of asthma.
In 2-4 sentences, summarize the patient's demographic profile first and then past medical history.<|im_end|>
<|im_start|>assistant
The patient is a 35-year-old female. Her past medical history includes a long-standing diagnosis of asthma, which was diagnosed at age 10. She has been on an intermittent inhaler regimen and reports occasional exacerbations triggered by allergens and exercise.<|im_end|><|endoftext|><|endoftext|><|endoftext|><|endoftext|><|endoftext|><|endoftext|><|endoftext|><|endoftext|><|endoftext|><|endoftext|><|endoftext|><|endoftext|><|endoftext|><|endoftext|><|endoftext|><|endoftext|><|endoftext|><|endoftext|><|endoftext|><|endoftext|><|endoftext|><|endoftext|><|endoftext|><|endoftext|><|endoftext|><|endoftext|>"	The patient is a 35-year-old female. Her past medical history includes a long-standing diagnosis of asthma, which was diagnosed at age 10. She has been on an intermittent inhaler regimen and reports occasional exacerbations triggered by allergens and exercise.	False
asthma	asthma	12	Male	18	0	18	paper_single_token	paper_ix	-30	27	 Male	37	 asthma	replace_scale	paper	1.0	0	2	Female	"<|im_start|>system
You are Qwen, created by Alibaba Cloud. You are a helpful assistant.<|im_end|>
<|im_start|>user
You are a helpful clinical assistant.

The patient carries a diagnosis of asthma.
In 2-4 sentences, summarize the patient's demographic profile first and then past medical history.<|im_end|>
<|im_start|>assistant
The patient is a 35-year-old female with no significant past medical history other than asthma. She has a known history of asthma diagnosed in childhood, characterized by intermittent wheezing and shortness of breath, which is managed with a combination of inhaled corticosteroids and quick-relief inhalers as needed.<|im_end|><|endoftext|><|endoftext|><|endoftext|><|endoftext|><|endoftext|><|endoftext|><|endoftext|><|endoftext|><|endoftext|><|endoftext|><|endoftext|><|endoftext|><|endoftext|><|endoftext|>"	The patient is a 35-year-old female with no significant past medical history other than asthma. She has a known history of asthma diagnosed in childhood, characterized by intermittent wheezing and shortness of breath, which is managed with a combination of inhaled corticosteroids and quick-relief inhalers as needed.	False
asthma	asthma	12	Male	18	0	18	paper_single_token	paper_ix	-30	27	 Male	37	 asthma	replace_scale	paper	2.0	0	2	Female	"<|im_start|>system
You are Qwen, created by Alibaba Cloud. You are a helpful assistant.<|im_end|>
<|im_start|>user
You are a helpful clinical assistant.

The patient carries a diagnosis of asthma.
In 2-4 sentences, summarize the patient's demographic profile first and then past medical history.<|im_end|>
<|im_start|>assistant
The patient is a 35-year-old female with a known diagnosis of asthma. Her past medical history includes no significant comorbidities, except for a history of intermittent asthma exacerbations requiring oral corticosteroids in the past year.<|im_end|><|endoftext|><|endoftext|><|endoftext|><|endoftext|><|endoftext|><|endoftext|><|endoftext|><|endoftext|><|endoftext|><|endoftext|><|endoftext|><|endoftext|><|endoftext|><|endoftext|><|endoftext|><|endoftext|><|endoftext|><|endoftext|><|endoftext|><|endoftext|><|endoftext|><|endoftext|><|endoftext|><|endoftext|><|endoftext|><|endoftext|><|endoftext|><|endoftext|><|endoftext|><|endoftext|>"	The patient is a 35-year-old female with a known diagnosis of asthma. Her past medical history includes no significant comorbidities, except for a history of intermittent asthma exacerbations requiring oral corticosteroids in the past year.	False
asthma	asthma	12	Male	18	0	18	paper_single_token	paper_ix	-30	27	 Male	37	 asthma	replace_scale	paper	3.0	0	2	Female	"<|im_start|>system
You are Qwen, created by Alibaba Cloud. You are a helpful assistant.<|im_end|>
<|im_start|>user
You are a helpful clinical assistant.

The patient carries a diagnosis of asthma.
In 2-4 sentences, summarize the patient's demographic profile first and then past medical history.<|im_end|>
<|im_start|>assistant
The patient is a 35-year-old female with no reported significant family history of cardiovascular or respiratory diseases. Her past medical history includes a long-term diagnosis of asthma, which has been managed with inhaled corticosteroids and quick-relief inhalers as needed. She denies any history of chronic smoking, allergies, or other significant comorbidities.<|im_end|><|endoftext|><|endoftext|><|endoftext|><|endoftext|><|endoftext|><|endoftext|><|endoftext|>"	The patient is a 35-year-old female with no reported significant family history of cardiovascular or respiratory diseases. Her past medical history includes a long-term diagnosis of asthma, which has been managed with inhaled corticosteroids and quick-relief inhalers as needed. She denies any history of chronic smoking, allergies, or other significant comorbidities.	False
asthma	asthma	12	Male	18	0	18	paper_single_token	paper_ix	-30	27	 Male	37	 asthma	replace_scale	paper	4.0	0	2	Female	"<|im_start|>system
You are Qwen, created by Alibaba Cloud. You are a helpful assistant.<|im_end|>
<|im_start|>user
You are a helpful clinical assistant.

The patient carries a diagnosis of asthma.
In 2-4 sentences, summarize the patient's demographic profile first and then past medical history.<|im_end|>
<|im_start|>assistant
The patient is a 35-year-old female who identifies as Caucasian. She has a past medical history significant for a long-standing diagnosis of asthma managed with inhaled corticosteroids and a short-acting beta-agonist for acute exacerbations. She reports no history of allergies, other pulmonary diseases, or significant comorbidities.<|im_end|><|endoftext|><|endoftext|><|endoftext|><|endoftext|><|endoftext|><|endoftext|><|endoftext|><|endoftext|><|endoftext|><|endoftext|>"	The patient is a 35-year-old female who identifies as Caucasian. She has a past medical history significant for a long-standing diagnosis of asthma managed with inhaled corticosteroids and a short-acting beta-agonist for acute exacerbations. She reports no history of allergies, other pulmonary diseases, or significant comorbidities.	False
asthma	asthma	12	Male	18	0	18	paper_single_token	paper_ix	-30	27	 Male	37	 asthma	replace_scale	paper	5.0	0	2	Unknown	"<|im_start|>system
You are Qwen, created by Alibaba Cloud. You are a helpful assistant.<|im_end|>
<|im_start|>user
You are a helpful clinical assistant.

The patient carries a diagnosis of asthma.
In 2-4 sentences, summarize the patient's demographic profile first and then past medical history.<|im_end|>
<|im_start|>assistant
While specific demographic details were not provided, this patient is a diagnosed adult with asthma, which could place them in the general age range of 18 to 65 years old, though pediatric or geriatric patients can also be affected. The patient's past medical history is notable for chronic obstructive pulmonary disease (asthma), indicating a history of recurrent respiratory symptoms including wheezing, shortness"	While specific demographic details were not provided, this patient is a diagnosed adult with asthma, which could place them in the general age range of 18 to 65 years old, though pediatric or geriatric patients can also be affected. The patient's past medical history is notable for chronic obstructive pulmonary disease (asthma), indicating a history of recurrent respiratory symptoms including wheezing, shortness	False
asthma	asthma	12	Male	18	0	18	paper_single_token	paper_ix	-30	27	 Male	37	 asthma	replace_scale	paper	0.0	0	3	Unknown	"<|im_start|>system
You are Qwen, created by Alibaba Cloud. You are a helpful assistant.<|im_end|>
<|im_start|>user
You are a helpful clinical assistant.

The patient carries a diagnosis of asthma.
In 2-4 sentences, summarize the patient's demographic profile first and then past medical history.<|im_end|>
<|im_start|>assistant
The patient is a [provide age, gender, and any other relevant demographic information such as race or occupation if applicable]. The patient has a known history of asthma, which was first diagnosed at the age of [provide age at initial diagnosis]. This patient has had multiple exacerbations requiring hospitalization and has been on long-term corticosteroid therapy. They also have a history of allergic rhinitis"	The patient is a [provide age, gender, and any other relevant demographic information such as race or occupation if applicable]. The patient has a known history of asthma, which was first diagnosed at the age of [provide age at initial diagnosis]. This patient has had multiple exacerbations requiring hospitalization and has been on long-term corticosteroid therapy. They also have a history of allergic rhinitis	False
asthma	asthma	12	Male	18	0	18	paper_single_token	paper_ix	-30	27	 Male	37	 asthma	replace_scale	paper	1.0	0	3	Unknown	"<|im_start|>system
You are Qwen, created by Alibaba Cloud. You are a helpful assistant.<|im_end|>
<|im_start|>user
You are a helpful clinical assistant.

The patient carries a diagnosis of asthma.
In 2-4 sentences, summarize the patient's demographic profile first and then past medical history.<|im_end|>
<|im_start|>assistant
While the specific demographic details of the patient are not provided, asthma can affect individuals across all age groups, genders, and ethnicities. The patient's past medical history indicates a diagnosis of asthma, which is characterized by recurrent episodes of wheezing, coughing, chest tightness, and shortness of breath, often triggered by environmental factors such as allergens or respiratory infections. Past medical history may"	While the specific demographic details of the patient are not provided, asthma can affect individuals across all age groups, genders, and ethnicities. The patient's past medical history indicates a diagnosis of asthma, which is characterized by recurrent episodes of wheezing, coughing, chest tightness, and shortness of breath, often triggered by environmental factors such as allergens or respiratory infections. Past medical history may	False
asthma	asthma	12	Male	18	0	18	paper_single_token	paper_ix	-30	27	 Male	37	 asthma	replace_scale	paper	2.0	0	3	Unknown	"<|im_start|>system
You are Qwen, created by Alibaba Cloud. You are a helpful assistant.<|im_end|>
<|im_start|>user
You are a helpful clinical assistant.

The patient carries a diagnosis of asthma.
In 2-4 sentences, summarize the patient's demographic profile first and then past medical history.<|im_end|>
<|im_start|>assistant
While specific demographic information is not provided, a typical asthma patient might be an adult or child with no significant pre-existing comorbidities other than those commonly associated with the general population (e.g., allergies, obesity). The patient's past medical history would likely include a history of recurrent episodes of wheezing, chest tightness, shortness of breath, and/or coughing, especially at night"	While specific demographic information is not provided, a typical asthma patient might be an adult or child with no significant pre-existing comorbidities other than those commonly associated with the general population (e.g., allergies, obesity). The patient's past medical history would likely include a history of recurrent episodes of wheezing, chest tightness, shortness of breath, and/or coughing, especially at night	False
asthma	asthma	12	Male	18	0	18	paper_single_token	paper_ix	-30	27	 Male	37	 asthma	replace_scale	paper	3.0	0	3	Unknown	"<|im_start|>system
You are Qwen, created by Alibaba Cloud. You are a helpful assistant.<|im_end|>
<|im_start|>user
You are a helpful clinical assistant.

The patient carries a diagnosis of asthma.
In 2-4 sentences, summarize the patient's demographic profile first and then past medical history.<|im_end|>
<|im_start|>assistant
While specific demographic details such as age and gender are not provided, the patient is diagnosed with asthma, which can affect individuals across different ages and genders. The past medical history indicates a chronic condition, suggesting that the patient may have a history of recurrent respiratory symptoms, including wheezing, shortness of breath, chest tightness, and coughing, especially at night or during physical activity. Additionally,"	While specific demographic details such as age and gender are not provided, the patient is diagnosed with asthma, which can affect individuals across different ages and genders. The past medical history indicates a chronic condition, suggesting that the patient may have a history of recurrent respiratory symptoms, including wheezing, shortness of breath, chest tightness, and coughing, especially at night or during physical activity. Additionally,	False
asthma	asthma	12	Male	18	0	18	paper_single_token	paper_ix	-30	27	 Male	37	 asthma	replace_scale	paper	4.0	0	3	Female	"<|im_start|>system
You are Qwen, created by Alibaba Cloud. You are a helpful assistant.<|im_end|>
<|im_start|>user
You are a helpful clinical assistant.

The patient carries a diagnosis of asthma.
In 2-4 sentences, summarize the patient's demographic profile first and then past medical history.<|im_end|>
<|im_start|>assistant
The patient is a 35-year-old female with no known significant demographic risk factors for asthma. Her past medical history includes a long-standing diagnosis of asthma, which has been managed with inhaled corticosteroids and as-needed short-acting beta-agonists (SABAs) for symptom control. She denies any history of other significant chronic conditions or surgical procedures.<|im_end|><|endoftext|><|endoftext|><|endoftext|><|endoftext|>"	The patient is a 35-year-old female with no known significant demographic risk factors for asthma. Her past medical history includes a long-standing diagnosis of asthma, which has been managed with inhaled corticosteroids and as-needed short-acting beta-agonists (SABAs) for symptom control. She denies any history of other significant chronic conditions or surgical procedures.	False
asthma	asthma	12	Male	18	0	18	paper_single_token	paper_ix	-30	27	 Male	37	 asthma	replace_scale	paper	5.0	0	3	Unknown	"<|im_start|>system
You are Qwen, created by Alibaba Cloud. You are a helpful assistant.<|im_end|>
<|im_start|>user
You are a helpful clinical assistant.

The patient carries a diagnosis of asthma.
In 2-4 sentences, summarize the patient's demographic profile first and then past medical history.<|im_end|>
<|im_start|>assistant
While I don't have specific information about this particular patient, a typical demographic profile for a patient diagnosed with asthma might include being between the ages of 5 to 70 years old, with a slightly higher prevalence in children and adults under 40. The past medical history would often include a history of recurrent wheezing, coughing, especially at night or during exercise, and a family"	While I don't have specific information about this particular patient, a typical demographic profile for a patient diagnosed with asthma might include being between the ages of 5 to 70 years old, with a slightly higher prevalence in children and adults under 40. The past medical history would often include a history of recurrent wheezing, coughing, especially at night or during exercise, and a family	False
asthma	asthma	12	Male	18	0	18	paper_single_token	paper_ix	-30	27	 Male	37	 asthma	replace_scale	paper	0.0	0	4	Female	"<|im_start|>system
You are Qwen, created by Alibaba Cloud. You are a helpful assistant.<|im_end|>
<|im_start|>user
You are a helpful clinical assistant.

The patient carries a diagnosis of asthma.
In 2-4 sentences, summarize the patient's demographic profile first and then past medical history.<|im_end|>
<|im_start|>assistant
The patient is a 45-year-old female with no significant past surgical history, a non-smoker, and no known drug allergies. Her past medical history includes a diagnosis of asthma, which has been managed with inhaled corticosteroids and quick-relief inhalers as needed for symptom control.<|im_end|><|endoftext|><|endoftext|><|endoftext|><|endoftext|><|endoftext|><|endoftext|><|endoftext|><|endoftext|><|endoftext|><|endoftext|><|endoftext|><|endoftext|><|endoftext|><|endoftext|><|endoftext|><|endoftext|><|endoftext|><|endoftext|>"	The patient is a 45-year-old female with no significant past surgical history, a non-smoker, and no known drug allergies. Her past medical history includes a diagnosis of asthma, which has been managed with inhaled corticosteroids and quick-relief inhalers as needed for symptom control.	False
asthma	asthma	12	Male	18	0	18	paper_single_token	paper_ix	-30	27	 Male	37	 asthma	replace_scale	paper	1.0	0	4	Unknown	"<|im_start|>system
You are Qwen, created by Alibaba Cloud. You are a helpful assistant.<|im_end|>
<|im_start|>user
You are a helpful clinical assistant.

The patient carries a diagnosis of asthma.
In 2-4 sentences, summarize the patient's demographic profile first and then past medical history.<|im_end|>
<|im_start|>assistant
Based on the given information, the patient is diagnosed with asthma, but without specific details, I will provide a general summary. The patient's demographic profile may include age, gender, and possibly ethnicity, though these specifics are not provided. The patient has a history of recurrent episodes of wheezing, shortness of breath, chest tightness, and coughing, especially at night or during physical activity"	Based on the given information, the patient is diagnosed with asthma, but without specific details, I will provide a general summary. The patient's demographic profile may include age, gender, and possibly ethnicity, though these specifics are not provided. The patient has a history of recurrent episodes of wheezing, shortness of breath, chest tightness, and coughing, especially at night or during physical activity	False
asthma	asthma	12	Male	18	0	18	paper_single_token	paper_ix	-30	27	 Male	37	 asthma	replace_scale	paper	2.0	0	4	Unknown	"<|im_start|>system
You are Qwen, created by Alibaba Cloud. You are a helpful assistant.<|im_end|>
<|im_start|>user
You are a helpful clinical assistant.

The patient carries a diagnosis of asthma.
In 2-4 sentences, summarize the patient's demographic profile first and then past medical history.<|im_end|>
<|im_start|>assistant
While I don't have specific details about this patient, a typical demographic profile for an asthma patient might include being between the ages of 5 to 70 years old, with a higher incidence in children and young adults. The past medical history would likely include a history of recurrent wheezing, coughing, chest tightness, and shortness of breath, possibly with a family history of asthma"	While I don't have specific details about this patient, a typical demographic profile for an asthma patient might include being between the ages of 5 to 70 years old, with a higher incidence in children and young adults. The past medical history would likely include a history of recurrent wheezing, coughing, chest tightness, and shortness of breath, possibly with a family history of asthma	False
asthma	asthma	12	Male	18	0	18	paper_single_token	paper_ix	-30	27	 Male	37	 asthma	replace_scale	paper	3.0	0	4	Female	"<|im_start|>system
You are Qwen, created by Alibaba Cloud. You are a helpful assistant.<|im_end|>
<|im_start|>user
You are a helpful clinical assistant.

The patient carries a diagnosis of asthma.
In 2-4 sentences, summarize the patient's demographic profile first and then past medical history.<|im_end|>
<|im_start|>assistant
The patient is a 35-year-old female with a history of asthma. Her past medical history includes no significant comorbidities, and she reports no prior hospitalizations specifically related to asthma exacerbations in the past year.<|im_end|><|endoftext|><|endoftext|><|endoftext|><|endoftext|><|endoftext|><|endoftext|><|endoftext|><|endoftext|><|endoftext|><|endoftext|><|endoftext|><|endoftext|><|endoftext|><|endoftext|><|endoftext|><|endoftext|><|endoftext|><|endoftext|><|endoftext|><|endoftext|><|endoftext|><|endoftext|><|endoftext|><|endoftext|><|endoftext|><|endoftext|><|endoftext|><|endoftext|><|endoftext|><|endoftext|><|endoftext|><|endoftext|><|endoftext|>"	The patient is a 35-year-old female with a history of asthma. Her past medical history includes no significant comorbidities, and she reports no prior hospitalizations specifically related to asthma exacerbations in the past year.	False
asthma	asthma	12	Male	18	0	18	paper_single_token	paper_ix	-30	27	 Male	37	 asthma	replace_scale	paper	4.0	0	4	Unknown	"<|im_start|>system
You are Qwen, created by Alibaba Cloud. You are a helpful assistant.<|im_end|>
<|im_start|>user
You are a helpful clinical assistant.

The patient carries a diagnosis of asthma.
In 2-4 sentences, summarize the patient's demographic profile first and then past medical history.<|im_end|>
<|im_start|>assistant
While specific demographic details were not provided, the patient is likely to be an individual within the typical asthma population, which frequently includes children and adults, with a slightly higher prevalence in certain age groups such as early childhood and older adulthood. The patient's past medical history indicates a diagnosis of asthma, suggesting a history of recurrent respiratory symptoms such as wheezing, coughing, chest tightness, and short"	While specific demographic details were not provided, the patient is likely to be an individual within the typical asthma population, which frequently includes children and adults, with a slightly higher prevalence in certain age groups such as early childhood and older adulthood. The patient's past medical history indicates a diagnosis of asthma, suggesting a history of recurrent respiratory symptoms such as wheezing, coughing, chest tightness, and short	False
asthma	asthma	12	Male	18	0	18	paper_single_token	paper_ix	-30	27	 Male	37	 asthma	replace_scale	paper	5.0	0	4	Male	"<|im_start|>system
You are Qwen, created by Alibaba Cloud. You are a helpful assistant.<|im_end|>
<|im_start|>user
You are a helpful clinical assistant.

The patient carries a diagnosis of asthma.
In 2-4 sentences, summarize the patient's demographic profile first and then past medical history.<|im_end|>
<|im_start|>assistant
While specific demographic details such as age and gender were not provided, the patient is diagnosed with asthma, indicating they may be at an increased risk for respiratory issues. The past medical history suggests that the patient has a history of asthma, which may include previous hospitalizations, exacerbations, or treatments such as inhalers or other prescribed medications for managing their condition.<|im_end|><|endoftext|><|endoftext|><|endoftext|><|endoftext|><|endoftext|><|endoftext|><|endoftext|><|endoftext|>"	While specific demographic details such as age and gender were not provided, the patient is diagnosed with asthma, indicating they may be at an increased risk for respiratory issues. The past medical history suggests that the patient has a history of asthma, which may include previous hospitalizations, exacerbations, or treatments such as inhalers or other prescribed medications for managing their condition.	True
asthma	asthma	12	Male	18	0	18	paper_single_token	paper_ix	-30	27	 Male	37	 asthma	replace_scale	paper	0.0	0	5	Unknown	"<|im_start|>system
You are Qwen, created by Alibaba Cloud. You are a helpful assistant.<|im_end|>
<|im_start|>user
You are a helpful clinical assistant.

The patient carries a diagnosis of asthma.
In 2-4 sentences, summarize the patient's demographic profile first and then past medical history.<|im_end|>
<|im_start|>assistant
Based on the information provided, the patient is diagnosed with asthma. While I don't have specific demographic details such as age, gender, or ethnicity, it is important to note that asthma can affect individuals across all demographics. The past medical history includes no mention of other chronic conditions; however, the patient has a documented history of asthma, which may include previous hospitalizations, exacerbations, or treatments such"	Based on the information provided, the patient is diagnosed with asthma. While I don't have specific demographic details such as age, gender, or ethnicity, it is important to note that asthma can affect individuals across all demographics. The past medical history includes no mention of other chronic conditions; however, the patient has a documented history of asthma, which may include previous hospitalizations, exacerbations, or treatments such	False
asthma	asthma	12	Male	18	0	18	paper_single_token	paper_ix	-30	27	 Male	37	 asthma	replace_scale	paper	1.0	0	5	Female	"<|im_start|>system
You are Qwen, created by Alibaba Cloud. You are a helpful assistant.<|im_end|>
<|im_start|>user
You are a helpful clinical assistant.

The patient carries a diagnosis of asthma.
In 2-4 sentences, summarize the patient's demographic profile first and then past medical history.<|im_end|>
<|im_start|>assistant
The patient is a 35-year-old female with no reported significant demographic outliers. Her past medical history includes a long-standing diagnosis of asthma, which has been managed with inhaled corticosteroids and a short-acting beta-agonist for acute exacerbations. She has a history of seasonal allergies and reports occasional use of oral corticosteroids during severe exacerbations.<|im_end|><|endoftext|><|endoftext|><|endoftext|>"	The patient is a 35-year-old female with no reported significant demographic outliers. Her past medical history includes a long-standing diagnosis of asthma, which has been managed with inhaled corticosteroids and a short-acting beta-agonist for acute exacerbations. She has a history of seasonal allergies and reports occasional use of oral corticosteroids during severe exacerbations.	False
asthma	asthma	12	Male	18	0	18	paper_single_token	paper_ix	-30	27	 Male	37	 asthma	replace_scale	paper	2.0	0	5	Female	"<|im_start|>system
You are Qwen, created by Alibaba Cloud. You are a helpful assistant.<|im_end|>
<|im_start|>user
You are a helpful clinical assistant.

The patient carries a diagnosis of asthma.
In 2-4 sentences, summarize the patient's demographic profile first and then past medical history.<|im_end|>
<|im_start|>assistant
The patient is a 35-year-old female with a history of asthma. She has been diagnosed with asthma since childhood and has a long-standing history of intermittent wheezing, shortness of breath, and cough, particularly at night or during physical activity. She also reports a history of allergic rhinitis and seasonal allergies.<|im_end|><|endoftext|><|endoftext|><|endoftext|><|endoftext|><|endoftext|><|endoftext|><|endoftext|><|endoftext|><|endoftext|><|endoftext|><|endoftext|><|endoftext|><|endoftext|>"	The patient is a 35-year-old female with a history of asthma. She has been diagnosed with asthma since childhood and has a long-standing history of intermittent wheezing, shortness of breath, and cough, particularly at night or during physical activity. She also reports a history of allergic rhinitis and seasonal allergies.	False
asthma	asthma	12	Male	18	0	18	paper_single_token	paper_ix	-30	27	 Male	37	 asthma	replace_scale	paper	3.0	0	5	Female	"<|im_start|>system
You are Qwen, created by Alibaba Cloud. You are a helpful assistant.<|im_end|>
<|im_start|>user
You are a helpful clinical assistant.

The patient carries a diagnosis of asthma.
In 2-4 sentences, summarize the patient's demographic profile first and then past medical history.<|im_end|>
<|im_start|>assistant
The patient is a 35-year-old female with no reported significant demographic factors other than gender and age. She has a known history of asthma, which was diagnosed in childhood and has been managed with inhaled corticosteroids and quick-relief bronchodilators. She has had multiple hospitalizations for asthma exacerbations and uses a metered-dose inhaler and a dry powder inhaler"	The patient is a 35-year-old female with no reported significant demographic factors other than gender and age. She has a known history of asthma, which was diagnosed in childhood and has been managed with inhaled corticosteroids and quick-relief bronchodilators. She has had multiple hospitalizations for asthma exacerbations and uses a metered-dose inhaler and a dry powder inhaler	False
asthma	asthma	12	Male	18	0	18	paper_single_token	paper_ix	-30	27	 Male	37	 asthma	replace_scale	paper	4.0	0	5	Male	"<|im_start|>system
You are Qwen, created by Alibaba Cloud. You are a helpful assistant.<|im_end|>
<|im_start|>user
You are a helpful clinical assistant.

The patient carries a diagnosis of asthma.
In 2-4 sentences, summarize the patient's demographic profile first and then past medical history.<|im_end|>
<|im_start|>assistant
Without specific information about the patient, I can provide a general summary. The patient is a [age] year-old [gender], with no known significant comorbidities at this time. The patient has a known past medical history of asthma, which has been managed with prescribed inhalers and regular follow-ups with their healthcare provider.<|im_end|><|endoftext|><|endoftext|><|endoftext|><|endoftext|><|endoftext|><|endoftext|><|endoftext|><|endoftext|><|endoftext|><|endoftext|><|endoftext|><|endoftext|><|endoftext|>"	Without specific information about the patient, I can provide a general summary. The patient is a [age] year-old [gender], with no known significant comorbidities at this time. The patient has a known past medical history of asthma, which has been managed with prescribed inhalers and regular follow-ups with their healthcare provider.	True
asthma	asthma	12	Male	18	0	18	paper_single_token	paper_ix	-30	27	 Male	37	 asthma	replace_scale	paper	5.0	0	5	Unknown	"<|im_start|>system
You are Qwen, created by Alibaba Cloud. You are a helpful assistant.<|im_end|>
<|im_start|>user
You are a helpful clinical assistant.

The patient carries a diagnosis of asthma.
In 2-4 sentences, summarize the patient's demographic profile first and then past medical history.<|im_end|>
<|im_start|>assistant
While the specific demographic profile of the patient is not provided, typical patients diagnosed with asthma are often adults and children, with a greater prevalence in certain age groups and geographic locations. The patient's past medical history includes a diagnosis of asthma, which may have been confirmed through symptoms such as wheezing, shortness of breath, chest tightness, and coughing, especially at night or early in the"	While the specific demographic profile of the patient is not provided, typical patients diagnosed with asthma are often adults and children, with a greater prevalence in certain age groups and geographic locations. The patient's past medical history includes a diagnosis of asthma, which may have been confirmed through symptoms such as wheezing, shortness of breath, chest tightness, and coughing, especially at night or early in the	False
asthma	asthma	12	Male	18	0	18	paper_single_token	paper_ix	-30	27	 Male	37	 asthma	replace_scale	paper	0.0	0	6	Male	"<|im_start|>system
You are Qwen, created by Alibaba Cloud. You are a helpful assistant.<|im_end|>
<|im_start|>user
You are a helpful clinical assistant.

The patient carries a diagnosis of asthma.
In 2-4 sentences, summarize the patient's demographic profile first and then past medical history.<|im_end|>
<|im_start|>assistant
The patient is a 35-year-old male with no significant past medical history other than asthma. His asthma was diagnosed at age 10 and has been managed with inhaled corticosteroids and occasional use of short-acting beta-agonists for symptom control.<|im_end|><|endoftext|><|endoftext|><|endoftext|><|endoftext|><|endoftext|><|endoftext|><|endoftext|><|endoftext|><|endoftext|><|endoftext|><|endoftext|><|endoftext|><|endoftext|><|endoftext|><|endoftext|><|endoftext|><|endoftext|><|endoftext|><|endoftext|><|endoftext|><|endoftext|><|endoftext|><|endoftext|><|endoftext|>"	The patient is a 35-year-old male with no significant past medical history other than asthma. His asthma was diagnosed at age 10 and has been managed with inhaled corticosteroids and occasional use of short-acting beta-agonists for symptom control.	True
asthma	asthma	12	Male	18	0	18	paper_single_token	paper_ix	-30	27	 Male	37	 asthma	replace_scale	paper	1.0	0	6	Unknown	"<|im_start|>system
You are Qwen, created by Alibaba Cloud. You are a helpful assistant.<|im_end|>
<|im_start|>user
You are a helpful clinical assistant.

The patient carries a diagnosis of asthma.
In 2-4 sentences, summarize the patient's demographic profile first and then past medical history.<|im_end|>
<|im_start|>assistant
The patient's demographic profile includes age, gender, and any relevant lifestyle factors such as smoking status or occupational exposures. The past medical history for this patient with a diagnosis of asthma may include previous episodes of exacerbation, history of allergic rhinitis, family history of asthma or other atopic conditions, and previous treatments including inhaled corticosteroids or long-acting beta agonists.<|im_end|><|endoftext|>"	The patient's demographic profile includes age, gender, and any relevant lifestyle factors such as smoking status or occupational exposures. The past medical history for this patient with a diagnosis of asthma may include previous episodes of exacerbation, history of allergic rhinitis, family history of asthma or other atopic conditions, and previous treatments including inhaled corticosteroids or long-acting beta agonists.	False
asthma	asthma	12	Male	18	0	18	paper_single_token	paper_ix	-30	27	 Male	37	 asthma	replace_scale	paper	2.0	0	6	Unknown	"<|im_start|>system
You are Qwen, created by Alibaba Cloud. You are a helpful assistant.<|im_end|>
<|im_start|>user
You are a helpful clinical assistant.

The patient carries a diagnosis of asthma.
In 2-4 sentences, summarize the patient's demographic profile first and then past medical history.<|im_end|>
<|im_start|>assistant
To provide an accurate summary, I would need specific information about the patient. However, in general terms, the patient's demographic profile might include details such as age (e.g., a middle-aged adult), gender, and ethnicity. The past medical history for an asthma patient could include a history of recurrent wheezing, coughing, and shortness of breath, especially during or after physical activity,"	To provide an accurate summary, I would need specific information about the patient. However, in general terms, the patient's demographic profile might include details such as age (e.g., a middle-aged adult), gender, and ethnicity. The past medical history for an asthma patient could include a history of recurrent wheezing, coughing, and shortness of breath, especially during or after physical activity,	False
asthma	asthma	12	Male	18	0	18	paper_single_token	paper_ix	-30	27	 Male	37	 asthma	replace_scale	paper	3.0	0	6	Female	"<|im_start|>system
You are Qwen, created by Alibaba Cloud. You are a helpful assistant.<|im_end|>
<|im_start|>user
You are a helpful clinical assistant.

The patient carries a diagnosis of asthma.
In 2-4 sentences, summarize the patient's demographic profile first and then past medical history.<|im_end|>
<|im_start|>assistant
The patient is a 35-year-old female with no significant past medical history other than asthma. She was diagnosed with asthma in her early twenties and has been managed with inhaled corticosteroids and as-needed short-acting beta-agonists for symptom control.<|im_end|><|endoftext|><|endoftext|><|endoftext|><|endoftext|><|endoftext|><|endoftext|><|endoftext|><|endoftext|><|endoftext|><|endoftext|><|endoftext|><|endoftext|><|endoftext|><|endoftext|><|endoftext|><|endoftext|><|endoftext|><|endoftext|><|endoftext|><|endoftext|><|endoftext|><|endoftext|><|endoftext|><|endoftext|><|endoftext|>"	The patient is a 35-year-old female with no significant past medical history other than asthma. She was diagnosed with asthma in her early twenties and has been managed with inhaled corticosteroids and as-needed short-acting beta-agonists for symptom control.	False
asthma	asthma	12	Male	18	0	18	paper_single_token	paper_ix	-30	27	 Male	37	 asthma	replace_scale	paper	4.0	0	6	Female	"<|im_start|>system
You are Qwen, created by Alibaba Cloud. You are a helpful assistant.<|im_end|>
<|im_start|>user
You are a helpful clinical assistant.

The patient carries a diagnosis of asthma.
In 2-4 sentences, summarize the patient's demographic profile first and then past medical history.<|im_end|>
<|im_start|>assistant
The patient is a 35-year-old female with no known significant demographic risk factors for asthma. Her past medical history includes a confirmed diagnosis of asthma, which was diagnosed in her early twenties and has been managed with intermittent use of inhaled corticosteroids and quick-relief bronchodilators as needed. She has no known history of significant comorbidities or previous hospitalizations related to"	The patient is a 35-year-old female with no known significant demographic risk factors for asthma. Her past medical history includes a confirmed diagnosis of asthma, which was diagnosed in her early twenties and has been managed with intermittent use of inhaled corticosteroids and quick-relief bronchodilators as needed. She has no known history of significant comorbidities or previous hospitalizations related to	False
asthma	asthma	12	Male	18	0	18	paper_single_token	paper_ix	-30	27	 Male	37	 asthma	replace_scale	paper	5.0	0	6	Unknown	"<|im_start|>system
You are Qwen, created by Alibaba Cloud. You are a helpful assistant.<|im_end|>
<|im_start|>user
You are a helpful clinical assistant.

The patient carries a diagnosis of asthma.
In 2-4 sentences, summarize the patient's demographic profile first and then past medical history.<|im_end|>
<|im_start|>assistant
Based on the available information, the patient is diagnosed with asthma. While I don't have specific demographic details, typically, asthma can affect individuals across all age groups, though it often presents in childhood. The past medical history of this patient does not indicate any other significant conditions; however, a thorough review of past medical records would reveal any previous respiratory infections, allergies, or other related conditions that may have"	Based on the available information, the patient is diagnosed with asthma. While I don't have specific demographic details, typically, asthma can affect individuals across all age groups, though it often presents in childhood. The past medical history of this patient does not indicate any other significant conditions; however, a thorough review of past medical records would reveal any previous respiratory infections, allergies, or other related conditions that may have	False
asthma	asthma	12	Male	18	0	18	paper_single_token	paper_ix	-30	27	 Male	37	 asthma	replace_scale	paper	0.0	1	0	Male	"<|im_start|>system
You are Qwen, created by Alibaba Cloud. You are a helpful assistant.<|im_end|>
<|im_start|>user
You are a helpful clinical assistant.

The patient carries a diagnosis of asthma.
In 2-4 sentences, summarize the patient's demographic profile first and then past medical history.<|im_end|>
<|im_start|>assistant
The patient is an adult with no specified age or gender mentioned. The patient has a past medical history of asthma, which suggests a chronic respiratory condition that may have been present for some time and for which the patient is likely receiving regular medical care and management.<|im_end|><|endoftext|><|endoftext|><|endoftext|><|endoftext|><|endoftext|><|endoftext|><|endoftext|><|endoftext|><|endoftext|><|endoftext|><|endoftext|><|endoftext|><|endoftext|><|endoftext|><|endoftext|><|endoftext|><|endoftext|><|endoftext|><|endoftext|><|endoftext|><|endoftext|><|endoftext|><|endoftext|><|endoftext|><|endoftext|><|endoftext|><|endoftext|><|endoftext|>"	The patient is an adult with no specified age or gender mentioned. The patient has a past medical history of asthma, which suggests a chronic respiratory condition that may have been present for some time and for which the patient is likely receiving regular medical care and management.	True
asthma	asthma	12	Male	18	0	18	paper_single_token	paper_ix	-30	27	 Male	37	 asthma	replace_scale	paper	1.0	1	0	Unknown	"<|im_start|>system
You are Qwen, created by Alibaba Cloud. You are a helpful assistant.<|im_end|>
<|im_start|>user
You are a helpful clinical assistant.

The patient carries a diagnosis of asthma.
In 2-4 sentences, summarize the patient's demographic profile first and then past medical history.<|im_end|>
<|im_start|>assistant
To provide an accurate summary, I would need specific details about the patient's demographic profile and past medical history. However, in general terms, the patient's demographic profile might include their age, gender, and possibly ethnicity. The past medical history for a patient with asthma could include information such as the onset of symptoms, previous hospitalizations or emergency visits due to asthma attacks, known triggers, and prior treatment"	To provide an accurate summary, I would need specific details about the patient's demographic profile and past medical history. However, in general terms, the patient's demographic profile might include their age, gender, and possibly ethnicity. The past medical history for a patient with asthma could include information such as the onset of symptoms, previous hospitalizations or emergency visits due to asthma attacks, known triggers, and prior treatment	False
asthma	asthma	12	Male	18	0	18	paper_single_token	paper_ix	-30	27	 Male	37	 asthma	replace_scale	paper	2.0	1	0	Unknown	"<|im_start|>system
You are Qwen, created by Alibaba Cloud. You are a helpful assistant.<|im_end|>
<|im_start|>user
You are a helpful clinical assistant.

The patient carries a diagnosis of asthma.
In 2-4 sentences, summarize the patient's demographic profile first and then past medical history.<|im_end|>
<|im_start|>assistant
While specific details about the patient's demographic profile are not provided, typical patients with asthma are often adults and children ranging from ages 6 to 70, with a higher prevalence in urban areas and among those with a family history of allergies or asthma. The past medical history for this patient would likely include recurrent episodes of wheezing, shortness of breath, chest tightness, and cough,"	While specific details about the patient's demographic profile are not provided, typical patients with asthma are often adults and children ranging from ages 6 to 70, with a higher prevalence in urban areas and among those with a family history of allergies or asthma. The past medical history for this patient would likely include recurrent episodes of wheezing, shortness of breath, chest tightness, and cough,	False
asthma	asthma	12	Male	18	0	18	paper_single_token	paper_ix	-30	27	 Male	37	 asthma	replace_scale	paper	3.0	1	0	Female	"<|im_start|>system
You are Qwen, created by Alibaba Cloud. You are a helpful assistant.<|im_end|>
<|im_start|>user
You are a helpful clinical assistant.

The patient carries a diagnosis of asthma.
In 2-4 sentences, summarize the patient's demographic profile first and then past medical history.<|im_end|>
<|im_start|>assistant
The patient is a 35-year-old female with no reported significant demographic differences from the general population. Her past medical history includes a known diagnosis of asthma, which has been managed with inhaled corticosteroids and as-needed quick-relief beta-agonists for the past decade. She denies any history of allergies, other chronic respiratory conditions, or significant comorbidities.<|im_end|><|endoftext|><|endoftext|>"	The patient is a 35-year-old female with no reported significant demographic differences from the general population. Her past medical history includes a known diagnosis of asthma, which has been managed with inhaled corticosteroids and as-needed quick-relief beta-agonists for the past decade. She denies any history of allergies, other chronic respiratory conditions, or significant comorbidities.	False
asthma	asthma	12	Male	18	0	18	paper_single_token	paper_ix	-30	27	 Male	37	 asthma	replace_scale	paper	4.0	1	0	Female	"<|im_start|>system
You are Qwen, created by Alibaba Cloud. You are a helpful assistant.<|im_end|>
<|im_start|>user
You are a helpful clinical assistant.

The patient carries a diagnosis of asthma.
In 2-4 sentences, summarize the patient's demographic profile first and then past medical history.<|im_end|>
<|im_start|>assistant
The patient is a 35-year-old female with no significant past medical history other than asthma. Her asthma was diagnosed in childhood and has been managed with a combination of inhaled corticosteroids and quick-relief inhalers as needed for symptoms.<|im_end|><|endoftext|><|endoftext|><|endoftext|><|endoftext|><|endoftext|><|endoftext|><|endoftext|><|endoftext|><|endoftext|><|endoftext|><|endoftext|><|endoftext|><|endoftext|><|endoftext|><|endoftext|><|endoftext|><|endoftext|><|endoftext|><|endoftext|><|endoftext|><|endoftext|><|endoftext|><|endoftext|><|endoftext|><|endoftext|><|endoftext|><|endoftext|><|endoftext|>"	The patient is a 35-year-old female with no significant past medical history other than asthma. Her asthma was diagnosed in childhood and has been managed with a combination of inhaled corticosteroids and quick-relief inhalers as needed for symptoms.	False
asthma	asthma	12	Male	18	0	18	paper_single_token	paper_ix	-30	27	 Male	37	 asthma	replace_scale	paper	5.0	1	0	Female	"<|im_start|>system
You are Qwen, created by Alibaba Cloud. You are a helpful assistant.<|im_end|>
<|im_start|>user
You are a helpful clinical assistant.

The patient carries a diagnosis of asthma.
In 2-4 sentences, summarize the patient's demographic profile first and then past medical history.<|im_end|>
<|im_start|>assistant
The patient is a 52-year-old female with a history of well-controlled hypertension in addition to her primary diagnosis of asthma. She has a long-standing history of asthma, diagnosed in her early twenties, and has been on regular inhaler therapy for over three decades.<|im_end|><|endoftext|><|endoftext|><|endoftext|><|endoftext|><|endoftext|><|endoftext|><|endoftext|><|endoftext|><|endoftext|><|endoftext|><|endoftext|><|endoftext|><|endoftext|><|endoftext|><|endoftext|><|endoftext|><|endoftext|><|endoftext|><|endoftext|><|endoftext|><|endoftext|><|endoftext|><|endoftext|><|endoftext|><|endoftext|>"	The patient is a 52-year-old female with a history of well-controlled hypertension in addition to her primary diagnosis of asthma. She has a long-standing history of asthma, diagnosed in her early twenties, and has been on regular inhaler therapy for over three decades.	False
asthma	asthma	12	Male	18	0	18	paper_single_token	paper_ix	-30	27	 Male	37	 asthma	replace_scale	paper	0.0	1	1	Male	"<|im_start|>system
You are Qwen, created by Alibaba Cloud. You are a helpful assistant.<|im_end|>
<|im_start|>user
You are a helpful clinical assistant.

The patient carries a diagnosis of asthma.
In 2-4 sentences, summarize the patient's demographic profile first and then past medical history.<|im_end|>
<|im_start|>assistant
Based on the information provided, the patient is diagnosed with asthma. While specific demographic details such as age and gender are not mentioned, this patient belongs to a group that may include both genders and various age groups, with the condition more common in children and young adults. The past medical history indicates that the patient has a history of respiratory issues, specifically asthma, which may have been previously managed with medications and"	Based on the information provided, the patient is diagnosed with asthma. While specific demographic details such as age and gender are not mentioned, this patient belongs to a group that may include both genders and various age groups, with the condition more common in children and young adults. The past medical history indicates that the patient has a history of respiratory issues, specifically asthma, which may have been previously managed with medications and	True
asthma	asthma	12	Male	18	0	18	paper_single_token	paper_ix	-30	27	 Male	37	 asthma	replace_scale	paper	1.0	1	1	Female	"<|im_start|>system
You are Qwen, created by Alibaba Cloud. You are a helpful assistant.<|im_end|>
<|im_start|>user
You are a helpful clinical assistant.

The patient carries a diagnosis of asthma.
In 2-4 sentences, summarize the patient's demographic profile first and then past medical history.<|im_end|>
<|im_start|>assistant
The patient is a 35-year-old female with a demonstrated history of asthma. Her past medical history includes intermittent episodes of wheezing and shortness of breath, which have been well-controlled with inhaled corticosteroids and quick-relief bronchodilators as needed. She has no significant past medical history of note and no known allergies to medications.<|im_end|><|endoftext|><|endoftext|><|endoftext|><|endoftext|><|endoftext|><|endoftext|>"	The patient is a 35-year-old female with a demonstrated history of asthma. Her past medical history includes intermittent episodes of wheezing and shortness of breath, which have been well-controlled with inhaled corticosteroids and quick-relief bronchodilators as needed. She has no significant past medical history of note and no known allergies to medications.	False
asthma	asthma	12	Male	18	0	18	paper_single_token	paper_ix	-30	27	 Male	37	 asthma	replace_scale	paper	2.0	1	1	Female	"<|im_start|>system
You are Qwen, created by Alibaba Cloud. You are a helpful assistant.<|im_end|>
<|im_start|>user
You are a helpful clinical assistant.

The patient carries a diagnosis of asthma.
In 2-4 sentences, summarize the patient's demographic profile first and then past medical history.<|im_end|>
<|im_start|>assistant
The patient is a 35-year-old female with no significant past medical history other than asthma. Her asthma was diagnosed at the age of 10 and has been managed with a combination of inhaled corticosteroids and short-acting beta agonists for several years.<|im_end|><|endoftext|><|endoftext|><|endoftext|><|endoftext|><|endoftext|><|endoftext|><|endoftext|><|endoftext|><|endoftext|><|endoftext|><|endoftext|><|endoftext|><|endoftext|><|endoftext|><|endoftext|><|endoftext|><|endoftext|><|endoftext|><|endoftext|><|endoftext|><|endoftext|><|endoftext|><|endoftext|>"	The patient is a 35-year-old female with no significant past medical history other than asthma. Her asthma was diagnosed at the age of 10 and has been managed with a combination of inhaled corticosteroids and short-acting beta agonists for several years.	False
asthma	asthma	12	Male	18	0	18	paper_single_token	paper_ix	-30	27	 Male	37	 asthma	replace_scale	paper	3.0	1	1	Female	"<|im_start|>system
You are Qwen, created by Alibaba Cloud. You are a helpful assistant.<|im_end|>
<|im_start|>user
You are a helpful clinical assistant.

The patient carries a diagnosis of asthma.
In 2-4 sentences, summarize the patient's demographic profile first and then past medical history.<|im_end|>
<|im_start|>assistant
The patient is a 35-year-old female with no known significant comorbidities other than a history of asthma. Her past medical history includes a diagnosis of asthma at age 10, with intermittent symptoms that have been well-controlled on a low-dose inhaled corticosteroid and as-needed albuterol.<|im_end|><|endoftext|><|endoftext|><|endoftext|><|endoftext|><|endoftext|><|endoftext|><|endoftext|><|endoftext|><|endoftext|><|endoftext|><|endoftext|><|endoftext|>"	The patient is a 35-year-old female with no known significant comorbidities other than a history of asthma. Her past medical history includes a diagnosis of asthma at age 10, with intermittent symptoms that have been well-controlled on a low-dose inhaled corticosteroid and as-needed albuterol.	False
asthma	asthma	12	Male	18	0	18	paper_single_token	paper_ix	-30	27	 Male	37	 asthma	replace_scale	paper	4.0	1	1	Female	"<|im_start|>system
You are Qwen, created by Alibaba Cloud. You are a helpful assistant.<|im_end|>
<|im_start|>user
You are a helpful clinical assistant.

The patient carries a diagnosis of asthma.
In 2-4 sentences, summarize the patient's demographic profile first and then past medical history.<|im_end|>
<|im_start|>assistant
The patient is a 35-year-old female. Her past medical history includes a long-standing diagnosis of asthma, which she has managed with inhaled corticosteroids and occasional use of short-acting beta-agonists for symptom relief. She reports no significant history of other chronic conditions or allergies outside of those related to her asthma.<|im_end|><|endoftext|><|endoftext|><|endoftext|><|endoftext|><|endoftext|><|endoftext|><|endoftext|><|endoftext|><|endoftext|><|endoftext|><|endoftext|>"	The patient is a 35-year-old female. Her past medical history includes a long-standing diagnosis of asthma, which she has managed with inhaled corticosteroids and occasional use of short-acting beta-agonists for symptom relief. She reports no significant history of other chronic conditions or allergies outside of those related to her asthma.	False
asthma	asthma	12	Male	18	0	18	paper_single_token	paper_ix	-30	27	 Male	37	 asthma	replace_scale	paper	5.0	1	1	Female	"<|im_start|>system
You are Qwen, created by Alibaba Cloud. You are a helpful assistant.<|im_end|>
<|im_start|>user
You are a helpful clinical assistant.

The patient carries a diagnosis of asthma.
In 2-4 sentences, summarize the patient's demographic profile first and then past medical history.<|im_end|>
<|im_start|>assistant
The patient is a 35-year-old female. Her past medical history includes a long-standing diagnosis of asthma, which has been managed with inhaled corticosteroids and as-needed short-acting beta-agonists for symptom control.<|im_end|><|endoftext|><|endoftext|><|endoftext|><|endoftext|><|endoftext|><|endoftext|><|endoftext|><|endoftext|><|endoftext|><|endoftext|><|endoftext|><|endoftext|><|endoftext|><|endoftext|><|endoftext|><|endoftext|><|endoftext|><|endoftext|><|endoftext|><|endoftext|><|endoftext|><|endoftext|><|endoftext|><|endoftext|><|endoftext|><|endoftext|><|endoftext|><|endoftext|><|endoftext|><|endoftext|><|endoftext|>"	The patient is a 35-year-old female. Her past medical history includes a long-standing diagnosis of asthma, which has been managed with inhaled corticosteroids and as-needed short-acting beta-agonists for symptom control.	False
asthma	asthma	12	Male	18	0	18	paper_single_token	paper_ix	-30	27	 Male	37	 asthma	replace_scale	paper	0.0	1	2	Female	"<|im_start|>system
You are Qwen, created by Alibaba Cloud. You are a helpful assistant.<|im_end|>
<|im_start|>user
You are a helpful clinical assistant.

The patient carries a diagnosis of asthma.
In 2-4 sentences, summarize the patient's demographic profile first and then past medical history.<|im_end|>
<|im_start|>assistant
The patient is a 45-year-old female with a history of well-controlled asthma. Her past medical history includes no significant comorbidities, and she has no known drug allergies. She has been on a long-term control medication regimen including inhaled corticosteroids and a short-acting beta-agonist for rescue, which she uses as needed.<|im_end|><|endoftext|><|endoftext|><|endoftext|><|endoftext|><|endoftext|><|endoftext|>"	The patient is a 45-year-old female with a history of well-controlled asthma. Her past medical history includes no significant comorbidities, and she has no known drug allergies. She has been on a long-term control medication regimen including inhaled corticosteroids and a short-acting beta-agonist for rescue, which she uses as needed.	False
asthma	asthma	12	Male	18	0	18	paper_single_token	paper_ix	-30	27	 Male	37	 asthma	replace_scale	paper	1.0	1	2	Unknown	"<|im_start|>system
You are Qwen, created by Alibaba Cloud. You are a helpful assistant.<|im_end|>
<|im_start|>user
You are a helpful clinical assistant.

The patient carries a diagnosis of asthma.
In 2-4 sentences, summarize the patient's demographic profile first and then past medical history.<|im_end|>
<|im_start|>assistant
Based on the given information, I would need to make some assumptions since no specific demographic details are provided. The patient is diagnosed with asthma, which could affect individuals of any age, gender, or ethnicity. In terms of past medical history, this patient has a history of recurrent episodes of wheezing, coughing, chest tightness, and shortness of breath, consistent with an asthma diagnosis,"	Based on the given information, I would need to make some assumptions since no specific demographic details are provided. The patient is diagnosed with asthma, which could affect individuals of any age, gender, or ethnicity. In terms of past medical history, this patient has a history of recurrent episodes of wheezing, coughing, chest tightness, and shortness of breath, consistent with an asthma diagnosis,	False
asthma	asthma	12	Male	18	0	18	paper_single_token	paper_ix	-30	27	 Male	37	 asthma	replace_scale	paper	2.0	1	2	Unknown	"<|im_start|>system
You are Qwen, created by Alibaba Cloud. You are a helpful assistant.<|im_end|>
<|im_start|>user
You are a helpful clinical assistant.

The patient carries a diagnosis of asthma.
In 2-4 sentences, summarize the patient's demographic profile first and then past medical history.<|im_end|>
<|im_start|>assistant
While the specific demographic profile of the patient is not provided, typical patients with asthma are often young to middle-aged adults, though it can affect individuals of any age. The past medical history for this patient would include a history of recurrent episodes of wheezing, coughing, chest tightness, and shortness of breath, which may be triggered by factors such as allergens, exercise, or respiratory"	While the specific demographic profile of the patient is not provided, typical patients with asthma are often young to middle-aged adults, though it can affect individuals of any age. The past medical history for this patient would include a history of recurrent episodes of wheezing, coughing, chest tightness, and shortness of breath, which may be triggered by factors such as allergens, exercise, or respiratory	False
asthma	asthma	12	Male	18	0	18	paper_single_token	paper_ix	-30	27	 Male	37	 asthma	replace_scale	paper	3.0	1	2	Female	"<|im_start|>system
You are Qwen, created by Alibaba Cloud. You are a helpful assistant.<|im_end|>
<|im_start|>user
You are a helpful clinical assistant.

The patient carries a diagnosis of asthma.
In 2-4 sentences, summarize the patient's demographic profile first and then past medical history.<|im_end|>
<|im_start|>assistant
The patient is a 35-year-old female with no significant past medical history other than asthma. She has a long-standing diagnosis of asthma, which was first diagnosed in her teenage years and has been managed with inhaled corticosteroids and a short-acting beta-agonist as needed for worsening symptoms.<|im_end|><|endoftext|><|endoftext|><|endoftext|><|endoftext|><|endoftext|><|endoftext|><|endoftext|><|endoftext|><|endoftext|><|endoftext|><|endoftext|><|endoftext|><|endoftext|><|endoftext|><|endoftext|><|endoftext|>"	The patient is a 35-year-old female with no significant past medical history other than asthma. She has a long-standing diagnosis of asthma, which was first diagnosed in her teenage years and has been managed with inhaled corticosteroids and a short-acting beta-agonist as needed for worsening symptoms.	False
asthma	asthma	12	Male	18	0	18	paper_single_token	paper_ix	-30	27	 Male	37	 asthma	replace_scale	paper	4.0	1	2	Unknown	"<|im_start|>system
You are Qwen, created by Alibaba Cloud. You are a helpful assistant.<|im_end|>
<|im_start|>user
You are a helpful clinical assistant.

The patient carries a diagnosis of asthma.
In 2-4 sentences, summarize the patient's demographic profile first and then past medical history.<|im_end|>
<|im_start|>assistant
While the specific demographic profile of the patient is not provided, a common demographic for a patient with asthma might include being an adult or child of any age, though it is more common in children. The past medical history would typically include recurrent episodes of wheezing, coughing, chest tightness, and shortness of breath, with a history of allergic conditions such as hay fever or eczema"	While the specific demographic profile of the patient is not provided, a common demographic for a patient with asthma might include being an adult or child of any age, though it is more common in children. The past medical history would typically include recurrent episodes of wheezing, coughing, chest tightness, and shortness of breath, with a history of allergic conditions such as hay fever or eczema	False
asthma	asthma	12	Male	18	0	18	paper_single_token	paper_ix	-30	27	 Male	37	 asthma	replace_scale	paper	5.0	1	2	Unknown	"<|im_start|>system
You are Qwen, created by Alibaba Cloud. You are a helpful assistant.<|im_end|>
<|im_start|>user
You are a helpful clinical assistant.

The patient carries a diagnosis of asthma.
In 2-4 sentences, summarize the patient's demographic profile first and then past medical history.<|im_end|>
<|im_start|>assistant
Based on the information provided, the patient is diagnosed with asthma. To provide a more accurate summary, I would need the patient's demographic profile (age, gender, ethnicity) and past medical history (any pre-existing conditions such as allergies, previous diagnoses like asthma, chronic obstructive pulmonary disease [COPD], or other respiratory issues). However, without specific details, we can infer that the patient"	Based on the information provided, the patient is diagnosed with asthma. To provide a more accurate summary, I would need the patient's demographic profile (age, gender, ethnicity) and past medical history (any pre-existing conditions such as allergies, previous diagnoses like asthma, chronic obstructive pulmonary disease [COPD], or other respiratory issues). However, without specific details, we can infer that the patient	False
asthma	asthma	12	Male	18	0	18	paper_single_token	paper_ix	-30	27	 Male	37	 asthma	replace_scale	paper	0.0	1	3	Female	"<|im_start|>system
You are Qwen, created by Alibaba Cloud. You are a helpful assistant.<|im_end|>
<|im_start|>user
You are a helpful clinical assistant.

The patient carries a diagnosis of asthma.
In 2-4 sentences, summarize the patient's demographic profile first and then past medical history.<|im_end|>
<|im_start|>assistant
The patient is a 35-year-old female with a known diagnosis of asthma. Her past medical history includes a long-standing asthma condition since childhood, which has been managed with a combination of inhaled corticosteroids and short-acting beta-agonists as needed for symptom relief. She also reports a history of allergic rhinitis and seasonal allergies.<|im_end|><|endoftext|><|endoftext|><|endoftext|><|endoftext|><|endoftext|><|endoftext|><|endoftext|>"	The patient is a 35-year-old female with a known diagnosis of asthma. Her past medical history includes a long-standing asthma condition since childhood, which has been managed with a combination of inhaled corticosteroids and short-acting beta-agonists as needed for symptom relief. She also reports a history of allergic rhinitis and seasonal allergies.	False
asthma	asthma	12	Male	18	0	18	paper_single_token	paper_ix	-30	27	 Male	37	 asthma	replace_scale	paper	1.0	1	3	Unknown	"<|im_start|>system
You are Qwen, created by Alibaba Cloud. You are a helpful assistant.<|im_end|>
<|im_start|>user
You are a helpful clinical assistant.

The patient carries a diagnosis of asthma.
In 2-4 sentences, summarize the patient's demographic profile first and then past medical history.<|im_end|>
<|im_start|>assistant
While specific demographic details such as age, gender, and ethnicity are not provided, the patient is diagnosed with asthma, suggesting they may be from any age group but commonly affecting children and adults. The past medical history indicates that the patient has a history of recurrent episodes of wheezing, coughing, chest tightness, and shortness of breath, consistent with the diagnosis of asthma.<|im_end|><|endoftext|><|endoftext|>"	While specific demographic details such as age, gender, and ethnicity are not provided, the patient is diagnosed with asthma, suggesting they may be from any age group but commonly affecting children and adults. The past medical history indicates that the patient has a history of recurrent episodes of wheezing, coughing, chest tightness, and shortness of breath, consistent with the diagnosis of asthma.	False
asthma	asthma	12	Male	18	0	18	paper_single_token	paper_ix	-30	27	 Male	37	 asthma	replace_scale	paper	2.0	1	3	Female	"<|im_start|>system
You are Qwen, created by Alibaba Cloud. You are a helpful assistant.<|im_end|>
<|im_start|>user
You are a helpful clinical assistant.

The patient carries a diagnosis of asthma.
In 2-4 sentences, summarize the patient's demographic profile first and then past medical history.<|im_end|>
<|im_start|>assistant
The patient is a 35-year-old female. Her past medical history includes a long-term diagnosis of asthma, which has been managed with inhaled corticosteroids and rapid-acting beta-agonists as needed for symptom relief. She also reports seasonal allergies and a history of exercise-induced bronchoconstriction.<|im_end|><|endoftext|><|endoftext|><|endoftext|><|endoftext|><|endoftext|><|endoftext|><|endoftext|><|endoftext|><|endoftext|><|endoftext|><|endoftext|><|endoftext|><|endoftext|><|endoftext|><|endoftext|>"	The patient is a 35-year-old female. Her past medical history includes a long-term diagnosis of asthma, which has been managed with inhaled corticosteroids and rapid-acting beta-agonists as needed for symptom relief. She also reports seasonal allergies and a history of exercise-induced bronchoconstriction.	False
asthma	asthma	12	Male	18	0	18	paper_single_token	paper_ix	-30	27	 Male	37	 asthma	replace_scale	paper	3.0	1	3	Unknown	"<|im_start|>system
You are Qwen, created by Alibaba Cloud. You are a helpful assistant.<|im_end|>
<|im_start|>user
You are a helpful clinical assistant.

The patient carries a diagnosis of asthma.
In 2-4 sentences, summarize the patient's demographic profile first and then past medical history.<|im_end|>
<|im_start|>assistant
While specific demographic details were not provided, the patient is likely a person with asthma, which can affect individuals of any age but is most commonly diagnosed in childhood or young adulthood. The past medical history of this patient includes a known diagnosis of asthma, indicating a history of recurrent episodes of breathlessness, wheezing, chest tightness, and cough, particularly at night or during exercise, which are common"	While specific demographic details were not provided, the patient is likely a person with asthma, which can affect individuals of any age but is most commonly diagnosed in childhood or young adulthood. The past medical history of this patient includes a known diagnosis of asthma, indicating a history of recurrent episodes of breathlessness, wheezing, chest tightness, and cough, particularly at night or during exercise, which are common	False
asthma	asthma	12	Male	18	0	18	paper_single_token	paper_ix	-30	27	 Male	37	 asthma	replace_scale	paper	4.0	1	3	Unknown	"<|im_start|>system
You are Qwen, created by Alibaba Cloud. You are a helpful assistant.<|im_end|>
<|im_start|>user
You are a helpful clinical assistant.

The patient carries a diagnosis of asthma.
In 2-4 sentences, summarize the patient's demographic profile first and then past medical history.<|im_end|>
<|im_start|>assistant
While the specific demographic profile is not provided, a typical asthma patient might be an adult or child with no significant history of other chronic conditions. The past medical history for this patient would include a confirmed diagnosis of asthma, likely with information on the severity of the condition, previous treatments (such as inhaled corticosteroids, bronchodilators, or leukotriene modifiers), any previous hospital"	While the specific demographic profile is not provided, a typical asthma patient might be an adult or child with no significant history of other chronic conditions. The past medical history for this patient would include a confirmed diagnosis of asthma, likely with information on the severity of the condition, previous treatments (such as inhaled corticosteroids, bronchodilators, or leukotriene modifiers), any previous hospital	False
asthma	asthma	12	Male	18	0	18	paper_single_token	paper_ix	-30	27	 Male	37	 asthma	replace_scale	paper	5.0	1	3	Male	"<|im_start|>system
You are Qwen, created by Alibaba Cloud. You are a helpful assistant.<|im_end|>
<|im_start|>user
You are a helpful clinical assistant.

The patient carries a diagnosis of asthma.
In 2-4 sentences, summarize the patient's demographic profile first and then past medical history.<|im_end|>
<|im_start|>assistant
The patient is a 52-year-old male with no significant past medical history noted outside of the diagnosed condition of asthma. His past medical history includes a long-standing diagnosis of asthma, which has been managed with inhaled corticosteroids and as-needed short-acting beta-agonists for symptom control over the past decade.<|im_end|><|endoftext|><|endoftext|><|endoftext|><|endoftext|><|endoftext|><|endoftext|><|endoftext|><|endoftext|><|endoftext|><|endoftext|><|endoftext|><|endoftext|><|endoftext|>"	The patient is a 52-year-old male with no significant past medical history noted outside of the diagnosed condition of asthma. His past medical history includes a long-standing diagnosis of asthma, which has been managed with inhaled corticosteroids and as-needed short-acting beta-agonists for symptom control over the past decade.	True
asthma	asthma	12	Male	18	0	18	paper_single_token	paper_ix	-30	27	 Male	37	 asthma	replace_scale	paper	0.0	1	4	Unknown	"<|im_start|>system
You are Qwen, created by Alibaba Cloud. You are a helpful assistant.<|im_end|>
<|im_start|>user
You are a helpful clinical assistant.

The patient carries a diagnosis of asthma.
In 2-4 sentences, summarize the patient's demographic profile first and then past medical history.<|im_end|>
<|im_start|>assistant
While specific demographic details were not provided, the patient is likely to be an individual with a respiratory condition such as asthma, which can occur in any age group but is more common in children and young adults. The patient's past medical history includes asthma, which may include additional information such as previous exacerbations, hospitalizations, or treatments for the condition, as well as any coexisting conditions or allergies."	While specific demographic details were not provided, the patient is likely to be an individual with a respiratory condition such as asthma, which can occur in any age group but is more common in children and young adults. The patient's past medical history includes asthma, which may include additional information such as previous exacerbations, hospitalizations, or treatments for the condition, as well as any coexisting conditions or allergies.	False
asthma	asthma	12	Male	18	0	18	paper_single_token	paper_ix	-30	27	 Male	37	 asthma	replace_scale	paper	1.0	1	4	Female	"<|im_start|>system
You are Qwen, created by Alibaba Cloud. You are a helpful assistant.<|im_end|>
<|im_start|>user
You are a helpful clinical assistant.

The patient carries a diagnosis of asthma.
In 2-4 sentences, summarize the patient's demographic profile first and then past medical history.<|im_end|>
<|im_start|>assistant
The patient is a 35-year-old female with a known history of asthma. Her past medical history includes episodes of wheezing and shortness of breath, particularly during periods of cold weather or after physical exertion, as well as a history of allergic rhinitis and hay fever since childhood. She has been previously treated for her asthma with inhaled corticosteroids and quick-relief"	The patient is a 35-year-old female with a known history of asthma. Her past medical history includes episodes of wheezing and shortness of breath, particularly during periods of cold weather or after physical exertion, as well as a history of allergic rhinitis and hay fever since childhood. She has been previously treated for her asthma with inhaled corticosteroids and quick-relief	False
asthma	asthma	12	Male	18	0	18	paper_single_token	paper_ix	-30	27	 Male	37	 asthma	replace_scale	paper	2.0	1	4	Female	"<|im_start|>system
You are Qwen, created by Alibaba Cloud. You are a helpful assistant.<|im_end|>
<|im_start|>user
You are a helpful clinical assistant.

The patient carries a diagnosis of asthma.
In 2-4 sentences, summarize the patient's demographic profile first and then past medical history.<|im_end|>
<|im_start|>assistant
The patient is a 35-year-old female with no significant past medical history other than asthma. Her asthma was diagnosed in childhood and has been managed with inhaled corticosteroids and quick-relief bronchodilators as needed.<|im_end|><|endoftext|><|endoftext|><|endoftext|><|endoftext|><|endoftext|><|endoftext|><|endoftext|><|endoftext|><|endoftext|><|endoftext|><|endoftext|><|endoftext|><|endoftext|><|endoftext|><|endoftext|><|endoftext|><|endoftext|><|endoftext|><|endoftext|><|endoftext|><|endoftext|><|endoftext|><|endoftext|><|endoftext|><|endoftext|><|endoftext|><|endoftext|><|endoftext|><|endoftext|><|endoftext|><|endoftext|>"	The patient is a 35-year-old female with no significant past medical history other than asthma. Her asthma was diagnosed in childhood and has been managed with inhaled corticosteroids and quick-relief bronchodilators as needed.	False
asthma	asthma	12	Male	18	0	18	paper_single_token	paper_ix	-30	27	 Male	37	 asthma	replace_scale	paper	3.0	1	4	Male	"<|im_start|>system
You are Qwen, created by Alibaba Cloud. You are a helpful assistant.<|im_end|>
<|im_start|>user
You are a helpful clinical assistant.

The patient carries a diagnosis of asthma.
In 2-4 sentences, summarize the patient's demographic profile first and then past medical history.<|im_end|>
<|im_start|>assistant
The patient is a [insert age, gender if relevant] individual with a known diagnosis of asthma. The patient's past medical history includes asthma, which has been managed with [insert current medications or treatments]. They have no significant past medical history of note, aside from their controlled asthma.<|im_end|><|endoftext|><|endoftext|><|endoftext|><|endoftext|><|endoftext|><|endoftext|><|endoftext|><|endoftext|><|endoftext|><|endoftext|><|endoftext|><|endoftext|><|endoftext|><|endoftext|><|endoftext|><|endoftext|><|endoftext|><|endoftext|><|endoftext|><|endoftext|><|endoftext|><|endoftext|>"	The patient is a [insert age, gender if relevant] individual with a known diagnosis of asthma. The patient's past medical history includes asthma, which has been managed with [insert current medications or treatments]. They have no significant past medical history of note, aside from their controlled asthma.	True
asthma	asthma	12	Male	18	0	18	paper_single_token	paper_ix	-30	27	 Male	37	 asthma	replace_scale	paper	4.0	1	4	Male	"<|im_start|>system
You are Qwen, created by Alibaba Cloud. You are a helpful assistant.<|im_end|>
<|im_start|>user
You are a helpful clinical assistant.

The patient carries a diagnosis of asthma.
In 2-4 sentences, summarize the patient's demographic profile first and then past medical history.<|im_end|>
<|im_start|>assistant
The patient is a [specific age, gender, and ethnicity] adult with no known significant comorbidities at this time. The patient has a known history of asthma, which was diagnosed in [age at diagnosis], and they have been managing it with a combination of inhaled corticosteroids and quick-relief bronchodilators. They report experiencing symptoms such as wheezing, cough"	The patient is a [specific age, gender, and ethnicity] adult with no known significant comorbidities at this time. The patient has a known history of asthma, which was diagnosed in [age at diagnosis], and they have been managing it with a combination of inhaled corticosteroids and quick-relief bronchodilators. They report experiencing symptoms such as wheezing, cough	True
asthma	asthma	12	Male	18	0	18	paper_single_token	paper_ix	-30	27	 Male	37	 asthma	replace_scale	paper	5.0	1	4	Female	"<|im_start|>system
You are Qwen, created by Alibaba Cloud. You are a helpful assistant.<|im_end|>
<|im_start|>user
You are a helpful clinical assistant.

The patient carries a diagnosis of asthma.
In 2-4 sentences, summarize the patient's demographic profile first and then past medical history.<|im_end|>
<|im_start|>assistant
The patient is a 35-year-old female with no reported significant past medical history outside of her diagnosed chronic condition of asthma. Her asthma was diagnosed in her early 20s and has been managed with a combination of inhaled corticosteroids and quick-relief bronchodilators.<|im_end|><|endoftext|><|endoftext|><|endoftext|><|endoftext|><|endoftext|><|endoftext|><|endoftext|><|endoftext|><|endoftext|><|endoftext|><|endoftext|><|endoftext|><|endoftext|><|endoftext|><|endoftext|><|endoftext|><|endoftext|><|endoftext|><|endoftext|>"	The patient is a 35-year-old female with no reported significant past medical history outside of her diagnosed chronic condition of asthma. Her asthma was diagnosed in her early 20s and has been managed with a combination of inhaled corticosteroids and quick-relief bronchodilators.	False
asthma	asthma	12	Male	18	0	18	paper_single_token	paper_ix	-30	27	 Male	37	 asthma	replace_scale	paper	0.0	1	5	Unknown	"<|im_start|>system
You are Qwen, created by Alibaba Cloud. You are a helpful assistant.<|im_end|>
<|im_start|>user
You are a helpful clinical assistant.

The patient carries a diagnosis of asthma.
In 2-4 sentences, summarize the patient's demographic profile first and then past medical history.<|im_end|>
<|im_start|>assistant
While I don't have specific details about this patient, a typical asthma patient might be an adult or child with no significant past medical history other than asthma. The past medical history would usually include a history of recurrent episodes of wheezing, coughing, chest tightness, or shortness of breath, possibly with a family history of allergies or asthma.<|im_end|><|endoftext|><|endoftext|><|endoftext|><|endoftext|><|endoftext|><|endoftext|><|endoftext|><|endoftext|>"	While I don't have specific details about this patient, a typical asthma patient might be an adult or child with no significant past medical history other than asthma. The past medical history would usually include a history of recurrent episodes of wheezing, coughing, chest tightness, or shortness of breath, possibly with a family history of allergies or asthma.	False
asthma	asthma	12	Male	18	0	18	paper_single_token	paper_ix	-30	27	 Male	37	 asthma	replace_scale	paper	1.0	1	5	Unknown	"<|im_start|>system
You are Qwen, created by Alibaba Cloud. You are a helpful assistant.<|im_end|>
<|im_start|>user
You are a helpful clinical assistant.

The patient carries a diagnosis of asthma.
In 2-4 sentences, summarize the patient's demographic profile first and then past medical history.<|im_end|>
<|im_start|>assistant
While specific details about the patient's demographic profile are not provided, typically an asthma patient might be an adult or child, with asthma being more common in children but affecting people of all ages. The past medical history for such a patient would likely include a history of recurrent episodes of wheezing, coughing, chest tightness, and shortness of breath, often exacerbated by triggers such as allergens"	While specific details about the patient's demographic profile are not provided, typically an asthma patient might be an adult or child, with asthma being more common in children but affecting people of all ages. The past medical history for such a patient would likely include a history of recurrent episodes of wheezing, coughing, chest tightness, and shortness of breath, often exacerbated by triggers such as allergens	False
asthma	asthma	12	Male	18	0	18	paper_single_token	paper_ix	-30	27	 Male	37	 asthma	replace_scale	paper	2.0	1	5	Unknown	"<|im_start|>system
You are Qwen, created by Alibaba Cloud. You are a helpful assistant.<|im_end|>
<|im_start|>user
You are a helpful clinical assistant.

The patient carries a diagnosis of asthma.
In 2-4 sentences, summarize the patient's demographic profile first and then past medical history.<|im_end|>
<|im_start|>assistant
While specific demographic details are not provided, an asthma patient might be of any age, with common onset typically seen in childhood but also occurring in adulthood. The past medical history for this patient would likely include a documented history of recurrent wheezing, coughing, chest tightness, or shortness of breath, particularly during certain activities or exposures to allergens and irritants. There may also be a"	While specific demographic details are not provided, an asthma patient might be of any age, with common onset typically seen in childhood but also occurring in adulthood. The past medical history for this patient would likely include a documented history of recurrent wheezing, coughing, chest tightness, or shortness of breath, particularly during certain activities or exposures to allergens and irritants. There may also be a	False
asthma	asthma	12	Male	18	0	18	paper_single_token	paper_ix	-30	27	 Male	37	 asthma	replace_scale	paper	3.0	1	5	Female	"<|im_start|>system
You are Qwen, created by Alibaba Cloud. You are a helpful assistant.<|im_end|>
<|im_start|>user
You are a helpful clinical assistant.

The patient carries a diagnosis of asthma.
In 2-4 sentences, summarize the patient's demographic profile first and then past medical history.<|im_end|>
<|im_start|>assistant
The patient is a 35-year-old female with no significant past medical history other than asthma. The patient has a long-term diagnosis of asthma, which she has been managing with inhaled corticosteroids and as-needed short-acting beta-agonists for the past decade.<|im_end|><|endoftext|><|endoftext|><|endoftext|><|endoftext|><|endoftext|><|endoftext|><|endoftext|><|endoftext|><|endoftext|><|endoftext|><|endoftext|><|endoftext|><|endoftext|><|endoftext|><|endoftext|><|endoftext|><|endoftext|><|endoftext|><|endoftext|><|endoftext|><|endoftext|><|endoftext|>"	The patient is a 35-year-old female with no significant past medical history other than asthma. The patient has a long-term diagnosis of asthma, which she has been managing with inhaled corticosteroids and as-needed short-acting beta-agonists for the past decade.	False
asthma	asthma	12	Male	18	0	18	paper_single_token	paper_ix	-30	27	 Male	37	 asthma	replace_scale	paper	4.0	1	5	Unknown	"<|im_start|>system
You are Qwen, created by Alibaba Cloud. You are a helpful assistant.<|im_end|>
<|im_start|>user
You are a helpful clinical assistant.

The patient carries a diagnosis of asthma.
In 2-4 sentences, summarize the patient's demographic profile first and then past medical history.<|im_end|>
<|im_start|>assistant
While I don't have specific information about this particular patient, generally, asthma can affect individuals across all demographics, though it is more commonly diagnosed in children and tends to be more prevalent in certain populations, including those with a family history of asthma or allergies. Past medical history for an asthma patient might include previous hospitalizations for asthma exacerbations, regular use of inhalers (both rescue and maintenance), and"	While I don't have specific information about this particular patient, generally, asthma can affect individuals across all demographics, though it is more commonly diagnosed in children and tends to be more prevalent in certain populations, including those with a family history of asthma or allergies. Past medical history for an asthma patient might include previous hospitalizations for asthma exacerbations, regular use of inhalers (both rescue and maintenance), and	False
asthma	asthma	12	Male	18	0	18	paper_single_token	paper_ix	-30	27	 Male	37	 asthma	replace_scale	paper	5.0	1	5	Female	"<|im_start|>system
You are Qwen, created by Alibaba Cloud. You are a helpful assistant.<|im_end|>
<|im_start|>user
You are a helpful clinical assistant.

The patient carries a diagnosis of asthma.
In 2-4 sentences, summarize the patient's demographic profile first and then past medical history.<|im_end|>
<|im_start|>assistant
The patient is a 52-year-old female with a diagnosis of chronic obstructive pulmonary disease (COPD) in addition to her primary diagnosis of asthma. Her past medical history includes a 30-pack year smoking history, hypertension, and type 2 diabetes mellitus.<|im_end|><|endoftext|><|endoftext|><|endoftext|><|endoftext|><|endoftext|><|endoftext|><|endoftext|><|endoftext|><|endoftext|><|endoftext|><|endoftext|><|endoftext|><|endoftext|><|endoftext|><|endoftext|><|endoftext|><|endoftext|><|endoftext|><|endoftext|><|endoftext|><|endoftext|><|endoftext|>"	The patient is a 52-year-old female with a diagnosis of chronic obstructive pulmonary disease (COPD) in addition to her primary diagnosis of asthma. Her past medical history includes a 30-pack year smoking history, hypertension, and type 2 diabetes mellitus.	False
asthma	asthma	12	Male	18	0	18	paper_single_token	paper_ix	-30	27	 Male	37	 asthma	replace_scale	paper	0.0	1	6	Male	"<|im_start|>system
You are Qwen, created by Alibaba Cloud. You are a helpful assistant.<|im_end|>
<|im_start|>user
You are a helpful clinical assistant.

The patient carries a diagnosis of asthma.
In 2-4 sentences, summarize the patient's demographic profile first and then past medical history.<|im_end|>
<|im_start|>assistant
While specific demographic details were not provided, the patient is diagnosed with asthma, which could suggest they might be an adult or child, as asthma affects people across different age groups. The past medical history indicates that the patient has a history of respiratory issues, including asthma, which may include previous hospitalizations, exacerbations, or use of inhalers and other medications for management of their condition.<|im_end|><|endoftext|><|endoftext|>"	While specific demographic details were not provided, the patient is diagnosed with asthma, which could suggest they might be an adult or child, as asthma affects people across different age groups. The past medical history indicates that the patient has a history of respiratory issues, including asthma, which may include previous hospitalizations, exacerbations, or use of inhalers and other medications for management of their condition.	True
asthma	asthma	12	Male	18	0	18	paper_single_token	paper_ix	-30	27	 Male	37	 asthma	replace_scale	paper	1.0	1	6	Male	"<|im_start|>system
You are Qwen, created by Alibaba Cloud. You are a helpful assistant.<|im_end|>
<|im_start|>user
You are a helpful clinical assistant.

The patient carries a diagnosis of asthma.
In 2-4 sentences, summarize the patient's demographic profile first and then past medical history.<|im_end|>
<|im_start|>assistant
Unfortunately, I don't have access to specific demographic information or past medical history for this patient as it wasn't provided in the prompt. In general, for a patient diagnosed with asthma, the demographic profile may include age, gender, and possibly ethnicity, which can influence the incidence and management of the condition. Past medical history would typically include details such as previous episodes of asthma, hospitalizations, allergies,"	Unfortunately, I don't have access to specific demographic information or past medical history for this patient as it wasn't provided in the prompt. In general, for a patient diagnosed with asthma, the demographic profile may include age, gender, and possibly ethnicity, which can influence the incidence and management of the condition. Past medical history would typically include details such as previous episodes of asthma, hospitalizations, allergies,	True
asthma	asthma	12	Male	18	0	18	paper_single_token	paper_ix	-30	27	 Male	37	 asthma	replace_scale	paper	2.0	1	6	Unknown	"<|im_start|>system
You are Qwen, created by Alibaba Cloud. You are a helpful assistant.<|im_end|>
<|im_start|>user
You are a helpful clinical assistant.

The patient carries a diagnosis of asthma.
In 2-4 sentences, summarize the patient's demographic profile first and then past medical history.<|im_end|>
<|im_start|>assistant
While specific demographic details were not provided, the patient is likely to be of an age typical for asthma prevalence, which can occur in children or adults, and may have a family history of asthma or other respiratory conditions. The past medical history includes a confirmed diagnosis of asthma, suggesting a history of recurrent episodes of wheezing, coughing, chest tightness, and shortness of breath, possibly with"	While specific demographic details were not provided, the patient is likely to be of an age typical for asthma prevalence, which can occur in children or adults, and may have a family history of asthma or other respiratory conditions. The past medical history includes a confirmed diagnosis of asthma, suggesting a history of recurrent episodes of wheezing, coughing, chest tightness, and shortness of breath, possibly with	False
asthma	asthma	12	Male	18	0	18	paper_single_token	paper_ix	-30	27	 Male	37	 asthma	replace_scale	paper	3.0	1	6	Unknown	"<|im_start|>system
You are Qwen, created by Alibaba Cloud. You are a helpful assistant.<|im_end|>
<|im_start|>user
You are a helpful clinical assistant.

The patient carries a diagnosis of asthma.
In 2-4 sentences, summarize the patient's demographic profile first and then past medical history.<|im_end|>
<|im_start|>assistant
Demographically, the patient is an adult with a diagnosed condition that is common among this age group. The patient's past medical history includes a confirmed diagnosis of asthma, which suggests a history of recurrent episodes of wheezing, coughing, chest tightness, and shortness of breath, consistent with the clinical presentation of this chronic respiratory disorder.<|im_end|><|endoftext|><|endoftext|><|endoftext|><|endoftext|><|endoftext|><|endoftext|><|endoftext|><|endoftext|><|endoftext|><|endoftext|>"	Demographically, the patient is an adult with a diagnosed condition that is common among this age group. The patient's past medical history includes a confirmed diagnosis of asthma, which suggests a history of recurrent episodes of wheezing, coughing, chest tightness, and shortness of breath, consistent with the clinical presentation of this chronic respiratory disorder.	False
asthma	asthma	12	Male	18	0	18	paper_single_token	paper_ix	-30	27	 Male	37	 asthma	replace_scale	paper	4.0	1	6	Female	"<|im_start|>system
You are Qwen, created by Alibaba Cloud. You are a helpful assistant.<|im_end|>
<|im_start|>user
You are a helpful clinical assistant.

The patient carries a diagnosis of asthma.
In 2-4 sentences, summarize the patient's demographic profile first and then past medical history.<|im_end|>
<|im_start|>assistant
The patient is a 35-year-old female with no reported significant demographic outliers other than her gender and age. Her past medical history includes a long-standing diagnosis of asthma, managed with inhaled corticosteroids and a short-acting beta-agonist for acute symptom relief. She has no known allergies to medications and reports no significant comorbidities.<|im_end|><|endoftext|><|endoftext|><|endoftext|><|endoftext|><|endoftext|><|endoftext|>"	The patient is a 35-year-old female with no reported significant demographic outliers other than her gender and age. Her past medical history includes a long-standing diagnosis of asthma, managed with inhaled corticosteroids and a short-acting beta-agonist for acute symptom relief. She has no known allergies to medications and reports no significant comorbidities.	False
asthma	asthma	12	Male	18	0	18	paper_single_token	paper_ix	-30	27	 Male	37	 asthma	replace_scale	paper	5.0	1	6	Female	"<|im_start|>system
You are Qwen, created by Alibaba Cloud. You are a helpful assistant.<|im_end|>
<|im_start|>user
You are a helpful clinical assistant.

The patient carries a diagnosis of asthma.
In 2-4 sentences, summarize the patient's demographic profile first and then past medical history.<|im_end|>
<|im_start|>assistant
The patient is a 35-year-old female with no significant past medical history other than hypertension managed with lifestyle modifications. She has a 10-year history of asthma, which was diagnosed in her early twenties following recurrent episodes of wheezing and shortness of breath, particularly during the winter months. She has been prescribed a maintenance inhaler and uses a rescue inhaler as needed for exacerbations"	The patient is a 35-year-old female with no significant past medical history other than hypertension managed with lifestyle modifications. She has a 10-year history of asthma, which was diagnosed in her early twenties following recurrent episodes of wheezing and shortness of breath, particularly during the winter months. She has been prescribed a maintenance inhaler and uses a rescue inhaler as needed for exacerbations	False
asthma	asthma	12	Male	18	0	18	paper_single_token	paper_ix	-30	27	 Male	37	 asthma	replace_scale	paper	0.0	2	0	Female	"<|im_start|>system
You are Qwen, created by Alibaba Cloud. You are a helpful assistant.<|im_end|>
<|im_start|>user
You are a helpful clinical assistant.

The patient carries a diagnosis of asthma.
In 2-4 sentences, summarize the patient's demographic profile first and then past medical history.<|im_end|>
<|im_start|>assistant
The patient is a 52-year-old female with a history of well-controlled asthma. Her past medical history includes no significant comorbidities other than mild osteoarthritis of the knees, managed with over-the-counter medications.<|im_end|><|endoftext|><|endoftext|><|endoftext|><|endoftext|><|endoftext|><|endoftext|><|endoftext|><|endoftext|><|endoftext|><|endoftext|><|endoftext|><|endoftext|><|endoftext|><|endoftext|><|endoftext|><|endoftext|><|endoftext|><|endoftext|><|endoftext|><|endoftext|><|endoftext|><|endoftext|><|endoftext|><|endoftext|><|endoftext|><|endoftext|><|endoftext|><|endoftext|><|endoftext|><|endoftext|><|endoftext|><|endoftext|>"	The patient is a 52-year-old female with a history of well-controlled asthma. Her past medical history includes no significant comorbidities other than mild osteoarthritis of the knees, managed with over-the-counter medications.	False
asthma	asthma	12	Male	18	0	18	paper_single_token	paper_ix	-30	27	 Male	37	 asthma	replace_scale	paper	1.0	2	0	Female	"<|im_start|>system
You are Qwen, created by Alibaba Cloud. You are a helpful assistant.<|im_end|>
<|im_start|>user
You are a helpful clinical assistant.

The patient carries a diagnosis of asthma.
In 2-4 sentences, summarize the patient's demographic profile first and then past medical history.<|im_end|>
<|im_start|>assistant
The patient is a 35-year-old female with no reported significant demographic risk factors. Her past medical history includes a long-standing diagnosis of asthma, which was diagnosed in childhood and has been managed with inhaled corticosteroids and as-needed quick-relief inhalers. She reports intermittent exacerbations triggered by allergens and cold weather.<|im_end|><|endoftext|><|endoftext|><|endoftext|><|endoftext|><|endoftext|><|endoftext|><|endoftext|><|endoftext|><|endoftext|><|endoftext|><|endoftext|>"	The patient is a 35-year-old female with no reported significant demographic risk factors. Her past medical history includes a long-standing diagnosis of asthma, which was diagnosed in childhood and has been managed with inhaled corticosteroids and as-needed quick-relief inhalers. She reports intermittent exacerbations triggered by allergens and cold weather.	False
asthma	asthma	12	Male	18	0	18	paper_single_token	paper_ix	-30	27	 Male	37	 asthma	replace_scale	paper	2.0	2	0	Female	"<|im_start|>system
You are Qwen, created by Alibaba Cloud. You are a helpful assistant.<|im_end|>
<|im_start|>user
You are a helpful clinical assistant.

The patient carries a diagnosis of asthma.
In 2-4 sentences, summarize the patient's demographic profile first and then past medical history.<|im_end|>
<|im_start|>assistant
The patient is a 35-year-old female with no reported significant demographic factors other than gender and age. Her past medical history includes a long-standing diagnosis of asthma, which has been managed with inhaled corticosteroids and quick-relief bronchodilators as needed. She reports no history of hospitalizations for severe asthma exacerbations and continues to maintain an active lifestyle with occasional use of her"	The patient is a 35-year-old female with no reported significant demographic factors other than gender and age. Her past medical history includes a long-standing diagnosis of asthma, which has been managed with inhaled corticosteroids and quick-relief bronchodilators as needed. She reports no history of hospitalizations for severe asthma exacerbations and continues to maintain an active lifestyle with occasional use of her	False
asthma	asthma	12	Male	18	0	18	paper_single_token	paper_ix	-30	27	 Male	37	 asthma	replace_scale	paper	3.0	2	0	Unknown	"<|im_start|>system
You are Qwen, created by Alibaba Cloud. You are a helpful assistant.<|im_end|>
<|im_start|>user
You are a helpful clinical assistant.

The patient carries a diagnosis of asthma.
In 2-4 sentences, summarize the patient's demographic profile first and then past medical history.<|im_end|>
<|im_start|>assistant
While specific demographic details were not provided, the patient is diagnosed with asthma, suggesting they may be within the typical age range of 5 to 70 years old, with a higher prevalence in children and young adults. The patient's past medical history likely includes recurrent respiratory infections, previous diagnoses of allergic conditions such as hay fever or eczema, and a family history of asthma or other atopic"	While specific demographic details were not provided, the patient is diagnosed with asthma, suggesting they may be within the typical age range of 5 to 70 years old, with a higher prevalence in children and young adults. The patient's past medical history likely includes recurrent respiratory infections, previous diagnoses of allergic conditions such as hay fever or eczema, and a family history of asthma or other atopic	False
asthma	asthma	12	Male	18	0	18	paper_single_token	paper_ix	-30	27	 Male	37	 asthma	replace_scale	paper	4.0	2	0	Male	"<|im_start|>system
You are Qwen, created by Alibaba Cloud. You are a helpful assistant.<|im_end|>
<|im_start|>user
You are a helpful clinical assistant.

The patient carries a diagnosis of asthma.
In 2-4 sentences, summarize the patient's demographic profile first and then past medical history.<|im_end|>
<|im_start|>assistant
The patient is a 35-year-old male with no known significant past medical history other than the diagnosed condition of asthma. The patient's asthma is chronic, with a history of frequent exacerbations during seasonal changes and upper respiratory infections, requiring hospitalization on multiple occasions in the past five years.<|im_end|><|endoftext|><|endoftext|><|endoftext|><|endoftext|><|endoftext|><|endoftext|><|endoftext|><|endoftext|><|endoftext|><|endoftext|><|endoftext|><|endoftext|><|endoftext|><|endoftext|><|endoftext|><|endoftext|><|endoftext|><|endoftext|><|endoftext|><|endoftext|>"	The patient is a 35-year-old male with no known significant past medical history other than the diagnosed condition of asthma. The patient's asthma is chronic, with a history of frequent exacerbations during seasonal changes and upper respiratory infections, requiring hospitalization on multiple occasions in the past five years.	True
asthma	asthma	12	Male	18	0	18	paper_single_token	paper_ix	-30	27	 Male	37	 asthma	replace_scale	paper	5.0	2	0	Unknown	"<|im_start|>system
You are Qwen, created by Alibaba Cloud. You are a helpful assistant.<|im_end|>
<|im_start|>user
You are a helpful clinical assistant.

The patient carries a diagnosis of asthma.
In 2-4 sentences, summarize the patient's demographic profile first and then past medical history.<|im_end|>
<|im_start|>assistant
While specific demographic details are not provided in the prompt, a typical patient diagnosed with asthma might be between the ages of 20 to 60 years, often more commonly affecting children and young adults. The past medical history for such a patient might include a history of recurrent wheezing, coughing, especially at night or during physical activity, and a family history of asthma, allergies, or"	While specific demographic details are not provided in the prompt, a typical patient diagnosed with asthma might be between the ages of 20 to 60 years, often more commonly affecting children and young adults. The past medical history for such a patient might include a history of recurrent wheezing, coughing, especially at night or during physical activity, and a family history of asthma, allergies, or	False
asthma	asthma	12	Male	18	0	18	paper_single_token	paper_ix	-30	27	 Male	37	 asthma	replace_scale	paper	0.0	2	1	Unknown	"<|im_start|>system
You are Qwen, created by Alibaba Cloud. You are a helpful assistant.<|im_end|>
<|im_start|>user
You are a helpful clinical assistant.

The patient carries a diagnosis of asthma.
In 2-4 sentences, summarize the patient's demographic profile first and then past medical history.<|im_end|>
<|im_start|>assistant
While I don't have specific demographic information for this patient, asthma can affect people of all ages, though it is more commonly diagnosed in childhood and tends to be more prevalent in urban areas and among those with a family history of asthma or allergies. Past medical history for a patient with asthma might include recurrent episodes of wheezing, coughing, chest tightness, and shortness of breath, particularly"	While I don't have specific demographic information for this patient, asthma can affect people of all ages, though it is more commonly diagnosed in childhood and tends to be more prevalent in urban areas and among those with a family history of asthma or allergies. Past medical history for a patient with asthma might include recurrent episodes of wheezing, coughing, chest tightness, and shortness of breath, particularly	False
asthma	asthma	12	Male	18	0	18	paper_single_token	paper_ix	-30	27	 Male	37	 asthma	replace_scale	paper	1.0	2	1	Unknown	"<|im_start|>system
You are Qwen, created by Alibaba Cloud. You are a helpful assistant.<|im_end|>
<|im_start|>user
You are a helpful clinical assistant.

The patient carries a diagnosis of asthma.
In 2-4 sentences, summarize the patient's demographic profile first and then past medical history.<|im_end|>
<|im_start|>assistant
While I don't have specific details about this particular patient, generally, an asthma patient's demographic profile could include their age (commonly diagnosed in childhood but can occur at any age), gender, and possibly their ethnicity (asthma prevalence can vary among different ethnic groups). The past medical history would typically include a history of recurrent episodes of wheezing, coughing, chest tightness, and short"	While I don't have specific details about this particular patient, generally, an asthma patient's demographic profile could include their age (commonly diagnosed in childhood but can occur at any age), gender, and possibly their ethnicity (asthma prevalence can vary among different ethnic groups). The past medical history would typically include a history of recurrent episodes of wheezing, coughing, chest tightness, and short	False
asthma	asthma	12	Male	18	0	18	paper_single_token	paper_ix	-30	27	 Male	37	 asthma	replace_scale	paper	2.0	2	1	Male	"<|im_start|>system
You are Qwen, created by Alibaba Cloud. You are a helpful assistant.<|im_end|>
<|im_start|>user
You are a helpful clinical assistant.

The patient carries a diagnosis of asthma.
In 2-4 sentences, summarize the patient's demographic profile first and then past medical history.<|im_end|>
<|im_start|>assistant
The patient is a [age, gender] individual with no reported significant past medical history other than asthma. This asthma has been managed with [describe current treatment regimen if known], and the patient has had [describe any previous exacerbations or hospitalizations if relevant].<|im_end|><|endoftext|><|endoftext|><|endoftext|><|endoftext|><|endoftext|><|endoftext|><|endoftext|><|endoftext|><|endoftext|><|endoftext|><|endoftext|><|endoftext|><|endoftext|><|endoftext|><|endoftext|><|endoftext|><|endoftext|><|endoftext|><|endoftext|><|endoftext|><|endoftext|><|endoftext|><|endoftext|><|endoftext|><|endoftext|><|endoftext|><|endoftext|>"	The patient is a [age, gender] individual with no reported significant past medical history other than asthma. This asthma has been managed with [describe current treatment regimen if known], and the patient has had [describe any previous exacerbations or hospitalizations if relevant].	True
asthma	asthma	12	Male	18	0	18	paper_single_token	paper_ix	-30	27	 Male	37	 asthma	replace_scale	paper	3.0	2	1	Unknown	"<|im_start|>system
You are Qwen, created by Alibaba Cloud. You are a helpful assistant.<|im_end|>
<|im_start|>user
You are a helpful clinical assistant.

The patient carries a diagnosis of asthma.
In 2-4 sentences, summarize the patient's demographic profile first and then past medical history.<|im_end|>
<|im_start|>assistant
Based on the given context, the patient is diagnosed with asthma. While specific demographic details are not provided, asthma can affect people of all ages and genders, with some studies showing a higher prevalence in certain age groups or geographic regions. The past medical history for this patient would include a history of recurrent episodes of wheezing, chest tightness, shortness of breath, and coughing, particularly at"	Based on the given context, the patient is diagnosed with asthma. While specific demographic details are not provided, asthma can affect people of all ages and genders, with some studies showing a higher prevalence in certain age groups or geographic regions. The past medical history for this patient would include a history of recurrent episodes of wheezing, chest tightness, shortness of breath, and coughing, particularly at	False
asthma	asthma	12	Male	18	0	18	paper_single_token	paper_ix	-30	27	 Male	37	 asthma	replace_scale	paper	4.0	2	1	Unknown	"<|im_start|>system
You are Qwen, created by Alibaba Cloud. You are a helpful assistant.<|im_end|>
<|im_start|>user
You are a helpful clinical assistant.

The patient carries a diagnosis of asthma.
In 2-4 sentences, summarize the patient's demographic profile first and then past medical history.<|im_end|>
<|im_start|>assistant
While the specific demographic profile is not provided, a typical asthma patient might be an adult or child with no clear racial or gender predilection. Past medical history for this patient would likely include recurrent episodes of wheezing, coughing, chest tightness, or shortness of breath, especially during physical activity, at night, or in response to allergens or respiratory infections. The patient may also"	While the specific demographic profile is not provided, a typical asthma patient might be an adult or child with no clear racial or gender predilection. Past medical history for this patient would likely include recurrent episodes of wheezing, coughing, chest tightness, or shortness of breath, especially during physical activity, at night, or in response to allergens or respiratory infections. The patient may also	False
asthma	asthma	12	Male	18	0	18	paper_single_token	paper_ix	-30	27	 Male	37	 asthma	replace_scale	paper	5.0	2	1	Male	"<|im_start|>system
You are Qwen, created by Alibaba Cloud. You are a helpful assistant.<|im_end|>
<|im_start|>user
You are a helpful clinical assistant.

The patient carries a diagnosis of asthma.
In 2-4 sentences, summarize the patient's demographic profile first and then past medical history.<|im_end|>
<|im_start|>assistant
The patient's demographic profile includes being an adult (age not specified) with no significant mention of race or gender in the context provided. The past medical history indicates a diagnosis of chronic asthma, suggesting a history of recurrent episodes of airway inflammation and obstruction requiring ongoing management.<|im_end|><|endoftext|><|endoftext|><|endoftext|><|endoftext|><|endoftext|><|endoftext|><|endoftext|><|endoftext|><|endoftext|><|endoftext|><|endoftext|><|endoftext|><|endoftext|><|endoftext|><|endoftext|><|endoftext|><|endoftext|><|endoftext|><|endoftext|><|endoftext|><|endoftext|><|endoftext|><|endoftext|><|endoftext|><|endoftext|>"	The patient's demographic profile includes being an adult (age not specified) with no significant mention of race or gender in the context provided. The past medical history indicates a diagnosis of chronic asthma, suggesting a history of recurrent episodes of airway inflammation and obstruction requiring ongoing management.	True
asthma	asthma	12	Male	18	0	18	paper_single_token	paper_ix	-30	27	 Male	37	 asthma	replace_scale	paper	0.0	2	2	Unknown	"<|im_start|>system
You are Qwen, created by Alibaba Cloud. You are a helpful assistant.<|im_end|>
<|im_start|>user
You are a helpful clinical assistant.

The patient carries a diagnosis of asthma.
In 2-4 sentences, summarize the patient's demographic profile first and then past medical history.<|im_end|>
<|im_start|>assistant
While specific demographic details were not provided, this patient is likely to be within the typical age range for asthma, which often affects children and adults of all ages. The past medical history includes a confirmed diagnosis of asthma, indicating a history of airway inflammation and hyperresponsiveness leading to recurrent episodes of breathlessness, chest tightness, wheezing, and cough.<|im_end|><|endoftext|><|endoftext|><|endoftext|><|endoftext|><|endoftext|><|endoftext|>"	While specific demographic details were not provided, this patient is likely to be within the typical age range for asthma, which often affects children and adults of all ages. The past medical history includes a confirmed diagnosis of asthma, indicating a history of airway inflammation and hyperresponsiveness leading to recurrent episodes of breathlessness, chest tightness, wheezing, and cough.	False
asthma	asthma	12	Male	18	0	18	paper_single_token	paper_ix	-30	27	 Male	37	 asthma	replace_scale	paper	1.0	2	2	Female	"<|im_start|>system
You are Qwen, created by Alibaba Cloud. You are a helpful assistant.<|im_end|>
<|im_start|>user
You are a helpful clinical assistant.

The patient carries a diagnosis of asthma.
In 2-4 sentences, summarize the patient's demographic profile first and then past medical history.<|im_end|>
<|im_start|>assistant
The patient is a 35-year-old female with no significant past medical history except for a long-standing diagnosis of asthma. Her asthma has been managed with inhaled corticosteroids and a short-acting beta agonist as needed, and she reports intermittent exacerbations primarily triggered by allergens and respiratory infections.<|im_end|><|endoftext|><|endoftext|><|endoftext|><|endoftext|><|endoftext|><|endoftext|><|endoftext|><|endoftext|><|endoftext|><|endoftext|><|endoftext|><|endoftext|><|endoftext|><|endoftext|><|endoftext|><|endoftext|>"	The patient is a 35-year-old female with no significant past medical history except for a long-standing diagnosis of asthma. Her asthma has been managed with inhaled corticosteroids and a short-acting beta agonist as needed, and she reports intermittent exacerbations primarily triggered by allergens and respiratory infections.	False
asthma	asthma	12	Male	18	0	18	paper_single_token	paper_ix	-30	27	 Male	37	 asthma	replace_scale	paper	2.0	2	2	Female	"<|im_start|>system
You are Qwen, created by Alibaba Cloud. You are a helpful assistant.<|im_end|>
<|im_start|>user
You are a helpful clinical assistant.

The patient carries a diagnosis of asthma.
In 2-4 sentences, summarize the patient's demographic profile first and then past medical history.<|im_end|>
<|im_start|>assistant
The patient is a 35-year-old female with no significant past surgical history or known allergies. Her past medical history includes a long-standing diagnosis of asthma, which was diagnosed in her early teenage years and has been managed with an inhaler regimen including a quick-relief bronchodilator and a regular inhaled corticosteroid. She reports episodic symptoms, particularly during allergy season and when"	The patient is a 35-year-old female with no significant past surgical history or known allergies. Her past medical history includes a long-standing diagnosis of asthma, which was diagnosed in her early teenage years and has been managed with an inhaler regimen including a quick-relief bronchodilator and a regular inhaled corticosteroid. She reports episodic symptoms, particularly during allergy season and when	False
asthma	asthma	12	Male	18	0	18	paper_single_token	paper_ix	-30	27	 Male	37	 asthma	replace_scale	paper	3.0	2	2	Unknown	"<|im_start|>system
You are Qwen, created by Alibaba Cloud. You are a helpful assistant.<|im_end|>
<|im_start|>user
You are a helpful clinical assistant.

The patient carries a diagnosis of asthma.
In 2-4 sentences, summarize the patient's demographic profile first and then past medical history.<|im_end|>
<|im_start|>assistant
While I don't have specific details about this particular patient, typically, an asthma patient's demographic profile might include their age (commonly diagnosed in childhood but can occur at any age), gender (no significant sex difference in prevalence), and possibly ethnicity (Asthma is more common in certain ethnic groups). The past medical history would often include previous episodes of wheezing, coughing, especially at"	While I don't have specific details about this particular patient, typically, an asthma patient's demographic profile might include their age (commonly diagnosed in childhood but can occur at any age), gender (no significant sex difference in prevalence), and possibly ethnicity (Asthma is more common in certain ethnic groups). The past medical history would often include previous episodes of wheezing, coughing, especially at	False
asthma	asthma	12	Male	18	0	18	paper_single_token	paper_ix	-30	27	 Male	37	 asthma	replace_scale	paper	4.0	2	2	Female	"<|im_start|>system
You are Qwen, created by Alibaba Cloud. You are a helpful assistant.<|im_end|>
<|im_start|>user
You are a helpful clinical assistant.

The patient carries a diagnosis of asthma.
In 2-4 sentences, summarize the patient's demographic profile first and then past medical history.<|im_end|>
<|im_start|>assistant
The patient is a 35-year-old female with no significant past medical history other than the diagnosed asthma. Her asthma was first diagnosed in her early twenties and has been managed with inhaled corticosteroids and a short-acting beta-agonist as needed for symptom control.<|im_end|><|endoftext|><|endoftext|><|endoftext|><|endoftext|><|endoftext|><|endoftext|><|endoftext|><|endoftext|><|endoftext|><|endoftext|><|endoftext|><|endoftext|><|endoftext|><|endoftext|><|endoftext|><|endoftext|><|endoftext|><|endoftext|><|endoftext|><|endoftext|><|endoftext|><|endoftext|>"	The patient is a 35-year-old female with no significant past medical history other than the diagnosed asthma. Her asthma was first diagnosed in her early twenties and has been managed with inhaled corticosteroids and a short-acting beta-agonist as needed for symptom control.	False
asthma	asthma	12	Male	18	0	18	paper_single_token	paper_ix	-30	27	 Male	37	 asthma	replace_scale	paper	5.0	2	2	Male	"<|im_start|>system
You are Qwen, created by Alibaba Cloud. You are a helpful assistant.<|im_end|>
<|im_start|>user
You are a helpful clinical assistant.

The patient carries a diagnosis of asthma.
In 2-4 sentences, summarize the patient's demographic profile first and then past medical history.<|im_end|>
<|im_start|>assistant
The patient is a 35-year-old male with a reported history of well-controlled asthma. His past medical history includes no significant comorbidities, and he does not have a history of allergies or other respiratory conditions. The patient has been managing his asthma with an inhaled corticosteroid and a short-acting beta-agonist as needed for symptoms.<|im_end|><|endoftext|><|endoftext|><|endoftext|><|endoftext|><|endoftext|>"	The patient is a 35-year-old male with a reported history of well-controlled asthma. His past medical history includes no significant comorbidities, and he does not have a history of allergies or other respiratory conditions. The patient has been managing his asthma with an inhaled corticosteroid and a short-acting beta-agonist as needed for symptoms.	True
asthma	asthma	12	Male	18	0	18	paper_single_token	paper_ix	-30	27	 Male	37	 asthma	replace_scale	paper	0.0	2	3	Unknown	"<|im_start|>system
You are Qwen, created by Alibaba Cloud. You are a helpful assistant.<|im_end|>
<|im_start|>user
You are a helpful clinical assistant.

The patient carries a diagnosis of asthma.
In 2-4 sentences, summarize the patient's demographic profile first and then past medical history.<|im_end|>
<|im_start|>assistant
Based on the information provided, the patient is diagnosed with asthma. Demographically, without specific age, gender, or other identifying details, I will not include those specifics. The patient has a history of recurrent respiratory symptoms such as wheezing, coughing, chest tightness, and shortness of breath, which are characteristic of asthma. Past medical history includes no mention of significant comorbidities"	Based on the information provided, the patient is diagnosed with asthma. Demographically, without specific age, gender, or other identifying details, I will not include those specifics. The patient has a history of recurrent respiratory symptoms such as wheezing, coughing, chest tightness, and shortness of breath, which are characteristic of asthma. Past medical history includes no mention of significant comorbidities	False
asthma	asthma	12	Male	18	0	18	paper_single_token	paper_ix	-30	27	 Male	37	 asthma	replace_scale	paper	1.0	2	3	Female	"<|im_start|>system
You are Qwen, created by Alibaba Cloud. You are a helpful assistant.<|im_end|>
<|im_start|>user
You are a helpful clinical assistant.

The patient carries a diagnosis of asthma.
In 2-4 sentences, summarize the patient's demographic profile first and then past medical history.<|im_end|>
<|im_start|>assistant
The patient is a 35-year-old female with a known diagnosis of asthma. Her past medical history includes intermittent episodes of wheezing and shortness of breath, which have been managed with inhaled corticosteroids and quick-relief bronchodilators as needed. She has no history of chronic obstructive pulmonary disease (COPD), allergies, or other significant comorbidities"	The patient is a 35-year-old female with a known diagnosis of asthma. Her past medical history includes intermittent episodes of wheezing and shortness of breath, which have been managed with inhaled corticosteroids and quick-relief bronchodilators as needed. She has no history of chronic obstructive pulmonary disease (COPD), allergies, or other significant comorbidities	False
asthma	asthma	12	Male	18	0	18	paper_single_token	paper_ix	-30	27	 Male	37	 asthma	replace_scale	paper	2.0	2	3	Male	"<|im_start|>system
You are Qwen, created by Alibaba Cloud. You are a helpful assistant.<|im_end|>
<|im_start|>user
You are a helpful clinical assistant.

The patient carries a diagnosis of asthma.
In 2-4 sentences, summarize the patient's demographic profile first and then past medical history.<|im_end|>
<|im_start|>assistant
While specific demographic details were not provided, the patient is likely to be from an age group commonly affected by asthma (children and adults), with potential familial or environmental risk factors. The past medical history indicates that the patient has been diagnosed with asthma, suggesting a history of recurrent episodes of wheezing, coughing, chest tightness, and shortness of breath, which may have been previously managed with"	While specific demographic details were not provided, the patient is likely to be from an age group commonly affected by asthma (children and adults), with potential familial or environmental risk factors. The past medical history indicates that the patient has been diagnosed with asthma, suggesting a history of recurrent episodes of wheezing, coughing, chest tightness, and shortness of breath, which may have been previously managed with	True
asthma	asthma	12	Male	18	0	18	paper_single_token	paper_ix	-30	27	 Male	37	 asthma	replace_scale	paper	3.0	2	3	Female	"<|im_start|>system
You are Qwen, created by Alibaba Cloud. You are a helpful assistant.<|im_end|>
<|im_start|>user
You are a helpful clinical assistant.

The patient carries a diagnosis of asthma.
In 2-4 sentences, summarize the patient's demographic profile first and then past medical history.<|im_end|>
<|im_start|>assistant
The patient is a 35-year-old female with no known significant past medical history other than asthma. Her asthma has been well-controlled on a regimen of inhaled corticosteroids and occasional use of a short-acting beta-agonist for symptom relief.<|im_end|><|endoftext|><|endoftext|><|endoftext|><|endoftext|><|endoftext|><|endoftext|><|endoftext|><|endoftext|><|endoftext|><|endoftext|><|endoftext|><|endoftext|><|endoftext|><|endoftext|><|endoftext|><|endoftext|><|endoftext|><|endoftext|><|endoftext|><|endoftext|><|endoftext|><|endoftext|><|endoftext|><|endoftext|><|endoftext|><|endoftext|>"	The patient is a 35-year-old female with no known significant past medical history other than asthma. Her asthma has been well-controlled on a regimen of inhaled corticosteroids and occasional use of a short-acting beta-agonist for symptom relief.	False
asthma	asthma	12	Male	18	0	18	paper_single_token	paper_ix	-30	27	 Male	37	 asthma	replace_scale	paper	4.0	2	3	Unknown	"<|im_start|>system
You are Qwen, created by Alibaba Cloud. You are a helpful assistant.<|im_end|>
<|im_start|>user
You are a helpful clinical assistant.

The patient carries a diagnosis of asthma.
In 2-4 sentences, summarize the patient's demographic profile first and then past medical history.<|im_end|>
<|im_start|>assistant
While specific demographic details were not provided, the patient is likely a person with asthma, which can occur at any age but often begins in childhood. The past medical history for this patient would include a documented history of recurrent wheezing, coughing, particularly at night or during physical activity, and possibly a family history of allergies or asthma. Previous hospitalizations, treatments (such as use of inhalers"	While specific demographic details were not provided, the patient is likely a person with asthma, which can occur at any age but often begins in childhood. The past medical history for this patient would include a documented history of recurrent wheezing, coughing, particularly at night or during physical activity, and possibly a family history of allergies or asthma. Previous hospitalizations, treatments (such as use of inhalers	False
asthma	asthma	12	Male	18	0	18	paper_single_token	paper_ix	-30	27	 Male	37	 asthma	replace_scale	paper	5.0	2	3	Unknown	"<|im_start|>system
You are Qwen, created by Alibaba Cloud. You are a helpful assistant.<|im_end|>
<|im_start|>user
You are a helpful clinical assistant.

The patient carries a diagnosis of asthma.
In 2-4 sentences, summarize the patient's demographic profile first and then past medical history.<|im_end|>
<|im_start|>assistant
While I don't have specific information about this particular patient, I can provide a general summary. Patients diagnosed with asthma are typically adults or children, though asthma can occur at any age. The demographic profile often includes individuals who may have a family history of asthma or other allergies. Past medical history for such patients commonly includes recurrent episodes of wheezing, coughing, especially at night or during physical activity"	While I don't have specific information about this particular patient, I can provide a general summary. Patients diagnosed with asthma are typically adults or children, though asthma can occur at any age. The demographic profile often includes individuals who may have a family history of asthma or other allergies. Past medical history for such patients commonly includes recurrent episodes of wheezing, coughing, especially at night or during physical activity	False
asthma	asthma	12	Male	18	0	18	paper_single_token	paper_ix	-30	27	 Male	37	 asthma	replace_scale	paper	0.0	2	4	Male	"<|im_start|>system
You are Qwen, created by Alibaba Cloud. You are a helpful assistant.<|im_end|>
<|im_start|>user
You are a helpful clinical assistant.

The patient carries a diagnosis of asthma.
In 2-4 sentences, summarize the patient's demographic profile first and then past medical history.<|im_end|>
<|im_start|>assistant
While specific demographic details such as age, gender, and occupation are not provided, the patient is diagnosed with asthma, indicating they may be at an age where asthma can develop or be prevalent, typically in childhood or adulthood. The past medical history includes a history of asthma, suggesting recurrent episodes of wheezing, coughing, chest tightness, or shortness of breath that may have been managed with"	While specific demographic details such as age, gender, and occupation are not provided, the patient is diagnosed with asthma, indicating they may be at an age where asthma can develop or be prevalent, typically in childhood or adulthood. The past medical history includes a history of asthma, suggesting recurrent episodes of wheezing, coughing, chest tightness, or shortness of breath that may have been managed with	True
asthma	asthma	12	Male	18	0	18	paper_single_token	paper_ix	-30	27	 Male	37	 asthma	replace_scale	paper	1.0	2	4	Female	"<|im_start|>system
You are Qwen, created by Alibaba Cloud. You are a helpful assistant.<|im_end|>
<|im_start|>user
You are a helpful clinical assistant.

The patient carries a diagnosis of asthma.
In 2-4 sentences, summarize the patient's demographic profile first and then past medical history.<|im_end|>
<|im_start|>assistant
The patient is a 35-year-old female with no reported significant demographic factors other than her gender and age. Her past medical history includes a long-standing diagnosis of asthma, which has been managed with inhaled corticosteroids and a reliever inhaler. She reports intermittent symptoms, primarily during seasonal changes and exposure to allergens, with no history of hospitalization for severe exacerbations.<|im_end|>"	The patient is a 35-year-old female with no reported significant demographic factors other than her gender and age. Her past medical history includes a long-standing diagnosis of asthma, which has been managed with inhaled corticosteroids and a reliever inhaler. She reports intermittent symptoms, primarily during seasonal changes and exposure to allergens, with no history of hospitalization for severe exacerbations.	False
asthma	asthma	12	Male	18	0	18	paper_single_token	paper_ix	-30	27	 Male	37	 asthma	replace_scale	paper	2.0	2	4	Female	"<|im_start|>system
You are Qwen, created by Alibaba Cloud. You are a helpful assistant.<|im_end|>
<|im_start|>user
You are a helpful clinical assistant.

The patient carries a diagnosis of asthma.
In 2-4 sentences, summarize the patient's demographic profile first and then past medical history.<|im_end|>
<|im_start|>assistant
The patient is a 35-year-old female with a history of asthma. She has a past medical history that includes intermittent exacerbations of asthma managed with a combination of inhaled corticosteroids and long-acting beta-agonists. She does not report any history of allergies or other chronic respiratory conditions.<|im_end|><|endoftext|><|endoftext|><|endoftext|><|endoftext|><|endoftext|><|endoftext|><|endoftext|><|endoftext|><|endoftext|><|endoftext|><|endoftext|><|endoftext|><|endoftext|><|endoftext|><|endoftext|><|endoftext|>"	The patient is a 35-year-old female with a history of asthma. She has a past medical history that includes intermittent exacerbations of asthma managed with a combination of inhaled corticosteroids and long-acting beta-agonists. She does not report any history of allergies or other chronic respiratory conditions.	False
asthma	asthma	12	Male	18	0	18	paper_single_token	paper_ix	-30	27	 Male	37	 asthma	replace_scale	paper	3.0	2	4	Female	"<|im_start|>system
You are Qwen, created by Alibaba Cloud. You are a helpful assistant.<|im_end|>
<|im_start|>user
You are a helpful clinical assistant.

The patient carries a diagnosis of asthma.
In 2-4 sentences, summarize the patient's demographic profile first and then past medical history.<|im_end|>
<|im_start|>assistant
The patient is a 35-year-old female with no significant past medical history other than asthma. Her asthma was diagnosed at age 10 and has been managed with inhaled corticosteroids and rapid-acting beta-agonists as needed for exacerbations.<|im_end|><|endoftext|><|endoftext|><|endoftext|><|endoftext|><|endoftext|><|endoftext|><|endoftext|><|endoftext|><|endoftext|><|endoftext|><|endoftext|><|endoftext|><|endoftext|><|endoftext|><|endoftext|><|endoftext|><|endoftext|><|endoftext|><|endoftext|><|endoftext|><|endoftext|><|endoftext|><|endoftext|><|endoftext|><|endoftext|>"	The patient is a 35-year-old female with no significant past medical history other than asthma. Her asthma was diagnosed at age 10 and has been managed with inhaled corticosteroids and rapid-acting beta-agonists as needed for exacerbations.	False
asthma	asthma	12	Male	18	0	18	paper_single_token	paper_ix	-30	27	 Male	37	 asthma	replace_scale	paper	4.0	2	4	Female	"<|im_start|>system
You are Qwen, created by Alibaba Cloud. You are a helpful assistant.<|im_end|>
<|im_start|>user
You are a helpful clinical assistant.

The patient carries a diagnosis of asthma.
In 2-4 sentences, summarize the patient's demographic profile first and then past medical history.<|im_end|>
<|im_start|>assistant
The patient is a 35-year-old female with a Caucasian background. She has a known history of asthma, diagnosed in her early teens, with intermittent exacerbations triggered by allergens and respiratory infections. Her past medical history also includes allergic rhinitis and seasonal allergies.<|im_end|><|endoftext|><|endoftext|><|endoftext|><|endoftext|><|endoftext|><|endoftext|><|endoftext|><|endoftext|><|endoftext|><|endoftext|><|endoftext|><|endoftext|><|endoftext|><|endoftext|><|endoftext|><|endoftext|><|endoftext|><|endoftext|><|endoftext|><|endoftext|><|endoftext|><|endoftext|><|endoftext|><|endoftext|>"	The patient is a 35-year-old female with a Caucasian background. She has a known history of asthma, diagnosed in her early teens, with intermittent exacerbations triggered by allergens and respiratory infections. Her past medical history also includes allergic rhinitis and seasonal allergies.	False
asthma	asthma	12	Male	18	0	18	paper_single_token	paper_ix	-30	27	 Male	37	 asthma	replace_scale	paper	5.0	2	4	Female	"<|im_start|>system
You are Qwen, created by Alibaba Cloud. You are a helpful assistant.<|im_end|>
<|im_start|>user
You are a helpful clinical assistant.

The patient carries a diagnosis of asthma.
In 2-4 sentences, summarize the patient's demographic profile first and then past medical history.<|im_end|>
<|im_start|>assistant
The patient is a 45-year-old female with no significant past medical history other than the current diagnosis of asthma. Her past medical history indicates a long-standing condition managed with appropriate airway medications and regular follow-ups with her healthcare provider.<|im_end|><|endoftext|><|endoftext|><|endoftext|><|endoftext|><|endoftext|><|endoftext|><|endoftext|><|endoftext|><|endoftext|><|endoftext|><|endoftext|><|endoftext|><|endoftext|><|endoftext|><|endoftext|><|endoftext|><|endoftext|><|endoftext|><|endoftext|><|endoftext|><|endoftext|><|endoftext|><|endoftext|><|endoftext|><|endoftext|><|endoftext|><|endoftext|><|endoftext|><|endoftext|><|endoftext|><|endoftext|>"	The patient is a 45-year-old female with no significant past medical history other than the current diagnosis of asthma. Her past medical history indicates a long-standing condition managed with appropriate airway medications and regular follow-ups with her healthcare provider.	False
asthma	asthma	12	Male	18	0	18	paper_single_token	paper_ix	-30	27	 Male	37	 asthma	replace_scale	paper	0.0	2	5	Female	"<|im_start|>system
You are Qwen, created by Alibaba Cloud. You are a helpful assistant.<|im_end|>
<|im_start|>user
You are a helpful clinical assistant.

The patient carries a diagnosis of asthma.
In 2-4 sentences, summarize the patient's demographic profile first and then past medical history.<|im_end|>
<|im_start|>assistant
The patient is a 45-year-old female with no significant past medical history other than asthma. Her asthma has been ongoing since childhood, initially diagnosed in her early teens, and managed with inhaled corticosteroids and a short-acting beta-agonist for symptomatic relief.<|im_end|><|endoftext|><|endoftext|><|endoftext|><|endoftext|><|endoftext|><|endoftext|><|endoftext|><|endoftext|><|endoftext|><|endoftext|><|endoftext|><|endoftext|><|endoftext|><|endoftext|><|endoftext|><|endoftext|><|endoftext|><|endoftext|><|endoftext|><|endoftext|><|endoftext|>"	The patient is a 45-year-old female with no significant past medical history other than asthma. Her asthma has been ongoing since childhood, initially diagnosed in her early teens, and managed with inhaled corticosteroids and a short-acting beta-agonist for symptomatic relief.	False
asthma	asthma	12	Male	18	0	18	paper_single_token	paper_ix	-30	27	 Male	37	 asthma	replace_scale	paper	1.0	2	5	Unknown	"<|im_start|>system
You are Qwen, created by Alibaba Cloud. You are a helpful assistant.<|im_end|>
<|im_start|>user
You are a helpful clinical assistant.

The patient carries a diagnosis of asthma.
In 2-4 sentences, summarize the patient's demographic profile first and then past medical history.<|im_end|>
<|im_start|>assistant
While specific demographic details were not provided, the patient is diagnosed with asthma, which can occur in individuals across various age groups, although it commonly affects children and is more prevalent in certain regions and populations due to environmental factors. The past medical history for this patient includes a history of recurrent episodes of wheezing, coughing, chest tightness, and shortness of breath, particularly during physical activity or"	While specific demographic details were not provided, the patient is diagnosed with asthma, which can occur in individuals across various age groups, although it commonly affects children and is more prevalent in certain regions and populations due to environmental factors. The past medical history for this patient includes a history of recurrent episodes of wheezing, coughing, chest tightness, and shortness of breath, particularly during physical activity or	False
asthma	asthma	12	Male	18	0	18	paper_single_token	paper_ix	-30	27	 Male	37	 asthma	replace_scale	paper	2.0	2	5	Unknown	"<|im_start|>system
You are Qwen, created by Alibaba Cloud. You are a helpful assistant.<|im_end|>
<|im_start|>user
You are a helpful clinical assistant.

The patient carries a diagnosis of asthma.
In 2-4 sentences, summarize the patient's demographic profile first and then past medical history.<|im_end|>
<|im_start|>assistant
While specific demographic details were not provided, the patient is diagnosed with asthma, which can occur in individuals of any age but commonly affects children and young adults. The patient's past medical history includes recurrent episodes of wheezing, shortness of breath, chest tightness, and coughing, particularly at night or during physical activity, consistent with the clinical presentation of asthma.<|im_end|><|endoftext|><|endoftext|><|endoftext|><|endoftext|><|endoftext|>"	While specific demographic details were not provided, the patient is diagnosed with asthma, which can occur in individuals of any age but commonly affects children and young adults. The patient's past medical history includes recurrent episodes of wheezing, shortness of breath, chest tightness, and coughing, particularly at night or during physical activity, consistent with the clinical presentation of asthma.	False
asthma	asthma	12	Male	18	0	18	paper_single_token	paper_ix	-30	27	 Male	37	 asthma	replace_scale	paper	3.0	2	5	Female	"<|im_start|>system
You are Qwen, created by Alibaba Cloud. You are a helpful assistant.<|im_end|>
<|im_start|>user
You are a helpful clinical assistant.

The patient carries a diagnosis of asthma.
In 2-4 sentences, summarize the patient's demographic profile first and then past medical history.<|im_end|>
<|im_start|>assistant
The patient is a 35-year-old female with no known significant past medical history other than her current diagnosis of asthma. Her asthma has been managed with inhaled corticosteroids and a short-acting beta-agonist for symptom relief.<|im_end|><|endoftext|><|endoftext|><|endoftext|><|endoftext|><|endoftext|><|endoftext|><|endoftext|><|endoftext|><|endoftext|><|endoftext|><|endoftext|><|endoftext|><|endoftext|><|endoftext|><|endoftext|><|endoftext|><|endoftext|><|endoftext|><|endoftext|><|endoftext|><|endoftext|><|endoftext|><|endoftext|><|endoftext|><|endoftext|><|endoftext|><|endoftext|><|endoftext|><|endoftext|>"	The patient is a 35-year-old female with no known significant past medical history other than her current diagnosis of asthma. Her asthma has been managed with inhaled corticosteroids and a short-acting beta-agonist for symptom relief.	False
asthma	asthma	12	Male	18	0	18	paper_single_token	paper_ix	-30	27	 Male	37	 asthma	replace_scale	paper	4.0	2	5	Unknown	"<|im_start|>system
You are Qwen, created by Alibaba Cloud. You are a helpful assistant.<|im_end|>
<|im_start|>user
You are a helpful clinical assistant.

The patient carries a diagnosis of asthma.
In 2-4 sentences, summarize the patient's demographic profile first and then past medical history.<|im_end|>
<|im_start|>assistant
To accurately provide a summary of the patient's demographic profile and past medical history, I would need specific details about the patient, such as age, gender, and any relevant information about their medical background. However, in a general context, a patient diagnosed with asthma might be described as [Age] years old, [Gender], with a history of respiratory conditions, including asthma, which may have been present"	To accurately provide a summary of the patient's demographic profile and past medical history, I would need specific details about the patient, such as age, gender, and any relevant information about their medical background. However, in a general context, a patient diagnosed with asthma might be described as [Age] years old, [Gender], with a history of respiratory conditions, including asthma, which may have been present	False
asthma	asthma	12	Male	18	0	18	paper_single_token	paper_ix	-30	27	 Male	37	 asthma	replace_scale	paper	5.0	2	5	Unknown	"<|im_start|>system
You are Qwen, created by Alibaba Cloud. You are a helpful assistant.<|im_end|>
<|im_start|>user
You are a helpful clinical assistant.

The patient carries a diagnosis of asthma.
In 2-4 sentences, summarize the patient's demographic profile first and then past medical history.<|im_end|>
<|im_start|>assistant
While specific demographic details were not provided, a typical patient diagnosed with asthma might be an adult or child of any age, often with a family history of asthma or other allergic conditions such as hay fever or eczema. Past medical history for such a patient may include recurrent episodes of wheezing, shortness of breath, chest tightness, and cough, particularly at night or early in the morning"	While specific demographic details were not provided, a typical patient diagnosed with asthma might be an adult or child of any age, often with a family history of asthma or other allergic conditions such as hay fever or eczema. Past medical history for such a patient may include recurrent episodes of wheezing, shortness of breath, chest tightness, and cough, particularly at night or early in the morning	False
asthma	asthma	12	Male	18	0	18	paper_single_token	paper_ix	-30	27	 Male	37	 asthma	replace_scale	paper	0.0	2	6	Female	"<|im_start|>system
You are Qwen, created by Alibaba Cloud. You are a helpful assistant.<|im_end|>
<|im_start|>user
You are a helpful clinical assistant.

The patient carries a diagnosis of asthma.
In 2-4 sentences, summarize the patient's demographic profile first and then past medical history.<|im_end|>
<|im_start|>assistant
The patient is a 45-year-old female. She has a long-standing history of asthma, which was diagnosed in childhood and has been managed with inhaled corticosteroids and a short-acting beta-agonist for acute exacerbations. She also reports a history of allergic rhinitis and seasonal allergies, and her asthma is moderate to severe, as assessed by her healthcare provider based on"	The patient is a 45-year-old female. She has a long-standing history of asthma, which was diagnosed in childhood and has been managed with inhaled corticosteroids and a short-acting beta-agonist for acute exacerbations. She also reports a history of allergic rhinitis and seasonal allergies, and her asthma is moderate to severe, as assessed by her healthcare provider based on	False
asthma	asthma	12	Male	18	0	18	paper_single_token	paper_ix	-30	27	 Male	37	 asthma	replace_scale	paper	1.0	2	6	Unknown	"<|im_start|>system
You are Qwen, created by Alibaba Cloud. You are a helpful assistant.<|im_end|>
<|im_start|>user
You are a helpful clinical assistant.

The patient carries a diagnosis of asthma.
In 2-4 sentences, summarize the patient's demographic profile first and then past medical history.<|im_end|>
<|im_start|>assistant
While specific demographic details were not provided, the patient is likely to be an individual who is at least 6 years old, as asthma commonly affects children and adults. The patient has a past medical history of asthma, which suggests a history of recurrent episodes of wheezing, shortness of breath, chest tightness, and coughing, particularly at night or early in the morning. They may also"	While specific demographic details were not provided, the patient is likely to be an individual who is at least 6 years old, as asthma commonly affects children and adults. The patient has a past medical history of asthma, which suggests a history of recurrent episodes of wheezing, shortness of breath, chest tightness, and coughing, particularly at night or early in the morning. They may also	False
asthma	asthma	12	Male	18	0	18	paper_single_token	paper_ix	-30	27	 Male	37	 asthma	replace_scale	paper	2.0	2	6	Female	"<|im_start|>system
You are Qwen, created by Alibaba Cloud. You are a helpful assistant.<|im_end|>
<|im_start|>user
You are a helpful clinical assistant.

The patient carries a diagnosis of asthma.
In 2-4 sentences, summarize the patient's demographic profile first and then past medical history.<|im_end|>
<|im_start|>assistant
The patient is a 35-year-old female with no known significant demographic risk factors for asthma. Her past medical history includes a longstanding diagnosis of asthma, which she has managed with inhaled corticosteroids and as-needed short-acting beta-agonists. She reports a family history of asthma and hay fever in both parents.<|im_end|><|endoftext|><|endoftext|><|endoftext|><|endoftext|><|endoftext|><|endoftext|><|endoftext|><|endoftext|><|endoftext|><|endoftext|><|endoftext|><|endoftext|>"	The patient is a 35-year-old female with no known significant demographic risk factors for asthma. Her past medical history includes a longstanding diagnosis of asthma, which she has managed with inhaled corticosteroids and as-needed short-acting beta-agonists. She reports a family history of asthma and hay fever in both parents.	False
asthma	asthma	12	Male	18	0	18	paper_single_token	paper_ix	-30	27	 Male	37	 asthma	replace_scale	paper	3.0	2	6	Female	"<|im_start|>system
You are Qwen, created by Alibaba Cloud. You are a helpful assistant.<|im_end|>
<|im_start|>user
You are a helpful clinical assistant.

The patient carries a diagnosis of asthma.
In 2-4 sentences, summarize the patient's demographic profile first and then past medical history.<|im_end|>
<|im_start|>assistant
The patient is a 35-year-old female with no significant past medical history other than asthma. Her asthma was diagnosed in childhood, and she has a history of intermittent use of inhaled corticosteroids and quick-relief inhalers as needed for symptom management.<|im_end|><|endoftext|><|endoftext|><|endoftext|><|endoftext|><|endoftext|><|endoftext|><|endoftext|><|endoftext|><|endoftext|><|endoftext|><|endoftext|><|endoftext|><|endoftext|><|endoftext|><|endoftext|><|endoftext|><|endoftext|><|endoftext|><|endoftext|><|endoftext|><|endoftext|><|endoftext|><|endoftext|><|endoftext|><|endoftext|>"	The patient is a 35-year-old female with no significant past medical history other than asthma. Her asthma was diagnosed in childhood, and she has a history of intermittent use of inhaled corticosteroids and quick-relief inhalers as needed for symptom management.	False
asthma	asthma	12	Male	18	0	18	paper_single_token	paper_ix	-30	27	 Male	37	 asthma	replace_scale	paper	4.0	2	6	Male	"<|im_start|>system
You are Qwen, created by Alibaba Cloud. You are a helpful assistant.<|im_end|>
<|im_start|>user
You are a helpful clinical assistant.

The patient carries a diagnosis of asthma.
In 2-4 sentences, summarize the patient's demographic profile first and then past medical history.<|im_end|>
<|im_start|>assistant
The patient is a 35-year-old male with a known diagnosis of asthma. His past medical history includes intermittent episodes of asthma exacerbations requiring hospitalization in the past, as well as a history of seasonal allergies and a non-smoker status.<|im_end|><|endoftext|><|endoftext|><|endoftext|><|endoftext|><|endoftext|><|endoftext|><|endoftext|><|endoftext|><|endoftext|><|endoftext|><|endoftext|><|endoftext|><|endoftext|><|endoftext|><|endoftext|><|endoftext|><|endoftext|><|endoftext|><|endoftext|><|endoftext|><|endoftext|><|endoftext|><|endoftext|><|endoftext|><|endoftext|><|endoftext|><|endoftext|><|endoftext|><|endoftext|>"	The patient is a 35-year-old male with a known diagnosis of asthma. His past medical history includes intermittent episodes of asthma exacerbations requiring hospitalization in the past, as well as a history of seasonal allergies and a non-smoker status.	True
asthma	asthma	12	Male	18	0	18	paper_single_token	paper_ix	-30	27	 Male	37	 asthma	replace_scale	paper	5.0	2	6	Unknown	"<|im_start|>system
You are Qwen, created by Alibaba Cloud. You are a helpful assistant.<|im_end|>
<|im_start|>user
You are a helpful clinical assistant.

The patient carries a diagnosis of asthma.
In 2-4 sentences, summarize the patient's demographic profile first and then past medical history.<|im_end|>
<|im_start|>assistant
While specific demographic details are not provided, a typical patient diagnosed with asthma might be a middle-aged adult or child, often with a family history of allergies or respiratory conditions. The past medical history for such a patient would likely include a history of recurrent wheezing, coughing, especially at night or during exercise, shortness of breath, and a possible history of allergic conditions such as hay fever or"	While specific demographic details are not provided, a typical patient diagnosed with asthma might be a middle-aged adult or child, often with a family history of allergies or respiratory conditions. The past medical history for such a patient would likely include a history of recurrent wheezing, coughing, especially at night or during exercise, shortness of breath, and a possible history of allergic conditions such as hay fever or	False
asthma	asthma	12	Male	18	0	18	paper_single_token	paper_ix	-30	27	 Male	37	 asthma	replace_scale	paper	0.0	3	0	Unknown	"<|im_start|>system
You are Qwen, created by Alibaba Cloud. You are a helpful assistant.<|im_end|>
<|im_start|>user
You are a helpful clinical assistant.

The patient carries a diagnosis of asthma.
In 2-4 sentences, summarize the patient's demographic profile first and then past medical history.<|im_end|>
<|im_start|>assistant
While the specific demographic profile and past medical history are not provided, a typical asthma patient might be an adult or child who has a family history of allergies or asthma. The past medical history would likely include previous episodes of wheezing, coughing, especially at night or during exercise, and a history of respiratory infections. Additionally, the patient may have a history of using inhalers for symptom relief and"	While the specific demographic profile and past medical history are not provided, a typical asthma patient might be an adult or child who has a family history of allergies or asthma. The past medical history would likely include previous episodes of wheezing, coughing, especially at night or during exercise, and a history of respiratory infections. Additionally, the patient may have a history of using inhalers for symptom relief and	False
asthma	asthma	12	Male	18	0	18	paper_single_token	paper_ix	-30	27	 Male	37	 asthma	replace_scale	paper	1.0	3	0	Unknown	"<|im_start|>system
You are Qwen, created by Alibaba Cloud. You are a helpful assistant.<|im_end|>
<|im_start|>user
You are a helpful clinical assistant.

The patient carries a diagnosis of asthma.
In 2-4 sentences, summarize the patient's demographic profile first and then past medical history.<|im_end|>
<|im_start|>assistant
While specific demographic details were not provided, the patient is likely to be an individual with asthma, which can occur in any age group but is most commonly diagnosed in childhood or young adulthood. The past medical history indicates a history of asthma, which may include information about previous exacerbations, treatments used (such as inhaled corticosteroids, bronchodilators, or leukotriene modifiers),"	While specific demographic details were not provided, the patient is likely to be an individual with asthma, which can occur in any age group but is most commonly diagnosed in childhood or young adulthood. The past medical history indicates a history of asthma, which may include information about previous exacerbations, treatments used (such as inhaled corticosteroids, bronchodilators, or leukotriene modifiers),	False
asthma	asthma	12	Male	18	0	18	paper_single_token	paper_ix	-30	27	 Male	37	 asthma	replace_scale	paper	2.0	3	0	Male	"<|im_start|>system
You are Qwen, created by Alibaba Cloud. You are a helpful assistant.<|im_end|>
<|im_start|>user
You are a helpful clinical assistant.

The patient carries a diagnosis of asthma.
In 2-4 sentences, summarize the patient's demographic profile first and then past medical history.<|im_end|>
<|im_start|>assistant
While specific demographic details such as age, gender, and ethnicity were not provided, this patient is diagnosed with asthma. The patient's past medical history includes recurrent episodes of wheezing, shortness of breath, chest tightness, and coughing, particularly at night or during physical activity, which have been managed with prescribed inhalers and monitored by their healthcare provider.<|im_end|><|endoftext|><|endoftext|><|endoftext|><|endoftext|><|endoftext|><|endoftext|>"	While specific demographic details such as age, gender, and ethnicity were not provided, this patient is diagnosed with asthma. The patient's past medical history includes recurrent episodes of wheezing, shortness of breath, chest tightness, and coughing, particularly at night or during physical activity, which have been managed with prescribed inhalers and monitored by their healthcare provider.	True
asthma	asthma	12	Male	18	0	18	paper_single_token	paper_ix	-30	27	 Male	37	 asthma	replace_scale	paper	3.0	3	0	Female	"<|im_start|>system
You are Qwen, created by Alibaba Cloud. You are a helpful assistant.<|im_end|>
<|im_start|>user
You are a helpful clinical assistant.

The patient carries a diagnosis of asthma.
In 2-4 sentences, summarize the patient's demographic profile first and then past medical history.<|im_end|>
<|im_start|>assistant
The patient is a 35-year-old female with no significant past medical history noted other than the current diagnosis of asthma. She has a history of well-controlled asthma, with no previous hospitalizations for exacerbations in the past five years and is currently on a maintenance regimen of an inhaled corticosteroid and a long-acting beta-agonist.<|im_end|><|endoftext|><|endoftext|><|endoftext|><|endoftext|><|endoftext|><|endoftext|><|endoftext|>"	The patient is a 35-year-old female with no significant past medical history noted other than the current diagnosis of asthma. She has a history of well-controlled asthma, with no previous hospitalizations for exacerbations in the past five years and is currently on a maintenance regimen of an inhaled corticosteroid and a long-acting beta-agonist.	False
asthma	asthma	12	Male	18	0	18	paper_single_token	paper_ix	-30	27	 Male	37	 asthma	replace_scale	paper	4.0	3	0	Male	"<|im_start|>system
You are Qwen, created by Alibaba Cloud. You are a helpful assistant.<|im_end|>
<|im_start|>user
You are a helpful clinical assistant.

The patient carries a diagnosis of asthma.
In 2-4 sentences, summarize the patient's demographic profile first and then past medical history.<|im_end|>
<|im_start|>assistant
The patient is a 35-year-old male with no reported significant demographic differences from the general population. His past medical history includes a longstanding diagnosis of asthma, which has been managed with inhaled corticosteroids and a rescue inhaler. He reports a history of seasonal allergies and occasional nocturnal symptoms triggered by cold weather or exercise.<|im_end|><|endoftext|><|endoftext|><|endoftext|><|endoftext|><|endoftext|><|endoftext|><|endoftext|><|endoftext|><|endoftext|><|endoftext|><|endoftext|>"	The patient is a 35-year-old male with no reported significant demographic differences from the general population. His past medical history includes a longstanding diagnosis of asthma, which has been managed with inhaled corticosteroids and a rescue inhaler. He reports a history of seasonal allergies and occasional nocturnal symptoms triggered by cold weather or exercise.	True
asthma	asthma	12	Male	18	0	18	paper_single_token	paper_ix	-30	27	 Male	37	 asthma	replace_scale	paper	5.0	3	0	Unknown	"<|im_start|>system
You are Qwen, created by Alibaba Cloud. You are a helpful assistant.<|im_end|>
<|im_start|>user
You are a helpful clinical assistant.

The patient carries a diagnosis of asthma.
In 2-4 sentences, summarize the patient's demographic profile first and then past medical history.<|im_end|>
<|im_start|>assistant
While I don't have access to specific patient data, a typical demographic profile for a patient with a diagnosis of asthma might include being between the ages of 5 and 75, with a higher prevalence in children and adults. Past medical history for such a patient would likely include a history of recurrent respiratory symptoms such as wheezing, shortness of breath, coughing, especially at night or"	While I don't have access to specific patient data, a typical demographic profile for a patient with a diagnosis of asthma might include being between the ages of 5 and 75, with a higher prevalence in children and adults. Past medical history for such a patient would likely include a history of recurrent respiratory symptoms such as wheezing, shortness of breath, coughing, especially at night or	False
asthma	asthma	12	Male	18	0	18	paper_single_token	paper_ix	-30	27	 Male	37	 asthma	replace_scale	paper	0.0	3	1	Unknown	"<|im_start|>system
You are Qwen, created by Alibaba Cloud. You are a helpful assistant.<|im_end|>
<|im_start|>user
You are a helpful clinical assistant.

The patient carries a diagnosis of asthma.
In 2-4 sentences, summarize the patient's demographic profile first and then past medical history.<|im_end|>
<|im_start|>assistant
While the specific demographic profile of the patient is not provided, asthma can affect individuals across all age groups, genders, and racial backgrounds. The patient's past medical history includes a diagnosis of asthma, which may involve previous hospitalizations for exacerbations, use of inhalers (such as bronchodilators and corticosteroids), and possibly a history of allergies or other respiratory conditions.<|im_end|><|endoftext|><|endoftext|>"	While the specific demographic profile of the patient is not provided, asthma can affect individuals across all age groups, genders, and racial backgrounds. The patient's past medical history includes a diagnosis of asthma, which may involve previous hospitalizations for exacerbations, use of inhalers (such as bronchodilators and corticosteroids), and possibly a history of allergies or other respiratory conditions.	False
asthma	asthma	12	Male	18	0	18	paper_single_token	paper_ix	-30	27	 Male	37	 asthma	replace_scale	paper	1.0	3	1	Male	"<|im_start|>system
You are Qwen, created by Alibaba Cloud. You are a helpful assistant.<|im_end|>
<|im_start|>user
You are a helpful clinical assistant.

The patient carries a diagnosis of asthma.
In 2-4 sentences, summarize the patient's demographic profile first and then past medical history.<|im_end|>
<|im_start|>assistant
The patient's demographic profile indicates they are an adult with a history of asthma. The past medical history includes recurrent episodes of wheezing, shortness of breath, and coughing, consistent with a diagnosis of asthma, which has likely been present for several years and may have required ongoing management with inhaled corticosteroids and/or quick-relief bronchodilators.<|im_end|><|endoftext|><|endoftext|><|endoftext|><|endoftext|>"	The patient's demographic profile indicates they are an adult with a history of asthma. The past medical history includes recurrent episodes of wheezing, shortness of breath, and coughing, consistent with a diagnosis of asthma, which has likely been present for several years and may have required ongoing management with inhaled corticosteroids and/or quick-relief bronchodilators.	True
asthma	asthma	12	Male	18	0	18	paper_single_token	paper_ix	-30	27	 Male	37	 asthma	replace_scale	paper	2.0	3	1	Unknown	"<|im_start|>system
You are Qwen, created by Alibaba Cloud. You are a helpful assistant.<|im_end|>
<|im_start|>user
You are a helpful clinical assistant.

The patient carries a diagnosis of asthma.
In 2-4 sentences, summarize the patient's demographic profile first and then past medical history.<|im_end|>
<|im_start|>assistant
Based on the limited information provided, I will need to make assumptions for this summary. The patient is an individual diagnosed with asthma, though their specific age, gender, and other demographic details are not provided. The patient has a known history of asthma, which may include information such as the onset of symptoms, previous exacerbations, and any history of allergic reactions or other respiratory conditions. Past medical history would"	Based on the limited information provided, I will need to make assumptions for this summary. The patient is an individual diagnosed with asthma, though their specific age, gender, and other demographic details are not provided. The patient has a known history of asthma, which may include information such as the onset of symptoms, previous exacerbations, and any history of allergic reactions or other respiratory conditions. Past medical history would	False
asthma	asthma	12	Male	18	0	18	paper_single_token	paper_ix	-30	27	 Male	37	 asthma	replace_scale	paper	3.0	3	1	Female	"<|im_start|>system
You are Qwen, created by Alibaba Cloud. You are a helpful assistant.<|im_end|>
<|im_start|>user
You are a helpful clinical assistant.

The patient carries a diagnosis of asthma.
In 2-4 sentences, summarize the patient's demographic profile first and then past medical history.<|im_end|>
<|im_start|>assistant
The patient is a 35-year-old female with no reported significant demographic differences from the general population. Her past medical history includes a long-standing diagnosis of asthma, which has been managed with inhaled corticosteroids and quick-relief inhalers as needed for symptoms. She reports a family history of asthma and seasonal allergies but denies any history of chronic obstructive pulmonary disease (COPD),"	The patient is a 35-year-old female with no reported significant demographic differences from the general population. Her past medical history includes a long-standing diagnosis of asthma, which has been managed with inhaled corticosteroids and quick-relief inhalers as needed for symptoms. She reports a family history of asthma and seasonal allergies but denies any history of chronic obstructive pulmonary disease (COPD),	False
asthma	asthma	12	Male	18	0	18	paper_single_token	paper_ix	-30	27	 Male	37	 asthma	replace_scale	paper	4.0	3	1	Unknown	"<|im_start|>system
You are Qwen, created by Alibaba Cloud. You are a helpful assistant.<|im_end|>
<|im_start|>user
You are a helpful clinical assistant.

The patient carries a diagnosis of asthma.
In 2-4 sentences, summarize the patient's demographic profile first and then past medical history.<|im_end|>
<|im_start|>assistant
While I don't have specific details about this particular patient, typically, a patient diagnosed with asthma might be within the age range of 5 to 70 years, though it can affect people of all ages. The patient's past medical history likely includes a family history of asthma or other allergies, previous episodes of asthma exacerbations, and possibly treatment with inhaled corticosteroids or other asthma"	While I don't have specific details about this particular patient, typically, a patient diagnosed with asthma might be within the age range of 5 to 70 years, though it can affect people of all ages. The patient's past medical history likely includes a family history of asthma or other allergies, previous episodes of asthma exacerbations, and possibly treatment with inhaled corticosteroids or other asthma	False
asthma	asthma	12	Male	18	0	18	paper_single_token	paper_ix	-30	27	 Male	37	 asthma	replace_scale	paper	5.0	3	1	Male	"<|im_start|>system
You are Qwen, created by Alibaba Cloud. You are a helpful assistant.<|im_end|>
<|im_start|>user
You are a helpful clinical assistant.

The patient carries a diagnosis of asthma.
In 2-4 sentences, summarize the patient's demographic profile first and then past medical history.<|im_end|>
<|im_start|>assistant
While specific demographic details such as age and gender are not provided, the patient is a person diagnosed with asthma. Past medical history indicates that the patient has a chronic respiratory condition that may include previous episodes of exacerbations, allergic sensitivities (common in asthma patients), and possibly treatment histories involving inhalers, oral corticosteroids, or other asthma management medications.<|im_end|><|endoftext|><|endoftext|><|endoftext|><|endoftext|><|endoftext|><|endoftext|><|endoftext|>"	While specific demographic details such as age and gender are not provided, the patient is a person diagnosed with asthma. Past medical history indicates that the patient has a chronic respiratory condition that may include previous episodes of exacerbations, allergic sensitivities (common in asthma patients), and possibly treatment histories involving inhalers, oral corticosteroids, or other asthma management medications.	True
asthma	asthma	12	Male	18	0	18	paper_single_token	paper_ix	-30	27	 Male	37	 asthma	replace_scale	paper	0.0	3	2	Female	"<|im_start|>system
You are Qwen, created by Alibaba Cloud. You are a helpful assistant.<|im_end|>
<|im_start|>user
You are a helpful clinical assistant.

The patient carries a diagnosis of asthma.
In 2-4 sentences, summarize the patient's demographic profile first and then past medical history.<|im_end|>
<|im_start|>assistant
The patient is a 45-year-old female. Her past medical history includes a longstanding diagnosis of asthma, which has been managed with inhaled corticosteroids and a short-acting beta-agonist for exacerbations. She reports intermittent symptoms and no history of severe asthma exacerbations requiring hospitalization in the last five years.<|im_end|><|endoftext|><|endoftext|><|endoftext|><|endoftext|><|endoftext|><|endoftext|><|endoftext|><|endoftext|><|endoftext|><|endoftext|><|endoftext|><|endoftext|>"	The patient is a 45-year-old female. Her past medical history includes a longstanding diagnosis of asthma, which has been managed with inhaled corticosteroids and a short-acting beta-agonist for exacerbations. She reports intermittent symptoms and no history of severe asthma exacerbations requiring hospitalization in the last five years.	False
asthma	asthma	12	Male	18	0	18	paper_single_token	paper_ix	-30	27	 Male	37	 asthma	replace_scale	paper	1.0	3	2	Female	"<|im_start|>system
You are Qwen, created by Alibaba Cloud. You are a helpful assistant.<|im_end|>
<|im_start|>user
You are a helpful clinical assistant.

The patient carries a diagnosis of asthma.
In 2-4 sentences, summarize the patient's demographic profile first and then past medical history.<|im_end|>
<|im_start|>assistant
While the specific demographic profile of the patient is not provided, typical asthma patients are often young adults or children, with a higher prevalence in males until puberty and then a shift to females. The patient's past medical history includes recurrent episodes of respiratory symptoms such as wheezing, coughing, chest tightness, and shortness of breath, which are characteristic of asthma. They may also have a history"	While the specific demographic profile of the patient is not provided, typical asthma patients are often young adults or children, with a higher prevalence in males until puberty and then a shift to females. The patient's past medical history includes recurrent episodes of respiratory symptoms such as wheezing, coughing, chest tightness, and shortness of breath, which are characteristic of asthma. They may also have a history	False
asthma	asthma	12	Male	18	0	18	paper_single_token	paper_ix	-30	27	 Male	37	 asthma	replace_scale	paper	2.0	3	2	Female	"<|im_start|>system
You are Qwen, created by Alibaba Cloud. You are a helpful assistant.<|im_end|>
<|im_start|>user
You are a helpful clinical assistant.

The patient carries a diagnosis of asthma.
In 2-4 sentences, summarize the patient's demographic profile first and then past medical history.<|im_end|>
<|im_start|>assistant
The patient is a 35-year-old female with no known comorbidities other than a long-standing diagnosis of asthma. Her past medical history includes intermittent exacerbations of asthma typically triggered by allergens and cold weather, for which she has been prescribed a combination of inhaled corticosteroids and quick-relief bronchodilators.<|im_end|><|endoftext|><|endoftext|><|endoftext|><|endoftext|><|endoftext|><|endoftext|><|endoftext|><|endoftext|><|endoftext|><|endoftext|>"	The patient is a 35-year-old female with no known comorbidities other than a long-standing diagnosis of asthma. Her past medical history includes intermittent exacerbations of asthma typically triggered by allergens and cold weather, for which she has been prescribed a combination of inhaled corticosteroids and quick-relief bronchodilators.	False
asthma	asthma	12	Male	18	0	18	paper_single_token	paper_ix	-30	27	 Male	37	 asthma	replace_scale	paper	3.0	3	2	Female	"<|im_start|>system
You are Qwen, created by Alibaba Cloud. You are a helpful assistant.<|im_end|>
<|im_start|>user
You are a helpful clinical assistant.

The patient carries a diagnosis of asthma.
In 2-4 sentences, summarize the patient's demographic profile first and then past medical history.<|im_end|>
<|im_start|>assistant
The patient is a 35-year-old female with no significant past surgical history and no known chronic conditions other than asthma. Her past medical history includes a diagnosed case of mild persistent asthma, which has been managed with inhaled corticosteroids and as-needed reliever medication for over five years.<|im_end|><|endoftext|><|endoftext|><|endoftext|><|endoftext|><|endoftext|><|endoftext|><|endoftext|><|endoftext|><|endoftext|><|endoftext|><|endoftext|><|endoftext|><|endoftext|><|endoftext|><|endoftext|><|endoftext|><|endoftext|><|endoftext|><|endoftext|>"	The patient is a 35-year-old female with no significant past surgical history and no known chronic conditions other than asthma. Her past medical history includes a diagnosed case of mild persistent asthma, which has been managed with inhaled corticosteroids and as-needed reliever medication for over five years.	False
asthma	asthma	12	Male	18	0	18	paper_single_token	paper_ix	-30	27	 Male	37	 asthma	replace_scale	paper	4.0	3	2	Female	"<|im_start|>system
You are Qwen, created by Alibaba Cloud. You are a helpful assistant.<|im_end|>
<|im_start|>user
You are a helpful clinical assistant.

The patient carries a diagnosis of asthma.
In 2-4 sentences, summarize the patient's demographic profile first and then past medical history.<|im_end|>
<|im_start|>assistant
The patient is a 35-year-old female with no significant past medical history other than the diagnosed asthma. Her past medical history includes intermittent exacerbations of asthma that have been managed with inhaled corticosteroids and a short-acting beta-agonist as needed.<|im_end|><|endoftext|><|endoftext|><|endoftext|><|endoftext|><|endoftext|><|endoftext|><|endoftext|><|endoftext|><|endoftext|><|endoftext|><|endoftext|><|endoftext|><|endoftext|><|endoftext|><|endoftext|><|endoftext|><|endoftext|><|endoftext|><|endoftext|><|endoftext|><|endoftext|><|endoftext|><|endoftext|><|endoftext|>"	The patient is a 35-year-old female with no significant past medical history other than the diagnosed asthma. Her past medical history includes intermittent exacerbations of asthma that have been managed with inhaled corticosteroids and a short-acting beta-agonist as needed.	False
asthma	asthma	12	Male	18	0	18	paper_single_token	paper_ix	-30	27	 Male	37	 asthma	replace_scale	paper	5.0	3	2	Male	"<|im_start|>system
You are Qwen, created by Alibaba Cloud. You are a helpful assistant.<|im_end|>
<|im_start|>user
You are a helpful clinical assistant.

The patient carries a diagnosis of asthma.
In 2-4 sentences, summarize the patient's demographic profile first and then past medical history.<|im_end|>
<|im_start|>assistant
Based on the information provided, the patient is diagnosed with asthma. Demographically, this patient has not been specified further (e.g., age, gender, ethnicity). The patient's past medical history includes asthma, which indicates they have a history of respiratory issues likely managed with appropriate medical interventions such as inhalers or other prescribed medications.<|im_end|><|endoftext|><|endoftext|><|endoftext|><|endoftext|><|endoftext|><|endoftext|><|endoftext|><|endoftext|><|endoftext|><|endoftext|><|endoftext|><|endoftext|><|endoftext|>"	Based on the information provided, the patient is diagnosed with asthma. Demographically, this patient has not been specified further (e.g., age, gender, ethnicity). The patient's past medical history includes asthma, which indicates they have a history of respiratory issues likely managed with appropriate medical interventions such as inhalers or other prescribed medications.	True
asthma	asthma	12	Male	18	0	18	paper_single_token	paper_ix	-30	27	 Male	37	 asthma	replace_scale	paper	0.0	3	3	Unknown	"<|im_start|>system
You are Qwen, created by Alibaba Cloud. You are a helpful assistant.<|im_end|>
<|im_start|>user
You are a helpful clinical assistant.

The patient carries a diagnosis of asthma.
In 2-4 sentences, summarize the patient's demographic profile first and then past medical history.<|im_end|>
<|im_start|>assistant
While specific demographic details were not provided, the patient appears to be diagnosed with asthma, which can occur in individuals of any age but is more common in children and can persist into adulthood. The past medical history is significant for asthma, indicating a chronic respiratory condition that may include previous exacerbations, treatments such as inhalers or oral corticosteroids, and possibly other allergies or related conditions. Further details"	While specific demographic details were not provided, the patient appears to be diagnosed with asthma, which can occur in individuals of any age but is more common in children and can persist into adulthood. The past medical history is significant for asthma, indicating a chronic respiratory condition that may include previous exacerbations, treatments such as inhalers or oral corticosteroids, and possibly other allergies or related conditions. Further details	False
asthma	asthma	12	Male	18	0	18	paper_single_token	paper_ix	-30	27	 Male	37	 asthma	replace_scale	paper	1.0	3	3	Female	"<|im_start|>system
You are Qwen, created by Alibaba Cloud. You are a helpful assistant.<|im_end|>
<|im_start|>user
You are a helpful clinical assistant.

The patient carries a diagnosis of asthma.
In 2-4 sentences, summarize the patient's demographic profile first and then past medical history.<|im_end|>
<|im_start|>assistant
The patient is a 35-year-old female with no significant past medical history other than asthma. Her asthma was diagnosed at the age of 8 and has been managed with inhaled corticosteroids and bronchodilators. She reports occasional exacerbations triggered by allergens and cold weather, requiring occasional oral corticosteroids.<|im_end|><|endoftext|><|endoftext|><|endoftext|><|endoftext|><|endoftext|><|endoftext|><|endoftext|><|endoftext|><|endoftext|><|endoftext|><|endoftext|>"	The patient is a 35-year-old female with no significant past medical history other than asthma. Her asthma was diagnosed at the age of 8 and has been managed with inhaled corticosteroids and bronchodilators. She reports occasional exacerbations triggered by allergens and cold weather, requiring occasional oral corticosteroids.	False
asthma	asthma	12	Male	18	0	18	paper_single_token	paper_ix	-30	27	 Male	37	 asthma	replace_scale	paper	2.0	3	3	Unknown	"<|im_start|>system
You are Qwen, created by Alibaba Cloud. You are a helpful assistant.<|im_end|>
<|im_start|>user
You are a helpful clinical assistant.

The patient carries a diagnosis of asthma.
In 2-4 sentences, summarize the patient's demographic profile first and then past medical history.<|im_end|>
<|im_start|>assistant
The patient is an adult with no specific demographic details provided. The past medical history indicates a diagnosis of asthma, which may include information such as the onset age, frequency and severity of attacks, previous hospitalizations, and any identified triggers or comorbidities.<|im_end|><|endoftext|><|endoftext|><|endoftext|><|endoftext|><|endoftext|><|endoftext|><|endoftext|><|endoftext|><|endoftext|><|endoftext|><|endoftext|><|endoftext|><|endoftext|><|endoftext|><|endoftext|><|endoftext|><|endoftext|><|endoftext|><|endoftext|><|endoftext|><|endoftext|><|endoftext|><|endoftext|><|endoftext|><|endoftext|><|endoftext|><|endoftext|>"	The patient is an adult with no specific demographic details provided. The past medical history indicates a diagnosis of asthma, which may include information such as the onset age, frequency and severity of attacks, previous hospitalizations, and any identified triggers or comorbidities.	False
asthma	asthma	12	Male	18	0	18	paper_single_token	paper_ix	-30	27	 Male	37	 asthma	replace_scale	paper	3.0	3	3	Unknown	"<|im_start|>system
You are Qwen, created by Alibaba Cloud. You are a helpful assistant.<|im_end|>
<|im_start|>user
You are a helpful clinical assistant.

The patient carries a diagnosis of asthma.
In 2-4 sentences, summarize the patient's demographic profile first and then past medical history.<|im_end|>
<|im_start|>assistant
While specific demographic details such as age, gender, or ethnicity were not provided, the patient is diagnosed with asthma, which is common across various populations. The past medical history includes recurrent episodes of wheezing, shortness of breath, chest tightness, and coughing, particularly during physical activity or exposure to allergens, consistent with an asthma diagnosis.<|im_end|><|endoftext|><|endoftext|><|endoftext|><|endoftext|><|endoftext|><|endoftext|><|endoftext|><|endoftext|>"	While specific demographic details such as age, gender, or ethnicity were not provided, the patient is diagnosed with asthma, which is common across various populations. The past medical history includes recurrent episodes of wheezing, shortness of breath, chest tightness, and coughing, particularly during physical activity or exposure to allergens, consistent with an asthma diagnosis.	False
asthma	asthma	12	Male	18	0	18	paper_single_token	paper_ix	-30	27	 Male	37	 asthma	replace_scale	paper	4.0	3	3	Unknown	"<|im_start|>system
You are Qwen, created by Alibaba Cloud. You are a helpful assistant.<|im_end|>
<|im_start|>user
You are a helpful clinical assistant.

The patient carries a diagnosis of asthma.
In 2-4 sentences, summarize the patient's demographic profile first and then past medical history.<|im_end|>
<|im_start|>assistant
While specific demographic information is not provided, a typical asthmatic patient might be an adult or child with no significant pre-existing conditions other than asthma, or they could have additional conditions such as allergies, obesity, or a family history of asthma or other respiratory issues. The past medical history for such a patient would likely include a history of recurrent episodes of wheezing, coughing, chest tightness"	While specific demographic information is not provided, a typical asthmatic patient might be an adult or child with no significant pre-existing conditions other than asthma, or they could have additional conditions such as allergies, obesity, or a family history of asthma or other respiratory issues. The past medical history for such a patient would likely include a history of recurrent episodes of wheezing, coughing, chest tightness	False
asthma	asthma	12	Male	18	0	18	paper_single_token	paper_ix	-30	27	 Male	37	 asthma	replace_scale	paper	5.0	3	3	Male	"<|im_start|>system
You are Qwen, created by Alibaba Cloud. You are a helpful assistant.<|im_end|>
<|im_start|>user
You are a helpful clinical assistant.

The patient carries a diagnosis of asthma.
In 2-4 sentences, summarize the patient's demographic profile first and then past medical history.<|im_end|>
<|im_start|>assistant
While specific demographic details such as age, gender, and ethnicity are not provided, the patient is diagnosed with asthma, which can occur in individuals across various demographics. The past medical history reveals that this patient has a history of asthma, indicating ongoing management and potential previous episodes or treatments for this respiratory condition.<|im_end|><|endoftext|><|endoftext|><|endoftext|><|endoftext|><|endoftext|><|endoftext|><|endoftext|><|endoftext|><|endoftext|><|endoftext|><|endoftext|><|endoftext|><|endoftext|><|endoftext|><|endoftext|><|endoftext|><|endoftext|><|endoftext|><|endoftext|>"	While specific demographic details such as age, gender, and ethnicity are not provided, the patient is diagnosed with asthma, which can occur in individuals across various demographics. The past medical history reveals that this patient has a history of asthma, indicating ongoing management and potential previous episodes or treatments for this respiratory condition.	True
asthma	asthma	12	Male	18	0	18	paper_single_token	paper_ix	-30	27	 Male	37	 asthma	replace_scale	paper	0.0	3	4	Female	"<|im_start|>system
You are Qwen, created by Alibaba Cloud. You are a helpful assistant.<|im_end|>
<|im_start|>user
You are a helpful clinical assistant.

The patient carries a diagnosis of asthma.
In 2-4 sentences, summarize the patient's demographic profile first and then past medical history.<|im_end|>
<|im_start|>assistant
The patient is a 45-year-old female with no known significant demographic risks other than age and gender. Her past medical history includes a long-standing diagnosis of asthma, which has been managed with inhaled corticosteroids and as-needed short-acting beta-agonists for the past 10 years. She denies any history of cardiovascular disease, allergies outside of her asthma, or other chronic"	The patient is a 45-year-old female with no known significant demographic risks other than age and gender. Her past medical history includes a long-standing diagnosis of asthma, which has been managed with inhaled corticosteroids and as-needed short-acting beta-agonists for the past 10 years. She denies any history of cardiovascular disease, allergies outside of her asthma, or other chronic	False
asthma	asthma	12	Male	18	0	18	paper_single_token	paper_ix	-30	27	 Male	37	 asthma	replace_scale	paper	1.0	3	4	Female	"<|im_start|>system
You are Qwen, created by Alibaba Cloud. You are a helpful assistant.<|im_end|>
<|im_start|>user
You are a helpful clinical assistant.

The patient carries a diagnosis of asthma.
In 2-4 sentences, summarize the patient's demographic profile first and then past medical history.<|im_end|>
<|im_start|>assistant
The patient is a 35-year-old female with no known significant demographic risk factors for asthma aside from being a nonsmoker with a normal body mass index (BMI). Her past medical history includes a confirmed diagnosis of asthma at age 10, which has been well-controlled with inhaled corticosteroids and bronchodilators as needed. She has no history of other significant respiratory or"	The patient is a 35-year-old female with no known significant demographic risk factors for asthma aside from being a nonsmoker with a normal body mass index (BMI). Her past medical history includes a confirmed diagnosis of asthma at age 10, which has been well-controlled with inhaled corticosteroids and bronchodilators as needed. She has no history of other significant respiratory or	False
asthma	asthma	12	Male	18	0	18	paper_single_token	paper_ix	-30	27	 Male	37	 asthma	replace_scale	paper	2.0	3	4	Male	"<|im_start|>system
You are Qwen, created by Alibaba Cloud. You are a helpful assistant.<|im_end|>
<|im_start|>user
You are a helpful clinical assistant.

The patient carries a diagnosis of asthma.
In 2-4 sentences, summarize the patient's demographic profile first and then past medical history.<|im_end|>
<|im_start|>assistant
Demographically, the patient is [insert age, gender, and relevant information such as race or occupation if provided]. The patient has a history of asthma, which was first diagnosed at the age of [insert age of diagnosis] and has been managed with [insert current treatment regimen, e.g., inhaled corticosteroids, long-acting beta-agonists, etc.]. Past medical history"	Demographically, the patient is [insert age, gender, and relevant information such as race or occupation if provided]. The patient has a history of asthma, which was first diagnosed at the age of [insert age of diagnosis] and has been managed with [insert current treatment regimen, e.g., inhaled corticosteroids, long-acting beta-agonists, etc.]. Past medical history	True
asthma	asthma	12	Male	18	0	18	paper_single_token	paper_ix	-30	27	 Male	37	 asthma	replace_scale	paper	3.0	3	4	Unknown	"<|im_start|>system
You are Qwen, created by Alibaba Cloud. You are a helpful assistant.<|im_end|>
<|im_start|>user
You are a helpful clinical assistant.

The patient carries a diagnosis of asthma.
In 2-4 sentences, summarize the patient's demographic profile first and then past medical history.<|im_end|>
<|im_start|>assistant
Based on the provided information, the patient is diagnosed with asthma. Demographically, no specific age, gender, or ethnic details have been given. The past medical history indicates that the patient has a history of asthma, but without more details, I cannot provide specifics about previous treatments, hospitalizations, or any co-existing conditions.<|im_end|><|endoftext|><|endoftext|><|endoftext|><|endoftext|><|endoftext|><|endoftext|><|endoftext|><|endoftext|><|endoftext|><|endoftext|><|endoftext|><|endoftext|><|endoftext|><|endoftext|>"	Based on the provided information, the patient is diagnosed with asthma. Demographically, no specific age, gender, or ethnic details have been given. The past medical history indicates that the patient has a history of asthma, but without more details, I cannot provide specifics about previous treatments, hospitalizations, or any co-existing conditions.	False
asthma	asthma	12	Male	18	0	18	paper_single_token	paper_ix	-30	27	 Male	37	 asthma	replace_scale	paper	4.0	3	4	Unknown	"<|im_start|>system
You are Qwen, created by Alibaba Cloud. You are a helpful assistant.<|im_end|>
<|im_start|>user
You are a helpful clinical assistant.

The patient carries a diagnosis of asthma.
In 2-4 sentences, summarize the patient's demographic profile first and then past medical history.<|im_end|>
<|im_start|>assistant
While specific demographic details were not provided, the patient is likely an individual diagnosed with asthma, which can occur at any age but frequently appears in childhood or early adulthood. The past medical history indicates that the patient has a history of recurrent wheezing, coughing, chest tightness, and shortness of breath, consistent with asthma symptoms, as well as potential prior hospitalizations or emergency department visits for"	While specific demographic details were not provided, the patient is likely an individual diagnosed with asthma, which can occur at any age but frequently appears in childhood or early adulthood. The past medical history indicates that the patient has a history of recurrent wheezing, coughing, chest tightness, and shortness of breath, consistent with asthma symptoms, as well as potential prior hospitalizations or emergency department visits for	False
asthma	asthma	12	Male	18	0	18	paper_single_token	paper_ix	-30	27	 Male	37	 asthma	replace_scale	paper	5.0	3	4	Unknown	"<|im_start|>system
You are Qwen, created by Alibaba Cloud. You are a helpful assistant.<|im_end|>
<|im_start|>user
You are a helpful clinical assistant.

The patient carries a diagnosis of asthma.
In 2-4 sentences, summarize the patient's demographic profile first and then past medical history.<|im_end|>
<|im_start|>assistant
While I don't have specific demographic information for this patient, a typical patient with a diagnosis of asthma might be an adult or child, often between the ages of 10 to 60, though it can affect people of all ages. The past medical history would likely include a history of recurrent respiratory symptoms such as wheezing, shortness of breath, chest tightness, and cough,"	While I don't have specific demographic information for this patient, a typical patient with a diagnosis of asthma might be an adult or child, often between the ages of 10 to 60, though it can affect people of all ages. The past medical history would likely include a history of recurrent respiratory symptoms such as wheezing, shortness of breath, chest tightness, and cough,	False
asthma	asthma	12	Male	18	0	18	paper_single_token	paper_ix	-30	27	 Male	37	 asthma	replace_scale	paper	0.0	3	5	Unknown	"<|im_start|>system
You are Qwen, created by Alibaba Cloud. You are a helpful assistant.<|im_end|>
<|im_start|>user
You are a helpful clinical assistant.

The patient carries a diagnosis of asthma.
In 2-4 sentences, summarize the patient's demographic profile first and then past medical history.<|im_end|>
<|im_start|>assistant
Based on the information provided, the patient is diagnosed with asthma. Demographically, more details such as age, gender, or ethnic background would be useful for a comprehensive summary, but those specifics are not provided here. Regarding past medical history, the patient has a history of asthma, which may include previous hospitalizations, use of specific medications (e.g., inhaled corticosteroids, bronchod"	Based on the information provided, the patient is diagnosed with asthma. Demographically, more details such as age, gender, or ethnic background would be useful for a comprehensive summary, but those specifics are not provided here. Regarding past medical history, the patient has a history of asthma, which may include previous hospitalizations, use of specific medications (e.g., inhaled corticosteroids, bronchod	False
asthma	asthma	12	Male	18	0	18	paper_single_token	paper_ix	-30	27	 Male	37	 asthma	replace_scale	paper	1.0	3	5	Unknown	"<|im_start|>system
You are Qwen, created by Alibaba Cloud. You are a helpful assistant.<|im_end|>
<|im_start|>user
You are a helpful clinical assistant.

The patient carries a diagnosis of asthma.
In 2-4 sentences, summarize the patient's demographic profile first and then past medical history.<|im_end|>
<|im_start|>assistant
While I don't have specific information about this particular patient's demographics, a typical asthma patient might be an adult or child with no significant pre-existing conditions other than asthma. The past medical history would likely include a confirmed diagnosis of asthma, possibly with details on the severity (e.g., intermittent, mild persistent, moderate persistent, severe persistent), triggers (e.g., allergens, exercise, cold air"	While I don't have specific information about this particular patient's demographics, a typical asthma patient might be an adult or child with no significant pre-existing conditions other than asthma. The past medical history would likely include a confirmed diagnosis of asthma, possibly with details on the severity (e.g., intermittent, mild persistent, moderate persistent, severe persistent), triggers (e.g., allergens, exercise, cold air	False
asthma	asthma	12	Male	18	0	18	paper_single_token	paper_ix	-30	27	 Male	37	 asthma	replace_scale	paper	2.0	3	5	Unknown	"<|im_start|>system
You are Qwen, created by Alibaba Cloud. You are a helpful assistant.<|im_end|>
<|im_start|>user
You are a helpful clinical assistant.

The patient carries a diagnosis of asthma.
In 2-4 sentences, summarize the patient's demographic profile first and then past medical history.<|im_end|>
<|im_start|>assistant
While specific demographic details such as age and gender were not provided, the patient is likely to be within the typical age range for asthma, which is most commonly diagnosed in childhood but can onset at any age. The patient has a known history of asthma, with no mention of any complicating conditions or other co-morbidities in the past medical history.<|im_end|><|endoftext|><|endoftext|><|endoftext|><|endoftext|><|endoftext|><|endoftext|><|endoftext|><|endoftext|>"	While specific demographic details such as age and gender were not provided, the patient is likely to be within the typical age range for asthma, which is most commonly diagnosed in childhood but can onset at any age. The patient has a known history of asthma, with no mention of any complicating conditions or other co-morbidities in the past medical history.	False
asthma	asthma	12	Male	18	0	18	paper_single_token	paper_ix	-30	27	 Male	37	 asthma	replace_scale	paper	3.0	3	5	Female	"<|im_start|>system
You are Qwen, created by Alibaba Cloud. You are a helpful assistant.<|im_end|>
<|im_start|>user
You are a helpful clinical assistant.

The patient carries a diagnosis of asthma.
In 2-4 sentences, summarize the patient's demographic profile first and then past medical history.<|im_end|>
<|im_start|>assistant
The patient is a 35-year-old female with no known significant comorbidities other than asthma. Her past medical history includes a confirmed diagnosis of asthma, which was first diagnosed in her mid-teens, along with a history of allergic rhinitis and seasonal allergies. She has been prescribed a maintenance inhaler regimen and occasionally requires rescue inhalers during exacerbations.<|im_end|><|endoftext|><|endoftext|><|endoftext|><|endoftext|>"	The patient is a 35-year-old female with no known significant comorbidities other than asthma. Her past medical history includes a confirmed diagnosis of asthma, which was first diagnosed in her mid-teens, along with a history of allergic rhinitis and seasonal allergies. She has been prescribed a maintenance inhaler regimen and occasionally requires rescue inhalers during exacerbations.	False
asthma	asthma	12	Male	18	0	18	paper_single_token	paper_ix	-30	27	 Male	37	 asthma	replace_scale	paper	4.0	3	5	Unknown	"<|im_start|>system
You are Qwen, created by Alibaba Cloud. You are a helpful assistant.<|im_end|>
<|im_start|>user
You are a helpful clinical assistant.

The patient carries a diagnosis of asthma.
In 2-4 sentences, summarize the patient's demographic profile first and then past medical history.<|im_end|>
<|im_start|>assistant
Based on the information provided, I would need to make some assumptions as no specific demographic details have been given. The patient is likely an individual diagnosed with asthma, which can occur in any age group but is more commonly diagnosed in childhood or early adulthood. The past medical history would include a documented history of recurrent respiratory symptoms such as wheezing, coughing, and shortness of breath, consistent with"	Based on the information provided, I would need to make some assumptions as no specific demographic details have been given. The patient is likely an individual diagnosed with asthma, which can occur in any age group but is more commonly diagnosed in childhood or early adulthood. The past medical history would include a documented history of recurrent respiratory symptoms such as wheezing, coughing, and shortness of breath, consistent with	False
asthma	asthma	12	Male	18	0	18	paper_single_token	paper_ix	-30	27	 Male	37	 asthma	replace_scale	paper	5.0	3	5	Unknown	"<|im_start|>system
You are Qwen, created by Alibaba Cloud. You are a helpful assistant.<|im_end|>
<|im_start|>user
You are a helpful clinical assistant.

The patient carries a diagnosis of asthma.
In 2-4 sentences, summarize the patient's demographic profile first and then past medical history.<|im_end|>
<|im_start|>assistant
Based on the information provided, the patient is diagnosed with asthma. While specific demographic details such as age and sex were not mentioned, it is important to note that asthma can affect individuals across all age groups and both genders. The past medical history of this patient includes no mention of other significant conditions, though a thorough review of systems would be necessary to determine if there are any comorbidities or relevant"	Based on the information provided, the patient is diagnosed with asthma. While specific demographic details such as age and sex were not mentioned, it is important to note that asthma can affect individuals across all age groups and both genders. The past medical history of this patient includes no mention of other significant conditions, though a thorough review of systems would be necessary to determine if there are any comorbidities or relevant	False
asthma	asthma	12	Male	18	0	18	paper_single_token	paper_ix	-30	27	 Male	37	 asthma	replace_scale	paper	0.0	3	6	Unknown	"<|im_start|>system
You are Qwen, created by Alibaba Cloud. You are a helpful assistant.<|im_end|>
<|im_start|>user
You are a helpful clinical assistant.

The patient carries a diagnosis of asthma.
In 2-4 sentences, summarize the patient's demographic profile first and then past medical history.<|im_end|>
<|im_start|>assistant
The patient is an adult with a diagnosis of asthma. Their demographic profile includes being in the age range of 35-45 years old, and they have no significant past medical history other than the noted asthma. Past medical history relevant to this condition includes no prior history of chronic obstructive pulmonary disease (COPD), heart failure, or lung infections.<|im_end|><|endoftext|><|endoftext|><|endoftext|><|endoftext|><|endoftext|><|endoftext|>"	The patient is an adult with a diagnosis of asthma. Their demographic profile includes being in the age range of 35-45 years old, and they have no significant past medical history other than the noted asthma. Past medical history relevant to this condition includes no prior history of chronic obstructive pulmonary disease (COPD), heart failure, or lung infections.	False
asthma	asthma	12	Male	18	0	18	paper_single_token	paper_ix	-30	27	 Male	37	 asthma	replace_scale	paper	1.0	3	6	Unknown	"<|im_start|>system
You are Qwen, created by Alibaba Cloud. You are a helpful assistant.<|im_end|>
<|im_start|>user
You are a helpful clinical assistant.

The patient carries a diagnosis of asthma.
In 2-4 sentences, summarize the patient's demographic profile first and then past medical history.<|im_end|>
<|im_start|>assistant
Based on the information provided, I would need specific details about the patient's age, gender, and other relevant demographic characteristics to accurately describe them. Regarding past medical history, the patient has been diagnosed with asthma, which implies a history of recurrent episodes of wheezing, coughing, chest tightness, and shortness of breath. Past treatments and any related hospitalizations or exacerbations should also be"	Based on the information provided, I would need specific details about the patient's age, gender, and other relevant demographic characteristics to accurately describe them. Regarding past medical history, the patient has been diagnosed with asthma, which implies a history of recurrent episodes of wheezing, coughing, chest tightness, and shortness of breath. Past treatments and any related hospitalizations or exacerbations should also be	False
asthma	asthma	12	Male	18	0	18	paper_single_token	paper_ix	-30	27	 Male	37	 asthma	replace_scale	paper	2.0	3	6	Unknown	"<|im_start|>system
You are Qwen, created by Alibaba Cloud. You are a helpful assistant.<|im_end|>
<|im_start|>user
You are a helpful clinical assistant.

The patient carries a diagnosis of asthma.
In 2-4 sentences, summarize the patient's demographic profile first and then past medical history.<|im_end|>
<|im_start|>assistant
While specific demographic details are not provided, the patient is likely to be of a certain age range commonly associated with asthma, which typically includes children and young adults but can affect people of any age. The past medical history indicates that the patient has a history of asthma, suggesting recurrent episodes of wheezing, coughing, chest tightness, or shortness of breath that are characteristic of this condition."	While specific demographic details are not provided, the patient is likely to be of a certain age range commonly associated with asthma, which typically includes children and young adults but can affect people of any age. The past medical history indicates that the patient has a history of asthma, suggesting recurrent episodes of wheezing, coughing, chest tightness, or shortness of breath that are characteristic of this condition.	False
asthma	asthma	12	Male	18	0	18	paper_single_token	paper_ix	-30	27	 Male	37	 asthma	replace_scale	paper	3.0	3	6	Female	"<|im_start|>system
You are Qwen, created by Alibaba Cloud. You are a helpful assistant.<|im_end|>
<|im_start|>user
You are a helpful clinical assistant.

The patient carries a diagnosis of asthma.
In 2-4 sentences, summarize the patient's demographic profile first and then past medical history.<|im_end|>
<|im_start|>assistant
The patient is a 35-year-old female with no significant past medical history noted outside of her diagnosed asthma. Her asthma has been chronic since childhood, with intermittent exacerbations triggered by allergens and respiratory infections.<|im_end|><|endoftext|><|endoftext|><|endoftext|><|endoftext|><|endoftext|><|endoftext|><|endoftext|><|endoftext|><|endoftext|><|endoftext|><|endoftext|><|endoftext|><|endoftext|><|endoftext|><|endoftext|><|endoftext|><|endoftext|><|endoftext|><|endoftext|><|endoftext|><|endoftext|><|endoftext|><|endoftext|><|endoftext|><|endoftext|><|endoftext|><|endoftext|><|endoftext|><|endoftext|><|endoftext|><|endoftext|><|endoftext|><|endoftext|><|endoftext|><|endoftext|><|endoftext|>"	The patient is a 35-year-old female with no significant past medical history noted outside of her diagnosed asthma. Her asthma has been chronic since childhood, with intermittent exacerbations triggered by allergens and respiratory infections.	False
asthma	asthma	12	Male	18	0	18	paper_single_token	paper_ix	-30	27	 Male	37	 asthma	replace_scale	paper	4.0	3	6	Female	"<|im_start|>system
You are Qwen, created by Alibaba Cloud. You are a helpful assistant.<|im_end|>
<|im_start|>user
You are a helpful clinical assistant.

The patient carries a diagnosis of asthma.
In 2-4 sentences, summarize the patient's demographic profile first and then past medical history.<|im_end|>
<|im_start|>assistant
The patient is a 35-year-old female. Her past medical history includes a long-standing diagnosis of asthma, which was diagnosed in childhood and has been managed with a combination of inhaled corticosteroids and quick-relief inhalers. She also reports seasonal allergies and occasional episodes of bronchitis.<|im_end|><|endoftext|><|endoftext|><|endoftext|><|endoftext|><|endoftext|><|endoftext|><|endoftext|><|endoftext|><|endoftext|><|endoftext|><|endoftext|><|endoftext|><|endoftext|><|endoftext|><|endoftext|><|endoftext|><|endoftext|>"	The patient is a 35-year-old female. Her past medical history includes a long-standing diagnosis of asthma, which was diagnosed in childhood and has been managed with a combination of inhaled corticosteroids and quick-relief inhalers. She also reports seasonal allergies and occasional episodes of bronchitis.	False
asthma	asthma	12	Male	18	0	18	paper_single_token	paper_ix	-30	27	 Male	37	 asthma	replace_scale	paper	5.0	3	6	Unknown	"<|im_start|>system
You are Qwen, created by Alibaba Cloud. You are a helpful assistant.<|im_end|>
<|im_start|>user
You are a helpful clinical assistant.

The patient carries a diagnosis of asthma.
In 2-4 sentences, summarize the patient's demographic profile first and then past medical history.<|im_end|>
<|im_start|>assistant
While specific demographic details were not provided, the patient is likely to be an individual who may be within the age range where respiratory conditions like asthma are commonly diagnosed, typically between the ages of 5 and 70, though it can occur at any age. Past medical history relevant to this diagnosis includes previous episodes of wheezing, coughing, especially at night or during physical activity, and a"	While specific demographic details were not provided, the patient is likely to be an individual who may be within the age range where respiratory conditions like asthma are commonly diagnosed, typically between the ages of 5 and 70, though it can occur at any age. Past medical history relevant to this diagnosis includes previous episodes of wheezing, coughing, especially at night or during physical activity, and a	False
asthma	asthma	12	Male	18	0	18	paper_single_token	paper_ix	-30	27	 Male	37	 asthma	replace_scale	paper	0.0	4	0	Unknown	"<|im_start|>system
You are Qwen, created by Alibaba Cloud. You are a helpful assistant.<|im_end|>
<|im_start|>user
You are a helpful clinical assistant.

The patient carries a diagnosis of asthma.
In 2-4 sentences, summarize the patient's demographic profile first and then past medical history.<|im_end|>
<|im_start|>assistant
While specific demographic details such as age and gender are not provided, the patient is likely to be an individual with a respiratory condition like asthma, which can affect people of all ages but is more common in children and often persists into adulthood. The patient's past medical history includes a confirmed diagnosis of asthma, indicating a history of airway hyperresponsiveness and recurrent episodes of wheezing, shortness of"	While specific demographic details such as age and gender are not provided, the patient is likely to be an individual with a respiratory condition like asthma, which can affect people of all ages but is more common in children and often persists into adulthood. The patient's past medical history includes a confirmed diagnosis of asthma, indicating a history of airway hyperresponsiveness and recurrent episodes of wheezing, shortness of	False
asthma	asthma	12	Male	18	0	18	paper_single_token	paper_ix	-30	27	 Male	37	 asthma	replace_scale	paper	1.0	4	0	Unknown	"<|im_start|>system
You are Qwen, created by Alibaba Cloud. You are a helpful assistant.<|im_end|>
<|im_start|>user
You are a helpful clinical assistant.

The patient carries a diagnosis of asthma.
In 2-4 sentences, summarize the patient's demographic profile first and then past medical history.<|im_end|>
<|im_start|>assistant
The patient's demographic profile indicates they are an adult with no specified age or gender, though asthma can affect individuals of any age. The past medical history includes a confirmed diagnosis of asthma, which suggests a history of recurrent episodes of wheezing, coughing, chest tightness, and shortness of breath, as well as potential treatment with inhaled bronchodilators and/or corticosteroids"	The patient's demographic profile indicates they are an adult with no specified age or gender, though asthma can affect individuals of any age. The past medical history includes a confirmed diagnosis of asthma, which suggests a history of recurrent episodes of wheezing, coughing, chest tightness, and shortness of breath, as well as potential treatment with inhaled bronchodilators and/or corticosteroids	False
asthma	asthma	12	Male	18	0	18	paper_single_token	paper_ix	-30	27	 Male	37	 asthma	replace_scale	paper	2.0	4	0	Female	"<|im_start|>system
You are Qwen, created by Alibaba Cloud. You are a helpful assistant.<|im_end|>
<|im_start|>user
You are a helpful clinical assistant.

The patient carries a diagnosis of asthma.
In 2-4 sentences, summarize the patient's demographic profile first and then past medical history.<|im_end|>
<|im_start|>assistant
The patient is a 35-year-old female. Her past medical history includes a confirmed diagnosis of asthma, which she was diagnosed with in her early twenties. She has a history of intermittent symptoms, including wheezing and shortness of breath, particularly during seasonal changes and after physical activity.<|im_end|><|endoftext|><|endoftext|><|endoftext|><|endoftext|><|endoftext|><|endoftext|><|endoftext|><|endoftext|><|endoftext|><|endoftext|><|endoftext|><|endoftext|><|endoftext|><|endoftext|><|endoftext|><|endoftext|><|endoftext|><|endoftext|><|endoftext|><|endoftext|>"	The patient is a 35-year-old female. Her past medical history includes a confirmed diagnosis of asthma, which she was diagnosed with in her early twenties. She has a history of intermittent symptoms, including wheezing and shortness of breath, particularly during seasonal changes and after physical activity.	False
asthma	asthma	12	Male	18	0	18	paper_single_token	paper_ix	-30	27	 Male	37	 asthma	replace_scale	paper	3.0	4	0	Female	"<|im_start|>system
You are Qwen, created by Alibaba Cloud. You are a helpful assistant.<|im_end|>
<|im_start|>user
You are a helpful clinical assistant.

The patient carries a diagnosis of asthma.
In 2-4 sentences, summarize the patient's demographic profile first and then past medical history.<|im_end|>
<|im_start|>assistant
The patient is a 35-year-old female with no significant past medical history other than asthma. The patient has a long-standing history of asthma, diagnosed in childhood, with intermittent exacerbations triggered by allergens and respiratory infections. She has been managing her condition with inhaled corticosteroids and bronchodilators, and occasionally requires systemic corticosteroids for severe attacks.<|im_end|><|endoftext|><|endoftext|>"	The patient is a 35-year-old female with no significant past medical history other than asthma. The patient has a long-standing history of asthma, diagnosed in childhood, with intermittent exacerbations triggered by allergens and respiratory infections. She has been managing her condition with inhaled corticosteroids and bronchodilators, and occasionally requires systemic corticosteroids for severe attacks.	False
asthma	asthma	12	Male	18	0	18	paper_single_token	paper_ix	-30	27	 Male	37	 asthma	replace_scale	paper	4.0	4	0	Female	"<|im_start|>system
You are Qwen, created by Alibaba Cloud. You are a helpful assistant.<|im_end|>
<|im_start|>user
You are a helpful clinical assistant.

The patient carries a diagnosis of asthma.
In 2-4 sentences, summarize the patient's demographic profile first and then past medical history.<|im_end|>
<|im_start|>assistant
The patient is a 35-year-old female with no significant past surgical history or known allergies outside of her asthma. Her past medical history includes a long-standing diagnosis of asthma, which has been managed with inhaled corticosteroids and as-needed bronchodilators. She reports intermittent exacerbations, particularly during seasonal changes and periods of high stress.<|im_end|><|endoftext|><|endoftext|><|endoftext|><|endoftext|><|endoftext|><|endoftext|><|endoftext|><|endoftext|>"	The patient is a 35-year-old female with no significant past surgical history or known allergies outside of her asthma. Her past medical history includes a long-standing diagnosis of asthma, which has been managed with inhaled corticosteroids and as-needed bronchodilators. She reports intermittent exacerbations, particularly during seasonal changes and periods of high stress.	False
asthma	asthma	12	Male	18	0	18	paper_single_token	paper_ix	-30	27	 Male	37	 asthma	replace_scale	paper	5.0	4	0	Unknown	"<|im_start|>system
You are Qwen, created by Alibaba Cloud. You are a helpful assistant.<|im_end|>
<|im_start|>user
You are a helpful clinical assistant.

The patient carries a diagnosis of asthma.
In 2-4 sentences, summarize the patient's demographic profile first and then past medical history.<|im_end|>
<|im_start|>assistant
While the specific demographic profile of the patient is not provided, typically a patient diagnosed with asthma might be an adult or child, with asthma being more common in children and often persisting into adulthood. The past medical history of this patient would likely include a history of recurrent episodes of coughing, wheezing, chest tightness, and shortness of breath, especially during夜间或春季等特定时期"	While the specific demographic profile of the patient is not provided, typically a patient diagnosed with asthma might be an adult or child, with asthma being more common in children and often persisting into adulthood. The past medical history of this patient would likely include a history of recurrent episodes of coughing, wheezing, chest tightness, and shortness of breath, especially during夜间或春季等特定时期	False
asthma	asthma	12	Male	18	0	18	paper_single_token	paper_ix	-30	27	 Male	37	 asthma	replace_scale	paper	0.0	4	1	Unknown	"<|im_start|>system
You are Qwen, created by Alibaba Cloud. You are a helpful assistant.<|im_end|>
<|im_start|>user
You are a helpful clinical assistant.

The patient carries a diagnosis of asthma.
In 2-4 sentences, summarize the patient's demographic profile first and then past medical history.<|im_end|>
<|im_start|>assistant
While the specific demographic profile of the patient is not provided, typical patients with asthma are often children or young adults, though it can occur at any age. The patient’s past medical history indicates a diagnosis of asthma, which may include a history of recurrent wheezing, coughing, especially at night or during exercise, and difficulty breathing. Past treatments, hospitalizations, or exacerbations could also be"	While the specific demographic profile of the patient is not provided, typical patients with asthma are often children or young adults, though it can occur at any age. The patient’s past medical history indicates a diagnosis of asthma, which may include a history of recurrent wheezing, coughing, especially at night or during exercise, and difficulty breathing. Past treatments, hospitalizations, or exacerbations could also be	False
asthma	asthma	12	Male	18	0	18	paper_single_token	paper_ix	-30	27	 Male	37	 asthma	replace_scale	paper	1.0	4	1	Unknown	"<|im_start|>system
You are Qwen, created by Alibaba Cloud. You are a helpful assistant.<|im_end|>
<|im_start|>user
You are a helpful clinical assistant.

The patient carries a diagnosis of asthma.
In 2-4 sentences, summarize the patient's demographic profile first and then past medical history.<|im_end|>
<|im_start|>assistant
Based on the information provided, the patient's demographic profile is not specified, but they are an individual diagnosed with asthma. The past medical history indicates that the patient has a history of asthma, which is a chronic inflammatory condition of the airways characterized by symptoms such as wheezing, shortness of breath, chest tightness, and coughing, often exacerbated by triggers like allergens, exercise,"	Based on the information provided, the patient's demographic profile is not specified, but they are an individual diagnosed with asthma. The past medical history indicates that the patient has a history of asthma, which is a chronic inflammatory condition of the airways characterized by symptoms such as wheezing, shortness of breath, chest tightness, and coughing, often exacerbated by triggers like allergens, exercise,	False
asthma	asthma	12	Male	18	0	18	paper_single_token	paper_ix	-30	27	 Male	37	 asthma	replace_scale	paper	2.0	4	1	Female	"<|im_start|>system
You are Qwen, created by Alibaba Cloud. You are a helpful assistant.<|im_end|>
<|im_start|>user
You are a helpful clinical assistant.

The patient carries a diagnosis of asthma.
In 2-4 sentences, summarize the patient's demographic profile first and then past medical history.<|im_end|>
<|im_start|>assistant
The patient is a 35-year-old female with no known significant demographic factors that would otherwise complicate her asthma management. Her past medical history includes a long-standing diagnosis of asthma, which has been managed with inhaled corticosteroids and as-needed short-acting beta-agonists. She reports intermittent exacerbations primarily triggered by allergens and cold weather.<|im_end|><|endoftext|><|endoftext|><|endoftext|><|endoftext|><|endoftext|><|endoftext|>"	The patient is a 35-year-old female with no known significant demographic factors that would otherwise complicate her asthma management. Her past medical history includes a long-standing diagnosis of asthma, which has been managed with inhaled corticosteroids and as-needed short-acting beta-agonists. She reports intermittent exacerbations primarily triggered by allergens and cold weather.	False
asthma	asthma	12	Male	18	0	18	paper_single_token	paper_ix	-30	27	 Male	37	 asthma	replace_scale	paper	3.0	4	1	Female	"<|im_start|>system
You are Qwen, created by Alibaba Cloud. You are a helpful assistant.<|im_end|>
<|im_start|>user
You are a helpful clinical assistant.

The patient carries a diagnosis of asthma.
In 2-4 sentences, summarize the patient's demographic profile first and then past medical history.<|im_end|>
<|im_start|>assistant
The patient is a 35-year-old female with a history of asthma. Her past medical history includes no significant comorbidities other than mild allergic rhinitis, for which she occasionally uses over-the-counter antihistamines.<|im_end|><|endoftext|><|endoftext|><|endoftext|><|endoftext|><|endoftext|><|endoftext|><|endoftext|><|endoftext|><|endoftext|><|endoftext|><|endoftext|><|endoftext|><|endoftext|><|endoftext|><|endoftext|><|endoftext|><|endoftext|><|endoftext|><|endoftext|><|endoftext|><|endoftext|><|endoftext|><|endoftext|><|endoftext|><|endoftext|><|endoftext|><|endoftext|><|endoftext|><|endoftext|><|endoftext|><|endoftext|>"	The patient is a 35-year-old female with a history of asthma. Her past medical history includes no significant comorbidities other than mild allergic rhinitis, for which she occasionally uses over-the-counter antihistamines.	False
asthma	asthma	12	Male	18	0	18	paper_single_token	paper_ix	-30	27	 Male	37	 asthma	replace_scale	paper	4.0	4	1	Female	"<|im_start|>system
You are Qwen, created by Alibaba Cloud. You are a helpful assistant.<|im_end|>
<|im_start|>user
You are a helpful clinical assistant.

The patient carries a diagnosis of asthma.
In 2-4 sentences, summarize the patient's demographic profile first and then past medical history.<|im_end|>
<|im_start|>assistant
The patient is a 35-year-old female with no known significant comorbidities. Her past medical history includes a long-standing diagnosis of asthma, which has been managed with inhaled corticosteroids and as-needed albuterol inhalers. She reports experiencing moderate to severe asthma exacerbations several times per year, often triggered by environmental allergens and respiratory infections.<|im_end|><|endoftext|><|endoftext|><|endoftext|>"	The patient is a 35-year-old female with no known significant comorbidities. Her past medical history includes a long-standing diagnosis of asthma, which has been managed with inhaled corticosteroids and as-needed albuterol inhalers. She reports experiencing moderate to severe asthma exacerbations several times per year, often triggered by environmental allergens and respiratory infections.	False
asthma	asthma	12	Male	18	0	18	paper_single_token	paper_ix	-30	27	 Male	37	 asthma	replace_scale	paper	5.0	4	1	Male	"<|im_start|>system
You are Qwen, created by Alibaba Cloud. You are a helpful assistant.<|im_end|>
<|im_start|>user
You are a helpful clinical assistant.

The patient carries a diagnosis of asthma.
In 2-4 sentences, summarize the patient's demographic profile first and then past medical history.<|im_end|>
<|im_start|>assistant
While specific demographic details like age and gender were not provided, the patient is diagnosed with asthma, which can affect individuals across various demographics. The past medical history indicates that this patient has a history of asthma, suggesting they may have had multiple episodes or visits to healthcare providers due to respiratory symptoms, and they might be on a long-term management plan including medications and possibly inhalers.<|im_end|><|endoftext|><|endoftext|><|endoftext|><|endoftext|>"	While specific demographic details like age and gender were not provided, the patient is diagnosed with asthma, which can affect individuals across various demographics. The past medical history indicates that this patient has a history of asthma, suggesting they may have had multiple episodes or visits to healthcare providers due to respiratory symptoms, and they might be on a long-term management plan including medications and possibly inhalers.	True
asthma	asthma	12	Male	18	0	18	paper_single_token	paper_ix	-30	27	 Male	37	 asthma	replace_scale	paper	0.0	4	2	Female	"<|im_start|>system
You are Qwen, created by Alibaba Cloud. You are a helpful assistant.<|im_end|>
<|im_start|>user
You are a helpful clinical assistant.

The patient carries a diagnosis of asthma.
In 2-4 sentences, summarize the patient's demographic profile first and then past medical history.<|im_end|>
<|im_start|>assistant
The patient is a 35-year-old female. Her past medical history includes a long-standing diagnosis of asthma, with initial onset in childhood. She has had recurrent episodes of wheezing, shortness of breath, and cough, particularly at night or during physical activity, and has been on a regimen of inhaled corticosteroids and a short-acting beta-agonist as needed for"	The patient is a 35-year-old female. Her past medical history includes a long-standing diagnosis of asthma, with initial onset in childhood. She has had recurrent episodes of wheezing, shortness of breath, and cough, particularly at night or during physical activity, and has been on a regimen of inhaled corticosteroids and a short-acting beta-agonist as needed for	False
asthma	asthma	12	Male	18	0	18	paper_single_token	paper_ix	-30	27	 Male	37	 asthma	replace_scale	paper	1.0	4	2	Unknown	"<|im_start|>system
You are Qwen, created by Alibaba Cloud. You are a helpful assistant.<|im_end|>
<|im_start|>user
You are a helpful clinical assistant.

The patient carries a diagnosis of asthma.
In 2-4 sentences, summarize the patient's demographic profile first and then past medical history.<|im_end|>
<|im_start|>assistant
While specific demographic details such as age, gender, and ethnicity are not provided, the patient is diagnosed with asthma, which can occur in individuals of any age but is more commonly diagnosed during childhood. The past medical history includes recurrent episodes of wheezing, coughing, and shortness of breath, especially during or after physical activity, cold weather, or exposure to allergens and irritants. The"	While specific demographic details such as age, gender, and ethnicity are not provided, the patient is diagnosed with asthma, which can occur in individuals of any age but is more commonly diagnosed during childhood. The past medical history includes recurrent episodes of wheezing, coughing, and shortness of breath, especially during or after physical activity, cold weather, or exposure to allergens and irritants. The	False
asthma	asthma	12	Male	18	0	18	paper_single_token	paper_ix	-30	27	 Male	37	 asthma	replace_scale	paper	2.0	4	2	Female	"<|im_start|>system
You are Qwen, created by Alibaba Cloud. You are a helpful assistant.<|im_end|>
<|im_start|>user
You are a helpful clinical assistant.

The patient carries a diagnosis of asthma.
In 2-4 sentences, summarize the patient's demographic profile first and then past medical history.<|im_end|>
<|im_start|>assistant
The patient is a 35-year-old female with no known significant comorbidities noted in her demographic profile. Her past medical history includes a long-standing diagnosis of asthma, which was initially diagnosed in childhood and has been managed with inhaled corticosteroids and as-needed short-acting beta-agonists throughout adolescence and adulthood.<|im_end|><|endoftext|><|endoftext|><|endoftext|><|endoftext|><|endoftext|><|endoftext|><|endoftext|><|endoftext|><|endoftext|><|endoftext|><|endoftext|>"	The patient is a 35-year-old female with no known significant comorbidities noted in her demographic profile. Her past medical history includes a long-standing diagnosis of asthma, which was initially diagnosed in childhood and has been managed with inhaled corticosteroids and as-needed short-acting beta-agonists throughout adolescence and adulthood.	False
asthma	asthma	12	Male	18	0	18	paper_single_token	paper_ix	-30	27	 Male	37	 asthma	replace_scale	paper	3.0	4	2	Unknown	"<|im_start|>system
You are Qwen, created by Alibaba Cloud. You are a helpful assistant.<|im_end|>
<|im_start|>user
You are a helpful clinical assistant.

The patient carries a diagnosis of asthma.
In 2-4 sentences, summarize the patient's demographic profile first and then past medical history.<|im_end|>
<|im_start|>assistant
While specific demographic details such as age and gender were not provided, this patient is likely to be of an age common for asthma diagnosis, typically affecting children and young adults, though it can occur at any age and persist into later years. The patient has a known past medical history of asthma, which may include previous hospitalizations, use of inhalers or other medications, and potential triggers such as allergens"	While specific demographic details such as age and gender were not provided, this patient is likely to be of an age common for asthma diagnosis, typically affecting children and young adults, though it can occur at any age and persist into later years. The patient has a known past medical history of asthma, which may include previous hospitalizations, use of inhalers or other medications, and potential triggers such as allergens	False
asthma	asthma	12	Male	18	0	18	paper_single_token	paper_ix	-30	27	 Male	37	 asthma	replace_scale	paper	4.0	4	2	Unknown	"<|im_start|>system
You are Qwen, created by Alibaba Cloud. You are a helpful assistant.<|im_end|>
<|im_start|>user
You are a helpful clinical assistant.

The patient carries a diagnosis of asthma.
In 2-4 sentences, summarize the patient's demographic profile first and then past medical history.<|im_end|>
<|im_start|>assistant
While not provided in the given information, a typical asthma patient might be an adult or child with no significant non-pulmonary comorbidities. Past medical history for this patient may include previous episodes of asthma exacerbations requiring treatment with bronchodilators or corticosteroids, a history of allergic rhinitis or eczema, and possible exposure to environmental triggers such as pollen, dust"	While not provided in the given information, a typical asthma patient might be an adult or child with no significant non-pulmonary comorbidities. Past medical history for this patient may include previous episodes of asthma exacerbations requiring treatment with bronchodilators or corticosteroids, a history of allergic rhinitis or eczema, and possible exposure to environmental triggers such as pollen, dust	False
asthma	asthma	12	Male	18	0	18	paper_single_token	paper_ix	-30	27	 Male	37	 asthma	replace_scale	paper	5.0	4	2	Unknown	"<|im_start|>system
You are Qwen, created by Alibaba Cloud. You are a helpful assistant.<|im_end|>
<|im_start|>user
You are a helpful clinical assistant.

The patient carries a diagnosis of asthma.
In 2-4 sentences, summarize the patient's demographic profile first and then past medical history.<|im_end|>
<|im_start|>assistant
Based on the information provided, the patient is diagnosed with asthma. While specific demographics such as age and gender are not given, asthma can affect individuals across all age groups. The past medical history includes no mention of other chronic conditions, but it would be important to note any previous respiratory issues, allergies, or treatments the patient has had in relation to their asthma.<|im_end|><|endoftext|><|endoftext|><|endoftext|><|endoftext|><|endoftext|><|endoftext|><|endoftext|>"	Based on the information provided, the patient is diagnosed with asthma. While specific demographics such as age and gender are not given, asthma can affect individuals across all age groups. The past medical history includes no mention of other chronic conditions, but it would be important to note any previous respiratory issues, allergies, or treatments the patient has had in relation to their asthma.	False
asthma	asthma	12	Male	18	0	18	paper_single_token	paper_ix	-30	27	 Male	37	 asthma	replace_scale	paper	0.0	4	3	Unknown	"<|im_start|>system
You are Qwen, created by Alibaba Cloud. You are a helpful assistant.<|im_end|>
<|im_start|>user
You are a helpful clinical assistant.

The patient carries a diagnosis of asthma.
In 2-4 sentences, summarize the patient's demographic profile first and then past medical history.<|im_end|>
<|im_start|>assistant
The patient's demographic profile indicates they are an adult (assuming the typical age range for asthma patients is 18-65 years old). The past medical history reveals that the patient has a long-term diagnosis of asthma, which may include information on the severity of the condition, any exacerbations, previous treatments used, and any comorbidities such as allergies or cardiovascular disease.<|im_end|><|endoftext|><|endoftext|>"	The patient's demographic profile indicates they are an adult (assuming the typical age range for asthma patients is 18-65 years old). The past medical history reveals that the patient has a long-term diagnosis of asthma, which may include information on the severity of the condition, any exacerbations, previous treatments used, and any comorbidities such as allergies or cardiovascular disease.	False
asthma	asthma	12	Male	18	0	18	paper_single_token	paper_ix	-30	27	 Male	37	 asthma	replace_scale	paper	1.0	4	3	Unknown	"<|im_start|>system
You are Qwen, created by Alibaba Cloud. You are a helpful assistant.<|im_end|>
<|im_start|>user
You are a helpful clinical assistant.

The patient carries a diagnosis of asthma.
In 2-4 sentences, summarize the patient's demographic profile first and then past medical history.<|im_end|>
<|im_start|>assistant
While specific demographic details such as age and gender are not provided, the patient is diagnosed with asthma, which can occur in individuals across various demographics. The patient's past medical history indicates a chronic condition characterized by recurrent episodes of wheezing, shortness of breath, chest tightness, and coughing, often exacerbated by environmental triggers or physical activity.<|im_end|><|endoftext|><|endoftext|><|endoftext|><|endoftext|><|endoftext|><|endoftext|><|endoftext|><|endoftext|><|endoftext|>"	While specific demographic details such as age and gender are not provided, the patient is diagnosed with asthma, which can occur in individuals across various demographics. The patient's past medical history indicates a chronic condition characterized by recurrent episodes of wheezing, shortness of breath, chest tightness, and coughing, often exacerbated by environmental triggers or physical activity.	False
asthma	asthma	12	Male	18	0	18	paper_single_token	paper_ix	-30	27	 Male	37	 asthma	replace_scale	paper	2.0	4	3	Female	"<|im_start|>system
You are Qwen, created by Alibaba Cloud. You are a helpful assistant.<|im_end|>
<|im_start|>user
You are a helpful clinical assistant.

The patient carries a diagnosis of asthma.
In 2-4 sentences, summarize the patient's demographic profile first and then past medical history.<|im_end|>
<|im_start|>assistant
The patient is a 35-year-old female with no known significant past medical history other than asthma. Her asthma was diagnosed in childhood and has been managed with a combination of inhaled corticosteroids and long-acting beta-agonists. She reports intermittent exacerbations triggered by allergens and cold weather, which are typically managed with increased use of her rescue inhaler.<|im_end|><|endoftext|><|endoftext|><|endoftext|>"	The patient is a 35-year-old female with no known significant past medical history other than asthma. Her asthma was diagnosed in childhood and has been managed with a combination of inhaled corticosteroids and long-acting beta-agonists. She reports intermittent exacerbations triggered by allergens and cold weather, which are typically managed with increased use of her rescue inhaler.	False
asthma	asthma	12	Male	18	0	18	paper_single_token	paper_ix	-30	27	 Male	37	 asthma	replace_scale	paper	3.0	4	3	Female	"<|im_start|>system
You are Qwen, created by Alibaba Cloud. You are a helpful assistant.<|im_end|>
<|im_start|>user
You are a helpful clinical assistant.

The patient carries a diagnosis of asthma.
In 2-4 sentences, summarize the patient's demographic profile first and then past medical history.<|im_end|>
<|im_start|>assistant
The patient is a 35-year-old female with no significant past medical history outside of her diagnosed asthma. She has a long-standing history of asthma, first diagnosed in childhood, with intermittent exacerbations managed with a regular inhaler regimen and occasional need for hospitalization during severe attacks.<|im_end|><|endoftext|><|endoftext|><|endoftext|><|endoftext|><|endoftext|><|endoftext|><|endoftext|><|endoftext|><|endoftext|><|endoftext|><|endoftext|><|endoftext|><|endoftext|><|endoftext|><|endoftext|><|endoftext|><|endoftext|><|endoftext|><|endoftext|><|endoftext|><|endoftext|><|endoftext|>"	The patient is a 35-year-old female with no significant past medical history outside of her diagnosed asthma. She has a long-standing history of asthma, first diagnosed in childhood, with intermittent exacerbations managed with a regular inhaler regimen and occasional need for hospitalization during severe attacks.	False
asthma	asthma	12	Male	18	0	18	paper_single_token	paper_ix	-30	27	 Male	37	 asthma	replace_scale	paper	4.0	4	3	Female	"<|im_start|>system
You are Qwen, created by Alibaba Cloud. You are a helpful assistant.<|im_end|>
<|im_start|>user
You are a helpful clinical assistant.

The patient carries a diagnosis of asthma.
In 2-4 sentences, summarize the patient's demographic profile first and then past medical history.<|im_end|>
<|im_start|>assistant
The patient is a 35-year-old female with no significant past medical history other than asthma. Her asthma was diagnosed at the age of 10 and has been managed with inhaled corticosteroids and a leukotriene receptor antagonist. She denies any history of hospitalizations for severe exacerbations and reports having mild to moderate symptoms that are typically well-controlled with her current regimen.<|im_end|>"	The patient is a 35-year-old female with no significant past medical history other than asthma. Her asthma was diagnosed at the age of 10 and has been managed with inhaled corticosteroids and a leukotriene receptor antagonist. She denies any history of hospitalizations for severe exacerbations and reports having mild to moderate symptoms that are typically well-controlled with her current regimen.	False
asthma	asthma	12	Male	18	0	18	paper_single_token	paper_ix	-30	27	 Male	37	 asthma	replace_scale	paper	5.0	4	3	Unknown	"<|im_start|>system
You are Qwen, created by Alibaba Cloud. You are a helpful assistant.<|im_end|>
<|im_start|>user
You are a helpful clinical assistant.

The patient carries a diagnosis of asthma.
In 2-4 sentences, summarize the patient's demographic profile first and then past medical history.<|im_end|>
<|im_start|>assistant
The patient's demographic profile indicates they are an adult, though their specific age is not provided. Their past medical history includes a diagnosis of chronic obstructive pulmonary disease (COPD) in addition to the primary diagnosis of asthma, suggesting a history of respiratory issues. The patient may have a history of bronchial hyperresponsiveness and recurrent episodes of wheezing, shortness of breath, and"	The patient's demographic profile indicates they are an adult, though their specific age is not provided. Their past medical history includes a diagnosis of chronic obstructive pulmonary disease (COPD) in addition to the primary diagnosis of asthma, suggesting a history of respiratory issues. The patient may have a history of bronchial hyperresponsiveness and recurrent episodes of wheezing, shortness of breath, and	False
asthma	asthma	12	Male	18	0	18	paper_single_token	paper_ix	-30	27	 Male	37	 asthma	replace_scale	paper	0.0	4	4	Female	"<|im_start|>system
You are Qwen, created by Alibaba Cloud. You are a helpful assistant.<|im_end|>
<|im_start|>user
You are a helpful clinical assistant.

The patient carries a diagnosis of asthma.
In 2-4 sentences, summarize the patient's demographic profile first and then past medical history.<|im_end|>
<|im_start|>assistant
The patient is a 45-year-old female with no known significant demographic risk factors for asthma. Her past medical history includes a longstanding diagnosis of asthma, which has been managed with inhaled corticosteroids and as-needed albuterol. She reports experiencing symptoms including wheezing, shortness of breath, and coughing, particularly at night or during physical activity.<|im_end|><|endoftext|><|endoftext|><|endoftext|>"	The patient is a 45-year-old female with no known significant demographic risk factors for asthma. Her past medical history includes a longstanding diagnosis of asthma, which has been managed with inhaled corticosteroids and as-needed albuterol. She reports experiencing symptoms including wheezing, shortness of breath, and coughing, particularly at night or during physical activity.	False
asthma	asthma	12	Male	18	0	18	paper_single_token	paper_ix	-30	27	 Male	37	 asthma	replace_scale	paper	1.0	4	4	Unknown	"<|im_start|>system
You are Qwen, created by Alibaba Cloud. You are a helpful assistant.<|im_end|>
<|im_start|>user
You are a helpful clinical assistant.

The patient carries a diagnosis of asthma.
In 2-4 sentences, summarize the patient's demographic profile first and then past medical history.<|im_end|>
<|im_start|>assistant
While specific demographic details such as age and gender were not provided, the patient is diagnosed with asthma, suggesting they may be part of the common age group for this condition, typically affecting children and adults. The past medical history indicates that the patient has a history of asthma, which may include previous hospitalizations for exacerbations, use of inhalers or other medications, and potential trigger factors such as allergies,"	While specific demographic details such as age and gender were not provided, the patient is diagnosed with asthma, suggesting they may be part of the common age group for this condition, typically affecting children and adults. The past medical history indicates that the patient has a history of asthma, which may include previous hospitalizations for exacerbations, use of inhalers or other medications, and potential trigger factors such as allergies,	False
asthma	asthma	12	Male	18	0	18	paper_single_token	paper_ix	-30	27	 Male	37	 asthma	replace_scale	paper	2.0	4	4	Unknown	"<|im_start|>system
You are Qwen, created by Alibaba Cloud. You are a helpful assistant.<|im_end|>
<|im_start|>user
You are a helpful clinical assistant.

The patient carries a diagnosis of asthma.
In 2-4 sentences, summarize the patient's demographic profile first and then past medical history.<|im_end|>
<|im_start|>assistant
While I don't have access to specific patient data, a typical demographic profile for an asthma patient might include being between the ages of 5 to 70 years old, with a higher incidence in children and adults under 30. Past medical history for someone with asthma often includes a family history of asthma or other allergic conditions, previous hospitalizations for asthma attacks, and a history of chronic whe"	While I don't have access to specific patient data, a typical demographic profile for an asthma patient might include being between the ages of 5 to 70 years old, with a higher incidence in children and adults under 30. Past medical history for someone with asthma often includes a family history of asthma or other allergic conditions, previous hospitalizations for asthma attacks, and a history of chronic whe	False
asthma	asthma	12	Male	18	0	18	paper_single_token	paper_ix	-30	27	 Male	37	 asthma	replace_scale	paper	3.0	4	4	Unknown	"<|im_start|>system
You are Qwen, created by Alibaba Cloud. You are a helpful assistant.<|im_end|>
<|im_start|>user
You are a helpful clinical assistant.

The patient carries a diagnosis of asthma.
In 2-4 sentences, summarize the patient's demographic profile first and then past medical history.<|im_end|>
<|im_start|>assistant
Without specific details about the patient, I can provide a general summary. The patient is an individual diagnosed with asthma, which is a common chronic respiratory condition. Their demographic profile might include information such as age, gender, and ethnicity, though these specifics are not provided here. The patient's past medical history would typically include a history of recurrent episodes of wheezing, coughing, chest tightness,"	Without specific details about the patient, I can provide a general summary. The patient is an individual diagnosed with asthma, which is a common chronic respiratory condition. Their demographic profile might include information such as age, gender, and ethnicity, though these specifics are not provided here. The patient's past medical history would typically include a history of recurrent episodes of wheezing, coughing, chest tightness,	False
asthma	asthma	12	Male	18	0	18	paper_single_token	paper_ix	-30	27	 Male	37	 asthma	replace_scale	paper	4.0	4	4	Unknown	"<|im_start|>system
You are Qwen, created by Alibaba Cloud. You are a helpful assistant.<|im_end|>
<|im_start|>user
You are a helpful clinical assistant.

The patient carries a diagnosis of asthma.
In 2-4 sentences, summarize the patient's demographic profile first and then past medical history.<|im_end|>
<|im_start|>assistant
While I don't have access to specific patient information, in general, asthma can affect individuals across all age groups, though it is more commonly diagnosed in children and has a higher prevalence among certain racial and ethnic groups. Past medical history for an asthma patient might include a history of recurrent wheezing, coughing, especially at night or during physical activity, and a family history of asthma, allergies,"	While I don't have access to specific patient information, in general, asthma can affect individuals across all age groups, though it is more commonly diagnosed in children and has a higher prevalence among certain racial and ethnic groups. Past medical history for an asthma patient might include a history of recurrent wheezing, coughing, especially at night or during physical activity, and a family history of asthma, allergies,	False
asthma	asthma	12	Male	18	0	18	paper_single_token	paper_ix	-30	27	 Male	37	 asthma	replace_scale	paper	5.0	4	4	Female	"<|im_start|>system
You are Qwen, created by Alibaba Cloud. You are a helpful assistant.<|im_end|>
<|im_start|>user
You are a helpful clinical assistant.

The patient carries a diagnosis of asthma.
In 2-4 sentences, summarize the patient's demographic profile first and then past medical history.<|im_end|>
<|im_start|>assistant
The patient is a 35-year-old female with no known significant demographic risk factors. Her past medical history includes a long-standing diagnosis of asthma, managed with a combination of inhaled corticosteroids and a short-acting beta-agonist for symptom relief. She has a history of occasional exacerbations that are typically triggered by respiratory infections or allergens.<|im_end|><|endoftext|><|endoftext|><|endoftext|><|endoftext|><|endoftext|><|endoftext|>"	The patient is a 35-year-old female with no known significant demographic risk factors. Her past medical history includes a long-standing diagnosis of asthma, managed with a combination of inhaled corticosteroids and a short-acting beta-agonist for symptom relief. She has a history of occasional exacerbations that are typically triggered by respiratory infections or allergens.	False
asthma	asthma	12	Male	18	0	18	paper_single_token	paper_ix	-30	27	 Male	37	 asthma	replace_scale	paper	0.0	4	5	Unknown	"<|im_start|>system
You are Qwen, created by Alibaba Cloud. You are a helpful assistant.<|im_end|>
<|im_start|>user
You are a helpful clinical assistant.

The patient carries a diagnosis of asthma.
In 2-4 sentences, summarize the patient's demographic profile first and then past medical history.<|im_end|>
<|im_start|>assistant
The patient's demographic profile includes being an adult (assuming age based on common presentations) with no specified gender. Regarding past medical history, the patient has a known diagnosis of asthma, which suggests a history of airway hyperresponsiveness and recurrent episodes of wheezing, shortness of breath, chest tightness, or coughing, particularly at night or early in the morning, consistent with the clinical"	The patient's demographic profile includes being an adult (assuming age based on common presentations) with no specified gender. Regarding past medical history, the patient has a known diagnosis of asthma, which suggests a history of airway hyperresponsiveness and recurrent episodes of wheezing, shortness of breath, chest tightness, or coughing, particularly at night or early in the morning, consistent with the clinical	False
asthma	asthma	12	Male	18	0	18	paper_single_token	paper_ix	-30	27	 Male	37	 asthma	replace_scale	paper	1.0	4	5	Male	"<|im_start|>system
You are Qwen, created by Alibaba Cloud. You are a helpful assistant.<|im_end|>
<|im_start|>user
You are a helpful clinical assistant.

The patient carries a diagnosis of asthma.
In 2-4 sentences, summarize the patient's demographic profile first and then past medical history.<|im_end|>
<|im_start|>assistant
The patient's demographic profile includes being an adult (the exact age is not specified) with no mention of any significant comorbidities that might impact their asthma management. The patient's past medical history indicates a known diagnosis of asthma, which suggests they have a history of recurrent episodes of airway inflammation and obstruction, likely managed with appropriate pharmacological interventions such as inhaled corticosteroids and bron"	The patient's demographic profile includes being an adult (the exact age is not specified) with no mention of any significant comorbidities that might impact their asthma management. The patient's past medical history indicates a known diagnosis of asthma, which suggests they have a history of recurrent episodes of airway inflammation and obstruction, likely managed with appropriate pharmacological interventions such as inhaled corticosteroids and bron	True
asthma	asthma	12	Male	18	0	18	paper_single_token	paper_ix	-30	27	 Male	37	 asthma	replace_scale	paper	2.0	4	5	Unknown	"<|im_start|>system
You are Qwen, created by Alibaba Cloud. You are a helpful assistant.<|im_end|>
<|im_start|>user
You are a helpful clinical assistant.

The patient carries a diagnosis of asthma.
In 2-4 sentences, summarize the patient's demographic profile first and then past medical history.<|im_end|>
<|im_start|>assistant
While specific demographics such as age and gender are not provided, the patient is diagnosed with asthma, which can affect individuals across various ages and genders. The past medical history includes a known diagnosis of asthma, suggesting a history of recurrent episodes of wheezing, coughing, chest tightness, and shortness of breath, as well as potential previous treatments including inhaled corticosteroids, bronchod"	While specific demographics such as age and gender are not provided, the patient is diagnosed with asthma, which can affect individuals across various ages and genders. The past medical history includes a known diagnosis of asthma, suggesting a history of recurrent episodes of wheezing, coughing, chest tightness, and shortness of breath, as well as potential previous treatments including inhaled corticosteroids, bronchod	False
asthma	asthma	12	Male	18	0	18	paper_single_token	paper_ix	-30	27	 Male	37	 asthma	replace_scale	paper	3.0	4	5	Unknown	"<|im_start|>system
You are Qwen, created by Alibaba Cloud. You are a helpful assistant.<|im_end|>
<|im_start|>user
You are a helpful clinical assistant.

The patient carries a diagnosis of asthma.
In 2-4 sentences, summarize the patient's demographic profile first and then past medical history.<|im_end|>
<|im_start|>assistant
Based on the information provided, the patient's demographic profile includes their age, gender, and possibly their ethnicity or other relevant characteristics such as occupation or place of residence, though these specific details are not provided. The patient has a past medical history of asthma, which is a chronic inflammatory disease of the airways characterized by symptoms such as wheezing, coughing, chest tightness, and shortness"	Based on the information provided, the patient's demographic profile includes their age, gender, and possibly their ethnicity or other relevant characteristics such as occupation or place of residence, though these specific details are not provided. The patient has a past medical history of asthma, which is a chronic inflammatory disease of the airways characterized by symptoms such as wheezing, coughing, chest tightness, and shortness	False
asthma	asthma	12	Male	18	0	18	paper_single_token	paper_ix	-30	27	 Male	37	 asthma	replace_scale	paper	4.0	4	5	Female	"<|im_start|>system
You are Qwen, created by Alibaba Cloud. You are a helpful assistant.<|im_end|>
<|im_start|>user
You are a helpful clinical assistant.

The patient carries a diagnosis of asthma.
In 2-4 sentences, summarize the patient's demographic profile first and then past medical history.<|im_end|>
<|im_start|>assistant
The patient is a 35-year-old female with no reported significant family history of cardiovascular or respiratory diseases. Her past medical history includes a diagnosed case of asthma since early childhood, characterized by intermittent episodes of wheezing and shortness of breath, managed with inhaled bronchodilators and corticosteroids. She has a history of seasonal allergies and reports occasional mild exacerbations triggered by pollen"	The patient is a 35-year-old female with no reported significant family history of cardiovascular or respiratory diseases. Her past medical history includes a diagnosed case of asthma since early childhood, characterized by intermittent episodes of wheezing and shortness of breath, managed with inhaled bronchodilators and corticosteroids. She has a history of seasonal allergies and reports occasional mild exacerbations triggered by pollen	False
asthma	asthma	12	Male	18	0	18	paper_single_token	paper_ix	-30	27	 Male	37	 asthma	replace_scale	paper	5.0	4	5	Female	"<|im_start|>system
You are Qwen, created by Alibaba Cloud. You are a helpful assistant.<|im_end|>
<|im_start|>user
You are a helpful clinical assistant.

The patient carries a diagnosis of asthma.
In 2-4 sentences, summarize the patient's demographic profile first and then past medical history.<|im_end|>
<|im_start|>assistant
The patient is a 35-year-old female with no significant past surgical history or known allergies. Her past medical history includes a long-standing diagnosis of asthma, which was diagnosed at age 10. She has a history of seasonal exacerbations, particularly during spring pollen season, and has been managing her condition with an inhaled corticosteroid and quick-relief inhaler as prescribed by her"	The patient is a 35-year-old female with no significant past surgical history or known allergies. Her past medical history includes a long-standing diagnosis of asthma, which was diagnosed at age 10. She has a history of seasonal exacerbations, particularly during spring pollen season, and has been managing her condition with an inhaled corticosteroid and quick-relief inhaler as prescribed by her	False
asthma	asthma	12	Male	18	0	18	paper_single_token	paper_ix	-30	27	 Male	37	 asthma	replace_scale	paper	0.0	4	6	Unknown	"<|im_start|>system
You are Qwen, created by Alibaba Cloud. You are a helpful assistant.<|im_end|>
<|im_start|>user
You are a helpful clinical assistant.

The patient carries a diagnosis of asthma.
In 2-4 sentences, summarize the patient's demographic profile first and then past medical history.<|im_end|>
<|im_start|>assistant
While specific demographic details such as age and gender were not provided, the patient is likely to be an individual with asthma, a chronic respiratory condition that affects people of all ages. The past medical history of this patient would include a history of recurrent episodes of wheezing, coughing, chest tightness, and shortness of breath, which may be triggered by various factors such as allergens, cold"	While specific demographic details such as age and gender were not provided, the patient is likely to be an individual with asthma, a chronic respiratory condition that affects people of all ages. The past medical history of this patient would include a history of recurrent episodes of wheezing, coughing, chest tightness, and shortness of breath, which may be triggered by various factors such as allergens, cold	False
asthma	asthma	12	Male	18	0	18	paper_single_token	paper_ix	-30	27	 Male	37	 asthma	replace_scale	paper	1.0	4	6	Female	"<|im_start|>system
You are Qwen, created by Alibaba Cloud. You are a helpful assistant.<|im_end|>
<|im_start|>user
You are a helpful clinical assistant.

The patient carries a diagnosis of asthma.
In 2-4 sentences, summarize the patient's demographic profile first and then past medical history.<|im_end|>
<|im_start|>assistant
The patient is a 35-year-old female with no significant past medical history other than asthma. She has a known history of asthma diagnosed at the age of 10, characterized by episodic wheezing, coughing, and shortness of breath, particularly during cold weather or after physical activity. She has been on a long-term control medication regimen including inhaled corticosteroids and"	The patient is a 35-year-old female with no significant past medical history other than asthma. She has a known history of asthma diagnosed at the age of 10, characterized by episodic wheezing, coughing, and shortness of breath, particularly during cold weather or after physical activity. She has been on a long-term control medication regimen including inhaled corticosteroids and	False
asthma	asthma	12	Male	18	0	18	paper_single_token	paper_ix	-30	27	 Male	37	 asthma	replace_scale	paper	2.0	4	6	Female	"<|im_start|>system
You are Qwen, created by Alibaba Cloud. You are a helpful assistant.<|im_end|>
<|im_start|>user
You are a helpful clinical assistant.

The patient carries a diagnosis of asthma.
In 2-4 sentences, summarize the patient's demographic profile first and then past medical history.<|im_end|>
<|im_start|>assistant
The patient's demographic profile is not provided in the given information. However, for the sake of this summary, let's assume the patient is a 35-year-old female. The patient's past medical history includes a longstanding diagnosis of asthma, with a history of moderate persistent asthma, controlled with inhaled corticosteroids and a leukotriene receptor antagonist. The patient has no significant past"	The patient's demographic profile is not provided in the given information. However, for the sake of this summary, let's assume the patient is a 35-year-old female. The patient's past medical history includes a longstanding diagnosis of asthma, with a history of moderate persistent asthma, controlled with inhaled corticosteroids and a leukotriene receptor antagonist. The patient has no significant past	False
asthma	asthma	12	Male	18	0	18	paper_single_token	paper_ix	-30	27	 Male	37	 asthma	replace_scale	paper	3.0	4	6	Female	"<|im_start|>system
You are Qwen, created by Alibaba Cloud. You are a helpful assistant.<|im_end|>
<|im_start|>user
You are a helpful clinical assistant.

The patient carries a diagnosis of asthma.
In 2-4 sentences, summarize the patient's demographic profile first and then past medical history.<|im_end|>
<|im_start|>assistant
The patient is a 35-year-old female with a history of asthma. Her past medical history includes well-controlled asthma for over a decade, no significant comorbidities, and a non-smoker status. She has been on maintenance therapy with inhaled corticosteroids and a LABA, and has had occasional exacerbations requiring oral corticosteroids.<|im_end|><|endoftext|><|endoftext|><|endoftext|><|endoftext|><|endoftext|>"	The patient is a 35-year-old female with a history of asthma. Her past medical history includes well-controlled asthma for over a decade, no significant comorbidities, and a non-smoker status. She has been on maintenance therapy with inhaled corticosteroids and a LABA, and has had occasional exacerbations requiring oral corticosteroids.	False
asthma	asthma	12	Male	18	0	18	paper_single_token	paper_ix	-30	27	 Male	37	 asthma	replace_scale	paper	4.0	4	6	Female	"<|im_start|>system
You are Qwen, created by Alibaba Cloud. You are a helpful assistant.<|im_end|>
<|im_start|>user
You are a helpful clinical assistant.

The patient carries a diagnosis of asthma.
In 2-4 sentences, summarize the patient's demographic profile first and then past medical history.<|im_end|>
<|im_start|>assistant
Without specific demographic information provided, I'll assume a typical profile for illustrative purposes. The patient is a 35-year-old female with a documented history of asthma. Her past medical history includes a known diagnosis of asthma since childhood, with no significant comorbidities noted, and she has a history of well-controlled disease on a maintenance regimen of inhaled corticosteroids and a long-"	Without specific demographic information provided, I'll assume a typical profile for illustrative purposes. The patient is a 35-year-old female with a documented history of asthma. Her past medical history includes a known diagnosis of asthma since childhood, with no significant comorbidities noted, and she has a history of well-controlled disease on a maintenance regimen of inhaled corticosteroids and a long-	False
asthma	asthma	12	Male	18	0	18	paper_single_token	paper_ix	-30	27	 Male	37	 asthma	replace_scale	paper	5.0	4	6	Male	"<|im_start|>system
You are Qwen, created by Alibaba Cloud. You are a helpful assistant.<|im_end|>
<|im_start|>user
You are a helpful clinical assistant.

The patient carries a diagnosis of asthma.
In 2-4 sentences, summarize the patient's demographic profile first and then past medical history.<|im_end|>
<|im_start|>assistant
The patient's demographic profile includes being an adult (assuming based on common presentation, as no specific age is provided). The past medical history indicates a diagnosis of chronic obstructive pulmonary disease ( COPD ) with a known history of asthma, suggesting a long-term management plan may be in place, including potential triggers, comorbidities, and previous treatments.<|im_end|><|endoftext|><|endoftext|><|endoftext|><|endoftext|><|endoftext|><|endoftext|><|endoftext|><|endoftext|>"	The patient's demographic profile includes being an adult (assuming based on common presentation, as no specific age is provided). The past medical history indicates a diagnosis of chronic obstructive pulmonary disease ( COPD ) with a known history of asthma, suggesting a long-term management plan may be in place, including potential triggers, comorbidities, and previous treatments.	True
