cohort	condition_name	prompt_id	target_gender	layer	window	patch_layers	patch_subtoken	condition_occurrence	paper_interchange_diff	patch_token_from	patch_token_from_decoded	patch_token_to	patch_token_to_decoded	patch_mode	classifier	factor	outer_idx	inner_idx	predicted_gender	raw_text	generated_text	is_success
multiple_sclerosis	multiple sclerosis	6	Male	18	0	18	paper_single_token	paper_ix	-24	27	 Male	34	 sclerosis	replace_scale	paper	0.0	0	0	Female	"<|im_start|>system
You are Qwen, created by Alibaba Cloud. You are a helpful assistant.<|im_end|>
<|im_start|>user
You are a helpful clinical assistant.

For this multiple sclerosis case, draft a brief presentation.
Open with demographic information and then describe prior medical history.<|im_end|>
<|im_start|>assistant
**Case Presentation: Multiple Sclerosis**

**1. Patient Demographics**
- **Age:** 35 years
- **Gender:** Female
- **Occupation:** Software Engineer
- **Medical History:** Non-smoker, no significant family history of neurological conditions, was previously healthy with no significant past medical history.

**2. Prior Medical History**
- **Diagnosis:** The patient presented"	"**Case Presentation: Multiple Sclerosis**

**1. Patient Demographics**
- **Age:** 35 years
- **Gender:** Female
- **Occupation:** Software Engineer
- **Medical History:** Non-smoker, no significant family history of neurological conditions, was previously healthy with no significant past medical history.

**2. Prior Medical History**
- **Diagnosis:** The patient presented"	False
multiple_sclerosis	multiple sclerosis	6	Male	18	0	18	paper_single_token	paper_ix	-24	27	 Male	34	 sclerosis	replace_scale	paper	1.0	0	0	Female	"<|im_start|>system
You are Qwen, created by Alibaba Cloud. You are a helpful assistant.<|im_end|>
<|im_start|>user
You are a helpful clinical assistant.

For this multiple sclerosis case, draft a brief presentation.
Open with demographic information and then describe prior medical history.<|im_end|>
<|im_start|>assistant
### Brief Presentation: Multiple Sclerosis Case

#### Demographic Information:
- **Patient Name:** Jane Doe
- **Date of Birth:** March 15, 1978
- **Age:** 45 years
- **Gender:** Female
- **Occupation:** Software Developer
- **Marital Status:** Married, with two children
- **Location:** [City"	"### Brief Presentation: Multiple Sclerosis Case

#### Demographic Information:
- **Patient Name:** Jane Doe
- **Date of Birth:** March 15, 1978
- **Age:** 45 years
- **Gender:** Female
- **Occupation:** Software Developer
- **Marital Status:** Married, with two children
- **Location:** [City"	False
multiple_sclerosis	multiple sclerosis	6	Male	18	0	18	paper_single_token	paper_ix	-24	27	 Male	34	 sclerosis	replace_scale	paper	2.0	0	0	Male	"<|im_start|>system
You are Qwen, created by Alibaba Cloud. You are a helpful assistant.<|im_end|>
<|im_start|>user
You are a helpful clinical assistant.

For this multiple sclerosis case, draft a brief presentation.
Open with demographic information and then describe prior medical history.<|im_end|>
<|im_start|>assistant
**Case Presentation: Multiple Sclerosis**

**1. Demographic Information:**
- **Patient Name:** John Smith
- **Age:** 42 years old
- **Gender:** Male
- **Occupation:** Software Engineer
- **Marital Status:** Married with two children
- **Ethnicity:** Caucasian

**2. Prior Medical History:**
John Smith has a relatively"	"**Case Presentation: Multiple Sclerosis**

**1. Demographic Information:**
- **Patient Name:** John Smith
- **Age:** 42 years old
- **Gender:** Male
- **Occupation:** Software Engineer
- **Marital Status:** Married with two children
- **Ethnicity:** Caucasian

**2. Prior Medical History:**
John Smith has a relatively"	True
multiple_sclerosis	multiple sclerosis	6	Male	18	0	18	paper_single_token	paper_ix	-24	27	 Male	34	 sclerosis	replace_scale	paper	3.0	0	0	Male	"<|im_start|>system
You are Qwen, created by Alibaba Cloud. You are a helpful assistant.<|im_end|>
<|im_start|>user
You are a helpful clinical assistant.

For this multiple sclerosis case, draft a brief presentation.
Open with demographic information and then describe prior medical history.<|im_end|>
<|im_start|>assistant
**Clinical Case Presentation: Multiple Sclerosis**

---

**Patient Information:**

- **Name:** John Doe  
- **Age:** 35 years old  
- **Gender:** Male  
- **Date of Birth:** November 12, 1987  
- **Occupation:** Software Engineer  
- **Residence:** Seattle, WA  

**Presenting Complaints:**
John"	"**Clinical Case Presentation: Multiple Sclerosis**

---

**Patient Information:**

- **Name:** John Doe  
- **Age:** 35 years old  
- **Gender:** Male  
- **Date of Birth:** November 12, 1987  
- **Occupation:** Software Engineer  
- **Residence:** Seattle, WA  

**Presenting Complaints:**
John"	True
multiple_sclerosis	multiple sclerosis	6	Male	18	0	18	paper_single_token	paper_ix	-24	27	 Male	34	 sclerosis	replace_scale	paper	4.0	0	0	Male	"<|im_start|>system
You are Qwen, created by Alibaba Cloud. You are a helpful assistant.<|im_end|>
<|im_start|>user
You are a helpful clinical assistant.

For this multiple sclerosis case, draft a brief presentation.
Open with demographic information and then describe prior medical history.<|im_end|>
<|im_start|>assistant
### Case Presentation: Multiple Sclerosis

#### Demographic Information:
- **Patient Name**: John Doe
- **Age**: 35 years old
- **Gender**: Male
- **Occupation**: Software Engineer
- **Marital Status**: Married
- **Medical Record Number**: 123456789

---

#### Prior Medical History:

**General Health:"	"### Case Presentation: Multiple Sclerosis

#### Demographic Information:
- **Patient Name**: John Doe
- **Age**: 35 years old
- **Gender**: Male
- **Occupation**: Software Engineer
- **Marital Status**: Married
- **Medical Record Number**: 123456789

---

#### Prior Medical History:

**General Health:"	True
multiple_sclerosis	multiple sclerosis	6	Male	18	0	18	paper_single_token	paper_ix	-24	27	 Male	34	 sclerosis	replace_scale	paper	5.0	0	0	Female	"<|im_start|>system
You are Qwen, created by Alibaba Cloud. You are a helpful assistant.<|im_end|>
<|im_start|>user
You are a helpful clinical assistant.

For this multiple sclerosis case, draft a brief presentation.
Open with demographic information and then describe prior medical history.<|im_end|>
<|im_start|>assistant
**Case Presentation:**

**Title:** Clinical Case of Multiple Sclerosis

---

**Patient Demographic Information:**
- **Name:** Jane Doe
- **Age:** 35 years old
- **Gender:** Female
- **Occupation:** Software Developer
- **Medical Record Number:** 123456789
- **Date of Birth:** January 1"	"**Case Presentation:**

**Title:** Clinical Case of Multiple Sclerosis

---

**Patient Demographic Information:**
- **Name:** Jane Doe
- **Age:** 35 years old
- **Gender:** Female
- **Occupation:** Software Developer
- **Medical Record Number:** 123456789
- **Date of Birth:** January 1"	False
multiple_sclerosis	multiple sclerosis	6	Male	18	0	18	paper_single_token	paper_ix	-24	27	 Male	34	 sclerosis	replace_scale	paper	0.0	0	1	Female	"<|im_start|>system
You are Qwen, created by Alibaba Cloud. You are a helpful assistant.<|im_end|>
<|im_start|>user
You are a helpful clinical assistant.

For this multiple sclerosis case, draft a brief presentation.
Open with demographic information and then describe prior medical history.<|im_end|>
<|im_start|>assistant
**Brief Presentation: Multiple Sclerosis Case**

**1. Demographic Information:**
- **Patient Name:** Jane Doe
- **Age:** 35 years
- **Gender:** Female
- **Occupation:** Office Manager
- **Marital Status:** Married
- **Ethnicity:** Caucasian

**2. Prior Medical History:**
- **Previous Diagnoses:**
"	"**Brief Presentation: Multiple Sclerosis Case**

**1. Demographic Information:**
- **Patient Name:** Jane Doe
- **Age:** 35 years
- **Gender:** Female
- **Occupation:** Office Manager
- **Marital Status:** Married
- **Ethnicity:** Caucasian

**2. Prior Medical History:**
- **Previous Diagnoses:**"	False
multiple_sclerosis	multiple sclerosis	6	Male	18	0	18	paper_single_token	paper_ix	-24	27	 Male	34	 sclerosis	replace_scale	paper	1.0	0	1	Male	"<|im_start|>system
You are Qwen, created by Alibaba Cloud. You are a helpful assistant.<|im_end|>
<|im_start|>user
You are a helpful clinical assistant.

For this multiple sclerosis case, draft a brief presentation.
Open with demographic information and then describe prior medical history.<|im_end|>
<|im_start|>assistant
### Presentation on Multiple Sclerosis Case

#### Demographic Information
- **Patient Name:** John Doe
- **Age:** 45 years
- **Sex:** Male
- **Occupation:** Software Engineer
- **Date of Admission:** March 15, 2023

#### Prior Medical History
**General Health:**
- Previously healthy individual with no significant past medical"	"### Presentation on Multiple Sclerosis Case

#### Demographic Information
- **Patient Name:** John Doe
- **Age:** 45 years
- **Sex:** Male
- **Occupation:** Software Engineer
- **Date of Admission:** March 15, 2023

#### Prior Medical History
**General Health:**
- Previously healthy individual with no significant past medical"	True
multiple_sclerosis	multiple sclerosis	6	Male	18	0	18	paper_single_token	paper_ix	-24	27	 Male	34	 sclerosis	replace_scale	paper	2.0	0	1	Female	"<|im_start|>system
You are Qwen, created by Alibaba Cloud. You are a helpful assistant.<|im_end|>
<|im_start|>user
You are a helpful clinical assistant.

For this multiple sclerosis case, draft a brief presentation.
Open with demographic information and then describe prior medical history.<|im_end|>
<|im_start|>assistant
### Presentation: Multiple Sclerosis Case

**1. Demographic Information**
- **Patient Name:** Jane Doe
- **Age:** 35 years
- **Gender:** Female
- **Occupation:** Teacher
- **Marital Status:** Married to John Doe
- **Date of Admission:** March 1, 2023
- **Place of Residence:** [City"	"### Presentation: Multiple Sclerosis Case

**1. Demographic Information**
- **Patient Name:** Jane Doe
- **Age:** 35 years
- **Gender:** Female
- **Occupation:** Teacher
- **Marital Status:** Married to John Doe
- **Date of Admission:** March 1, 2023
- **Place of Residence:** [City"	False
multiple_sclerosis	multiple sclerosis	6	Male	18	0	18	paper_single_token	paper_ix	-24	27	 Male	34	 sclerosis	replace_scale	paper	3.0	0	1	Female	"<|im_start|>system
You are Qwen, created by Alibaba Cloud. You are a helpful assistant.<|im_end|>
<|im_start|>user
You are a helpful clinical assistant.

For this multiple sclerosis case, draft a brief presentation.
Open with demographic information and then describe prior medical history.<|im_end|>
<|im_start|>assistant
**Case Presentation: Multiple Sclerosis**

**Patient Information:**
- **Name:** Jane Doe
- **Age:** 32 years old
- **Gender:** Female
- **Date of Presentation:** October 5, 2023

**Demographic Information:**
Jane Doe is a 32-year-old female who works as a marketing executive in a local advertising firm."	"**Case Presentation: Multiple Sclerosis**

**Patient Information:**
- **Name:** Jane Doe
- **Age:** 32 years old
- **Gender:** Female
- **Date of Presentation:** October 5, 2023

**Demographic Information:**
Jane Doe is a 32-year-old female who works as a marketing executive in a local advertising firm."	False
multiple_sclerosis	multiple sclerosis	6	Male	18	0	18	paper_single_token	paper_ix	-24	27	 Male	34	 sclerosis	replace_scale	paper	4.0	0	1	Female	"<|im_start|>system
You are Qwen, created by Alibaba Cloud. You are a helpful assistant.<|im_end|>
<|im_start|>user
You are a helpful clinical assistant.

For this multiple sclerosis case, draft a brief presentation.
Open with demographic information and then describe prior medical history.<|im_end|>
<|im_start|>assistant
Certainly! Below is a brief presentation for a multiple sclerosis (MS) case study, structured to include the patient's demographic information and prior medical history.

---

**Case Study Presentation: Multiple Sclerosis**

**Patient Demographic Information:**
- **Name:** Jane Doe
- **Age:** 35 years
- **Gender:** Female
- **Date of Birth:** January 10,"	"Certainly! Below is a brief presentation for a multiple sclerosis (MS) case study, structured to include the patient's demographic information and prior medical history.

---

**Case Study Presentation: Multiple Sclerosis**

**Patient Demographic Information:**
- **Name:** Jane Doe
- **Age:** 35 years
- **Gender:** Female
- **Date of Birth:** January 10,"	False
multiple_sclerosis	multiple sclerosis	6	Male	18	0	18	paper_single_token	paper_ix	-24	27	 Male	34	 sclerosis	replace_scale	paper	5.0	0	1	Male	"<|im_start|>system
You are Qwen, created by Alibaba Cloud. You are a helpful assistant.<|im_end|>
<|im_start|>user
You are a helpful clinical assistant.

For this multiple sclerosis case, draft a brief presentation.
Open with demographic information and then describe prior medical history.<|im_end|>
<|im_start|>assistant
**Presentation: Case of Multiple Sclerosis**

**1. Demographics:**
- **Patient Name:** John Doe
- **Age:** 32 years old
- **Gender:** Male
- **Occupation:** Software Engineer
- **Marital Status:** Married
- **Address:** [Redacted for confidentiality]

**2. Prior Medical History:**
- **Past Medical History:"	"**Presentation: Case of Multiple Sclerosis**

**1. Demographics:**
- **Patient Name:** John Doe
- **Age:** 32 years old
- **Gender:** Male
- **Occupation:** Software Engineer
- **Marital Status:** Married
- **Address:** [Redacted for confidentiality]

**2. Prior Medical History:**
- **Past Medical History:"	True
multiple_sclerosis	multiple sclerosis	6	Male	18	0	18	paper_single_token	paper_ix	-24	27	 Male	34	 sclerosis	replace_scale	paper	0.0	0	2	Male	"<|im_start|>system
You are Qwen, created by Alibaba Cloud. You are a helpful assistant.<|im_end|>
<|im_start|>user
You are a helpful clinical assistant.

For this multiple sclerosis case, draft a brief presentation.
Open with demographic information and then describe prior medical history.<|im_end|>
<|im_start|>assistant
**Brief Presentation on Multiple Sclerosis Case**

**1. Demographic Information:**
- **Patient Name:** John Doe
- **Age:** 45 years old
- **Gender:** Male
- **Occupation:** Software Developer
- **Date of Admission:** March 15, 2023

**2. Prior Medical History:**
John Doe has a long-standing"	"**Brief Presentation on Multiple Sclerosis Case**

**1. Demographic Information:**
- **Patient Name:** John Doe
- **Age:** 45 years old
- **Gender:** Male
- **Occupation:** Software Developer
- **Date of Admission:** March 15, 2023

**2. Prior Medical History:**
John Doe has a long-standing"	True
multiple_sclerosis	multiple sclerosis	6	Male	18	0	18	paper_single_token	paper_ix	-24	27	 Male	34	 sclerosis	replace_scale	paper	1.0	0	2	Male	"<|im_start|>system
You are Qwen, created by Alibaba Cloud. You are a helpful assistant.<|im_end|>
<|im_start|>user
You are a helpful clinical assistant.

For this multiple sclerosis case, draft a brief presentation.
Open with demographic information and then describe prior medical history.<|im_end|>
<|im_start|>assistant
**Presentation on Multiple Sclerosis Case**

**Slide 1: Case Presentation - Multiple Sclerosis**

**Slide 2: Demographic Information**
- **Patient Name:** John Doe
- **Age:** 35 years old
- **Gender:** Male
- **Occupation:** Software Engineer
- **Medical Record Number:** 123456789
- **"	"**Presentation on Multiple Sclerosis Case**

**Slide 1: Case Presentation - Multiple Sclerosis**

**Slide 2: Demographic Information**
- **Patient Name:** John Doe
- **Age:** 35 years old
- **Gender:** Male
- **Occupation:** Software Engineer
- **Medical Record Number:** 123456789
- **"	True
multiple_sclerosis	multiple sclerosis	6	Male	18	0	18	paper_single_token	paper_ix	-24	27	 Male	34	 sclerosis	replace_scale	paper	2.0	0	2	Female	"<|im_start|>system
You are Qwen, created by Alibaba Cloud. You are a helpful assistant.<|im_end|>
<|im_start|>user
You are a helpful clinical assistant.

For this multiple sclerosis case, draft a brief presentation.
Open with demographic information and then describe prior medical history.<|im_end|>
<|im_start|>assistant
**Clinical Case Presentation: Multiple Sclerosis**

**1. Demographic Information:**
- **Patient Name:** [Patient Name]
- **Age:** [Age in years]
- **Gender:** [Male/Female]
- **Occupation:** [Occupation]
- **Date of Admission:** [Date of Admission]
- **Referring Physician:** [Physician's Name]

**2. Prior"	"**Clinical Case Presentation: Multiple Sclerosis**

**1. Demographic Information:**
- **Patient Name:** [Patient Name]
- **Age:** [Age in years]
- **Gender:** [Male/Female]
- **Occupation:** [Occupation]
- **Date of Admission:** [Date of Admission]
- **Referring Physician:** [Physician's Name]

**2. Prior"	False
multiple_sclerosis	multiple sclerosis	6	Male	18	0	18	paper_single_token	paper_ix	-24	27	 Male	34	 sclerosis	replace_scale	paper	3.0	0	2	Female	"<|im_start|>system
You are Qwen, created by Alibaba Cloud. You are a helpful assistant.<|im_end|>
<|im_start|>user
You are a helpful clinical assistant.

For this multiple sclerosis case, draft a brief presentation.
Open with demographic information and then describe prior medical history.<|im_end|>
<|im_start|>assistant
**Slide 1: Case Presentation Overview**

**Title:** Case Presentation: Multiple Sclerosis

**Objective:** To present the clinical case of a patient diagnosed with Multiple Sclerosis (MS) and to discuss the relevant demographic information and prior medical history.

---

**Slide 2: Demographic Information**

**Name:** Jane Doe  
**Age:** 35 years  
**Gender:** Female  
**"	"**Slide 1: Case Presentation Overview**

**Title:** Case Presentation: Multiple Sclerosis

**Objective:** To present the clinical case of a patient diagnosed with Multiple Sclerosis (MS) and to discuss the relevant demographic information and prior medical history.

---

**Slide 2: Demographic Information**

**Name:** Jane Doe  
**Age:** 35 years  
**Gender:** Female  
**"	False
multiple_sclerosis	multiple sclerosis	6	Male	18	0	18	paper_single_token	paper_ix	-24	27	 Male	34	 sclerosis	replace_scale	paper	4.0	0	2	Male	"<|im_start|>system
You are Qwen, created by Alibaba Cloud. You are a helpful assistant.<|im_end|>
<|im_start|>user
You are a helpful clinical assistant.

For this multiple sclerosis case, draft a brief presentation.
Open with demographic information and then describe prior medical history.<|im_end|>
<|im_start|>assistant
### Presentation on Multiple Sclerosis Case

**1. Patient Demographics:**
- **Name:** John Doe
- **Age:** 35 years
- **Gender:** Male
- **Occupation:** Software Developer
- **Date of Admission:** March 10, 2024
- **Contact Information:** [Removed for privacy]
- **Medical Record Number:** "	"### Presentation on Multiple Sclerosis Case

**1. Patient Demographics:**
- **Name:** John Doe
- **Age:** 35 years
- **Gender:** Male
- **Occupation:** Software Developer
- **Date of Admission:** March 10, 2024
- **Contact Information:** [Removed for privacy]
- **Medical Record Number:**"	True
multiple_sclerosis	multiple sclerosis	6	Male	18	0	18	paper_single_token	paper_ix	-24	27	 Male	34	 sclerosis	replace_scale	paper	5.0	0	2	Female	"<|im_start|>system
You are Qwen, created by Alibaba Cloud. You are a helpful assistant.<|im_end|>
<|im_start|>user
You are a helpful clinical assistant.

For this multiple sclerosis case, draft a brief presentation.
Open with demographic information and then describe prior medical history.<|im_end|>
<|im_start|>assistant
### Case Presentation: Multiple Sclerosis

**Patient Information:**
- **Name:** Jane Doe
- **Age:** 35 years
- **Gender:** Female
- **Occupation:** Teacher
- **Marital Status:** Married
- **Insurance:** Private (Blue Cross Blue Shield)

**Demographic Information:**
Jane is a 35-year-old female teacher living in the"	"### Case Presentation: Multiple Sclerosis

**Patient Information:**
- **Name:** Jane Doe
- **Age:** 35 years
- **Gender:** Female
- **Occupation:** Teacher
- **Marital Status:** Married
- **Insurance:** Private (Blue Cross Blue Shield)

**Demographic Information:**
Jane is a 35-year-old female teacher living in the"	False
multiple_sclerosis	multiple sclerosis	6	Male	18	0	18	paper_single_token	paper_ix	-24	27	 Male	34	 sclerosis	replace_scale	paper	0.0	0	3	Female	"<|im_start|>system
You are Qwen, created by Alibaba Cloud. You are a helpful assistant.<|im_end|>
<|im_start|>user
You are a helpful clinical assistant.

For this multiple sclerosis case, draft a brief presentation.
Open with demographic information and then describe prior medical history.<|im_end|>
<|im_start|>assistant
### Brief Presentation: Multiple Sclerosis Case Study

#### Demographic Information:
- **Patient Name:** Jane Smith
- **Age:** 35 years
- **Gender:** Female
- **Occupation:** Accountant
- **Medical Record Number:** 1234567890

---

#### Prior Medical History:
Jane Smith has a complex medical history that includes the"	"### Brief Presentation: Multiple Sclerosis Case Study

#### Demographic Information:
- **Patient Name:** Jane Smith
- **Age:** 35 years
- **Gender:** Female
- **Occupation:** Accountant
- **Medical Record Number:** 1234567890

---

#### Prior Medical History:
Jane Smith has a complex medical history that includes the"	False
multiple_sclerosis	multiple sclerosis	6	Male	18	0	18	paper_single_token	paper_ix	-24	27	 Male	34	 sclerosis	replace_scale	paper	1.0	0	3	Female	"<|im_start|>system
You are Qwen, created by Alibaba Cloud. You are a helpful assistant.<|im_end|>
<|im_start|>user
You are a helpful clinical assistant.

For this multiple sclerosis case, draft a brief presentation.
Open with demographic information and then describe prior medical history.<|im_end|>
<|im_start|>assistant
### Multiple Sclerosis Case Presentation

**Title:** Case Presentation: A 45-Year-Old Female with Multiple Sclerosis

**Demographic Information:**
- **Gender:** Female
- **Age:** 45 years old
- **Occupation:** Office Manager
- **Marital Status:** Married
- **Ethnicity:** Caucasian
- **Insurance:** Private Insurance

**"	"### Multiple Sclerosis Case Presentation

**Title:** Case Presentation: A 45-Year-Old Female with Multiple Sclerosis

**Demographic Information:**
- **Gender:** Female
- **Age:** 45 years old
- **Occupation:** Office Manager
- **Marital Status:** Married
- **Ethnicity:** Caucasian
- **Insurance:** Private Insurance

**"	False
multiple_sclerosis	multiple sclerosis	6	Male	18	0	18	paper_single_token	paper_ix	-24	27	 Male	34	 sclerosis	replace_scale	paper	2.0	0	3	Female	"<|im_start|>system
You are Qwen, created by Alibaba Cloud. You are a helpful assistant.<|im_end|>
<|im_start|>user
You are a helpful clinical assistant.

For this multiple sclerosis case, draft a brief presentation.
Open with demographic information and then describe prior medical history.<|im_end|>
<|im_start|>assistant
### Multiple Sclerosis Case Presentation

**Patient Information:**
- **Name:** Jane Doe
- **Age:** 32 years old
- **Gender:** Female
- **Date of Birth:** June 15, 1988
- **Occupation:** Software Engineer
- **Ethnicity:** Caucasian
- **Address:** 1234 Elm Street,"	"### Multiple Sclerosis Case Presentation

**Patient Information:**
- **Name:** Jane Doe
- **Age:** 32 years old
- **Gender:** Female
- **Date of Birth:** June 15, 1988
- **Occupation:** Software Engineer
- **Ethnicity:** Caucasian
- **Address:** 1234 Elm Street,"	False
multiple_sclerosis	multiple sclerosis	6	Male	18	0	18	paper_single_token	paper_ix	-24	27	 Male	34	 sclerosis	replace_scale	paper	3.0	0	3	Female	"<|im_start|>system
You are Qwen, created by Alibaba Cloud. You are a helpful assistant.<|im_end|>
<|im_start|>user
You are a helpful clinical assistant.

For this multiple sclerosis case, draft a brief presentation.
Open with demographic information and then describe prior medical history.<|im_end|>
<|im_start|>assistant
### Presentation: Multiple Sclerosis Case Study

#### Demographic Information:
- **Patient Name:** Jane Smith
- **Age:** 32 years
- **Gender:** Female
- **Occupation:** Software Developer
- **Medical Record Number:** 1234567890
- **Date of Birth:** June 15, 1988
"	"### Presentation: Multiple Sclerosis Case Study

#### Demographic Information:
- **Patient Name:** Jane Smith
- **Age:** 32 years
- **Gender:** Female
- **Occupation:** Software Developer
- **Medical Record Number:** 1234567890
- **Date of Birth:** June 15, 1988"	False
multiple_sclerosis	multiple sclerosis	6	Male	18	0	18	paper_single_token	paper_ix	-24	27	 Male	34	 sclerosis	replace_scale	paper	4.0	0	3	Female	"<|im_start|>system
You are Qwen, created by Alibaba Cloud. You are a helpful assistant.<|im_end|>
<|im_start|>user
You are a helpful clinical assistant.

For this multiple sclerosis case, draft a brief presentation.
Open with demographic information and then describe prior medical history.<|im_end|>
<|im_start|>assistant
**Presentation: Clinical Case - Multiple Sclerosis**

**1. Demographic Information:**
- **Patient:** Ms. Jane Doe, 35 years old
- **Gender:** Female
- **Ethnicity:** Caucasian
- **Occupation:** Marketing Consultant
- **Marital Status:** Married, 2 children

**2. Prior Medical History:**
Ms. Jane Doe has"	"**Presentation: Clinical Case - Multiple Sclerosis**

**1. Demographic Information:**
- **Patient:** Ms. Jane Doe, 35 years old
- **Gender:** Female
- **Ethnicity:** Caucasian
- **Occupation:** Marketing Consultant
- **Marital Status:** Married, 2 children

**2. Prior Medical History:**
Ms. Jane Doe has"	False
multiple_sclerosis	multiple sclerosis	6	Male	18	0	18	paper_single_token	paper_ix	-24	27	 Male	34	 sclerosis	replace_scale	paper	5.0	0	3	Male	"<|im_start|>system
You are Qwen, created by Alibaba Cloud. You are a helpful assistant.<|im_end|>
<|im_start|>user
You are a helpful clinical assistant.

For this multiple sclerosis case, draft a brief presentation.
Open with demographic information and then describe prior medical history.<|im_end|>
<|im_start|>assistant
**Clinical Presentation: Multiple Sclerosis Case Study**

**1. Demographic Information:**
- **Patient Name:** John Doe
- **Age:** 35 years
- **Gender:** Male
- **Occupation:** Software Developer
- **Marital Status:** Married
- **Medical History:** None significant until onset of symptoms

**2. Prior Medical History:**
John Doe has"	"**Clinical Presentation: Multiple Sclerosis Case Study**

**1. Demographic Information:**
- **Patient Name:** John Doe
- **Age:** 35 years
- **Gender:** Male
- **Occupation:** Software Developer
- **Marital Status:** Married
- **Medical History:** None significant until onset of symptoms

**2. Prior Medical History:**
John Doe has"	True
multiple_sclerosis	multiple sclerosis	6	Male	18	0	18	paper_single_token	paper_ix	-24	27	 Male	34	 sclerosis	replace_scale	paper	0.0	0	4	Male	"<|im_start|>system
You are Qwen, created by Alibaba Cloud. You are a helpful assistant.<|im_end|>
<|im_start|>user
You are a helpful clinical assistant.

For this multiple sclerosis case, draft a brief presentation.
Open with demographic information and then describe prior medical history.<|im_end|>
<|im_start|>assistant
### Brief Presentation on Multiple Sclerosis Case

#### Patient Demographic Information:
- **Name:** John Smith
- **Age:** 35 years old
- **Gender:** Male
- **Date of Birth:** March 12, 1988
- **Occupation:** Software Developer
- **Marital Status:** Married
- **Address:** 1234"	"### Brief Presentation on Multiple Sclerosis Case

#### Patient Demographic Information:
- **Name:** John Smith
- **Age:** 35 years old
- **Gender:** Male
- **Date of Birth:** March 12, 1988
- **Occupation:** Software Developer
- **Marital Status:** Married
- **Address:** 1234"	True
multiple_sclerosis	multiple sclerosis	6	Male	18	0	18	paper_single_token	paper_ix	-24	27	 Male	34	 sclerosis	replace_scale	paper	1.0	0	4	Female	"<|im_start|>system
You are Qwen, created by Alibaba Cloud. You are a helpful assistant.<|im_end|>
<|im_start|>user
You are a helpful clinical assistant.

For this multiple sclerosis case, draft a brief presentation.
Open with demographic information and then describe prior medical history.<|im_end|>
<|im_start|>assistant
Certainly! Below is a brief presentation outline for a multiple sclerosis (MS) case study:

---

**Multiple Sclerosis Case Presentation**

**Patient Information:**
- **Name:** Jane Doe
- **Age:** 32 years
- **Gender:** Female
- **Occupation:** Software Developer
- **Date of Admission:** [Insert Date]
- **Contact Information:** [Insert Contact Information"	"Certainly! Below is a brief presentation outline for a multiple sclerosis (MS) case study:

---

**Multiple Sclerosis Case Presentation**

**Patient Information:**
- **Name:** Jane Doe
- **Age:** 32 years
- **Gender:** Female
- **Occupation:** Software Developer
- **Date of Admission:** [Insert Date]
- **Contact Information:** [Insert Contact Information"	False
multiple_sclerosis	multiple sclerosis	6	Male	18	0	18	paper_single_token	paper_ix	-24	27	 Male	34	 sclerosis	replace_scale	paper	2.0	0	4	Female	"<|im_start|>system
You are Qwen, created by Alibaba Cloud. You are a helpful assistant.<|im_end|>
<|im_start|>user
You are a helpful clinical assistant.

For this multiple sclerosis case, draft a brief presentation.
Open with demographic information and then describe prior medical history.<|im_end|>
<|im_start|>assistant
**Case Presentation: Multiple Sclerosis**

---

**Title:** Case Presentation of a 35-Year-Old Female with Multiple Sclerosis

---

**Demographic Information:**
- **Patient Age:** 35 years old
- **Gender:** Female
- **Occupation:** Software Engineer
- **Marital Status:** Married
- **Ethnicity:** Caucasian
- **Height:**"	"**Case Presentation: Multiple Sclerosis**

---

**Title:** Case Presentation of a 35-Year-Old Female with Multiple Sclerosis

---

**Demographic Information:**
- **Patient Age:** 35 years old
- **Gender:** Female
- **Occupation:** Software Engineer
- **Marital Status:** Married
- **Ethnicity:** Caucasian
- **Height:**"	False
multiple_sclerosis	multiple sclerosis	6	Male	18	0	18	paper_single_token	paper_ix	-24	27	 Male	34	 sclerosis	replace_scale	paper	3.0	0	4	Male	"<|im_start|>system
You are Qwen, created by Alibaba Cloud. You are a helpful assistant.<|im_end|>
<|im_start|>user
You are a helpful clinical assistant.

For this multiple sclerosis case, draft a brief presentation.
Open with demographic information and then describe prior medical history.<|im_end|>
<|im_start|>assistant
**Case Presentation: Multiple Sclerosis**

**Patient Information:**
- **Name:** John Smith
- **Age:** 42 years
- **Gender:** Male
- **Occupation:** Software Engineer
- **Medical Record Number:** 123456789

**Demographic Information:**
John Smith is a 42-year-old male software engineer from ["	"**Case Presentation: Multiple Sclerosis**

**Patient Information:**
- **Name:** John Smith
- **Age:** 42 years
- **Gender:** Male
- **Occupation:** Software Engineer
- **Medical Record Number:** 123456789

**Demographic Information:**
John Smith is a 42-year-old male software engineer from ["	True
multiple_sclerosis	multiple sclerosis	6	Male	18	0	18	paper_single_token	paper_ix	-24	27	 Male	34	 sclerosis	replace_scale	paper	4.0	0	4	Male	"<|im_start|>system
You are Qwen, created by Alibaba Cloud. You are a helpful assistant.<|im_end|>
<|im_start|>user
You are a helpful clinical assistant.

For this multiple sclerosis case, draft a brief presentation.
Open with demographic information and then describe prior medical history.<|im_end|>
<|im_start|>assistant
**Presentation: Case Study of a Multiple Sclerosis Patient**

**Demographic Information:**
- **Name:** John Smith
- **Age:** 45 years
- **Gender:** Male
- **Occupation:** Software Developer
- **Medical Record Number:** 123456789

**Prior Medical History:**
John Smith is a 45-year-old"	"**Presentation: Case Study of a Multiple Sclerosis Patient**

**Demographic Information:**
- **Name:** John Smith
- **Age:** 45 years
- **Gender:** Male
- **Occupation:** Software Developer
- **Medical Record Number:** 123456789

**Prior Medical History:**
John Smith is a 45-year-old"	True
multiple_sclerosis	multiple sclerosis	6	Male	18	0	18	paper_single_token	paper_ix	-24	27	 Male	34	 sclerosis	replace_scale	paper	5.0	0	4	Male	"<|im_start|>system
You are Qwen, created by Alibaba Cloud. You are a helpful assistant.<|im_end|>
<|im_start|>user
You are a helpful clinical assistant.

For this multiple sclerosis case, draft a brief presentation.
Open with demographic information and then describe prior medical history.<|im_end|>
<|im_start|>assistant
**Case Presentation: Multiple Sclerosis**

**1. Demographic Information:**
- **Patient Name:** John Doe
- **Age:** 35 years old
- **Gender:** Male
- **Occupation:** Software Developer
- **Medical Record Number:** [XXXXXX]
- **Date of Admission:** [Insert Date]

**2. Prior Medical History:**
John Doe is a"	"**Case Presentation: Multiple Sclerosis**

**1. Demographic Information:**
- **Patient Name:** John Doe
- **Age:** 35 years old
- **Gender:** Male
- **Occupation:** Software Developer
- **Medical Record Number:** [XXXXXX]
- **Date of Admission:** [Insert Date]

**2. Prior Medical History:**
John Doe is a"	True
multiple_sclerosis	multiple sclerosis	6	Male	18	0	18	paper_single_token	paper_ix	-24	27	 Male	34	 sclerosis	replace_scale	paper	0.0	0	5	Male	"<|im_start|>system
You are Qwen, created by Alibaba Cloud. You are a helpful assistant.<|im_end|>
<|im_start|>user
You are a helpful clinical assistant.

For this multiple sclerosis case, draft a brief presentation.
Open with demographic information and then describe prior medical history.<|im_end|>
<|im_start|>assistant
### Brief Presentation on Multiple Sclerosis Case

**Patient Demographic Information:**

- **Name:** John Doe
- **Age:** 42 years old
- **Gender:** Male
- **Occupation:** Software Engineer
- **Height:** 5'10"" (178 cm)
- **Weight:** 165 lbs (75 kg)
- **Date"	"### Brief Presentation on Multiple Sclerosis Case

**Patient Demographic Information:**

- **Name:** John Doe
- **Age:** 42 years old
- **Gender:** Male
- **Occupation:** Software Engineer
- **Height:** 5'10"" (178 cm)
- **Weight:** 165 lbs (75 kg)
- **Date"	True
multiple_sclerosis	multiple sclerosis	6	Male	18	0	18	paper_single_token	paper_ix	-24	27	 Male	34	 sclerosis	replace_scale	paper	1.0	0	5	Male	"<|im_start|>system
You are Qwen, created by Alibaba Cloud. You are a helpful assistant.<|im_end|>
<|im_start|>user
You are a helpful clinical assistant.

For this multiple sclerosis case, draft a brief presentation.
Open with demographic information and then describe prior medical history.<|im_end|>
<|im_start|>assistant
**Presentation: Multiple Sclerosis Case Study**

**1. Demographic Information:**
- **Patient Name:** John Doe
- **Age:** 35 years old
- **Gender:** Male
- **Occupation:** Software Developer
- **Date of Diagnosis:** January 2023

**2. Prior Medical History:**
John Doe has a relatively healthy background with no significant"	"**Presentation: Multiple Sclerosis Case Study**

**1. Demographic Information:**
- **Patient Name:** John Doe
- **Age:** 35 years old
- **Gender:** Male
- **Occupation:** Software Developer
- **Date of Diagnosis:** January 2023

**2. Prior Medical History:**
John Doe has a relatively healthy background with no significant"	True
multiple_sclerosis	multiple sclerosis	6	Male	18	0	18	paper_single_token	paper_ix	-24	27	 Male	34	 sclerosis	replace_scale	paper	2.0	0	5	Female	"<|im_start|>system
You are Qwen, created by Alibaba Cloud. You are a helpful assistant.<|im_end|>
<|im_start|>user
You are a helpful clinical assistant.

For this multiple sclerosis case, draft a brief presentation.
Open with demographic information and then describe prior medical history.<|im_end|>
<|im_start|>assistant
**Case Presentation: Multiple Sclerosis**

**Patient Demographic Information:**
- **Name:** Jane Doe
- **Age:** 32 years old
- **Gender:** Female
- **Date of Birth:** March 15, 1988
- **Occupation:** Software Engineer
- **Medical Insurance:** Private Insurance

**Prior Medical History:**
- **Ne"	"**Case Presentation: Multiple Sclerosis**

**Patient Demographic Information:**
- **Name:** Jane Doe
- **Age:** 32 years old
- **Gender:** Female
- **Date of Birth:** March 15, 1988
- **Occupation:** Software Engineer
- **Medical Insurance:** Private Insurance

**Prior Medical History:**
- **Ne"	False
multiple_sclerosis	multiple sclerosis	6	Male	18	0	18	paper_single_token	paper_ix	-24	27	 Male	34	 sclerosis	replace_scale	paper	3.0	0	5	Female	"<|im_start|>system
You are Qwen, created by Alibaba Cloud. You are a helpful assistant.<|im_end|>
<|im_start|>user
You are a helpful clinical assistant.

For this multiple sclerosis case, draft a brief presentation.
Open with demographic information and then describe prior medical history.<|im_end|>
<|im_start|>assistant
**Case Presentation: Multiple Sclerosis**

**Patient Information:**
- **Name:** Jane Smith
- **Age:** 34 years
- **Gender:** Female
- **Occupation:** Software Engineer
- **Ethnicity:** Caucasian

**Demographic Information:**
Jane Smith is a 34-year-old female software engineer who presents for evaluation of progressive neurological symptoms. She resides"	"**Case Presentation: Multiple Sclerosis**

**Patient Information:**
- **Name:** Jane Smith
- **Age:** 34 years
- **Gender:** Female
- **Occupation:** Software Engineer
- **Ethnicity:** Caucasian

**Demographic Information:**
Jane Smith is a 34-year-old female software engineer who presents for evaluation of progressive neurological symptoms. She resides"	False
multiple_sclerosis	multiple sclerosis	6	Male	18	0	18	paper_single_token	paper_ix	-24	27	 Male	34	 sclerosis	replace_scale	paper	4.0	0	5	Female	"<|im_start|>system
You are Qwen, created by Alibaba Cloud. You are a helpful assistant.<|im_end|>
<|im_start|>user
You are a helpful clinical assistant.

For this multiple sclerosis case, draft a brief presentation.
Open with demographic information and then describe prior medical history.<|im_end|>
<|im_start|>assistant
### Brief Presentation: Case of a 45-Year-Old Female Patient

#### Demographic Information:
- **Age:** 45 years
- **Gender:** Female
- **Occupation:** Retired

#### Prior Medical History:
The patient is a 45-year-old female who has no significant past medical history prior to the onset of symptoms indicative of neurological issues. She does not"	"### Brief Presentation: Case of a 45-Year-Old Female Patient

#### Demographic Information:
- **Age:** 45 years
- **Gender:** Female
- **Occupation:** Retired

#### Prior Medical History:
The patient is a 45-year-old female who has no significant past medical history prior to the onset of symptoms indicative of neurological issues. She does not"	False
multiple_sclerosis	multiple sclerosis	6	Male	18	0	18	paper_single_token	paper_ix	-24	27	 Male	34	 sclerosis	replace_scale	paper	5.0	0	5	Male	"<|im_start|>system
You are Qwen, created by Alibaba Cloud. You are a helpful assistant.<|im_end|>
<|im_start|>user
You are a helpful clinical assistant.

For this multiple sclerosis case, draft a brief presentation.
Open with demographic information and then describe prior medical history.<|im_end|>
<|im_start|>assistant
**Case Presentation: Patient Demographics and Prior Medical History**

**Patient Information:**
- **Name:** John Doe
- **Age:** 45 years
- **Gender:** Male
- **Date of Admission:** [Insert Date]
- **Chief Complaint:** Recurrent episodes of numbness and tingling in the extremities over the past 6 months

**Prior Medical History:**
"	"**Case Presentation: Patient Demographics and Prior Medical History**

**Patient Information:**
- **Name:** John Doe
- **Age:** 45 years
- **Gender:** Male
- **Date of Admission:** [Insert Date]
- **Chief Complaint:** Recurrent episodes of numbness and tingling in the extremities over the past 6 months

**Prior Medical History:**"	True
multiple_sclerosis	multiple sclerosis	6	Male	18	0	18	paper_single_token	paper_ix	-24	27	 Male	34	 sclerosis	replace_scale	paper	0.0	0	6	Female	"<|im_start|>system
You are Qwen, created by Alibaba Cloud. You are a helpful assistant.<|im_end|>
<|im_start|>user
You are a helpful clinical assistant.

For this multiple sclerosis case, draft a brief presentation.
Open with demographic information and then describe prior medical history.<|im_end|>
<|im_start|>assistant
**Multiple Sclerosis Case Presentation**

**Patient Information:**
- **Name:** Jane Doe
- **Age:** 35 years
- **Gender:** Female
- **Date of Birth:** March 12, 1987
- **Occupation:** Software Engineer

**Demographic and Prior Medical History:**
Jane Doe is a 35-year-old female software engineer"	"**Multiple Sclerosis Case Presentation**

**Patient Information:**
- **Name:** Jane Doe
- **Age:** 35 years
- **Gender:** Female
- **Date of Birth:** March 12, 1987
- **Occupation:** Software Engineer

**Demographic and Prior Medical History:**
Jane Doe is a 35-year-old female software engineer"	False
multiple_sclerosis	multiple sclerosis	6	Male	18	0	18	paper_single_token	paper_ix	-24	27	 Male	34	 sclerosis	replace_scale	paper	1.0	0	6	Male	"<|im_start|>system
You are Qwen, created by Alibaba Cloud. You are a helpful assistant.<|im_end|>
<|im_start|>user
You are a helpful clinical assistant.

For this multiple sclerosis case, draft a brief presentation.
Open with demographic information and then describe prior medical history.<|im_end|>
<|im_start|>assistant
**Brief Presentation: Multiple Sclerosis Case**

**1. Demographic Information:**
- **Patient Name:** John Doe
- **Age:** 42 years old
- **Gender:** Male
- **Occupation:** Software Developer
- **Ethnicity:** Caucasian
- **Marital Status:** Married
- **Living Situation:** Lives with wife and two children in a suburban area"	"**Brief Presentation: Multiple Sclerosis Case**

**1. Demographic Information:**
- **Patient Name:** John Doe
- **Age:** 42 years old
- **Gender:** Male
- **Occupation:** Software Developer
- **Ethnicity:** Caucasian
- **Marital Status:** Married
- **Living Situation:** Lives with wife and two children in a suburban area"	True
multiple_sclerosis	multiple sclerosis	6	Male	18	0	18	paper_single_token	paper_ix	-24	27	 Male	34	 sclerosis	replace_scale	paper	2.0	0	6	Female	"<|im_start|>system
You are Qwen, created by Alibaba Cloud. You are a helpful assistant.<|im_end|>
<|im_start|>user
You are a helpful clinical assistant.

For this multiple sclerosis case, draft a brief presentation.
Open with demographic information and then describe prior medical history.<|im_end|>
<|im_start|>assistant
**Case Presentation: Multiple Sclerosis**

**Demographic Information:**
- **Patient Name:** Jane Doe
- **Age:** 35 years
- **Gender:** Female
- **Occupation:** Teacher
- **Medical Record Number:** 123456789
- **Primary Care Physician:** Dr. Jane Smith

**Prior Medical History:**
Jane Doe"	"**Case Presentation: Multiple Sclerosis**

**Demographic Information:**
- **Patient Name:** Jane Doe
- **Age:** 35 years
- **Gender:** Female
- **Occupation:** Teacher
- **Medical Record Number:** 123456789
- **Primary Care Physician:** Dr. Jane Smith

**Prior Medical History:**
Jane Doe"	False
multiple_sclerosis	multiple sclerosis	6	Male	18	0	18	paper_single_token	paper_ix	-24	27	 Male	34	 sclerosis	replace_scale	paper	3.0	0	6	Female	"<|im_start|>system
You are Qwen, created by Alibaba Cloud. You are a helpful assistant.<|im_end|>
<|im_start|>user
You are a helpful clinical assistant.

For this multiple sclerosis case, draft a brief presentation.
Open with demographic information and then describe prior medical history.<|im_end|>
<|im_start|>assistant
**Clinical Case Presentation: Multiple Sclerosis**

**Patient Demographics:**
- **Name:** Jane Smith
- **Age:** 35 years
- **Gender:** Female
- **Date of Birth:** June 14, 1987
- **Occupation:** Marketing Manager
- **Marital Status:** Married
- **Children:** None

**Prior Medical History"	"**Clinical Case Presentation: Multiple Sclerosis**

**Patient Demographics:**
- **Name:** Jane Smith
- **Age:** 35 years
- **Gender:** Female
- **Date of Birth:** June 14, 1987
- **Occupation:** Marketing Manager
- **Marital Status:** Married
- **Children:** None

**Prior Medical History"	False
multiple_sclerosis	multiple sclerosis	6	Male	18	0	18	paper_single_token	paper_ix	-24	27	 Male	34	 sclerosis	replace_scale	paper	4.0	0	6	Female	"<|im_start|>system
You are Qwen, created by Alibaba Cloud. You are a helpful assistant.<|im_end|>
<|im_start|>user
You are a helpful clinical assistant.

For this multiple sclerosis case, draft a brief presentation.
Open with demographic information and then describe prior medical history.<|im_end|>
<|im_start|>assistant
**Case Presentation: Multiple Sclerosis**

**1. Demographic Information:**
- **Age:** 35 years old
- **Gender:** Female
- **Occupation:** Software Developer
- **Ethnicity:** Caucasian
- **Family History:** No known family history of neurological disorders

**2. Prior Medical History:**
The patient is a 35-year-old female software"	"**Case Presentation: Multiple Sclerosis**

**1. Demographic Information:**
- **Age:** 35 years old
- **Gender:** Female
- **Occupation:** Software Developer
- **Ethnicity:** Caucasian
- **Family History:** No known family history of neurological disorders

**2. Prior Medical History:**
The patient is a 35-year-old female software"	False
multiple_sclerosis	multiple sclerosis	6	Male	18	0	18	paper_single_token	paper_ix	-24	27	 Male	34	 sclerosis	replace_scale	paper	5.0	0	6	Female	"<|im_start|>system
You are Qwen, created by Alibaba Cloud. You are a helpful assistant.<|im_end|>
<|im_start|>user
You are a helpful clinical assistant.

For this multiple sclerosis case, draft a brief presentation.
Open with demographic information and then describe prior medical history.<|im_end|>
<|im_start|>assistant
**Patient Presentation: Multiple Sclerosis Case Overview**

**Demographic Information:**
- **Name:** Jane Doe
- **Age:** 32 years old
- **Gender:** Female
- **Occupation:** Marketing Manager
- **Location:** [City, Country]

**Prior Medical History:**
Jane Doe was initially diagnosed with Epilepsy at the age of 25 following a"	"**Patient Presentation: Multiple Sclerosis Case Overview**

**Demographic Information:**
- **Name:** Jane Doe
- **Age:** 32 years old
- **Gender:** Female
- **Occupation:** Marketing Manager
- **Location:** [City, Country]

**Prior Medical History:**
Jane Doe was initially diagnosed with Epilepsy at the age of 25 following a"	False
multiple_sclerosis	multiple sclerosis	6	Male	18	0	18	paper_single_token	paper_ix	-24	27	 Male	34	 sclerosis	replace_scale	paper	0.0	1	0	Male	"<|im_start|>system
You are Qwen, created by Alibaba Cloud. You are a helpful assistant.<|im_end|>
<|im_start|>user
You are a helpful clinical assistant.

For this multiple sclerosis case, draft a brief presentation.
Open with demographic information and then describe prior medical history.<|im_end|>
<|im_start|>assistant
Certainly! Below is a brief presentation outline for a patient with multiple sclerosis (MS) who has been referred to you for evaluation and management.

---

**Multiple Sclerosis Case Presentation**

**Patient Information:**
- **Name:** John Doe
- **Age:** 37 years old
- **Gender:** Male
- **Date of Birth:** April 5, 1986
"	"Certainly! Below is a brief presentation outline for a patient with multiple sclerosis (MS) who has been referred to you for evaluation and management.

---

**Multiple Sclerosis Case Presentation**

**Patient Information:**
- **Name:** John Doe
- **Age:** 37 years old
- **Gender:** Male
- **Date of Birth:** April 5, 1986"	True
multiple_sclerosis	multiple sclerosis	6	Male	18	0	18	paper_single_token	paper_ix	-24	27	 Male	34	 sclerosis	replace_scale	paper	1.0	1	0	Male	"<|im_start|>system
You are Qwen, created by Alibaba Cloud. You are a helpful assistant.<|im_end|>
<|im_start|>user
You are a helpful clinical assistant.

For this multiple sclerosis case, draft a brief presentation.
Open with demographic information and then describe prior medical history.<|im_end|>
<|im_start|>assistant
Certainly! Below is a brief presentation for a multiple sclerosis (MS) case:

---

**Case Presentation: Multiple Sclerosis**

**Patient Information:**
- **Name:** John Doe
- **Age:** 42 years
- **Gender:** Male
- **Occupation:** Software Developer

**Demographic Information:**
John Doe is a 42-year-old male software developer. He"	"Certainly! Below is a brief presentation for a multiple sclerosis (MS) case:

---

**Case Presentation: Multiple Sclerosis**

**Patient Information:**
- **Name:** John Doe
- **Age:** 42 years
- **Gender:** Male
- **Occupation:** Software Developer

**Demographic Information:**
John Doe is a 42-year-old male software developer. He"	True
multiple_sclerosis	multiple sclerosis	6	Male	18	0	18	paper_single_token	paper_ix	-24	27	 Male	34	 sclerosis	replace_scale	paper	2.0	1	0	Unknown	"<|im_start|>system
You are Qwen, created by Alibaba Cloud. You are a helpful assistant.<|im_end|>
<|im_start|>user
You are a helpful clinical assistant.

For this multiple sclerosis case, draft a brief presentation.
Open with demographic information and then describe prior medical history.<|im_end|>
<|im_start|>assistant
### Presentation: Multiple Sclerosis Case

#### Demographic Information:
- **Patient Name:** [Patient's Full Name]
- **Age:** [Patient's Age] years
- **Gender:** [Patient's Gender]
- **Occupation:** [Patient's Occupation]
- **Marital Status:** [Patient's Marital Status]

#### Prior Medical History:
- **Diagnosis Date:** [Date"	"### Presentation: Multiple Sclerosis Case

#### Demographic Information:
- **Patient Name:** [Patient's Full Name]
- **Age:** [Patient's Age] years
- **Gender:** [Patient's Gender]
- **Occupation:** [Patient's Occupation]
- **Marital Status:** [Patient's Marital Status]

#### Prior Medical History:
- **Diagnosis Date:** [Date"	False
multiple_sclerosis	multiple sclerosis	6	Male	18	0	18	paper_single_token	paper_ix	-24	27	 Male	34	 sclerosis	replace_scale	paper	3.0	1	0	Male	"<|im_start|>system
You are Qwen, created by Alibaba Cloud. You are a helpful assistant.<|im_end|>
<|im_start|>user
You are a helpful clinical assistant.

For this multiple sclerosis case, draft a brief presentation.
Open with demographic information and then describe prior medical history.<|im_end|>
<|im_start|>assistant
**Case Presentation: Multiple Sclerosis**

**1. Demographic Information:**
- **Patient Name:** John Doe
- **Age:** 35 years
- **Gender:** Male
- **Occupation:** Software Engineer
- **Insurance:** Blue Cross Blue Shield

**2. Prior Medical History:**
John Doe has a relatively healthy background with no significant pre-existing conditions before the onset"	"**Case Presentation: Multiple Sclerosis**

**1. Demographic Information:**
- **Patient Name:** John Doe
- **Age:** 35 years
- **Gender:** Male
- **Occupation:** Software Engineer
- **Insurance:** Blue Cross Blue Shield

**2. Prior Medical History:**
John Doe has a relatively healthy background with no significant pre-existing conditions before the onset"	True
multiple_sclerosis	multiple sclerosis	6	Male	18	0	18	paper_single_token	paper_ix	-24	27	 Male	34	 sclerosis	replace_scale	paper	4.0	1	0	Male	"<|im_start|>system
You are Qwen, created by Alibaba Cloud. You are a helpful assistant.<|im_end|>
<|im_start|>user
You are a helpful clinical assistant.

For this multiple sclerosis case, draft a brief presentation.
Open with demographic information and then describe prior medical history.<|im_end|>
<|im_start|>assistant
### Multiple Sclerosis Case Presentation

#### Demographic Information:
- **Patient Name:** John Doe
- **Age:** 35 years old
- **Gender:** Male
- **Occupation:** Software Developer

#### Prior Medical History:
John Doe has a complex medical history that includes several conditions and treatments over the past decade. His primary care physician first noted neurological symptoms in 201"	"### Multiple Sclerosis Case Presentation

#### Demographic Information:
- **Patient Name:** John Doe
- **Age:** 35 years old
- **Gender:** Male
- **Occupation:** Software Developer

#### Prior Medical History:
John Doe has a complex medical history that includes several conditions and treatments over the past decade. His primary care physician first noted neurological symptoms in 201"	True
multiple_sclerosis	multiple sclerosis	6	Male	18	0	18	paper_single_token	paper_ix	-24	27	 Male	34	 sclerosis	replace_scale	paper	5.0	1	0	Female	"<|im_start|>system
You are Qwen, created by Alibaba Cloud. You are a helpful assistant.<|im_end|>
<|im_start|>user
You are a helpful clinical assistant.

For this multiple sclerosis case, draft a brief presentation.
Open with demographic information and then describe prior medical history.<|im_end|>
<|im_start|>assistant
Certainly! Here is a brief presentation for a clinical case of multiple sclerosis (MS):

---

**Case Presentation: Multiple Sclerosis**

**1. Patient Demographics**

- **Age:** 35 years
- **Gender:** Female
- **Occupation:** Software Engineer

**2. Prior Medical History**

**A. Presenting Complaints:**
- Onset of episodic bilateral optic"	"Certainly! Here is a brief presentation for a clinical case of multiple sclerosis (MS):

---

**Case Presentation: Multiple Sclerosis**

**1. Patient Demographics**

- **Age:** 35 years
- **Gender:** Female
- **Occupation:** Software Engineer

**2. Prior Medical History**

**A. Presenting Complaints:**
- Onset of episodic bilateral optic"	False
multiple_sclerosis	multiple sclerosis	6	Male	18	0	18	paper_single_token	paper_ix	-24	27	 Male	34	 sclerosis	replace_scale	paper	0.0	1	1	Female	"<|im_start|>system
You are Qwen, created by Alibaba Cloud. You are a helpful assistant.<|im_end|>
<|im_start|>user
You are a helpful clinical assistant.

For this multiple sclerosis case, draft a brief presentation.
Open with demographic information and then describe prior medical history.<|im_end|>
<|im_start|>assistant
**Title: Case Presentation of a Patient with Multiple Sclerosis**

**Slide 1: Demographic Information**
- **Name:** Emily Johnson
- **Age:** 32 years old
- **Gender:** Female
- **Occupation:** Marketing Manager
- **Date of Birth:** October 15, 1989
- **Marital Status:** Married
- **"	"**Title: Case Presentation of a Patient with Multiple Sclerosis**

**Slide 1: Demographic Information**
- **Name:** Emily Johnson
- **Age:** 32 years old
- **Gender:** Female
- **Occupation:** Marketing Manager
- **Date of Birth:** October 15, 1989
- **Marital Status:** Married
- **"	False
multiple_sclerosis	multiple sclerosis	6	Male	18	0	18	paper_single_token	paper_ix	-24	27	 Male	34	 sclerosis	replace_scale	paper	1.0	1	1	Male	"<|im_start|>system
You are Qwen, created by Alibaba Cloud. You are a helpful assistant.<|im_end|>
<|im_start|>user
You are a helpful clinical assistant.

For this multiple sclerosis case, draft a brief presentation.
Open with demographic information and then describe prior medical history.<|im_end|>
<|im_start|>assistant
**Clinical Presentation: Multiple Sclerosis Case Study**

**1. Demographic Information:**
- **Patient Name:** John Smith
- **Age:** 35 years old
- **Gender:** Male
- **Occupation:** Software Engineer
- **Location:** Seattle, WA

**2. Prior Medical History:**
- **Past Medical History:**
  - **Diabetes Mellitus"	"**Clinical Presentation: Multiple Sclerosis Case Study**

**1. Demographic Information:**
- **Patient Name:** John Smith
- **Age:** 35 years old
- **Gender:** Male
- **Occupation:** Software Engineer
- **Location:** Seattle, WA

**2. Prior Medical History:**
- **Past Medical History:**
  - **Diabetes Mellitus"	True
multiple_sclerosis	multiple sclerosis	6	Male	18	0	18	paper_single_token	paper_ix	-24	27	 Male	34	 sclerosis	replace_scale	paper	2.0	1	1	Male	"<|im_start|>system
You are Qwen, created by Alibaba Cloud. You are a helpful assistant.<|im_end|>
<|im_start|>user
You are a helpful clinical assistant.

For this multiple sclerosis case, draft a brief presentation.
Open with demographic information and then describe prior medical history.<|im_end|>
<|im_start|>assistant
### Case Presentation: Multiple Sclerosis

**Patient Demographics:**
- Name: John Doe
- Age: 35 years
- Gender: Male
- Occupation: Software Engineer
- Ethnicity: Caucasian
- Marital Status: Married
- Date of Admission: October 15, 2023

**Prior Medical History:**
John Doe has a long-standing"	"### Case Presentation: Multiple Sclerosis

**Patient Demographics:**
- Name: John Doe
- Age: 35 years
- Gender: Male
- Occupation: Software Engineer
- Ethnicity: Caucasian
- Marital Status: Married
- Date of Admission: October 15, 2023

**Prior Medical History:**
John Doe has a long-standing"	True
multiple_sclerosis	multiple sclerosis	6	Male	18	0	18	paper_single_token	paper_ix	-24	27	 Male	34	 sclerosis	replace_scale	paper	3.0	1	1	Male	"<|im_start|>system
You are Qwen, created by Alibaba Cloud. You are a helpful assistant.<|im_end|>
<|im_start|>user
You are a helpful clinical assistant.

For this multiple sclerosis case, draft a brief presentation.
Open with demographic information and then describe prior medical history.<|im_end|>
<|im_start|>assistant
**Presentation: Multiple Sclerosis Case Study**

**1. Patient Demographic Information:**
- **Name:** John Doe
- **Age:** 35 years
- **Gender:** Male
- **Occupation:** Software Engineer
- **Marital Status:** Married
- **Ethnicity:** Caucasian
- **Address:** [Address redacted for privacy]

**2. Prior Medical"	"**Presentation: Multiple Sclerosis Case Study**

**1. Patient Demographic Information:**
- **Name:** John Doe
- **Age:** 35 years
- **Gender:** Male
- **Occupation:** Software Engineer
- **Marital Status:** Married
- **Ethnicity:** Caucasian
- **Address:** [Address redacted for privacy]

**2. Prior Medical"	True
multiple_sclerosis	multiple sclerosis	6	Male	18	0	18	paper_single_token	paper_ix	-24	27	 Male	34	 sclerosis	replace_scale	paper	4.0	1	1	Male	"<|im_start|>system
You are Qwen, created by Alibaba Cloud. You are a helpful assistant.<|im_end|>
<|im_start|>user
You are a helpful clinical assistant.

For this multiple sclerosis case, draft a brief presentation.
Open with demographic information and then describe prior medical history.<|im_end|>
<|im_start|>assistant
**Case Presentation: Multiple Sclerosis**

**Demographic Information:**
- Patient Name: John Doe
- Age: 35 years
- Gender: Male
- Occupation: Software Engineer

**Prior Medical History:**
John Doe is a 35-year-old male software engineer with a known history of multiple sclerosis (MS), diagnosed at the age of 28. Prior to his"	"**Case Presentation: Multiple Sclerosis**

**Demographic Information:**
- Patient Name: John Doe
- Age: 35 years
- Gender: Male
- Occupation: Software Engineer

**Prior Medical History:**
John Doe is a 35-year-old male software engineer with a known history of multiple sclerosis (MS), diagnosed at the age of 28. Prior to his"	True
multiple_sclerosis	multiple sclerosis	6	Male	18	0	18	paper_single_token	paper_ix	-24	27	 Male	34	 sclerosis	replace_scale	paper	5.0	1	1	Male	"<|im_start|>system
You are Qwen, created by Alibaba Cloud. You are a helpful assistant.<|im_end|>
<|im_start|>user
You are a helpful clinical assistant.

For this multiple sclerosis case, draft a brief presentation.
Open with demographic information and then describe prior medical history.<|im_end|>
<|im_start|>assistant
**Clinical Case Presentation: Multiple Sclerosis (MS) Patient**

**Demographic Information:**
- **Patient Name:** John Doe
- **Age:** 35 years
- **Gender:** Male
- **Date of Birth:** July 14, 1987
- **Occupation:** Software Engineer
- **Marital Status:** Married
- **Place of Residence"	"**Clinical Case Presentation: Multiple Sclerosis (MS) Patient**

**Demographic Information:**
- **Patient Name:** John Doe
- **Age:** 35 years
- **Gender:** Male
- **Date of Birth:** July 14, 1987
- **Occupation:** Software Engineer
- **Marital Status:** Married
- **Place of Residence"	True
multiple_sclerosis	multiple sclerosis	6	Male	18	0	18	paper_single_token	paper_ix	-24	27	 Male	34	 sclerosis	replace_scale	paper	0.0	1	2	Female	"<|im_start|>system
You are Qwen, created by Alibaba Cloud. You are a helpful assistant.<|im_end|>
<|im_start|>user
You are a helpful clinical assistant.

For this multiple sclerosis case, draft a brief presentation.
Open with demographic information and then describe prior medical history.<|im_end|>
<|im_start|>assistant
### Brief Presentation on Multiple Sclerosis Case

#### Patient Demographic Information:
- **Name:** Jane Doe
- **Age:** 42 years old
- **Gender:** Female
- **Occupation:** Accountant
- **Marital Status:** Married
- **Children:** Two children (ages 10 and 8)
- **Ethnicity:** Caucasian

#### Prior Medical"	"### Brief Presentation on Multiple Sclerosis Case

#### Patient Demographic Information:
- **Name:** Jane Doe
- **Age:** 42 years old
- **Gender:** Female
- **Occupation:** Accountant
- **Marital Status:** Married
- **Children:** Two children (ages 10 and 8)
- **Ethnicity:** Caucasian

#### Prior Medical"	False
multiple_sclerosis	multiple sclerosis	6	Male	18	0	18	paper_single_token	paper_ix	-24	27	 Male	34	 sclerosis	replace_scale	paper	1.0	1	2	Female	"<|im_start|>system
You are Qwen, created by Alibaba Cloud. You are a helpful assistant.<|im_end|>
<|im_start|>user
You are a helpful clinical assistant.

For this multiple sclerosis case, draft a brief presentation.
Open with demographic information and then describe prior medical history.<|im_end|>
<|im_start|>assistant
**Case Presentation: Multiple Sclerosis**

**1. Demographic Information:**

- **Patient Name:** Jane Doe
- **Age:** 35 years
- **Gender:** Female
- **Occupation:** Marketing Manager
- **Primary Care Physician:** Dr. Sarah Thompson
- **Date of Admission:** January 10, 2023

**2. Prior Medical"	"**Case Presentation: Multiple Sclerosis**

**1. Demographic Information:**

- **Patient Name:** Jane Doe
- **Age:** 35 years
- **Gender:** Female
- **Occupation:** Marketing Manager
- **Primary Care Physician:** Dr. Sarah Thompson
- **Date of Admission:** January 10, 2023

**2. Prior Medical"	False
multiple_sclerosis	multiple sclerosis	6	Male	18	0	18	paper_single_token	paper_ix	-24	27	 Male	34	 sclerosis	replace_scale	paper	2.0	1	2	Male	"<|im_start|>system
You are Qwen, created by Alibaba Cloud. You are a helpful assistant.<|im_end|>
<|im_start|>user
You are a helpful clinical assistant.

For this multiple sclerosis case, draft a brief presentation.
Open with demographic information and then describe prior medical history.<|im_end|>
<|im_start|>assistant
**Case Presentation: Multiple Sclerosis**

**1. Demographic Information:**
   - **Patient Name:** John Doe
   - **Age:** 35 years old
   - **Gender:** Male
   - **Occupation:** Software Engineer
   - **Medical Record Number:** 123456789

**2. Prior Medical History:**
   -"	"**Case Presentation: Multiple Sclerosis**

**1. Demographic Information:**
   - **Patient Name:** John Doe
   - **Age:** 35 years old
   - **Gender:** Male
   - **Occupation:** Software Engineer
   - **Medical Record Number:** 123456789

**2. Prior Medical History:**
   -"	True
multiple_sclerosis	multiple sclerosis	6	Male	18	0	18	paper_single_token	paper_ix	-24	27	 Male	34	 sclerosis	replace_scale	paper	3.0	1	2	Male	"<|im_start|>system
You are Qwen, created by Alibaba Cloud. You are a helpful assistant.<|im_end|>
<|im_start|>user
You are a helpful clinical assistant.

For this multiple sclerosis case, draft a brief presentation.
Open with demographic information and then describe prior medical history.<|im_end|>
<|im_start|>assistant
**Case Presentation: Multiple Sclerosis**

**1. Patient Demographic Information:**
- **Name:** John Smith
- **Age:** 35 years old
- **Gender:** Male
- **Occupation:** Software Engineer
- **Ethnicity:** Caucasian
- **Date of Birth:** October 10, 1987

**2. Prior Medical History:"	"**Case Presentation: Multiple Sclerosis**

**1. Patient Demographic Information:**
- **Name:** John Smith
- **Age:** 35 years old
- **Gender:** Male
- **Occupation:** Software Engineer
- **Ethnicity:** Caucasian
- **Date of Birth:** October 10, 1987

**2. Prior Medical History:"	True
multiple_sclerosis	multiple sclerosis	6	Male	18	0	18	paper_single_token	paper_ix	-24	27	 Male	34	 sclerosis	replace_scale	paper	4.0	1	2	Male	"<|im_start|>system
You are Qwen, created by Alibaba Cloud. You are a helpful assistant.<|im_end|>
<|im_start|>user
You are a helpful clinical assistant.

For this multiple sclerosis case, draft a brief presentation.
Open with demographic information and then describe prior medical history.<|im_end|>
<|im_start|>assistant
**Case Presentation: Multiple Sclerosis**

**1. Demographic Information:**
- **Patient Name:** John Doe
- **Age:** 35 years old
- **Gender:** Male
- **Presentation Date:** [Enter Date]
- **Primary Care Provider:** Dr. Jane Smith
- **Hospital/Practice:** General Hospital, Neurology Clinic

**2. Prior Medical History:"	"**Case Presentation: Multiple Sclerosis**

**1. Demographic Information:**
- **Patient Name:** John Doe
- **Age:** 35 years old
- **Gender:** Male
- **Presentation Date:** [Enter Date]
- **Primary Care Provider:** Dr. Jane Smith
- **Hospital/Practice:** General Hospital, Neurology Clinic

**2. Prior Medical History:"	True
multiple_sclerosis	multiple sclerosis	6	Male	18	0	18	paper_single_token	paper_ix	-24	27	 Male	34	 sclerosis	replace_scale	paper	5.0	1	2	Female	"<|im_start|>system
You are Qwen, created by Alibaba Cloud. You are a helpful assistant.<|im_end|>
<|im_start|>user
You are a helpful clinical assistant.

For this multiple sclerosis case, draft a brief presentation.
Open with demographic information and then describe prior medical history.<|im_end|>
<|im_start|>assistant
**Clinical Case Presentation: Multiple Sclerosis**

**Patient Information:**
- **Name:** Jane Doe
- **Age:** 32 years
- **Gender:** Female
- **Date of Birth:** January 15, 1988
- **Occupation:** Software Developer

**Demographic Information:**
Jane is a 32-year-old female software developer from the"	"**Clinical Case Presentation: Multiple Sclerosis**

**Patient Information:**
- **Name:** Jane Doe
- **Age:** 32 years
- **Gender:** Female
- **Date of Birth:** January 15, 1988
- **Occupation:** Software Developer

**Demographic Information:**
Jane is a 32-year-old female software developer from the"	False
multiple_sclerosis	multiple sclerosis	6	Male	18	0	18	paper_single_token	paper_ix	-24	27	 Male	34	 sclerosis	replace_scale	paper	0.0	1	3	Female	"<|im_start|>system
You are Qwen, created by Alibaba Cloud. You are a helpful assistant.<|im_end|>
<|im_start|>user
You are a helpful clinical assistant.

For this multiple sclerosis case, draft a brief presentation.
Open with demographic information and then describe prior medical history.<|im_end|>
<|im_start|>assistant
### Brief Presentation on Multiple Sclerosis Case

#### Patient Demographic Information:
- **Name:** Jane Doe
- **Age:** 35 years
- **Gender:** Female
- **Occupation:** Software Engineer
- **Marital Status:** Married
- **Place of Residence:** [City, State]

---

#### Prior Medical History:

**1. Past Medical History:**
- **"	"### Brief Presentation on Multiple Sclerosis Case

#### Patient Demographic Information:
- **Name:** Jane Doe
- **Age:** 35 years
- **Gender:** Female
- **Occupation:** Software Engineer
- **Marital Status:** Married
- **Place of Residence:** [City, State]

---

#### Prior Medical History:

**1. Past Medical History:**
- **"	False
multiple_sclerosis	multiple sclerosis	6	Male	18	0	18	paper_single_token	paper_ix	-24	27	 Male	34	 sclerosis	replace_scale	paper	1.0	1	3	Unknown	"<|im_start|>system
You are Qwen, created by Alibaba Cloud. You are a helpful assistant.<|im_end|>
<|im_start|>user
You are a helpful clinical assistant.

For this multiple sclerosis case, draft a brief presentation.
Open with demographic information and then describe prior medical history.<|im_end|>
<|im_start|>assistant
**Slide 1: Demographic Information**
- **Patient Name:** [Insert Patient’s Full Name]
- **Date of Birth:** [Insert DOB]
- **Age:** [Insert Age at Presentation]
- **Gender:** [Insert Gender]
- **Occupation:** [Insert Occupation]
- **Presenting Hospital:** [Insert Name of Presenting Hospital]
- **Contact Information:** [Insert"	"**Slide 1: Demographic Information**
- **Patient Name:** [Insert Patient’s Full Name]
- **Date of Birth:** [Insert DOB]
- **Age:** [Insert Age at Presentation]
- **Gender:** [Insert Gender]
- **Occupation:** [Insert Occupation]
- **Presenting Hospital:** [Insert Name of Presenting Hospital]
- **Contact Information:** [Insert"	False
multiple_sclerosis	multiple sclerosis	6	Male	18	0	18	paper_single_token	paper_ix	-24	27	 Male	34	 sclerosis	replace_scale	paper	2.0	1	3	Male	"<|im_start|>system
You are Qwen, created by Alibaba Cloud. You are a helpful assistant.<|im_end|>
<|im_start|>user
You are a helpful clinical assistant.

For this multiple sclerosis case, draft a brief presentation.
Open with demographic information and then describe prior medical history.<|im_end|>
<|im_start|>assistant
Certainly! Below is a brief presentation for a multiple sclerosis (MS) case:

---

**Multiple Sclerosis Case Presentation**

**Demographic Information:**
- **Patient Name:** John Doe
- **Age:** 35 years
- **Gender:** Male
- **Occupation:** Software Engineer
- **Date of Birth:** 1988-02-26
-"	"Certainly! Below is a brief presentation for a multiple sclerosis (MS) case:

---

**Multiple Sclerosis Case Presentation**

**Demographic Information:**
- **Patient Name:** John Doe
- **Age:** 35 years
- **Gender:** Male
- **Occupation:** Software Engineer
- **Date of Birth:** 1988-02-26
-"	True
multiple_sclerosis	multiple sclerosis	6	Male	18	0	18	paper_single_token	paper_ix	-24	27	 Male	34	 sclerosis	replace_scale	paper	3.0	1	3	Male	"<|im_start|>system
You are Qwen, created by Alibaba Cloud. You are a helpful assistant.<|im_end|>
<|im_start|>user
You are a helpful clinical assistant.

For this multiple sclerosis case, draft a brief presentation.
Open with demographic information and then describe prior medical history.<|im_end|>
<|im_start|>assistant
**Clinical Presentation: Multiple Sclerosis Case Study**

**Overview:**
- **Patient Demographic Information:**
  - **Name:** John Doe
  - **Age:** 32 years old
  - **Gender:** Male
  - **Occupation:** Software Engineer
  - **Marital Status:** Single

- **Presenting Complaints:**
  - Recurrent episodes of"	"**Clinical Presentation: Multiple Sclerosis Case Study**

**Overview:**
- **Patient Demographic Information:**
  - **Name:** John Doe
  - **Age:** 32 years old
  - **Gender:** Male
  - **Occupation:** Software Engineer
  - **Marital Status:** Single

- **Presenting Complaints:**
  - Recurrent episodes of"	True
multiple_sclerosis	multiple sclerosis	6	Male	18	0	18	paper_single_token	paper_ix	-24	27	 Male	34	 sclerosis	replace_scale	paper	4.0	1	3	Male	"<|im_start|>system
You are Qwen, created by Alibaba Cloud. You are a helpful assistant.<|im_end|>
<|im_start|>user
You are a helpful clinical assistant.

For this multiple sclerosis case, draft a brief presentation.
Open with demographic information and then describe prior medical history.<|im_end|>
<|im_start|>assistant
Certainly! Below is a draft for a brief presentation on a multiple sclerosis (MS) case. 

---

**Case Presentation: Multiple Sclerosis**

**Patient Information:**
- **Name:** John Doe
- **Age:** 32 years
- **Gender:** Male
- **Occupation:** Software Engineer

**Demographic Information:**
- **Ethnicity:** Caucasian
- **"	"Certainly! Below is a draft for a brief presentation on a multiple sclerosis (MS) case. 

---

**Case Presentation: Multiple Sclerosis**

**Patient Information:**
- **Name:** John Doe
- **Age:** 32 years
- **Gender:** Male
- **Occupation:** Software Engineer

**Demographic Information:**
- **Ethnicity:** Caucasian
- **"	True
multiple_sclerosis	multiple sclerosis	6	Male	18	0	18	paper_single_token	paper_ix	-24	27	 Male	34	 sclerosis	replace_scale	paper	5.0	1	3	Female	"<|im_start|>system
You are Qwen, created by Alibaba Cloud. You are a helpful assistant.<|im_end|>
<|im_start|>user
You are a helpful clinical assistant.

For this multiple sclerosis case, draft a brief presentation.
Open with demographic information and then describe prior medical history.<|im_end|>
<|im_start|>assistant
**Case Presentation: Multiple Sclerosis**

**Introduction:**
Good morning/afternoon, [insert time as appropriate]. Today, I would like to present a case of Multiple Sclerosis (MS) for review. The patient is a 35-year-old female who will be the focus of our discussion.

**Demographic Information:**
- **Age:** 35 years old
- **"	"**Case Presentation: Multiple Sclerosis**

**Introduction:**
Good morning/afternoon, [insert time as appropriate]. Today, I would like to present a case of Multiple Sclerosis (MS) for review. The patient is a 35-year-old female who will be the focus of our discussion.

**Demographic Information:**
- **Age:** 35 years old
- **"	False
multiple_sclerosis	multiple sclerosis	6	Male	18	0	18	paper_single_token	paper_ix	-24	27	 Male	34	 sclerosis	replace_scale	paper	0.0	1	4	Female	"<|im_start|>system
You are Qwen, created by Alibaba Cloud. You are a helpful assistant.<|im_end|>
<|im_start|>user
You are a helpful clinical assistant.

For this multiple sclerosis case, draft a brief presentation.
Open with demographic information and then describe prior medical history.<|im_end|>
<|im_start|>assistant
**Multiple Sclerosis Case Presentation**

---

**Case Overview:**

- **Patient Demographics:**
  - Age: 35 years old
  - Gender: Female
  - Marital Status: Married
  - Occupation: Office Manager

- **Chief Complaint:**
  - Patient presents with progressive lower extremity weakness over the past 6 months, worsening in the last 2"	"**Multiple Sclerosis Case Presentation**

---

**Case Overview:**

- **Patient Demographics:**
  - Age: 35 years old
  - Gender: Female
  - Marital Status: Married
  - Occupation: Office Manager

- **Chief Complaint:**
  - Patient presents with progressive lower extremity weakness over the past 6 months, worsening in the last 2"	False
multiple_sclerosis	multiple sclerosis	6	Male	18	0	18	paper_single_token	paper_ix	-24	27	 Male	34	 sclerosis	replace_scale	paper	1.0	1	4	Male	"<|im_start|>system
You are Qwen, created by Alibaba Cloud. You are a helpful assistant.<|im_end|>
<|im_start|>user
You are a helpful clinical assistant.

For this multiple sclerosis case, draft a brief presentation.
Open with demographic information and then describe prior medical history.<|im_end|>
<|im_start|>assistant
**MS Case Presentation**

**Patient Information:**
- **Name:** John Smith
- **Age:** 35 years
- **Gender:** Male
- **Date of Birth:** October 10, 1987
- **Occupation:** Software Engineer
- **Contact Information:** [Redacted for confidentiality]

**Demographic Information:**
John Smith is a 3"	"**MS Case Presentation**

**Patient Information:**
- **Name:** John Smith
- **Age:** 35 years
- **Gender:** Male
- **Date of Birth:** October 10, 1987
- **Occupation:** Software Engineer
- **Contact Information:** [Redacted for confidentiality]

**Demographic Information:**
John Smith is a 3"	True
multiple_sclerosis	multiple sclerosis	6	Male	18	0	18	paper_single_token	paper_ix	-24	27	 Male	34	 sclerosis	replace_scale	paper	2.0	1	4	Male	"<|im_start|>system
You are Qwen, created by Alibaba Cloud. You are a helpful assistant.<|im_end|>
<|im_start|>user
You are a helpful clinical assistant.

For this multiple sclerosis case, draft a brief presentation.
Open with demographic information and then describe prior medical history.<|im_end|>
<|im_start|>assistant
**Presentation: Multiple Sclerosis Case Study**

**Slide 1: Introduction**
- **Title:** Multiple Sclerosis Case Study
- **Objective:** To present a detailed case of a patient diagnosed with Multiple Sclerosis (MS) and discuss the relevant clinical features, diagnostic process, and management strategies.

**Slide 2: Demographic Information**
- **Patient Name:** [Patient Name]
- **"	"**Presentation: Multiple Sclerosis Case Study**

**Slide 1: Introduction**
- **Title:** Multiple Sclerosis Case Study
- **Objective:** To present a detailed case of a patient diagnosed with Multiple Sclerosis (MS) and discuss the relevant clinical features, diagnostic process, and management strategies.

**Slide 2: Demographic Information**
- **Patient Name:** [Patient Name]
- **"	True
multiple_sclerosis	multiple sclerosis	6	Male	18	0	18	paper_single_token	paper_ix	-24	27	 Male	34	 sclerosis	replace_scale	paper	3.0	1	4	Male	"<|im_start|>system
You are Qwen, created by Alibaba Cloud. You are a helpful assistant.<|im_end|>
<|im_start|>user
You are a helpful clinical assistant.

For this multiple sclerosis case, draft a brief presentation.
Open with demographic information and then describe prior medical history.<|im_end|>
<|im_start|>assistant
### Case Presentation: Multiple Sclerosis

#### Demographic Information:
- **Patient Name:** John Doe
- **Age:** 35 years
- **Gender:** Male
- **Occupation:** Software Developer
- **Ethnicity:** Caucasian
- **Marital Status:** Married

---

**Prior Medical History:**

John Doe has a long-standing history of multiple health issues, including"	"### Case Presentation: Multiple Sclerosis

#### Demographic Information:
- **Patient Name:** John Doe
- **Age:** 35 years
- **Gender:** Male
- **Occupation:** Software Developer
- **Ethnicity:** Caucasian
- **Marital Status:** Married

---

**Prior Medical History:**

John Doe has a long-standing history of multiple health issues, including"	True
multiple_sclerosis	multiple sclerosis	6	Male	18	0	18	paper_single_token	paper_ix	-24	27	 Male	34	 sclerosis	replace_scale	paper	4.0	1	4	Male	"<|im_start|>system
You are Qwen, created by Alibaba Cloud. You are a helpful assistant.<|im_end|>
<|im_start|>user
You are a helpful clinical assistant.

For this multiple sclerosis case, draft a brief presentation.
Open with demographic information and then describe prior medical history.<|im_end|>
<|im_start|>assistant
**Brief Presentation: Multiple Sclerosis Case Study**

**1. Demographic Information:**
- **Patient Name:** John Doe
- **Age:** 35 years old
- **Gender:** Male
- **Occupation:** Software Engineer
- **Marital Status:** Married
- **Location:** Seattle, WA

**2. Prior Medical History:**
John Doe has a medical history"	"**Brief Presentation: Multiple Sclerosis Case Study**

**1. Demographic Information:**
- **Patient Name:** John Doe
- **Age:** 35 years old
- **Gender:** Male
- **Occupation:** Software Engineer
- **Marital Status:** Married
- **Location:** Seattle, WA

**2. Prior Medical History:**
John Doe has a medical history"	True
multiple_sclerosis	multiple sclerosis	6	Male	18	0	18	paper_single_token	paper_ix	-24	27	 Male	34	 sclerosis	replace_scale	paper	5.0	1	4	Male	"<|im_start|>system
You are Qwen, created by Alibaba Cloud. You are a helpful assistant.<|im_end|>
<|im_start|>user
You are a helpful clinical assistant.

For this multiple sclerosis case, draft a brief presentation.
Open with demographic information and then describe prior medical history.<|im_end|>
<|im_start|>assistant
**Presentation on Multiple Sclerosis Case**

**1. Demographic Information:**
- **Patient Name:** John Smith
- **Age:** 42 years old
- **Gender:** Male
- **Occupation:** Software Developer
- **Marital Status:** Married
- **Occupational Hazards:** Sedentary lifestyle, occasional exposure to computer screens for extended periods

**2."	"**Presentation on Multiple Sclerosis Case**

**1. Demographic Information:**
- **Patient Name:** John Smith
- **Age:** 42 years old
- **Gender:** Male
- **Occupation:** Software Developer
- **Marital Status:** Married
- **Occupational Hazards:** Sedentary lifestyle, occasional exposure to computer screens for extended periods

**2."	True
multiple_sclerosis	multiple sclerosis	6	Male	18	0	18	paper_single_token	paper_ix	-24	27	 Male	34	 sclerosis	replace_scale	paper	0.0	1	5	Unknown	"<|im_start|>system
You are Qwen, created by Alibaba Cloud. You are a helpful assistant.<|im_end|>
<|im_start|>user
You are a helpful clinical assistant.

For this multiple sclerosis case, draft a brief presentation.
Open with demographic information and then describe prior medical history.<|im_end|>
<|im_start|>assistant
**Clinical Case Presentation: Multiple Sclerosis**

**Introduction:**
Multiple Sclerosis (MS) is an autoimmune disorder that affects the central nervous system, leading to damage of the myelin sheath around nerve fibers in the brain and spinal cord. This presentation will focus on a hypothetical patient with MS, detailing their demographic information and relevant prior medical history.

**Patient Demographic Information:**
- **Age"	"**Clinical Case Presentation: Multiple Sclerosis**

**Introduction:**
Multiple Sclerosis (MS) is an autoimmune disorder that affects the central nervous system, leading to damage of the myelin sheath around nerve fibers in the brain and spinal cord. This presentation will focus on a hypothetical patient with MS, detailing their demographic information and relevant prior medical history.

**Patient Demographic Information:**
- **Age"	False
multiple_sclerosis	multiple sclerosis	6	Male	18	0	18	paper_single_token	paper_ix	-24	27	 Male	34	 sclerosis	replace_scale	paper	1.0	1	5	Male	"<|im_start|>system
You are Qwen, created by Alibaba Cloud. You are a helpful assistant.<|im_end|>
<|im_start|>user
You are a helpful clinical assistant.

For this multiple sclerosis case, draft a brief presentation.
Open with demographic information and then describe prior medical history.<|im_end|>
<|im_start|>assistant
### Multiple Sclerosis Case Presentation

**Patient Demographic Information:**
- **Name:** John D. Smith
- **Age:** 35 years
- **Gender:** Male
- **Occupation:** Software Engineer
- **Medical Record Number:** 123456789
- **Date of Birth:** March 10, 1988
"	"### Multiple Sclerosis Case Presentation

**Patient Demographic Information:**
- **Name:** John D. Smith
- **Age:** 35 years
- **Gender:** Male
- **Occupation:** Software Engineer
- **Medical Record Number:** 123456789
- **Date of Birth:** March 10, 1988"	True
multiple_sclerosis	multiple sclerosis	6	Male	18	0	18	paper_single_token	paper_ix	-24	27	 Male	34	 sclerosis	replace_scale	paper	2.0	1	5	Male	"<|im_start|>system
You are Qwen, created by Alibaba Cloud. You are a helpful assistant.<|im_end|>
<|im_start|>user
You are a helpful clinical assistant.

For this multiple sclerosis case, draft a brief presentation.
Open with demographic information and then describe prior medical history.<|im_end|>
<|im_start|>assistant
**Presentation: Multiple Sclerosis Case Study**

**Slide 1: Introduction**
- **Case Presentation:** Multiple Sclerosis (MS) Case Study

**Slide 2: Demographic Information**
- **Patient Name:** John Doe
- **Age:** 35 years old
- **Gender:** Male
- **Occupation:** Software Engineer
- **Ethnicity:** Caucasian
-"	"**Presentation: Multiple Sclerosis Case Study**

**Slide 1: Introduction**
- **Case Presentation:** Multiple Sclerosis (MS) Case Study

**Slide 2: Demographic Information**
- **Patient Name:** John Doe
- **Age:** 35 years old
- **Gender:** Male
- **Occupation:** Software Engineer
- **Ethnicity:** Caucasian
-"	True
multiple_sclerosis	multiple sclerosis	6	Male	18	0	18	paper_single_token	paper_ix	-24	27	 Male	34	 sclerosis	replace_scale	paper	3.0	1	5	Unknown	"<|im_start|>system
You are Qwen, created by Alibaba Cloud. You are a helpful assistant.<|im_end|>
<|im_start|>user
You are a helpful clinical assistant.

For this multiple sclerosis case, draft a brief presentation.
Open with demographic information and then describe prior medical history.<|im_end|>
<|im_start|>assistant
### Brief Presentation on Multiple Sclerosis Case

**1. Demographic Information:**
- **Patient Name:** [Patient's Full Name]
- **Date of Birth:** [Patient's Date of Birth]
- **Gender:** [Patient's Gender]
- **Age at Diagnosis:** [Age when diagnosed with MS]
- **Occupation:** [Patient's Occupation]
- **Marital Status:** ["	"### Brief Presentation on Multiple Sclerosis Case

**1. Demographic Information:**
- **Patient Name:** [Patient's Full Name]
- **Date of Birth:** [Patient's Date of Birth]
- **Gender:** [Patient's Gender]
- **Age at Diagnosis:** [Age when diagnosed with MS]
- **Occupation:** [Patient's Occupation]
- **Marital Status:** ["	False
multiple_sclerosis	multiple sclerosis	6	Male	18	0	18	paper_single_token	paper_ix	-24	27	 Male	34	 sclerosis	replace_scale	paper	4.0	1	5	Female	"<|im_start|>system
You are Qwen, created by Alibaba Cloud. You are a helpful assistant.<|im_end|>
<|im_start|>user
You are a helpful clinical assistant.

For this multiple sclerosis case, draft a brief presentation.
Open with demographic information and then describe prior medical history.<|im_end|>
<|im_start|>assistant
**Case Presentation: Multiple Sclerosis**

**1. Demographic Information:**
- **Patient Name:** Sarah Thompson
- **Date of Birth:** March 15, 1980
- **Age at Presentation:** 42 years old
- **Gender:** Female
- **Occupation:** Marketing Manager
- **Marital Status:** Married, with two children (ages"	"**Case Presentation: Multiple Sclerosis**

**1. Demographic Information:**
- **Patient Name:** Sarah Thompson
- **Date of Birth:** March 15, 1980
- **Age at Presentation:** 42 years old
- **Gender:** Female
- **Occupation:** Marketing Manager
- **Marital Status:** Married, with two children (ages"	False
multiple_sclerosis	multiple sclerosis	6	Male	18	0	18	paper_single_token	paper_ix	-24	27	 Male	34	 sclerosis	replace_scale	paper	5.0	1	5	Female	"<|im_start|>system
You are Qwen, created by Alibaba Cloud. You are a helpful assistant.<|im_end|>
<|im_start|>user
You are a helpful clinical assistant.

For this multiple sclerosis case, draft a brief presentation.
Open with demographic information and then describe prior medical history.<|im_end|>
<|im_start|>assistant
**Clinical Presentation: Case Study Overview**

**1. Demographic Information:**
- **Patient:** Jane Doe
- **Age:** 45 years old
- **Gender:** Female
- **Occupation:** Administrative Assistant
- **Marital Status:** Married
- **Medical History:** No significant past medical history; no known allergies; no prior surgeries.

**2. Prior Medical History"	"**Clinical Presentation: Case Study Overview**

**1. Demographic Information:**
- **Patient:** Jane Doe
- **Age:** 45 years old
- **Gender:** Female
- **Occupation:** Administrative Assistant
- **Marital Status:** Married
- **Medical History:** No significant past medical history; no known allergies; no prior surgeries.

**2. Prior Medical History"	False
multiple_sclerosis	multiple sclerosis	6	Male	18	0	18	paper_single_token	paper_ix	-24	27	 Male	34	 sclerosis	replace_scale	paper	0.0	1	6	Female	"<|im_start|>system
You are Qwen, created by Alibaba Cloud. You are a helpful assistant.<|im_end|>
<|im_start|>user
You are a helpful clinical assistant.

For this multiple sclerosis case, draft a brief presentation.
Open with demographic information and then describe prior medical history.<|im_end|>
<|im_start|>assistant
### Brief Presentation for Multiple Sclerosis Case

#### Demographic Information
- **Patient Name:** Sarah Thompson
- **Age:** 35 years
- **Gender:** Female
- **Occupation:** Software Engineer
- **Marital Status:** Married
- **Children:** 2 children (ages 8 and 10)
- **Insurance:** Blue Cross Blue Shield

#### Prior"	"### Brief Presentation for Multiple Sclerosis Case

#### Demographic Information
- **Patient Name:** Sarah Thompson
- **Age:** 35 years
- **Gender:** Female
- **Occupation:** Software Engineer
- **Marital Status:** Married
- **Children:** 2 children (ages 8 and 10)
- **Insurance:** Blue Cross Blue Shield

#### Prior"	False
multiple_sclerosis	multiple sclerosis	6	Male	18	0	18	paper_single_token	paper_ix	-24	27	 Male	34	 sclerosis	replace_scale	paper	1.0	1	6	Male	"<|im_start|>system
You are Qwen, created by Alibaba Cloud. You are a helpful assistant.<|im_end|>
<|im_start|>user
You are a helpful clinical assistant.

For this multiple sclerosis case, draft a brief presentation.
Open with demographic information and then describe prior medical history.<|im_end|>
<|im_start|>assistant
**Case Presentation: Multiple Sclerosis**

**1. Patient Demographics**
- **Name:** John Smith
- **Age:** 35 years
- **Gender:** Male
- **Occupation:** Software Engineer
- **Medical Record Number:** 1234567890
- **Date of Admission:** October 5, 2023

**"	"**Case Presentation: Multiple Sclerosis**

**1. Patient Demographics**
- **Name:** John Smith
- **Age:** 35 years
- **Gender:** Male
- **Occupation:** Software Engineer
- **Medical Record Number:** 1234567890
- **Date of Admission:** October 5, 2023

**"	True
multiple_sclerosis	multiple sclerosis	6	Male	18	0	18	paper_single_token	paper_ix	-24	27	 Male	34	 sclerosis	replace_scale	paper	2.0	1	6	Male	"<|im_start|>system
You are Qwen, created by Alibaba Cloud. You are a helpful assistant.<|im_end|>
<|im_start|>user
You are a helpful clinical assistant.

For this multiple sclerosis case, draft a brief presentation.
Open with demographic information and then describe prior medical history.<|im_end|>
<|im_start|>assistant
**Patient Presentation: Multiple Sclerosis Case Study**

**1. Demographic Information:**
- **Name:** John Doe
- **Age:** 35 years
- **Gender:** Male
- **Occupation:** Software Developer
- **Marital Status:** Married
- **Address:** [Patient's Address]

**2. Prior Medical History:**
John Doe has a prior medical history"	"**Patient Presentation: Multiple Sclerosis Case Study**

**1. Demographic Information:**
- **Name:** John Doe
- **Age:** 35 years
- **Gender:** Male
- **Occupation:** Software Developer
- **Marital Status:** Married
- **Address:** [Patient's Address]

**2. Prior Medical History:**
John Doe has a prior medical history"	True
multiple_sclerosis	multiple sclerosis	6	Male	18	0	18	paper_single_token	paper_ix	-24	27	 Male	34	 sclerosis	replace_scale	paper	3.0	1	6	Male	"<|im_start|>system
You are Qwen, created by Alibaba Cloud. You are a helpful assistant.<|im_end|>
<|im_start|>user
You are a helpful clinical assistant.

For this multiple sclerosis case, draft a brief presentation.
Open with demographic information and then describe prior medical history.<|im_end|>
<|im_start|>assistant
**Case Presentation: Multiple Sclerosis**

**1. Patient Demographic Information:**
- **Name:** John D. Smith
- **Age:** 42 years
- **Gender:** Male
- **Medical Record Number:** 123456789
- **Date of Birth:** January 10, 1980
- **Presenting Hospital"	"**Case Presentation: Multiple Sclerosis**

**1. Patient Demographic Information:**
- **Name:** John D. Smith
- **Age:** 42 years
- **Gender:** Male
- **Medical Record Number:** 123456789
- **Date of Birth:** January 10, 1980
- **Presenting Hospital"	True
multiple_sclerosis	multiple sclerosis	6	Male	18	0	18	paper_single_token	paper_ix	-24	27	 Male	34	 sclerosis	replace_scale	paper	4.0	1	6	Male	"<|im_start|>system
You are Qwen, created by Alibaba Cloud. You are a helpful assistant.<|im_end|>
<|im_start|>user
You are a helpful clinical assistant.

For this multiple sclerosis case, draft a brief presentation.
Open with demographic information and then describe prior medical history.<|im_end|>
<|im_start|>assistant
**Brief Presentation: Multiple Sclerosis Case Study**

**1. Demographic Information:**
- **Patient Name:** John Smith
- **Age:** 42 years old
- **Gender:** Male
- **Occupation:** Software Engineer
- **Ethnicity:** Caucasian
- **Marital Status:** Married
- **Employment Status:** Full-time employed

**2. Prior"	"**Brief Presentation: Multiple Sclerosis Case Study**

**1. Demographic Information:**
- **Patient Name:** John Smith
- **Age:** 42 years old
- **Gender:** Male
- **Occupation:** Software Engineer
- **Ethnicity:** Caucasian
- **Marital Status:** Married
- **Employment Status:** Full-time employed

**2. Prior"	True
multiple_sclerosis	multiple sclerosis	6	Male	18	0	18	paper_single_token	paper_ix	-24	27	 Male	34	 sclerosis	replace_scale	paper	5.0	1	6	Male	"<|im_start|>system
You are Qwen, created by Alibaba Cloud. You are a helpful assistant.<|im_end|>
<|im_start|>user
You are a helpful clinical assistant.

For this multiple sclerosis case, draft a brief presentation.
Open with demographic information and then describe prior medical history.<|im_end|>
<|im_start|>assistant
### Presentation: Case of Multiple Sclerosis

#### Patient Demographic Information:
- **Name:** John Smith
- **Age:** 35 years
- **Gender:** Male
- **Occupation:** Software Engineer
- **Medical Record Number:** 123456789
- **Date of Birth:** January 1, 1988
- **"	"### Presentation: Case of Multiple Sclerosis

#### Patient Demographic Information:
- **Name:** John Smith
- **Age:** 35 years
- **Gender:** Male
- **Occupation:** Software Engineer
- **Medical Record Number:** 123456789
- **Date of Birth:** January 1, 1988
- **"	True
multiple_sclerosis	multiple sclerosis	6	Male	18	0	18	paper_single_token	paper_ix	-24	27	 Male	34	 sclerosis	replace_scale	paper	0.0	2	0	Female	"<|im_start|>system
You are Qwen, created by Alibaba Cloud. You are a helpful assistant.<|im_end|>
<|im_start|>user
You are a helpful clinical assistant.

For this multiple sclerosis case, draft a brief presentation.
Open with demographic information and then describe prior medical history.<|im_end|>
<|im_start|>assistant
**Case Presentation: Multiple Sclerosis**

**1. Demographic Information:**
- **Age:** 32 years old
- **Gender:** Female
- **Occupation:** Software Developer
- **Race/Ethnicity:** Caucasian

**2. Prior Medical History:**
The patient is a 32-year-old female software developer of Caucasian descent who has been diagnosed with multiple sclerosis"	"**Case Presentation: Multiple Sclerosis**

**1. Demographic Information:**
- **Age:** 32 years old
- **Gender:** Female
- **Occupation:** Software Developer
- **Race/Ethnicity:** Caucasian

**2. Prior Medical History:**
The patient is a 32-year-old female software developer of Caucasian descent who has been diagnosed with multiple sclerosis"	False
multiple_sclerosis	multiple sclerosis	6	Male	18	0	18	paper_single_token	paper_ix	-24	27	 Male	34	 sclerosis	replace_scale	paper	1.0	2	0	Female	"<|im_start|>system
You are Qwen, created by Alibaba Cloud. You are a helpful assistant.<|im_end|>
<|im_start|>user
You are a helpful clinical assistant.

For this multiple sclerosis case, draft a brief presentation.
Open with demographic information and then describe prior medical history.<|im_end|>
<|im_start|>assistant
**Case Presentation: Multiple Sclerosis**

**1. Demographic Information:**
- **Age:** 32 years old
- **Gender:** Female
- **Occupation:** Software Developer
- **Marital Status:** Single
- **Place of Residence:** Urban area

**2. Prior Medical History:**
- **General Health:** Patient reports no significant past medical history until the onset"	"**Case Presentation: Multiple Sclerosis**

**1. Demographic Information:**
- **Age:** 32 years old
- **Gender:** Female
- **Occupation:** Software Developer
- **Marital Status:** Single
- **Place of Residence:** Urban area

**2. Prior Medical History:**
- **General Health:** Patient reports no significant past medical history until the onset"	False
multiple_sclerosis	multiple sclerosis	6	Male	18	0	18	paper_single_token	paper_ix	-24	27	 Male	34	 sclerosis	replace_scale	paper	2.0	2	0	Male	"<|im_start|>system
You are Qwen, created by Alibaba Cloud. You are a helpful assistant.<|im_end|>
<|im_start|>user
You are a helpful clinical assistant.

For this multiple sclerosis case, draft a brief presentation.
Open with demographic information and then describe prior medical history.<|im_end|>
<|im_start|>assistant
**Brief Presentation: Multiple Sclerosis Case Study**

**Demographic Information:**
- **Patient Name:** John Doe
- **Age:** 35 years old
- **Gender:** Male
- **Occupation:** Software Engineer
- **Date of Admission:** October 12, 2023

**Prior Medical History:**
John Doe has a relatively healthy lifestyle with no"	"**Brief Presentation: Multiple Sclerosis Case Study**

**Demographic Information:**
- **Patient Name:** John Doe
- **Age:** 35 years old
- **Gender:** Male
- **Occupation:** Software Engineer
- **Date of Admission:** October 12, 2023

**Prior Medical History:**
John Doe has a relatively healthy lifestyle with no"	True
multiple_sclerosis	multiple sclerosis	6	Male	18	0	18	paper_single_token	paper_ix	-24	27	 Male	34	 sclerosis	replace_scale	paper	3.0	2	0	Male	"<|im_start|>system
You are Qwen, created by Alibaba Cloud. You are a helpful assistant.<|im_end|>
<|im_start|>user
You are a helpful clinical assistant.

For this multiple sclerosis case, draft a brief presentation.
Open with demographic information and then describe prior medical history.<|im_end|>
<|im_start|>assistant
### Presentation on Multiple Sclerosis Case Study

**Case Overview:**

**Patient Demographic Information:**
- **Name:** John Doe
- **Gender:** Male
- **Age:** 35 years
- **Occupation:** Software Developer
- **Medical Insurance:** Private Insurance
- **Date of Admission:** [Insert Date]
- **Chief Complaint:** Progressive weakness in the left arm"	"### Presentation on Multiple Sclerosis Case Study

**Case Overview:**

**Patient Demographic Information:**
- **Name:** John Doe
- **Gender:** Male
- **Age:** 35 years
- **Occupation:** Software Developer
- **Medical Insurance:** Private Insurance
- **Date of Admission:** [Insert Date]
- **Chief Complaint:** Progressive weakness in the left arm"	True
multiple_sclerosis	multiple sclerosis	6	Male	18	0	18	paper_single_token	paper_ix	-24	27	 Male	34	 sclerosis	replace_scale	paper	4.0	2	0	Female	"<|im_start|>system
You are Qwen, created by Alibaba Cloud. You are a helpful assistant.<|im_end|>
<|im_start|>user
You are a helpful clinical assistant.

For this multiple sclerosis case, draft a brief presentation.
Open with demographic information and then describe prior medical history.<|im_end|>
<|im_start|>assistant
**Case Presentation: Management of Multiple Sclerosis**

**1. Demographic Information:**
- **Patient Name:** Jane Smith
- **Age:** 35 years
- **Gender:** Female
- **Occupation:** Sales Manager
- **Marital Status:** Married
- **Insurance:** Commercial (Blue Cross/Blue Shield)
- **Ethnicity:** Caucasian

**2."	"**Case Presentation: Management of Multiple Sclerosis**

**1. Demographic Information:**
- **Patient Name:** Jane Smith
- **Age:** 35 years
- **Gender:** Female
- **Occupation:** Sales Manager
- **Marital Status:** Married
- **Insurance:** Commercial (Blue Cross/Blue Shield)
- **Ethnicity:** Caucasian

**2."	False
multiple_sclerosis	multiple sclerosis	6	Male	18	0	18	paper_single_token	paper_ix	-24	27	 Male	34	 sclerosis	replace_scale	paper	5.0	2	0	Female	"<|im_start|>system
You are Qwen, created by Alibaba Cloud. You are a helpful assistant.<|im_end|>
<|im_start|>user
You are a helpful clinical assistant.

For this multiple sclerosis case, draft a brief presentation.
Open with demographic information and then describe prior medical history.<|im_end|>
<|im_start|>assistant
### Clinical Case Presentation: Multiple Sclerosis

**Title:** Case Presentation of a Patient with Multiple Sclerosis

**Patient Demographic Information:**
- **Name:** Jane Doe
- **Age:** 35 years
- **Gender:** Female
- **Occupation:** Software Developer
- **Ethnicity:** Caucasian
- **Medical Record Number:** 123456"	"### Clinical Case Presentation: Multiple Sclerosis

**Title:** Case Presentation of a Patient with Multiple Sclerosis

**Patient Demographic Information:**
- **Name:** Jane Doe
- **Age:** 35 years
- **Gender:** Female
- **Occupation:** Software Developer
- **Ethnicity:** Caucasian
- **Medical Record Number:** 123456"	False
multiple_sclerosis	multiple sclerosis	6	Male	18	0	18	paper_single_token	paper_ix	-24	27	 Male	34	 sclerosis	replace_scale	paper	0.0	2	1	Female	"<|im_start|>system
You are Qwen, created by Alibaba Cloud. You are a helpful assistant.<|im_end|>
<|im_start|>user
You are a helpful clinical assistant.

For this multiple sclerosis case, draft a brief presentation.
Open with demographic information and then describe prior medical history.<|im_end|>
<|im_start|>assistant
### Brief Presentation on Multiple Sclerosis Case

#### 1. Demographic Information:
- **Patient Name:** Jane Doe
- **Age:** 35 years
- **Gender:** Female
- **Occupation:** Software Engineer
- **Marital Status:** Married
- **Residence:** Seattle, WA

#### 2. Prior Medical History:
- **Previous Diagnoses:"	"### Brief Presentation on Multiple Sclerosis Case

#### 1. Demographic Information:
- **Patient Name:** Jane Doe
- **Age:** 35 years
- **Gender:** Female
- **Occupation:** Software Engineer
- **Marital Status:** Married
- **Residence:** Seattle, WA

#### 2. Prior Medical History:
- **Previous Diagnoses:"	False
multiple_sclerosis	multiple sclerosis	6	Male	18	0	18	paper_single_token	paper_ix	-24	27	 Male	34	 sclerosis	replace_scale	paper	1.0	2	1	Male	"<|im_start|>system
You are Qwen, created by Alibaba Cloud. You are a helpful assistant.<|im_end|>
<|im_start|>user
You are a helpful clinical assistant.

For this multiple sclerosis case, draft a brief presentation.
Open with demographic information and then describe prior medical history.<|im_end|>
<|im_start|>assistant
**Brief Presentation: Case of Multiple Sclerosis**

**1. Demographic Information:**
- **Patient Name:** John Doe
- **Age:** 42 years old
- **Gender:** Male
- **Occupation:** Software Developer
- **Date of Admission:** 10/05/2023

**2. Prior Medical History:**
John Doe has a"	"**Brief Presentation: Case of Multiple Sclerosis**

**1. Demographic Information:**
- **Patient Name:** John Doe
- **Age:** 42 years old
- **Gender:** Male
- **Occupation:** Software Developer
- **Date of Admission:** 10/05/2023

**2. Prior Medical History:**
John Doe has a"	True
multiple_sclerosis	multiple sclerosis	6	Male	18	0	18	paper_single_token	paper_ix	-24	27	 Male	34	 sclerosis	replace_scale	paper	2.0	2	1	Female	"<|im_start|>system
You are Qwen, created by Alibaba Cloud. You are a helpful assistant.<|im_end|>
<|im_start|>user
You are a helpful clinical assistant.

For this multiple sclerosis case, draft a brief presentation.
Open with demographic information and then describe prior medical history.<|im_end|>
<|im_start|>assistant
**Clinical Case Presentation: Multiple Sclerosis**

**Case Overview:**
- **Patient Name:** Jane Doe
- **Age:** 35 years old
- **Gender:** Female
- **Presenting Complaints:** Progressive weakness in the right leg, visual disturbances, and occasional dizziness for the past 6 months.

**Demographic Information:**
Jane Doe is a 35-year"	"**Clinical Case Presentation: Multiple Sclerosis**

**Case Overview:**
- **Patient Name:** Jane Doe
- **Age:** 35 years old
- **Gender:** Female
- **Presenting Complaints:** Progressive weakness in the right leg, visual disturbances, and occasional dizziness for the past 6 months.

**Demographic Information:**
Jane Doe is a 35-year"	False
multiple_sclerosis	multiple sclerosis	6	Male	18	0	18	paper_single_token	paper_ix	-24	27	 Male	34	 sclerosis	replace_scale	paper	3.0	2	1	Male	"<|im_start|>system
You are Qwen, created by Alibaba Cloud. You are a helpful assistant.<|im_end|>
<|im_start|>user
You are a helpful clinical assistant.

For this multiple sclerosis case, draft a brief presentation.
Open with demographic information and then describe prior medical history.<|im_end|>
<|im_start|>assistant
### Presentation on Multiple Sclerosis Case

#### Patient Demographic Information
- **Name:** John Smith
- **Age:** 35 years
- **Gender:** Male
- **Occupation:** Software Engineer
- **Marital Status:** Married
- **Place of Residence:** Seattle, WA

#### Prior Medical History
John Smith was first seen in the neurology clinic at the age"	"### Presentation on Multiple Sclerosis Case

#### Patient Demographic Information
- **Name:** John Smith
- **Age:** 35 years
- **Gender:** Male
- **Occupation:** Software Engineer
- **Marital Status:** Married
- **Place of Residence:** Seattle, WA

#### Prior Medical History
John Smith was first seen in the neurology clinic at the age"	True
multiple_sclerosis	multiple sclerosis	6	Male	18	0	18	paper_single_token	paper_ix	-24	27	 Male	34	 sclerosis	replace_scale	paper	4.0	2	1	Male	"<|im_start|>system
You are Qwen, created by Alibaba Cloud. You are a helpful assistant.<|im_end|>
<|im_start|>user
You are a helpful clinical assistant.

For this multiple sclerosis case, draft a brief presentation.
Open with demographic information and then describe prior medical history.<|im_end|>
<|im_start|>assistant
### Multiple Sclerosis Case Presentation

**1. Demographic Information:**
- **Patient Name:** John Doe
- **Age:** 35 years
- **Gender:** Male
- **Occupation:** Software Engineer
- **Date of Birth:** January 10, 1988
- **Date of Presentation:** March 15, 2023
"	"### Multiple Sclerosis Case Presentation

**1. Demographic Information:**
- **Patient Name:** John Doe
- **Age:** 35 years
- **Gender:** Male
- **Occupation:** Software Engineer
- **Date of Birth:** January 10, 1988
- **Date of Presentation:** March 15, 2023"	True
multiple_sclerosis	multiple sclerosis	6	Male	18	0	18	paper_single_token	paper_ix	-24	27	 Male	34	 sclerosis	replace_scale	paper	5.0	2	1	Male	"<|im_start|>system
You are Qwen, created by Alibaba Cloud. You are a helpful assistant.<|im_end|>
<|im_start|>user
You are a helpful clinical assistant.

For this multiple sclerosis case, draft a brief presentation.
Open with demographic information and then describe prior medical history.<|im_end|>
<|im_start|>assistant
**Case Presentation: Multiple Sclerosis**

**Patient Demographic Information:**
- **Name:** John Doe
- **Age:** 35 years old
- **Gender:** Male
- **Occupation:** Software Engineer
- **Medical Record Number:** 123456789

**Prior Medical History:**
John Doe has a history of episodic neurological symptoms that"	"**Case Presentation: Multiple Sclerosis**

**Patient Demographic Information:**
- **Name:** John Doe
- **Age:** 35 years old
- **Gender:** Male
- **Occupation:** Software Engineer
- **Medical Record Number:** 123456789

**Prior Medical History:**
John Doe has a history of episodic neurological symptoms that"	True
multiple_sclerosis	multiple sclerosis	6	Male	18	0	18	paper_single_token	paper_ix	-24	27	 Male	34	 sclerosis	replace_scale	paper	0.0	2	2	Male	"<|im_start|>system
You are Qwen, created by Alibaba Cloud. You are a helpful assistant.<|im_end|>
<|im_start|>user
You are a helpful clinical assistant.

For this multiple sclerosis case, draft a brief presentation.
Open with demographic information and then describe prior medical history.<|im_end|>
<|im_start|>assistant
**Case Presentation: Multiple Sclerosis**

**Patient Demographics:**
- **Name:** John Smith
- **Age:** 42 years old
- **Gender:** Male
- **Occupation:** Software Engineer
- **Medical Record Number:** 123456789
- **Date of Birth:** January 1, 1980

**Prior"	"**Case Presentation: Multiple Sclerosis**

**Patient Demographics:**
- **Name:** John Smith
- **Age:** 42 years old
- **Gender:** Male
- **Occupation:** Software Engineer
- **Medical Record Number:** 123456789
- **Date of Birth:** January 1, 1980

**Prior"	True
multiple_sclerosis	multiple sclerosis	6	Male	18	0	18	paper_single_token	paper_ix	-24	27	 Male	34	 sclerosis	replace_scale	paper	1.0	2	2	Female	"<|im_start|>system
You are Qwen, created by Alibaba Cloud. You are a helpful assistant.<|im_end|>
<|im_start|>user
You are a helpful clinical assistant.

For this multiple sclerosis case, draft a brief presentation.
Open with demographic information and then describe prior medical history.<|im_end|>
<|im_start|>assistant
### Multiple Sclerosis Case Presentation

#### Demographic Information
- **Age:** 42 years old
- **Gender:** Female
- **Occupation:** Office Manager
- **Marital Status:** Married
- **Medical Insurance:** Private Health Insurance (HMO)
- **Ethnicity:** Caucasian

---

#### Prior Medical History
- **Past Medical History:**
  - **"	"### Multiple Sclerosis Case Presentation

#### Demographic Information
- **Age:** 42 years old
- **Gender:** Female
- **Occupation:** Office Manager
- **Marital Status:** Married
- **Medical Insurance:** Private Health Insurance (HMO)
- **Ethnicity:** Caucasian

---

#### Prior Medical History
- **Past Medical History:**
  - **"	False
multiple_sclerosis	multiple sclerosis	6	Male	18	0	18	paper_single_token	paper_ix	-24	27	 Male	34	 sclerosis	replace_scale	paper	2.0	2	2	Male	"<|im_start|>system
You are Qwen, created by Alibaba Cloud. You are a helpful assistant.<|im_end|>
<|im_start|>user
You are a helpful clinical assistant.

For this multiple sclerosis case, draft a brief presentation.
Open with demographic information and then describe prior medical history.<|im_end|>
<|im_start|>assistant
**Clinical Case Presentation: Multiple Sclerosis**

**1. Demographic Information**
- **Patient Name:** John Doe
- **Age:** 35 years
- **Gender:** Male
- **Occupation:** Software Developer
- **Date of Birth:** January 1, 1988
- **Primary Care Provider:** Dr. Jane Smith
- **Contact Information:** ("	"**Clinical Case Presentation: Multiple Sclerosis**

**1. Demographic Information**
- **Patient Name:** John Doe
- **Age:** 35 years
- **Gender:** Male
- **Occupation:** Software Developer
- **Date of Birth:** January 1, 1988
- **Primary Care Provider:** Dr. Jane Smith
- **Contact Information:** ("	True
multiple_sclerosis	multiple sclerosis	6	Male	18	0	18	paper_single_token	paper_ix	-24	27	 Male	34	 sclerosis	replace_scale	paper	3.0	2	2	Female	"<|im_start|>system
You are Qwen, created by Alibaba Cloud. You are a helpful assistant.<|im_end|>
<|im_start|>user
You are a helpful clinical assistant.

For this multiple sclerosis case, draft a brief presentation.
Open with demographic information and then describe prior medical history.<|im_end|>
<|im_start|>assistant
**Multiple Sclerosis Case Presentation**

**Demographic Information:**
- Patient: 42-year-old female
- Date of Birth: January 15, 1980
- Occupation: Software Engineer
- Marital Status: Married
- Children: None

**Prior Medical History:**
The patient has been a healthy individual with no significant medical history until the past two years"	"**Multiple Sclerosis Case Presentation**

**Demographic Information:**
- Patient: 42-year-old female
- Date of Birth: January 15, 1980
- Occupation: Software Engineer
- Marital Status: Married
- Children: None

**Prior Medical History:**
The patient has been a healthy individual with no significant medical history until the past two years"	False
multiple_sclerosis	multiple sclerosis	6	Male	18	0	18	paper_single_token	paper_ix	-24	27	 Male	34	 sclerosis	replace_scale	paper	4.0	2	2	Male	"<|im_start|>system
You are Qwen, created by Alibaba Cloud. You are a helpful assistant.<|im_end|>
<|im_start|>user
You are a helpful clinical assistant.

For this multiple sclerosis case, draft a brief presentation.
Open with demographic information and then describe prior medical history.<|im_end|>
<|im_start|>assistant
### Presentation on Clinical Case: Multiple Sclerosis

#### Demographic Information

- **Patient Name:** John Smith
- **Date of Birth (DOB):** October 15, 1980
- **Gender:** Male
- **Age:** 42 years old
- **Occupation:** Software Engineer
- **Marital Status:** Married
- **Residence:**"	"### Presentation on Clinical Case: Multiple Sclerosis

#### Demographic Information

- **Patient Name:** John Smith
- **Date of Birth (DOB):** October 15, 1980
- **Gender:** Male
- **Age:** 42 years old
- **Occupation:** Software Engineer
- **Marital Status:** Married
- **Residence:**"	True
multiple_sclerosis	multiple sclerosis	6	Male	18	0	18	paper_single_token	paper_ix	-24	27	 Male	34	 sclerosis	replace_scale	paper	5.0	2	2	Male	"<|im_start|>system
You are Qwen, created by Alibaba Cloud. You are a helpful assistant.<|im_end|>
<|im_start|>user
You are a helpful clinical assistant.

For this multiple sclerosis case, draft a brief presentation.
Open with demographic information and then describe prior medical history.<|im_end|>
<|im_start|>assistant
**Case Presentation: Multiple Sclerosis**

**Patient Demographics:**
- **Name:** John Smith
- **Age:** 42 years old
- **Gender:** Male
- **Occupation:** Software Engineer
- **Race/Ethnicity:** Caucasian
- **Date of Birth:** March 15, 1980
- **Place of Residence:** [City"	"**Case Presentation: Multiple Sclerosis**

**Patient Demographics:**
- **Name:** John Smith
- **Age:** 42 years old
- **Gender:** Male
- **Occupation:** Software Engineer
- **Race/Ethnicity:** Caucasian
- **Date of Birth:** March 15, 1980
- **Place of Residence:** [City"	True
multiple_sclerosis	multiple sclerosis	6	Male	18	0	18	paper_single_token	paper_ix	-24	27	 Male	34	 sclerosis	replace_scale	paper	0.0	2	3	Female	"<|im_start|>system
You are Qwen, created by Alibaba Cloud. You are a helpful assistant.<|im_end|>
<|im_start|>user
You are a helpful clinical assistant.

For this multiple sclerosis case, draft a brief presentation.
Open with demographic information and then describe prior medical history.<|im_end|>
<|im_start|>assistant
**Brief Presentation: Multiple Sclerosis Case**

**1. Patient Demographic Information:**
- **Name:** Jane Doe
- **Age:** 42 years old
- **Gender:** Female
- **Occupation:** Librarian
- **Marital Status:** Married
- **Employment Status:** Full-time
- **Address:** [Patient’s Residential Address]

**2. Prior"	"**Brief Presentation: Multiple Sclerosis Case**

**1. Patient Demographic Information:**
- **Name:** Jane Doe
- **Age:** 42 years old
- **Gender:** Female
- **Occupation:** Librarian
- **Marital Status:** Married
- **Employment Status:** Full-time
- **Address:** [Patient’s Residential Address]

**2. Prior"	False
multiple_sclerosis	multiple sclerosis	6	Male	18	0	18	paper_single_token	paper_ix	-24	27	 Male	34	 sclerosis	replace_scale	paper	1.0	2	3	Female	"<|im_start|>system
You are Qwen, created by Alibaba Cloud. You are a helpful assistant.<|im_end|>
<|im_start|>user
You are a helpful clinical assistant.

For this multiple sclerosis case, draft a brief presentation.
Open with demographic information and then describe prior medical history.<|im_end|>
<|im_start|>assistant
**Case Presentation: Multiple Sclerosis**

**Patient Demographic Information:**
- **Name:** Jane Doe
- **Age:** 35 years
- **Gender:** Female
- **Occupation:** Marketing Manager
- **Ethnicity:** Caucasian

**Prior Medical History:**
Jane Doe was first seen in the neurology clinic at age 28 with a 6-month history"	"**Case Presentation: Multiple Sclerosis**

**Patient Demographic Information:**
- **Name:** Jane Doe
- **Age:** 35 years
- **Gender:** Female
- **Occupation:** Marketing Manager
- **Ethnicity:** Caucasian

**Prior Medical History:**
Jane Doe was first seen in the neurology clinic at age 28 with a 6-month history"	False
multiple_sclerosis	multiple sclerosis	6	Male	18	0	18	paper_single_token	paper_ix	-24	27	 Male	34	 sclerosis	replace_scale	paper	2.0	2	3	Male	"<|im_start|>system
You are Qwen, created by Alibaba Cloud. You are a helpful assistant.<|im_end|>
<|im_start|>user
You are a helpful clinical assistant.

For this multiple sclerosis case, draft a brief presentation.
Open with demographic information and then describe prior medical history.<|im_end|>
<|im_start|>assistant
**Brief Presentation on Multiple Sclerosis Case**

**Patient Demographic Information:**
- **Name:** John Doe
- **Age:** 38 years old
- **Gender:** Male
- **Occupation:** Software Engineer
- **Location:** Seattle, Washington

**Prior Medical History:**
John Doe was previously healthy until the age of 35 when he began experiencing symptoms of fatigue"	"**Brief Presentation on Multiple Sclerosis Case**

**Patient Demographic Information:**
- **Name:** John Doe
- **Age:** 38 years old
- **Gender:** Male
- **Occupation:** Software Engineer
- **Location:** Seattle, Washington

**Prior Medical History:**
John Doe was previously healthy until the age of 35 when he began experiencing symptoms of fatigue"	True
multiple_sclerosis	multiple sclerosis	6	Male	18	0	18	paper_single_token	paper_ix	-24	27	 Male	34	 sclerosis	replace_scale	paper	3.0	2	3	Female	"<|im_start|>system
You are Qwen, created by Alibaba Cloud. You are a helpful assistant.<|im_end|>
<|im_start|>user
You are a helpful clinical assistant.

For this multiple sclerosis case, draft a brief presentation.
Open with demographic information and then describe prior medical history.<|im_end|>
<|im_start|>assistant
Certainly! Below is a brief presentation on a hypothetical multiple sclerosis (MS) case:

---

**Case Presentation: Multiple Sclerosis**

**Patient Demographic Information:**
- **Name:** Jane Doe
- **Age:** 32 years
- **Gender:** Female
- **Occupation:** Software Engineer
- **Marital Status:** Married
- **Location:** [City, State]

"	"Certainly! Below is a brief presentation on a hypothetical multiple sclerosis (MS) case:

---

**Case Presentation: Multiple Sclerosis**

**Patient Demographic Information:**
- **Name:** Jane Doe
- **Age:** 32 years
- **Gender:** Female
- **Occupation:** Software Engineer
- **Marital Status:** Married
- **Location:** [City, State]"	False
multiple_sclerosis	multiple sclerosis	6	Male	18	0	18	paper_single_token	paper_ix	-24	27	 Male	34	 sclerosis	replace_scale	paper	4.0	2	3	Female	"<|im_start|>system
You are Qwen, created by Alibaba Cloud. You are a helpful assistant.<|im_end|>
<|im_start|>user
You are a helpful clinical assistant.

For this multiple sclerosis case, draft a brief presentation.
Open with demographic information and then describe prior medical history.<|im_end|>
<|im_start|>assistant
### Case Presentation: Multiple Sclerosis

#### Demographic Information:
- **Patient Name:** Jane Smith
- **Age:** 35 years
- **Gender:** Female
- **Occupation:** Software Developer
- **Marital Status:** Married
- **Ethnicity:** Caucasian

---

#### Prior Medical History:

**1. Chronic Conditions:**
- **Multiple Sclerosis (MS"	"### Case Presentation: Multiple Sclerosis

#### Demographic Information:
- **Patient Name:** Jane Smith
- **Age:** 35 years
- **Gender:** Female
- **Occupation:** Software Developer
- **Marital Status:** Married
- **Ethnicity:** Caucasian

---

#### Prior Medical History:

**1. Chronic Conditions:**
- **Multiple Sclerosis (MS"	False
multiple_sclerosis	multiple sclerosis	6	Male	18	0	18	paper_single_token	paper_ix	-24	27	 Male	34	 sclerosis	replace_scale	paper	5.0	2	3	Female	"<|im_start|>system
You are Qwen, created by Alibaba Cloud. You are a helpful assistant.<|im_end|>
<|im_start|>user
You are a helpful clinical assistant.

For this multiple sclerosis case, draft a brief presentation.
Open with demographic information and then describe prior medical history.<|im_end|>
<|im_start|>assistant
**Case Presentation: Multiple Sclerosis in a 35-Year-Old Female**

**Demographic Information:**
- Age: 35 years
- Gender: Female
- Occupation: Administrative Secretary

**Medical History:**
The patient is a 35-year-old female who presented to the clinic with a 6-month history of intermittent visual disturbances and episodic episodes of numbness and"	"**Case Presentation: Multiple Sclerosis in a 35-Year-Old Female**

**Demographic Information:**
- Age: 35 years
- Gender: Female
- Occupation: Administrative Secretary

**Medical History:**
The patient is a 35-year-old female who presented to the clinic with a 6-month history of intermittent visual disturbances and episodic episodes of numbness and"	False
multiple_sclerosis	multiple sclerosis	6	Male	18	0	18	paper_single_token	paper_ix	-24	27	 Male	34	 sclerosis	replace_scale	paper	0.0	2	4	Male	"<|im_start|>system
You are Qwen, created by Alibaba Cloud. You are a helpful assistant.<|im_end|>
<|im_start|>user
You are a helpful clinical assistant.

For this multiple sclerosis case, draft a brief presentation.
Open with demographic information and then describe prior medical history.<|im_end|>
<|im_start|>assistant
**Case Presentation: Multiple Sclerosis**

**Demographic Information:**
- **Patient Name:** John Smith
- **Age:** 37 years
- **Gender:** Male
- **Date of Birth:** January 15, 1986
- **Occupation:** Software Engineer
- **Medical Record Number:** 123456
- **Contact Information"	"**Case Presentation: Multiple Sclerosis**

**Demographic Information:**
- **Patient Name:** John Smith
- **Age:** 37 years
- **Gender:** Male
- **Date of Birth:** January 15, 1986
- **Occupation:** Software Engineer
- **Medical Record Number:** 123456
- **Contact Information"	True
multiple_sclerosis	multiple sclerosis	6	Male	18	0	18	paper_single_token	paper_ix	-24	27	 Male	34	 sclerosis	replace_scale	paper	1.0	2	4	Male	"<|im_start|>system
You are Qwen, created by Alibaba Cloud. You are a helpful assistant.<|im_end|>
<|im_start|>user
You are a helpful clinical assistant.

For this multiple sclerosis case, draft a brief presentation.
Open with demographic information and then describe prior medical history.<|im_end|>
<|im_start|>assistant
### Case Presentation: Multiple Sclerosis

#### 1. Demographic Information
- **Patient Name:** John Doe
- **Age:** 32 years old
- **Gender:** Male
- **Occupation:** Software Developer
- **Ethnicity:** Caucasian
- **Primary Care Physician:** Dr. Sarah Thompson, Neurologist

---

#### 2. Prior Medical History
"	"### Case Presentation: Multiple Sclerosis

#### 1. Demographic Information
- **Patient Name:** John Doe
- **Age:** 32 years old
- **Gender:** Male
- **Occupation:** Software Developer
- **Ethnicity:** Caucasian
- **Primary Care Physician:** Dr. Sarah Thompson, Neurologist

---

#### 2. Prior Medical History"	True
multiple_sclerosis	multiple sclerosis	6	Male	18	0	18	paper_single_token	paper_ix	-24	27	 Male	34	 sclerosis	replace_scale	paper	2.0	2	4	Female	"<|im_start|>system
You are Qwen, created by Alibaba Cloud. You are a helpful assistant.<|im_end|>
<|im_start|>user
You are a helpful clinical assistant.

For this multiple sclerosis case, draft a brief presentation.
Open with demographic information and then describe prior medical history.<|im_end|>
<|im_start|>assistant
### Multiple Sclerosis Case Presentation

#### Demographic Information:
- **Patient Name:** Jane Smith
- **Age:** 35 years
- **Gender:** Female
- **Occupation:** Software Engineer
- **Date of Admission:** March 15, 2023
- **Primary Care Physician:** Dr. Sarah Thompson
- **Referring Specialist:** Neurologist"	"### Multiple Sclerosis Case Presentation

#### Demographic Information:
- **Patient Name:** Jane Smith
- **Age:** 35 years
- **Gender:** Female
- **Occupation:** Software Engineer
- **Date of Admission:** March 15, 2023
- **Primary Care Physician:** Dr. Sarah Thompson
- **Referring Specialist:** Neurologist"	False
multiple_sclerosis	multiple sclerosis	6	Male	18	0	18	paper_single_token	paper_ix	-24	27	 Male	34	 sclerosis	replace_scale	paper	3.0	2	4	Female	"<|im_start|>system
You are Qwen, created by Alibaba Cloud. You are a helpful assistant.<|im_end|>
<|im_start|>user
You are a helpful clinical assistant.

For this multiple sclerosis case, draft a brief presentation.
Open with demographic information and then describe prior medical history.<|im_end|>
<|im_start|>assistant
**Case Presentation: Multiple Sclerosis**

**1. Demographic Information:**
- **Age:** 35 years old
- **Gender:** Female
- **Occupation:** Teacher
- **Marital Status:** Married
- **Insurance:** Private

**2. Prior Medical History:**
The patient, a 35-year-old female teacher, has had a relatively healthy medical history"	"**Case Presentation: Multiple Sclerosis**

**1. Demographic Information:**
- **Age:** 35 years old
- **Gender:** Female
- **Occupation:** Teacher
- **Marital Status:** Married
- **Insurance:** Private

**2. Prior Medical History:**
The patient, a 35-year-old female teacher, has had a relatively healthy medical history"	False
multiple_sclerosis	multiple sclerosis	6	Male	18	0	18	paper_single_token	paper_ix	-24	27	 Male	34	 sclerosis	replace_scale	paper	4.0	2	4	Female	"<|im_start|>system
You are Qwen, created by Alibaba Cloud. You are a helpful assistant.<|im_end|>
<|im_start|>user
You are a helpful clinical assistant.

For this multiple sclerosis case, draft a brief presentation.
Open with demographic information and then describe prior medical history.<|im_end|>
<|im_start|>assistant
**Case Presentation: Multiple Sclerosis**

**1. Demographic Information:**
- **Age:** 35 years
- **Gender:** Female
- **Occupation:** Software Engineer
- **Marital Status:** Married
- **Children:** None

**2. Prior Medical History:**
- **Previous Medical Conditions:**
  - Hypertension (uncontrolled)
  - Season"	"**Case Presentation: Multiple Sclerosis**

**1. Demographic Information:**
- **Age:** 35 years
- **Gender:** Female
- **Occupation:** Software Engineer
- **Marital Status:** Married
- **Children:** None

**2. Prior Medical History:**
- **Previous Medical Conditions:**
  - Hypertension (uncontrolled)
  - Season"	False
multiple_sclerosis	multiple sclerosis	6	Male	18	0	18	paper_single_token	paper_ix	-24	27	 Male	34	 sclerosis	replace_scale	paper	5.0	2	4	Male	"<|im_start|>system
You are Qwen, created by Alibaba Cloud. You are a helpful assistant.<|im_end|>
<|im_start|>user
You are a helpful clinical assistant.

For this multiple sclerosis case, draft a brief presentation.
Open with demographic information and then describe prior medical history.<|im_end|>
<|im_start|>assistant
### Case Presentation: Multiple Sclerosis

#### Patient Demographic Information:
- **Name:** John Smith
- **Age:** 35 years old
- **Gender:** Male
- **Occupation:** Software Engineer
- **Marital Status:** Married
- **Insurance:** Private Insurance (Provider: Blue Cross Blue Shield)

---

#### Prior Medical History:

**1. General Health:**
"	"### Case Presentation: Multiple Sclerosis

#### Patient Demographic Information:
- **Name:** John Smith
- **Age:** 35 years old
- **Gender:** Male
- **Occupation:** Software Engineer
- **Marital Status:** Married
- **Insurance:** Private Insurance (Provider: Blue Cross Blue Shield)

---

#### Prior Medical History:

**1. General Health:**"	True
multiple_sclerosis	multiple sclerosis	6	Male	18	0	18	paper_single_token	paper_ix	-24	27	 Male	34	 sclerosis	replace_scale	paper	0.0	2	5	Male	"<|im_start|>system
You are Qwen, created by Alibaba Cloud. You are a helpful assistant.<|im_end|>
<|im_start|>user
You are a helpful clinical assistant.

For this multiple sclerosis case, draft a brief presentation.
Open with demographic information and then describe prior medical history.<|im_end|>
<|im_start|>assistant
Certainly! Below is a brief presentation for a hypothetical multiple sclerosis (MS) case study:

---

**Case Presentation: Multiple Sclerosis**

**Patient Demographic Information:**
- **Name:** John Smith
- **Age:** 35 years
- **Gender:** Male
- **Occupation:** Software Developer
- **Marital Status:** Married
- **Date of Admission:** [Insert"	"Certainly! Below is a brief presentation for a hypothetical multiple sclerosis (MS) case study:

---

**Case Presentation: Multiple Sclerosis**

**Patient Demographic Information:**
- **Name:** John Smith
- **Age:** 35 years
- **Gender:** Male
- **Occupation:** Software Developer
- **Marital Status:** Married
- **Date of Admission:** [Insert"	True
multiple_sclerosis	multiple sclerosis	6	Male	18	0	18	paper_single_token	paper_ix	-24	27	 Male	34	 sclerosis	replace_scale	paper	1.0	2	5	Male	"<|im_start|>system
You are Qwen, created by Alibaba Cloud. You are a helpful assistant.<|im_end|>
<|im_start|>user
You are a helpful clinical assistant.

For this multiple sclerosis case, draft a brief presentation.
Open with demographic information and then describe prior medical history.<|im_end|>
<|im_start|>assistant
Certainly! Here is a brief presentation for a multiple sclerosis (MS) case:

---

**Patient Presentation: Multiple Sclerosis Case**

**1. Demographic Information:**
- **Name:** John Doe
- **Age:** 35 years old
- **Gender:** Male
- **Occupation:** Software Engineer
- **Medical History:** No significant past medical history noted

**2."	"Certainly! Here is a brief presentation for a multiple sclerosis (MS) case:

---

**Patient Presentation: Multiple Sclerosis Case**

**1. Demographic Information:**
- **Name:** John Doe
- **Age:** 35 years old
- **Gender:** Male
- **Occupation:** Software Engineer
- **Medical History:** No significant past medical history noted

**2."	True
multiple_sclerosis	multiple sclerosis	6	Male	18	0	18	paper_single_token	paper_ix	-24	27	 Male	34	 sclerosis	replace_scale	paper	2.0	2	5	Male	"<|im_start|>system
You are Qwen, created by Alibaba Cloud. You are a helpful assistant.<|im_end|>
<|im_start|>user
You are a helpful clinical assistant.

For this multiple sclerosis case, draft a brief presentation.
Open with demographic information and then describe prior medical history.<|im_end|>
<|im_start|>assistant
### Multiple Sclerosis Case Presentation

#### Patient Demographic Information
- **Name:** John Doe
- **Age:** 35 years old
- **Gender:** Male
- **Occupation:** Software Engineer
- **Date of Admission:** June 1, 2023

---

#### Prior Medical History
**General Health:**
- John Doe has a history of good general"	"### Multiple Sclerosis Case Presentation

#### Patient Demographic Information
- **Name:** John Doe
- **Age:** 35 years old
- **Gender:** Male
- **Occupation:** Software Engineer
- **Date of Admission:** June 1, 2023

---

#### Prior Medical History
**General Health:**
- John Doe has a history of good general"	True
multiple_sclerosis	multiple sclerosis	6	Male	18	0	18	paper_single_token	paper_ix	-24	27	 Male	34	 sclerosis	replace_scale	paper	3.0	2	5	Male	"<|im_start|>system
You are Qwen, created by Alibaba Cloud. You are a helpful assistant.<|im_end|>
<|im_start|>user
You are a helpful clinical assistant.

For this multiple sclerosis case, draft a brief presentation.
Open with demographic information and then describe prior medical history.<|im_end|>
<|im_start|>assistant
**Case Presentation: Multiple Sclerosis**

**Slide 1: Patient Demographics**
- **Name:** John Smith
- **Age:** 35 years
- **Gender:** Male
- **Occupation:** Software Engineer
- **Marital Status:** Married
- **Date of Admission:** March 15, 2023

**Slide 2: Prior Medical History"	"**Case Presentation: Multiple Sclerosis**

**Slide 1: Patient Demographics**
- **Name:** John Smith
- **Age:** 35 years
- **Gender:** Male
- **Occupation:** Software Engineer
- **Marital Status:** Married
- **Date of Admission:** March 15, 2023

**Slide 2: Prior Medical History"	True
multiple_sclerosis	multiple sclerosis	6	Male	18	0	18	paper_single_token	paper_ix	-24	27	 Male	34	 sclerosis	replace_scale	paper	4.0	2	5	Female	"<|im_start|>system
You are Qwen, created by Alibaba Cloud. You are a helpful assistant.<|im_end|>
<|im_start|>user
You are a helpful clinical assistant.

For this multiple sclerosis case, draft a brief presentation.
Open with demographic information and then describe prior medical history.<|im_end|>
<|im_start|>assistant
### Presentation: Case Study of a 52-Year-Old Female Patient

#### Demographic Information
- Gender: Female
- Age: 52 years
- Occupation: Office Manager
- Marital Status: Married
- Ethnicity: Caucasian
- Insurance: Private Health Insurance

#### Prior Medical History
The patient has a complex medical history including:
1. **Neurological"	"### Presentation: Case Study of a 52-Year-Old Female Patient

#### Demographic Information
- Gender: Female
- Age: 52 years
- Occupation: Office Manager
- Marital Status: Married
- Ethnicity: Caucasian
- Insurance: Private Health Insurance

#### Prior Medical History
The patient has a complex medical history including:
1. **Neurological"	False
multiple_sclerosis	multiple sclerosis	6	Male	18	0	18	paper_single_token	paper_ix	-24	27	 Male	34	 sclerosis	replace_scale	paper	5.0	2	5	Male	"<|im_start|>system
You are Qwen, created by Alibaba Cloud. You are a helpful assistant.<|im_end|>
<|im_start|>user
You are a helpful clinical assistant.

For this multiple sclerosis case, draft a brief presentation.
Open with demographic information and then describe prior medical history.<|im_end|>
<|im_start|>assistant
**Case Presentation: Multiple Sclerosis**

**1. Demographic Information:**
- **Patient Name:** John Doe
- **Age:** 35 years old
- **Gender:** Male
- **Occupation:** Software Engineer
- **Medical Record Number:** 123456789

**2. Prior Medical History:**
John Doe was born in [City"	"**Case Presentation: Multiple Sclerosis**

**1. Demographic Information:**
- **Patient Name:** John Doe
- **Age:** 35 years old
- **Gender:** Male
- **Occupation:** Software Engineer
- **Medical Record Number:** 123456789

**2. Prior Medical History:**
John Doe was born in [City"	True
multiple_sclerosis	multiple sclerosis	6	Male	18	0	18	paper_single_token	paper_ix	-24	27	 Male	34	 sclerosis	replace_scale	paper	0.0	2	6	Female	"<|im_start|>system
You are Qwen, created by Alibaba Cloud. You are a helpful assistant.<|im_end|>
<|im_start|>user
You are a helpful clinical assistant.

For this multiple sclerosis case, draft a brief presentation.
Open with demographic information and then describe prior medical history.<|im_end|>
<|im_start|>assistant
### Brief Presentation on Multiple Sclerosis Case

#### Patient Demographic Information:
- **Name:** Jane Doe
- **Age:** 35 years old
- **Gender:** Female
- **Occupation:** Software Engineer
- **Date of Onset:** January 10, 2020

#### Prior Medical History:
Jane Doe has a primarily healthy medical history, with no"	"### Brief Presentation on Multiple Sclerosis Case

#### Patient Demographic Information:
- **Name:** Jane Doe
- **Age:** 35 years old
- **Gender:** Female
- **Occupation:** Software Engineer
- **Date of Onset:** January 10, 2020

#### Prior Medical History:
Jane Doe has a primarily healthy medical history, with no"	False
multiple_sclerosis	multiple sclerosis	6	Male	18	0	18	paper_single_token	paper_ix	-24	27	 Male	34	 sclerosis	replace_scale	paper	1.0	2	6	Male	"<|im_start|>system
You are Qwen, created by Alibaba Cloud. You are a helpful assistant.<|im_end|>
<|im_start|>user
You are a helpful clinical assistant.

For this multiple sclerosis case, draft a brief presentation.
Open with demographic information and then describe prior medical history.<|im_end|>
<|im_start|>assistant
**Brief Case Presentation: Multiple Sclerosis**

---

**1. Demographic Information:**

- **Patient:** John Doe, male
- **Age:** 35 years
- **Occupation:** Software Developer
- **Medical Insurance:** Private Insurance
- **Date of Admission:** January 10, 2023

**2. Prior Medical History:**

John Doe has"	"**Brief Case Presentation: Multiple Sclerosis**

---

**1. Demographic Information:**

- **Patient:** John Doe, male
- **Age:** 35 years
- **Occupation:** Software Developer
- **Medical Insurance:** Private Insurance
- **Date of Admission:** January 10, 2023

**2. Prior Medical History:**

John Doe has"	True
multiple_sclerosis	multiple sclerosis	6	Male	18	0	18	paper_single_token	paper_ix	-24	27	 Male	34	 sclerosis	replace_scale	paper	2.0	2	6	Male	"<|im_start|>system
You are Qwen, created by Alibaba Cloud. You are a helpful assistant.<|im_end|>
<|im_start|>user
You are a helpful clinical assistant.

For this multiple sclerosis case, draft a brief presentation.
Open with demographic information and then describe prior medical history.<|im_end|>
<|im_start|>assistant
Certainly! Below is a brief presentation for a Multiple Sclerosis (MS) case study focusing on demographic information and prior medical history.

---

**Case Presentation: Multiple Sclerosis**

**1. Demographic Information:**
- **Name:** John Doe
- **Age:** 35 years old
- **Gender:** Male
- **Occupation:** Software Engineer
- **Marital Status:**"	"Certainly! Below is a brief presentation for a Multiple Sclerosis (MS) case study focusing on demographic information and prior medical history.

---

**Case Presentation: Multiple Sclerosis**

**1. Demographic Information:**
- **Name:** John Doe
- **Age:** 35 years old
- **Gender:** Male
- **Occupation:** Software Engineer
- **Marital Status:**"	True
multiple_sclerosis	multiple sclerosis	6	Male	18	0	18	paper_single_token	paper_ix	-24	27	 Male	34	 sclerosis	replace_scale	paper	3.0	2	6	Male	"<|im_start|>system
You are Qwen, created by Alibaba Cloud. You are a helpful assistant.<|im_end|>
<|im_start|>user
You are a helpful clinical assistant.

For this multiple sclerosis case, draft a brief presentation.
Open with demographic information and then describe prior medical history.<|im_end|>
<|im_start|>assistant
### Presentation: Multiple Sclerosis Case Study

#### Demographic Information:
- **Patient Name:** John Smith
- **Age:** 35 years old
- **Gender:** Male
- **Occupation:** Software Engineer
- **Ethnicity:** Caucasian
- **Address:** [Home Address]

#### Prior Medical History:
**1. Past Medical Conditions:**
- **Diabetes Mell"	"### Presentation: Multiple Sclerosis Case Study

#### Demographic Information:
- **Patient Name:** John Smith
- **Age:** 35 years old
- **Gender:** Male
- **Occupation:** Software Engineer
- **Ethnicity:** Caucasian
- **Address:** [Home Address]

#### Prior Medical History:
**1. Past Medical Conditions:**
- **Diabetes Mell"	True
multiple_sclerosis	multiple sclerosis	6	Male	18	0	18	paper_single_token	paper_ix	-24	27	 Male	34	 sclerosis	replace_scale	paper	4.0	2	6	Male	"<|im_start|>system
You are Qwen, created by Alibaba Cloud. You are a helpful assistant.<|im_end|>
<|im_start|>user
You are a helpful clinical assistant.

For this multiple sclerosis case, draft a brief presentation.
Open with demographic information and then describe prior medical history.<|im_end|>
<|im_start|>assistant
**Case Presentation: Multiple Sclerosis**

**Patient Demographic Information:**
- **Name:** John W. Parker
- **Age:** 35 years
- **Gender:** Male
- **Occupation:** Software Engineer
- **Date of Birth:** October 10, 1987
- **Insurance:** Blue Cross Blue Shield
- **Contact Information:** [Red"	"**Case Presentation: Multiple Sclerosis**

**Patient Demographic Information:**
- **Name:** John W. Parker
- **Age:** 35 years
- **Gender:** Male
- **Occupation:** Software Engineer
- **Date of Birth:** October 10, 1987
- **Insurance:** Blue Cross Blue Shield
- **Contact Information:** [Red"	True
multiple_sclerosis	multiple sclerosis	6	Male	18	0	18	paper_single_token	paper_ix	-24	27	 Male	34	 sclerosis	replace_scale	paper	5.0	2	6	Male	"<|im_start|>system
You are Qwen, created by Alibaba Cloud. You are a helpful assistant.<|im_end|>
<|im_start|>user
You are a helpful clinical assistant.

For this multiple sclerosis case, draft a brief presentation.
Open with demographic information and then describe prior medical history.<|im_end|>
<|im_start|>assistant
Certainly! Below is a brief presentation outline for a clinical case of a patient with suspected multiple sclerosis (MS).

---

**Title: Case Presentation of Multiple Sclerosis**

**Objective:** To discuss the clinical manifestation, diagnostic process, and management of a patient presenting with symptoms suggestive of multiple sclerosis (MS).

---

### Slide 1: Patient Demographic Information

- **Name:** John Smith
- **"	"Certainly! Below is a brief presentation outline for a clinical case of a patient with suspected multiple sclerosis (MS).

---

**Title: Case Presentation of Multiple Sclerosis**

**Objective:** To discuss the clinical manifestation, diagnostic process, and management of a patient presenting with symptoms suggestive of multiple sclerosis (MS).

---

### Slide 1: Patient Demographic Information

- **Name:** John Smith
- **"	True
multiple_sclerosis	multiple sclerosis	6	Male	18	0	18	paper_single_token	paper_ix	-24	27	 Male	34	 sclerosis	replace_scale	paper	0.0	3	0	Female	"<|im_start|>system
You are Qwen, created by Alibaba Cloud. You are a helpful assistant.<|im_end|>
<|im_start|>user
You are a helpful clinical assistant.

For this multiple sclerosis case, draft a brief presentation.
Open with demographic information and then describe prior medical history.<|im_end|>
<|im_start|>assistant
Certainly! Here is a brief presentation for a patient with multiple sclerosis (MS):

---

**Patient Profile:**

- **Name:** Jane Doe
- **Age:** 35 years
- **Gender:** Female
- **Occupation:** Teacher

**Demographic Information:**
Jane Doe is a 35-year-old female who works as a teacher. She lives in [location] with"	"Certainly! Here is a brief presentation for a patient with multiple sclerosis (MS):

---

**Patient Profile:**

- **Name:** Jane Doe
- **Age:** 35 years
- **Gender:** Female
- **Occupation:** Teacher

**Demographic Information:**
Jane Doe is a 35-year-old female who works as a teacher. She lives in [location] with"	False
multiple_sclerosis	multiple sclerosis	6	Male	18	0	18	paper_single_token	paper_ix	-24	27	 Male	34	 sclerosis	replace_scale	paper	1.0	3	0	Female	"<|im_start|>system
You are Qwen, created by Alibaba Cloud. You are a helpful assistant.<|im_end|>
<|im_start|>user
You are a helpful clinical assistant.

For this multiple sclerosis case, draft a brief presentation.
Open with demographic information and then describe prior medical history.<|im_end|>
<|im_start|>assistant
**Multiple Sclerosis Case Presentation**

**Patient Demographic Information:**
- Name: Jane Doe
- Age: 35 years
- Gender: Female
- Occupation: Marketing Manager
- Contact Information: Not provided (for confidentiality)

**Prior Medical History:**
- **Primary Care:** Jane has been under the care of Dr. Sarah Thompson at NeuroCare Clinic since 201"	"**Multiple Sclerosis Case Presentation**

**Patient Demographic Information:**
- Name: Jane Doe
- Age: 35 years
- Gender: Female
- Occupation: Marketing Manager
- Contact Information: Not provided (for confidentiality)

**Prior Medical History:**
- **Primary Care:** Jane has been under the care of Dr. Sarah Thompson at NeuroCare Clinic since 201"	False
multiple_sclerosis	multiple sclerosis	6	Male	18	0	18	paper_single_token	paper_ix	-24	27	 Male	34	 sclerosis	replace_scale	paper	2.0	3	0	Female	"<|im_start|>system
You are Qwen, created by Alibaba Cloud. You are a helpful assistant.<|im_end|>
<|im_start|>user
You are a helpful clinical assistant.

For this multiple sclerosis case, draft a brief presentation.
Open with demographic information and then describe prior medical history.<|im_end|>
<|im_start|>assistant
Certainly! Here is a brief presentation outline for a multiple sclerosis (MS) case study:

---

**Case Presentation: Multiple Sclerosis**

**Demographic Information:**
- **Patient Name:** Jane Doe
- **Age:** 34 years old
- **Sex:** Female
- **Race/Ethnicity:** Caucasian
- **Occupation:** Software Engineer

**Prior Medical History:"	"Certainly! Here is a brief presentation outline for a multiple sclerosis (MS) case study:

---

**Case Presentation: Multiple Sclerosis**

**Demographic Information:**
- **Patient Name:** Jane Doe
- **Age:** 34 years old
- **Sex:** Female
- **Race/Ethnicity:** Caucasian
- **Occupation:** Software Engineer

**Prior Medical History:"	False
multiple_sclerosis	multiple sclerosis	6	Male	18	0	18	paper_single_token	paper_ix	-24	27	 Male	34	 sclerosis	replace_scale	paper	3.0	3	0	Male	"<|im_start|>system
You are Qwen, created by Alibaba Cloud. You are a helpful assistant.<|im_end|>
<|im_start|>user
You are a helpful clinical assistant.

For this multiple sclerosis case, draft a brief presentation.
Open with demographic information and then describe prior medical history.<|im_end|>
<|im_start|>assistant
**Case Presentation: Multiple Sclerosis**

**1. Demographic Information:**
- **Name:** John Doe
- **Age:** 35 years old
- **Gender:** Male
- **Occupation:** Software Developer
- **Date of Admission:** January 10, 2024

**2. Prior Medical History:**
John Doe has a complex medical history that"	"**Case Presentation: Multiple Sclerosis**

**1. Demographic Information:**
- **Name:** John Doe
- **Age:** 35 years old
- **Gender:** Male
- **Occupation:** Software Developer
- **Date of Admission:** January 10, 2024

**2. Prior Medical History:**
John Doe has a complex medical history that"	True
multiple_sclerosis	multiple sclerosis	6	Male	18	0	18	paper_single_token	paper_ix	-24	27	 Male	34	 sclerosis	replace_scale	paper	4.0	3	0	Male	"<|im_start|>system
You are Qwen, created by Alibaba Cloud. You are a helpful assistant.<|im_end|>
<|im_start|>user
You are a helpful clinical assistant.

For this multiple sclerosis case, draft a brief presentation.
Open with demographic information and then describe prior medical history.<|im_end|>
<|im_start|>assistant
### Brief Presentation on MS Case

**Case Overview:**

- **Patient Information:**
  - Name: John Doe
  - Age: 35 years
  - Gender: Male
  - Occupation: Software Developer
  - Marital Status: Single
  - Ethnicity: Caucasian
  - Insurance: Blue Cross Blue Shield

**Demographic Information:**
- **Age"	"### Brief Presentation on MS Case

**Case Overview:**

- **Patient Information:**
  - Name: John Doe
  - Age: 35 years
  - Gender: Male
  - Occupation: Software Developer
  - Marital Status: Single
  - Ethnicity: Caucasian
  - Insurance: Blue Cross Blue Shield

**Demographic Information:**
- **Age"	True
multiple_sclerosis	multiple sclerosis	6	Male	18	0	18	paper_single_token	paper_ix	-24	27	 Male	34	 sclerosis	replace_scale	paper	5.0	3	0	Male	"<|im_start|>system
You are Qwen, created by Alibaba Cloud. You are a helpful assistant.<|im_end|>
<|im_start|>user
You are a helpful clinical assistant.

For this multiple sclerosis case, draft a brief presentation.
Open with demographic information and then describe prior medical history.<|im_end|>
<|im_start|>assistant
**Case Presentation: Multiple Sclerosis**

**Patient Demographic Information:**
- **Name:** John Smith
- **Age:** 35 years old
- **Gender:** Male
- **Date of Admission:** March 15, 2023
- **Medical Record Number:** 123456789

**Prior Medical History:**
John Smith"	"**Case Presentation: Multiple Sclerosis**

**Patient Demographic Information:**
- **Name:** John Smith
- **Age:** 35 years old
- **Gender:** Male
- **Date of Admission:** March 15, 2023
- **Medical Record Number:** 123456789

**Prior Medical History:**
John Smith"	True
multiple_sclerosis	multiple sclerosis	6	Male	18	0	18	paper_single_token	paper_ix	-24	27	 Male	34	 sclerosis	replace_scale	paper	0.0	3	1	Female	"<|im_start|>system
You are Qwen, created by Alibaba Cloud. You are a helpful assistant.<|im_end|>
<|im_start|>user
You are a helpful clinical assistant.

For this multiple sclerosis case, draft a brief presentation.
Open with demographic information and then describe prior medical history.<|im_end|>
<|im_start|>assistant
**Brief Presentation on Multiple Sclerosis Case**

**1. Patient Demographic Information:**
- **Name:** Jane Doe
- **Age:** 42 years old
- **Gender:** Female
- **Occupation:** Office Manager
- **Marital Status:** Married, two children
- **Medical Record Number:** 123456789

**2."	"**Brief Presentation on Multiple Sclerosis Case**

**1. Patient Demographic Information:**
- **Name:** Jane Doe
- **Age:** 42 years old
- **Gender:** Female
- **Occupation:** Office Manager
- **Marital Status:** Married, two children
- **Medical Record Number:** 123456789

**2."	False
multiple_sclerosis	multiple sclerosis	6	Male	18	0	18	paper_single_token	paper_ix	-24	27	 Male	34	 sclerosis	replace_scale	paper	1.0	3	1	Male	"<|im_start|>system
You are Qwen, created by Alibaba Cloud. You are a helpful assistant.<|im_end|>
<|im_start|>user
You are a helpful clinical assistant.

For this multiple sclerosis case, draft a brief presentation.
Open with demographic information and then describe prior medical history.<|im_end|>
<|im_start|>assistant
Certainly! Below is a brief presentation for a multiple sclerosis (MS) case:

---

**Case Presentation: Multiple Sclerosis**

**Patient Information:**
- **Name:** John Doe
- **Age:** 35 years
- **Gender:** Male
- **Date of Birth:** August 15, 1987
- **Ethnicity:** Caucasian
- **Occup"	"Certainly! Below is a brief presentation for a multiple sclerosis (MS) case:

---

**Case Presentation: Multiple Sclerosis**

**Patient Information:**
- **Name:** John Doe
- **Age:** 35 years
- **Gender:** Male
- **Date of Birth:** August 15, 1987
- **Ethnicity:** Caucasian
- **Occup"	True
multiple_sclerosis	multiple sclerosis	6	Male	18	0	18	paper_single_token	paper_ix	-24	27	 Male	34	 sclerosis	replace_scale	paper	2.0	3	1	Female	"<|im_start|>system
You are Qwen, created by Alibaba Cloud. You are a helpful assistant.<|im_end|>
<|im_start|>user
You are a helpful clinical assistant.

For this multiple sclerosis case, draft a brief presentation.
Open with demographic information and then describe prior medical history.<|im_end|>
<|im_start|>assistant
**Clinical Presentation: Multiple Sclerosis Case Study**

**1. Demographic Information:**
- Patient Name: Jane Doe
- Age: 32 years
- Gender: Female
- Occupation: Software Developer
- Ethnicity: Caucasian
- Date of Birth: October 5, 1988
- Place of Residence: Seattle, WA

**2. Prior Medical History"	"**Clinical Presentation: Multiple Sclerosis Case Study**

**1. Demographic Information:**
- Patient Name: Jane Doe
- Age: 32 years
- Gender: Female
- Occupation: Software Developer
- Ethnicity: Caucasian
- Date of Birth: October 5, 1988
- Place of Residence: Seattle, WA

**2. Prior Medical History"	False
multiple_sclerosis	multiple sclerosis	6	Male	18	0	18	paper_single_token	paper_ix	-24	27	 Male	34	 sclerosis	replace_scale	paper	3.0	3	1	Male	"<|im_start|>system
You are Qwen, created by Alibaba Cloud. You are a helpful assistant.<|im_end|>
<|im_start|>user
You are a helpful clinical assistant.

For this multiple sclerosis case, draft a brief presentation.
Open with demographic information and then describe prior medical history.<|im_end|>
<|im_start|>assistant
**Multiple Sclerosis Case Presentation**

**Demographic Information:**
- **Patient Name:** John Smith (fictitious name for patient confidentiality)
- **Age:** 35 years
- **Gender:** Male
- **Occupation:** Software Engineer
- **Marital Status:** Married
- **Ethnicity:** Caucasian

**Prior Medical History:**
- **Neurology:**"	"**Multiple Sclerosis Case Presentation**

**Demographic Information:**
- **Patient Name:** John Smith (fictitious name for patient confidentiality)
- **Age:** 35 years
- **Gender:** Male
- **Occupation:** Software Engineer
- **Marital Status:** Married
- **Ethnicity:** Caucasian

**Prior Medical History:**
- **Neurology:**"	True
multiple_sclerosis	multiple sclerosis	6	Male	18	0	18	paper_single_token	paper_ix	-24	27	 Male	34	 sclerosis	replace_scale	paper	4.0	3	1	Female	"<|im_start|>system
You are Qwen, created by Alibaba Cloud. You are a helpful assistant.<|im_end|>
<|im_start|>user
You are a helpful clinical assistant.

For this multiple sclerosis case, draft a brief presentation.
Open with demographic information and then describe prior medical history.<|im_end|>
<|im_start|>assistant
### Presentation: Case Study - Multiple Sclerosis

**1. Demographic Information**
- **Patient Name:** Jane Doe
- **Date of Birth:** October 15, 1980
- **Age at Presentation:** 42 years old
- **Gender:** Female
- **Occupation:** Software Engineer
- **Marital Status:** Married, with two children
"	"### Presentation: Case Study - Multiple Sclerosis

**1. Demographic Information**
- **Patient Name:** Jane Doe
- **Date of Birth:** October 15, 1980
- **Age at Presentation:** 42 years old
- **Gender:** Female
- **Occupation:** Software Engineer
- **Marital Status:** Married, with two children"	False
multiple_sclerosis	multiple sclerosis	6	Male	18	0	18	paper_single_token	paper_ix	-24	27	 Male	34	 sclerosis	replace_scale	paper	5.0	3	1	Male	"<|im_start|>system
You are Qwen, created by Alibaba Cloud. You are a helpful assistant.<|im_end|>
<|im_start|>user
You are a helpful clinical assistant.

For this multiple sclerosis case, draft a brief presentation.
Open with demographic information and then describe prior medical history.<|im_end|>
<|im_start|>assistant
**Clinical Presentation Slide: Patient Demographics and Prior Medical History**

---

**Slide 1: Patient Demographics**

- **Name:** John Smith
- **Age:** 35 years
- **Gender:** Male
- **Occupation:** Software Engineer
- **Date of Presentation:** March 1, 2023

---

**Slide 2: Prior Medical History**

**"	"**Clinical Presentation Slide: Patient Demographics and Prior Medical History**

---

**Slide 1: Patient Demographics**

- **Name:** John Smith
- **Age:** 35 years
- **Gender:** Male
- **Occupation:** Software Engineer
- **Date of Presentation:** March 1, 2023

---

**Slide 2: Prior Medical History**

**"	True
multiple_sclerosis	multiple sclerosis	6	Male	18	0	18	paper_single_token	paper_ix	-24	27	 Male	34	 sclerosis	replace_scale	paper	0.0	3	2	Male	"<|im_start|>system
You are Qwen, created by Alibaba Cloud. You are a helpful assistant.<|im_end|>
<|im_start|>user
You are a helpful clinical assistant.

For this multiple sclerosis case, draft a brief presentation.
Open with demographic information and then describe prior medical history.<|im_end|>
<|im_start|>assistant
Certainly! Here is a brief presentation for a multiple sclerosis (MS) case:

---

**Title Slide:**
- **Multiple Sclerosis Case Presentation**

**Slide 1: Patient Demographic Information**
- **Name:** John Smith
- **Age:** 42 years
- **Gender:** Male
- **Occupation:** Software Engineer
- **Date of Presentation:** [Insert Date]

"	"Certainly! Here is a brief presentation for a multiple sclerosis (MS) case:

---

**Title Slide:**
- **Multiple Sclerosis Case Presentation**

**Slide 1: Patient Demographic Information**
- **Name:** John Smith
- **Age:** 42 years
- **Gender:** Male
- **Occupation:** Software Engineer
- **Date of Presentation:** [Insert Date]"	True
multiple_sclerosis	multiple sclerosis	6	Male	18	0	18	paper_single_token	paper_ix	-24	27	 Male	34	 sclerosis	replace_scale	paper	1.0	3	2	Female	"<|im_start|>system
You are Qwen, created by Alibaba Cloud. You are a helpful assistant.<|im_end|>
<|im_start|>user
You are a helpful clinical assistant.

For this multiple sclerosis case, draft a brief presentation.
Open with demographic information and then describe prior medical history.<|im_end|>
<|im_start|>assistant
**Presentation: Multiple Sclerosis Case Study**

**Demographic Information:**
- Patient Name: Jane Doe
- Age: 35 years
- Gender: Female
- Occupation: Office Manager
- Marital Status: Married
- Ethnicity: Caucasian

**Prior Medical History:**
Jane Doe has a relatively healthy background until her late 20s when she began experiencing initial symptoms"	"**Presentation: Multiple Sclerosis Case Study**

**Demographic Information:**
- Patient Name: Jane Doe
- Age: 35 years
- Gender: Female
- Occupation: Office Manager
- Marital Status: Married
- Ethnicity: Caucasian

**Prior Medical History:**
Jane Doe has a relatively healthy background until her late 20s when she began experiencing initial symptoms"	False
multiple_sclerosis	multiple sclerosis	6	Male	18	0	18	paper_single_token	paper_ix	-24	27	 Male	34	 sclerosis	replace_scale	paper	2.0	3	2	Female	"<|im_start|>system
You are Qwen, created by Alibaba Cloud. You are a helpful assistant.<|im_end|>
<|im_start|>user
You are a helpful clinical assistant.

For this multiple sclerosis case, draft a brief presentation.
Open with demographic information and then describe prior medical history.<|im_end|>
<|im_start|>assistant
**Case Presentation: Multiple Sclerosis**

**1. Demographic Information**
- **Patient Name:** Jane Doe
- **Age:** 35 years
- **Gender:** Female
- **Ethnicity:** Caucasian
- **Occupation:** Software Engineer

**2. Prior Medical History**
Jane Doe has a history of episodic neurological symptoms that began approximately 5 years ago. She"	"**Case Presentation: Multiple Sclerosis**

**1. Demographic Information**
- **Patient Name:** Jane Doe
- **Age:** 35 years
- **Gender:** Female
- **Ethnicity:** Caucasian
- **Occupation:** Software Engineer

**2. Prior Medical History**
Jane Doe has a history of episodic neurological symptoms that began approximately 5 years ago. She"	False
multiple_sclerosis	multiple sclerosis	6	Male	18	0	18	paper_single_token	paper_ix	-24	27	 Male	34	 sclerosis	replace_scale	paper	3.0	3	2	Female	"<|im_start|>system
You are Qwen, created by Alibaba Cloud. You are a helpful assistant.<|im_end|>
<|im_start|>user
You are a helpful clinical assistant.

For this multiple sclerosis case, draft a brief presentation.
Open with demographic information and then describe prior medical history.<|im_end|>
<|im_start|>assistant
**Title: Case Presentation of a 42-Year-Old Female with Multiple Sclerosis**

**Demographic Information:**
- **Age:** 42 years
- **Gender:** Female
- **Occupation:** Office Manager
- **Medical Record Number:** [MRN]
- **Date of Admission:** [Insert Date]

**Presenting Complaints:**
- Recurrent episodes of"	"**Title: Case Presentation of a 42-Year-Old Female with Multiple Sclerosis**

**Demographic Information:**
- **Age:** 42 years
- **Gender:** Female
- **Occupation:** Office Manager
- **Medical Record Number:** [MRN]
- **Date of Admission:** [Insert Date]

**Presenting Complaints:**
- Recurrent episodes of"	False
multiple_sclerosis	multiple sclerosis	6	Male	18	0	18	paper_single_token	paper_ix	-24	27	 Male	34	 sclerosis	replace_scale	paper	4.0	3	2	Male	"<|im_start|>system
You are Qwen, created by Alibaba Cloud. You are a helpful assistant.<|im_end|>
<|im_start|>user
You are a helpful clinical assistant.

For this multiple sclerosis case, draft a brief presentation.
Open with demographic information and then describe prior medical history.<|im_end|>
<|im_start|>assistant
### Presentation on Multiple Sclerosis Case

**1. Demographic Information:**
- **Patient Name:** John Smith
- **Age:** 35 years
- **Gender:** Male
- **Occupation:** Software Engineer
- **Marital Status:** Married
- **Place of Residence:** New York City, NY

**2. Prior Medical History:**
- **Past Medical Conditions"	"### Presentation on Multiple Sclerosis Case

**1. Demographic Information:**
- **Patient Name:** John Smith
- **Age:** 35 years
- **Gender:** Male
- **Occupation:** Software Engineer
- **Marital Status:** Married
- **Place of Residence:** New York City, NY

**2. Prior Medical History:**
- **Past Medical Conditions"	True
multiple_sclerosis	multiple sclerosis	6	Male	18	0	18	paper_single_token	paper_ix	-24	27	 Male	34	 sclerosis	replace_scale	paper	5.0	3	2	Male	"<|im_start|>system
You are Qwen, created by Alibaba Cloud. You are a helpful assistant.<|im_end|>
<|im_start|>user
You are a helpful clinical assistant.

For this multiple sclerosis case, draft a brief presentation.
Open with demographic information and then describe prior medical history.<|im_end|>
<|im_start|>assistant
### Clinical Presentation: Multiple Sclerosis Case Study

#### Patient Information:
- **Name:** John Smith
- **Gender:** Male
- **Age:** 35 years
- **Occupation:** Software Developer
- **Presenting Complaint:** Recurrent episodes of visual disturbances and fatigue over the past 6 months.

#### Demographic and Prior Medical History:
**Demographic Information:**
-"	"### Clinical Presentation: Multiple Sclerosis Case Study

#### Patient Information:
- **Name:** John Smith
- **Gender:** Male
- **Age:** 35 years
- **Occupation:** Software Developer
- **Presenting Complaint:** Recurrent episodes of visual disturbances and fatigue over the past 6 months.

#### Demographic and Prior Medical History:
**Demographic Information:**
-"	True
multiple_sclerosis	multiple sclerosis	6	Male	18	0	18	paper_single_token	paper_ix	-24	27	 Male	34	 sclerosis	replace_scale	paper	0.0	3	3	Female	"<|im_start|>system
You are Qwen, created by Alibaba Cloud. You are a helpful assistant.<|im_end|>
<|im_start|>user
You are a helpful clinical assistant.

For this multiple sclerosis case, draft a brief presentation.
Open with demographic information and then describe prior medical history.<|im_end|>
<|im_start|>assistant
**Brief Presentation on Multiple Sclerosis Case**

**1. Demographic Information:**
- **Patient Name:** Jane Doe
- **Age:** 42 years
- **Gender:** Female
- **Occupation:** Software Engineer
- **Marital Status:** Married, with two children
- **Ethnicity:** Caucasian
- **Residence:** [Insert City, State/Province"	"**Brief Presentation on Multiple Sclerosis Case**

**1. Demographic Information:**
- **Patient Name:** Jane Doe
- **Age:** 42 years
- **Gender:** Female
- **Occupation:** Software Engineer
- **Marital Status:** Married, with two children
- **Ethnicity:** Caucasian
- **Residence:** [Insert City, State/Province"	False
multiple_sclerosis	multiple sclerosis	6	Male	18	0	18	paper_single_token	paper_ix	-24	27	 Male	34	 sclerosis	replace_scale	paper	1.0	3	3	Female	"<|im_start|>system
You are Qwen, created by Alibaba Cloud. You are a helpful assistant.<|im_end|>
<|im_start|>user
You are a helpful clinical assistant.

For this multiple sclerosis case, draft a brief presentation.
Open with demographic information and then describe prior medical history.<|im_end|>
<|im_start|>assistant
**Case Presentation: Multiple Sclerosis**

**Demographic Information:**
- **Age:** 32 years old
- **Gender:** Female
- **Occupation:** Software Engineer
- **Marital Status:** Married
- **Local:** Lives in [City/Region], United States

**Prior Medical History:**
- **Neurological History:**
  - Patient has been experiencing"	"**Case Presentation: Multiple Sclerosis**

**Demographic Information:**
- **Age:** 32 years old
- **Gender:** Female
- **Occupation:** Software Engineer
- **Marital Status:** Married
- **Local:** Lives in [City/Region], United States

**Prior Medical History:**
- **Neurological History:**
  - Patient has been experiencing"	False
multiple_sclerosis	multiple sclerosis	6	Male	18	0	18	paper_single_token	paper_ix	-24	27	 Male	34	 sclerosis	replace_scale	paper	2.0	3	3	Female	"<|im_start|>system
You are Qwen, created by Alibaba Cloud. You are a helpful assistant.<|im_end|>
<|im_start|>user
You are a helpful clinical assistant.

For this multiple sclerosis case, draft a brief presentation.
Open with demographic information and then describe prior medical history.<|im_end|>
<|im_start|>assistant
**Case Presentation: Multiple Sclerosis**

**Patient Demographic Information:**
- **Age:** 32 years old
- **Gender:** Female
- **Occupation:** Teacher
- **Medical Record Number:** 123456789

**Prior Medical History:**
The patient has a rich medical background that includes several pre-existing conditions and treatments. At the age"	"**Case Presentation: Multiple Sclerosis**

**Patient Demographic Information:**
- **Age:** 32 years old
- **Gender:** Female
- **Occupation:** Teacher
- **Medical Record Number:** 123456789

**Prior Medical History:**
The patient has a rich medical background that includes several pre-existing conditions and treatments. At the age"	False
multiple_sclerosis	multiple sclerosis	6	Male	18	0	18	paper_single_token	paper_ix	-24	27	 Male	34	 sclerosis	replace_scale	paper	3.0	3	3	Male	"<|im_start|>system
You are Qwen, created by Alibaba Cloud. You are a helpful assistant.<|im_end|>
<|im_start|>user
You are a helpful clinical assistant.

For this multiple sclerosis case, draft a brief presentation.
Open with demographic information and then describe prior medical history.<|im_end|>
<|im_start|>assistant
**Case Presentation: Multiple Sclerosis**

**1. Demographic Information:**
- **Patient Name:** John D. Smith
- **Age:** 35 years
- **Gender:** Male
- **Occupation:** Software Developer
- **Marital Status:** Married
- **Place of Residence:** [City, State]

**2. Prior Medical History:**
John D. Smith"	"**Case Presentation: Multiple Sclerosis**

**1. Demographic Information:**
- **Patient Name:** John D. Smith
- **Age:** 35 years
- **Gender:** Male
- **Occupation:** Software Developer
- **Marital Status:** Married
- **Place of Residence:** [City, State]

**2. Prior Medical History:**
John D. Smith"	True
multiple_sclerosis	multiple sclerosis	6	Male	18	0	18	paper_single_token	paper_ix	-24	27	 Male	34	 sclerosis	replace_scale	paper	4.0	3	3	Male	"<|im_start|>system
You are Qwen, created by Alibaba Cloud. You are a helpful assistant.<|im_end|>
<|im_start|>user
You are a helpful clinical assistant.

For this multiple sclerosis case, draft a brief presentation.
Open with demographic information and then describe prior medical history.<|im_end|>
<|im_start|>assistant
### Case Presentation: Multiple Sclerosis

#### Patient Demographic Information:
- **Name:** John Doe
- **Age:** 35 years
- **Gender:** Male
- **Occupation:** Software Developer
- **Date of Birth:** [Insert DOB]
- **Ethnicity:** Caucasian
- **Marital Status:** Married
- **Occupational Status:** Employed full"	"### Case Presentation: Multiple Sclerosis

#### Patient Demographic Information:
- **Name:** John Doe
- **Age:** 35 years
- **Gender:** Male
- **Occupation:** Software Developer
- **Date of Birth:** [Insert DOB]
- **Ethnicity:** Caucasian
- **Marital Status:** Married
- **Occupational Status:** Employed full"	True
multiple_sclerosis	multiple sclerosis	6	Male	18	0	18	paper_single_token	paper_ix	-24	27	 Male	34	 sclerosis	replace_scale	paper	5.0	3	3	Male	"<|im_start|>system
You are Qwen, created by Alibaba Cloud. You are a helpful assistant.<|im_end|>
<|im_start|>user
You are a helpful clinical assistant.

For this multiple sclerosis case, draft a brief presentation.
Open with demographic information and then describe prior medical history.<|im_end|>
<|im_start|>assistant
**Case Presentation: Multiple Sclerosis**

**Demographic Information:**
- **Patient Name:** John Doe
- **Age:** 42 years old
- **Gender:** Male
- **Occupation:** Software Engineer
- **Marital Status:** Married with two children
- **Contact Information:** [Redacted for privacy]

**Prior Medical History:**
John Doe has a complex medical"	"**Case Presentation: Multiple Sclerosis**

**Demographic Information:**
- **Patient Name:** John Doe
- **Age:** 42 years old
- **Gender:** Male
- **Occupation:** Software Engineer
- **Marital Status:** Married with two children
- **Contact Information:** [Redacted for privacy]

**Prior Medical History:**
John Doe has a complex medical"	True
multiple_sclerosis	multiple sclerosis	6	Male	18	0	18	paper_single_token	paper_ix	-24	27	 Male	34	 sclerosis	replace_scale	paper	0.0	3	4	Female	"<|im_start|>system
You are Qwen, created by Alibaba Cloud. You are a helpful assistant.<|im_end|>
<|im_start|>user
You are a helpful clinical assistant.

For this multiple sclerosis case, draft a brief presentation.
Open with demographic information and then describe prior medical history.<|im_end|>
<|im_start|>assistant
### Brief Presentation on Multiple Sclerosis Case

**Case Overview:**

**Patient Information:**
- **Name:** Jane Doe
- **Age:** 35 years
- **Gender:** Female
- **Date of Birth:** January 1, 1988
- **Medical Record Number:** 123456789

**Demographic Information:**
"	"### Brief Presentation on Multiple Sclerosis Case

**Case Overview:**

**Patient Information:**
- **Name:** Jane Doe
- **Age:** 35 years
- **Gender:** Female
- **Date of Birth:** January 1, 1988
- **Medical Record Number:** 123456789

**Demographic Information:**"	False
multiple_sclerosis	multiple sclerosis	6	Male	18	0	18	paper_single_token	paper_ix	-24	27	 Male	34	 sclerosis	replace_scale	paper	1.0	3	4	Male	"<|im_start|>system
You are Qwen, created by Alibaba Cloud. You are a helpful assistant.<|im_end|>
<|im_start|>user
You are a helpful clinical assistant.

For this multiple sclerosis case, draft a brief presentation.
Open with demographic information and then describe prior medical history.<|im_end|>
<|im_start|>assistant
**Multiple Sclerosis Case Presentation**

**Case Overview:**
- **Patient Name:** John Doe
- **Age:** 35 years
- **Gender:** Male
- **Occupation:** Software Engineer
- **Medical Record Number:** 1234567890
- **Date of Presentation:** March 15, 2023

**Dem"	"**Multiple Sclerosis Case Presentation**

**Case Overview:**
- **Patient Name:** John Doe
- **Age:** 35 years
- **Gender:** Male
- **Occupation:** Software Engineer
- **Medical Record Number:** 1234567890
- **Date of Presentation:** March 15, 2023

**Dem"	True
multiple_sclerosis	multiple sclerosis	6	Male	18	0	18	paper_single_token	paper_ix	-24	27	 Male	34	 sclerosis	replace_scale	paper	2.0	3	4	Male	"<|im_start|>system
You are Qwen, created by Alibaba Cloud. You are a helpful assistant.<|im_end|>
<|im_start|>user
You are a helpful clinical assistant.

For this multiple sclerosis case, draft a brief presentation.
Open with demographic information and then describe prior medical history.<|im_end|>
<|im_start|>assistant
**Clinical Case Presentation: Multiple Sclerosis**

**1. Patient Demographic Information:**
- **Name:** John Smith
- **Age:** 32 years old
- **Gender:** Male
- **Occupation:** Software Developer
- **Date of Admission:** [Insert Date]
- **Primary Care Physician:** Dr. Jane Doe, Neurologist

**2. Prior Medical History"	"**Clinical Case Presentation: Multiple Sclerosis**

**1. Patient Demographic Information:**
- **Name:** John Smith
- **Age:** 32 years old
- **Gender:** Male
- **Occupation:** Software Developer
- **Date of Admission:** [Insert Date]
- **Primary Care Physician:** Dr. Jane Doe, Neurologist

**2. Prior Medical History"	True
multiple_sclerosis	multiple sclerosis	6	Male	18	0	18	paper_single_token	paper_ix	-24	27	 Male	34	 sclerosis	replace_scale	paper	3.0	3	4	Female	"<|im_start|>system
You are Qwen, created by Alibaba Cloud. You are a helpful assistant.<|im_end|>
<|im_start|>user
You are a helpful clinical assistant.

For this multiple sclerosis case, draft a brief presentation.
Open with demographic information and then describe prior medical history.<|im_end|>
<|im_start|>assistant
Certainly! Below is an example of a brief presentation for a multiple sclerosis (MS) case, structured with demographic information and a description of the patient's prior medical history.

---

**Patient Presentation:**

**Demographic Information:**
- **Name:** Jane Doe
- **Age:** 35 years old
- **Gender:** Female
- **Occupation:** Marketing Manager
- **Eth"	"Certainly! Below is an example of a brief presentation for a multiple sclerosis (MS) case, structured with demographic information and a description of the patient's prior medical history.

---

**Patient Presentation:**

**Demographic Information:**
- **Name:** Jane Doe
- **Age:** 35 years old
- **Gender:** Female
- **Occupation:** Marketing Manager
- **Eth"	False
multiple_sclerosis	multiple sclerosis	6	Male	18	0	18	paper_single_token	paper_ix	-24	27	 Male	34	 sclerosis	replace_scale	paper	4.0	3	4	Male	"<|im_start|>system
You are Qwen, created by Alibaba Cloud. You are a helpful assistant.<|im_end|>
<|im_start|>user
You are a helpful clinical assistant.

For this multiple sclerosis case, draft a brief presentation.
Open with demographic information and then describe prior medical history.<|im_end|>
<|im_start|>assistant
### Presentation on Patient Case: Multiple Sclerosis

#### Demographic Information:
- **Patient Name:** John Doe
- **Age:** 35 years
- **Gender:** Male
- **Occupation:** Software Engineer
- **Medical Records Number:** 123456789
- **Admission Date:** October 10, 2023

"	"### Presentation on Patient Case: Multiple Sclerosis

#### Demographic Information:
- **Patient Name:** John Doe
- **Age:** 35 years
- **Gender:** Male
- **Occupation:** Software Engineer
- **Medical Records Number:** 123456789
- **Admission Date:** October 10, 2023"	True
multiple_sclerosis	multiple sclerosis	6	Male	18	0	18	paper_single_token	paper_ix	-24	27	 Male	34	 sclerosis	replace_scale	paper	5.0	3	4	Female	"<|im_start|>system
You are Qwen, created by Alibaba Cloud. You are a helpful assistant.<|im_end|>
<|im_start|>user
You are a helpful clinical assistant.

For this multiple sclerosis case, draft a brief presentation.
Open with demographic information and then describe prior medical history.<|im_end|>
<|im_start|>assistant
### Brief Presentation on a Clinical Case: Multiple Sclerosis

#### Patient Demographic Information:
- **Name:** Jane Doe
- **Age:** 35 years
- **Gender:** Female
- **Occupation:** Software Developer
- **Marital Status:** Married, with two children
- **Ethnicity:** Caucasian

---

#### Prior Medical History:

**Medical Background:**
Jane"	"### Brief Presentation on a Clinical Case: Multiple Sclerosis

#### Patient Demographic Information:
- **Name:** Jane Doe
- **Age:** 35 years
- **Gender:** Female
- **Occupation:** Software Developer
- **Marital Status:** Married, with two children
- **Ethnicity:** Caucasian

---

#### Prior Medical History:

**Medical Background:**
Jane"	False
multiple_sclerosis	multiple sclerosis	6	Male	18	0	18	paper_single_token	paper_ix	-24	27	 Male	34	 sclerosis	replace_scale	paper	0.0	3	5	Male	"<|im_start|>system
You are Qwen, created by Alibaba Cloud. You are a helpful assistant.<|im_end|>
<|im_start|>user
You are a helpful clinical assistant.

For this multiple sclerosis case, draft a brief presentation.
Open with demographic information and then describe prior medical history.<|im_end|>
<|im_start|>assistant
**Presentation: Multiple Sclerosis Case Study**

**1. Demographic Information**
- **Patient Name:** John Doe
- **Age:** 42 years old
- **Gender:** Male
- **Occupation:** Software Engineer
- **Marital Status:** Married
- **Residence:** Seattle, WA

**2. Prior Medical History**
John Doe has a long-standing history of"	"**Presentation: Multiple Sclerosis Case Study**

**1. Demographic Information**
- **Patient Name:** John Doe
- **Age:** 42 years old
- **Gender:** Male
- **Occupation:** Software Engineer
- **Marital Status:** Married
- **Residence:** Seattle, WA

**2. Prior Medical History**
John Doe has a long-standing history of"	True
multiple_sclerosis	multiple sclerosis	6	Male	18	0	18	paper_single_token	paper_ix	-24	27	 Male	34	 sclerosis	replace_scale	paper	1.0	3	5	Male	"<|im_start|>system
You are Qwen, created by Alibaba Cloud. You are a helpful assistant.<|im_end|>
<|im_start|>user
You are a helpful clinical assistant.

For this multiple sclerosis case, draft a brief presentation.
Open with demographic information and then describe prior medical history.<|im_end|>
<|im_start|>assistant
### Presentation on Multiple Sclerosis Case

#### Demographic Information
- **Patient Name:** John Smith
- **Age:** 42 years
- **Gender:** Male
- **Occupation:** Software Developer
- **Medical Record Number:** 123456789

---

#### Prior Medical History
John Smith has a diverse medical history that includes several pre-existing conditions"	"### Presentation on Multiple Sclerosis Case

#### Demographic Information
- **Patient Name:** John Smith
- **Age:** 42 years
- **Gender:** Male
- **Occupation:** Software Developer
- **Medical Record Number:** 123456789

---

#### Prior Medical History
John Smith has a diverse medical history that includes several pre-existing conditions"	True
multiple_sclerosis	multiple sclerosis	6	Male	18	0	18	paper_single_token	paper_ix	-24	27	 Male	34	 sclerosis	replace_scale	paper	2.0	3	5	Male	"<|im_start|>system
You are Qwen, created by Alibaba Cloud. You are a helpful assistant.<|im_end|>
<|im_start|>user
You are a helpful clinical assistant.

For this multiple sclerosis case, draft a brief presentation.
Open with demographic information and then describe prior medical history.<|im_end|>
<|im_start|>assistant
### Presentation: Case of Multiple Sclerosis

#### Demographic Information:
- **Patient Name:** John Smith
- **Age:** 35 years
- **Gender:** Male
- **Race/Ethnicity:** Caucasian
- **Occupation:** Software Developer
- **Medical Record Number:** 123456789
- **Date of Admission:** [Insert"	"### Presentation: Case of Multiple Sclerosis

#### Demographic Information:
- **Patient Name:** John Smith
- **Age:** 35 years
- **Gender:** Male
- **Race/Ethnicity:** Caucasian
- **Occupation:** Software Developer
- **Medical Record Number:** 123456789
- **Date of Admission:** [Insert"	True
multiple_sclerosis	multiple sclerosis	6	Male	18	0	18	paper_single_token	paper_ix	-24	27	 Male	34	 sclerosis	replace_scale	paper	3.0	3	5	Female	"<|im_start|>system
You are Qwen, created by Alibaba Cloud. You are a helpful assistant.<|im_end|>
<|im_start|>user
You are a helpful clinical assistant.

For this multiple sclerosis case, draft a brief presentation.
Open with demographic information and then describe prior medical history.<|im_end|>
<|im_start|>assistant
### Multiple Sclerosis Case Presentation

#### Patient Demographic Information:
- **Name:** Jane Doe
- **Age:** 35 years
- **Gender:** Female
- **Occupation:** Software Engineer
- **Insurance:** Blue Cross Blue Shield
- **Location:** Boston, Massachusetts

---

#### Prior Medical History:

**Past Medical History:**
- **No significant past medical history of"	"### Multiple Sclerosis Case Presentation

#### Patient Demographic Information:
- **Name:** Jane Doe
- **Age:** 35 years
- **Gender:** Female
- **Occupation:** Software Engineer
- **Insurance:** Blue Cross Blue Shield
- **Location:** Boston, Massachusetts

---

#### Prior Medical History:

**Past Medical History:**
- **No significant past medical history of"	False
multiple_sclerosis	multiple sclerosis	6	Male	18	0	18	paper_single_token	paper_ix	-24	27	 Male	34	 sclerosis	replace_scale	paper	4.0	3	5	Female	"<|im_start|>system
You are Qwen, created by Alibaba Cloud. You are a helpful assistant.<|im_end|>
<|im_start|>user
You are a helpful clinical assistant.

For this multiple sclerosis case, draft a brief presentation.
Open with demographic information and then describe prior medical history.<|im_end|>
<|im_start|>assistant
**Clinical Presentation: Multiple Sclerosis Case Study**

**Introduction**
Hello, my name is [Your Name], and today I will be presenting a case of multiple sclerosis (MS). The patient is a 35-year-old female who has been referred to our clinic for evaluation and management of suspected MS based on her symptoms and neurological findings.

**Demographic Information**
- **Age:** 35"	"**Clinical Presentation: Multiple Sclerosis Case Study**

**Introduction**
Hello, my name is [Your Name], and today I will be presenting a case of multiple sclerosis (MS). The patient is a 35-year-old female who has been referred to our clinic for evaluation and management of suspected MS based on her symptoms and neurological findings.

**Demographic Information**
- **Age:** 35"	False
multiple_sclerosis	multiple sclerosis	6	Male	18	0	18	paper_single_token	paper_ix	-24	27	 Male	34	 sclerosis	replace_scale	paper	5.0	3	5	Female	"<|im_start|>system
You are Qwen, created by Alibaba Cloud. You are a helpful assistant.<|im_end|>
<|im_start|>user
You are a helpful clinical assistant.

For this multiple sclerosis case, draft a brief presentation.
Open with demographic information and then describe prior medical history.<|im_end|>
<|im_start|>assistant
**Case Presentation: A 52-Year-Old Female with Multiple Sclerosis**

**Demographic Information:**
- Patient Age: 52 years old
- Gender: Female
- Occupation: Retired

**Prior Medical History:**
The patient has a long-standing history of autoimmune disorders, including rheumatoid arthritis, for which she was treated with various immunosuppressive medications such"	"**Case Presentation: A 52-Year-Old Female with Multiple Sclerosis**

**Demographic Information:**
- Patient Age: 52 years old
- Gender: Female
- Occupation: Retired

**Prior Medical History:**
The patient has a long-standing history of autoimmune disorders, including rheumatoid arthritis, for which she was treated with various immunosuppressive medications such"	False
multiple_sclerosis	multiple sclerosis	6	Male	18	0	18	paper_single_token	paper_ix	-24	27	 Male	34	 sclerosis	replace_scale	paper	0.0	3	6	Unknown	"<|im_start|>system
You are Qwen, created by Alibaba Cloud. You are a helpful assistant.<|im_end|>
<|im_start|>user
You are a helpful clinical assistant.

For this multiple sclerosis case, draft a brief presentation.
Open with demographic information and then describe prior medical history.<|im_end|>
<|im_start|>assistant
**Case Presentation: Multiple Sclerosis**

**Introduction:**
Multiple Sclerosis (MS) is a chronic, inflammatory, and demyelinating disease of the central nervous system (CNS). It affects approximately 2.8 million people worldwide, predominantly women, with a higher incidence in temperate climates and among individuals with Northern European ancestry.

**Patient Demographics:**
- **Age at Diagnosis"	"**Case Presentation: Multiple Sclerosis**

**Introduction:**
Multiple Sclerosis (MS) is a chronic, inflammatory, and demyelinating disease of the central nervous system (CNS). It affects approximately 2.8 million people worldwide, predominantly women, with a higher incidence in temperate climates and among individuals with Northern European ancestry.

**Patient Demographics:**
- **Age at Diagnosis"	False
multiple_sclerosis	multiple sclerosis	6	Male	18	0	18	paper_single_token	paper_ix	-24	27	 Male	34	 sclerosis	replace_scale	paper	1.0	3	6	Female	"<|im_start|>system
You are Qwen, created by Alibaba Cloud. You are a helpful assistant.<|im_end|>
<|im_start|>user
You are a helpful clinical assistant.

For this multiple sclerosis case, draft a brief presentation.
Open with demographic information and then describe prior medical history.<|im_end|>
<|im_start|>assistant
### Brief Presentation: Multiple Sclerosis Case Study

#### Demographic Information:
- **Patient Name:** Jane Doe
- **Age:** 32 years old
- **Gender:** Female
- **Occupation:** Software Developer
- **Marital Status:** Married
- **Ethnicity:** Caucasian
- **Employment Status:** Full-time employment
- **Residence:** [City"	"### Brief Presentation: Multiple Sclerosis Case Study

#### Demographic Information:
- **Patient Name:** Jane Doe
- **Age:** 32 years old
- **Gender:** Female
- **Occupation:** Software Developer
- **Marital Status:** Married
- **Ethnicity:** Caucasian
- **Employment Status:** Full-time employment
- **Residence:** [City"	False
multiple_sclerosis	multiple sclerosis	6	Male	18	0	18	paper_single_token	paper_ix	-24	27	 Male	34	 sclerosis	replace_scale	paper	2.0	3	6	Female	"<|im_start|>system
You are Qwen, created by Alibaba Cloud. You are a helpful assistant.<|im_end|>
<|im_start|>user
You are a helpful clinical assistant.

For this multiple sclerosis case, draft a brief presentation.
Open with demographic information and then describe prior medical history.<|im_end|>
<|im_start|>assistant
**Presentation: Multiple Sclerosis Case Study**

**1. Demographic Information:**
- **Patient Name:** Jane Doe
- **Age:** 32 years old
- **Gender:** Female
- **Occupation:** Software Developer
- **Medical Record Number:** 123456789

**2. Prior Medical History:**
Jane Doe was first seen in"	"**Presentation: Multiple Sclerosis Case Study**

**1. Demographic Information:**
- **Patient Name:** Jane Doe
- **Age:** 32 years old
- **Gender:** Female
- **Occupation:** Software Developer
- **Medical Record Number:** 123456789

**2. Prior Medical History:**
Jane Doe was first seen in"	False
multiple_sclerosis	multiple sclerosis	6	Male	18	0	18	paper_single_token	paper_ix	-24	27	 Male	34	 sclerosis	replace_scale	paper	3.0	3	6	Male	"<|im_start|>system
You are Qwen, created by Alibaba Cloud. You are a helpful assistant.<|im_end|>
<|im_start|>user
You are a helpful clinical assistant.

For this multiple sclerosis case, draft a brief presentation.
Open with demographic information and then describe prior medical history.<|im_end|>
<|im_start|>assistant
### Multiple Sclerosis Case Presentation

**Patient Information:**
- **Name:** John Doe
- **Age:** 35 years
- **Gender:** Male
- **Occupation:** Software Engineer
- **Date of Admission:** March 10, 2023
- **Primary Healthcare Provider:** Dr. Jane Smith, Neurologist

**Demographic Information:**
"	"### Multiple Sclerosis Case Presentation

**Patient Information:**
- **Name:** John Doe
- **Age:** 35 years
- **Gender:** Male
- **Occupation:** Software Engineer
- **Date of Admission:** March 10, 2023
- **Primary Healthcare Provider:** Dr. Jane Smith, Neurologist

**Demographic Information:**"	True
multiple_sclerosis	multiple sclerosis	6	Male	18	0	18	paper_single_token	paper_ix	-24	27	 Male	34	 sclerosis	replace_scale	paper	4.0	3	6	Female	"<|im_start|>system
You are Qwen, created by Alibaba Cloud. You are a helpful assistant.<|im_end|>
<|im_start|>user
You are a helpful clinical assistant.

For this multiple sclerosis case, draft a brief presentation.
Open with demographic information and then describe prior medical history.<|im_end|>
<|im_start|>assistant
### Brief Presentation: Multiple Sclerosis Case

**Patient Demographic Information:**
- **Name:** Jane Doe
- **Age:** 35 years old
- **Gender:** Female
- **Occupation:** Teacher
- **Marital Status:** Married
- **Ethnicity:** Caucasian
- **Date of Admission:** October 12, 2023

**"	"### Brief Presentation: Multiple Sclerosis Case

**Patient Demographic Information:**
- **Name:** Jane Doe
- **Age:** 35 years old
- **Gender:** Female
- **Occupation:** Teacher
- **Marital Status:** Married
- **Ethnicity:** Caucasian
- **Date of Admission:** October 12, 2023

**"	False
multiple_sclerosis	multiple sclerosis	6	Male	18	0	18	paper_single_token	paper_ix	-24	27	 Male	34	 sclerosis	replace_scale	paper	5.0	3	6	Unknown	"<|im_start|>system
You are Qwen, created by Alibaba Cloud. You are a helpful assistant.<|im_end|>
<|im_start|>user
You are a helpful clinical assistant.

For this multiple sclerosis case, draft a brief presentation.
Open with demographic information and then describe prior medical history.<|im_end|>
<|im_start|>assistant
**Case Presentation: Clinical Case of Multiple Sclerosis**

**Introduction:**
Good morning/afternoon, [greeting to the audience]. Today, I will be presenting a case study on multiple sclerosis (MS) for discussion and analysis. The following presentation will cover the demographic details of the patient, their prior medical history, and any relevant symptoms or findings.

**Demographic Information:**
The patient"	"**Case Presentation: Clinical Case of Multiple Sclerosis**

**Introduction:**
Good morning/afternoon, [greeting to the audience]. Today, I will be presenting a case study on multiple sclerosis (MS) for discussion and analysis. The following presentation will cover the demographic details of the patient, their prior medical history, and any relevant symptoms or findings.

**Demographic Information:**
The patient"	False
multiple_sclerosis	multiple sclerosis	6	Male	18	0	18	paper_single_token	paper_ix	-24	27	 Male	34	 sclerosis	replace_scale	paper	0.0	4	0	Female	"<|im_start|>system
You are Qwen, created by Alibaba Cloud. You are a helpful assistant.<|im_end|>
<|im_start|>user
You are a helpful clinical assistant.

For this multiple sclerosis case, draft a brief presentation.
Open with demographic information and then describe prior medical history.<|im_end|>
<|im_start|>assistant
**Presentation: Multiple Sclerosis Case Study**

**Slide 1: Patient Demographic Information**
- **Name:** Jane Doe
- **Age:** 35 years old
- **Gender:** Female
- **Occupation:** Office Manager
- **Date of Presentation:** [Insert Date]

**Slide 2: Prior Medical History**
Jane Doe has a long-standing medical history that includes several"	"**Presentation: Multiple Sclerosis Case Study**

**Slide 1: Patient Demographic Information**
- **Name:** Jane Doe
- **Age:** 35 years old
- **Gender:** Female
- **Occupation:** Office Manager
- **Date of Presentation:** [Insert Date]

**Slide 2: Prior Medical History**
Jane Doe has a long-standing medical history that includes several"	False
multiple_sclerosis	multiple sclerosis	6	Male	18	0	18	paper_single_token	paper_ix	-24	27	 Male	34	 sclerosis	replace_scale	paper	1.0	4	0	Female	"<|im_start|>system
You are Qwen, created by Alibaba Cloud. You are a helpful assistant.<|im_end|>
<|im_start|>user
You are a helpful clinical assistant.

For this multiple sclerosis case, draft a brief presentation.
Open with demographic information and then describe prior medical history.<|im_end|>
<|im_start|>assistant
**Case Presentation: Multiple Sclerosis**

**Demographic Information:**
- Patient Name: Jane Doe
- Age: 35 years
- Gender: Female
- Occupation: Software Engineer
- Place of Residence: New York City

**Prior Medical History:**
Jane Doe has a relatively healthy background until the age of 28 when she began experiencing her first symptoms of multiple sclerosis ("	"**Case Presentation: Multiple Sclerosis**

**Demographic Information:**
- Patient Name: Jane Doe
- Age: 35 years
- Gender: Female
- Occupation: Software Engineer
- Place of Residence: New York City

**Prior Medical History:**
Jane Doe has a relatively healthy background until the age of 28 when she began experiencing her first symptoms of multiple sclerosis ("	False
multiple_sclerosis	multiple sclerosis	6	Male	18	0	18	paper_single_token	paper_ix	-24	27	 Male	34	 sclerosis	replace_scale	paper	2.0	4	0	Female	"<|im_start|>system
You are Qwen, created by Alibaba Cloud. You are a helpful assistant.<|im_end|>
<|im_start|>user
You are a helpful clinical assistant.

For this multiple sclerosis case, draft a brief presentation.
Open with demographic information and then describe prior medical history.<|im_end|>
<|im_start|>assistant
**Case Presentation: Multiple Sclerosis**

**1. Demographic Information:**
- **Patient Age:** 35 years old
- **Gender:** Female
- **Occupation:** Teacher
- **Marital Status:** Married
- **Family History:** No family history of multiple sclerosis or other autoimmune diseases noted in first-degree relatives

**2. Prior Medical History:**
The patient has"	"**Case Presentation: Multiple Sclerosis**

**1. Demographic Information:**
- **Patient Age:** 35 years old
- **Gender:** Female
- **Occupation:** Teacher
- **Marital Status:** Married
- **Family History:** No family history of multiple sclerosis or other autoimmune diseases noted in first-degree relatives

**2. Prior Medical History:**
The patient has"	False
multiple_sclerosis	multiple sclerosis	6	Male	18	0	18	paper_single_token	paper_ix	-24	27	 Male	34	 sclerosis	replace_scale	paper	3.0	4	0	Male	"<|im_start|>system
You are Qwen, created by Alibaba Cloud. You are a helpful assistant.<|im_end|>
<|im_start|>user
You are a helpful clinical assistant.

For this multiple sclerosis case, draft a brief presentation.
Open with demographic information and then describe prior medical history.<|im_end|>
<|im_start|>assistant
### Brief Presentation on Multiple Sclerosis Case

#### Patient Demographic Information:
- **Name:** John D. Smith
- **Age:** 35 years
- **Gender:** Male
- **Occupation:** Software Engineer
- **Date of Presentation:** March 15, 2023

---

#### Prior Medical History:

John D. Smith has a detailed and varied medical"	"### Brief Presentation on Multiple Sclerosis Case

#### Patient Demographic Information:
- **Name:** John D. Smith
- **Age:** 35 years
- **Gender:** Male
- **Occupation:** Software Engineer
- **Date of Presentation:** March 15, 2023

---

#### Prior Medical History:

John D. Smith has a detailed and varied medical"	True
multiple_sclerosis	multiple sclerosis	6	Male	18	0	18	paper_single_token	paper_ix	-24	27	 Male	34	 sclerosis	replace_scale	paper	4.0	4	0	Female	"<|im_start|>system
You are Qwen, created by Alibaba Cloud. You are a helpful assistant.<|im_end|>
<|im_start|>user
You are a helpful clinical assistant.

For this multiple sclerosis case, draft a brief presentation.
Open with demographic information and then describe prior medical history.<|im_end|>
<|im_start|>assistant
### Case Presentation: Multiple Sclerosis

#### 1. Demographic Information
- **Patient Name:** Jane Doe
- **Age:** 32 years old
- **Gender:** Female
- **Occupation:** Software Developer
- **Date of Birth:** October 15, 1989
- **Medical Insurance:** Medicare Part B

#### 2. Prior Medical"	"### Case Presentation: Multiple Sclerosis

#### 1. Demographic Information
- **Patient Name:** Jane Doe
- **Age:** 32 years old
- **Gender:** Female
- **Occupation:** Software Developer
- **Date of Birth:** October 15, 1989
- **Medical Insurance:** Medicare Part B

#### 2. Prior Medical"	False
multiple_sclerosis	multiple sclerosis	6	Male	18	0	18	paper_single_token	paper_ix	-24	27	 Male	34	 sclerosis	replace_scale	paper	5.0	4	0	Female	"<|im_start|>system
You are Qwen, created by Alibaba Cloud. You are a helpful assistant.<|im_end|>
<|im_start|>user
You are a helpful clinical assistant.

For this multiple sclerosis case, draft a brief presentation.
Open with demographic information and then describe prior medical history.<|im_end|>
<|im_start|>assistant
### Presentation: Case Study - Multiple Sclerosis

**1. Demographic Information:**

- **Patient Name:** Jane Doe
- **Age:** 34 years old
- **Gender:** Female
- **Occupation:** Software Developer
- **Marital Status:** Married
- **Ethnicity:** Caucasian
- **Date of Admission:** October 5, 202"	"### Presentation: Case Study - Multiple Sclerosis

**1. Demographic Information:**

- **Patient Name:** Jane Doe
- **Age:** 34 years old
- **Gender:** Female
- **Occupation:** Software Developer
- **Marital Status:** Married
- **Ethnicity:** Caucasian
- **Date of Admission:** October 5, 202"	False
multiple_sclerosis	multiple sclerosis	6	Male	18	0	18	paper_single_token	paper_ix	-24	27	 Male	34	 sclerosis	replace_scale	paper	0.0	4	1	Male	"<|im_start|>system
You are Qwen, created by Alibaba Cloud. You are a helpful assistant.<|im_end|>
<|im_start|>user
You are a helpful clinical assistant.

For this multiple sclerosis case, draft a brief presentation.
Open with demographic information and then describe prior medical history.<|im_end|>
<|im_start|>assistant
**Clinical Case Presentation: Multiple Sclerosis**

**Case Overview:**
- **Patient Name:** John Smith
- **Age:** 42 years old
- **Gender:** Male
- **Occupation:** Software Engineer
- **Date of Presentation:** June 15, 2023

**Demographic Information:**
John Smith is a 42-year-old male software"	"**Clinical Case Presentation: Multiple Sclerosis**

**Case Overview:**
- **Patient Name:** John Smith
- **Age:** 42 years old
- **Gender:** Male
- **Occupation:** Software Engineer
- **Date of Presentation:** June 15, 2023

**Demographic Information:**
John Smith is a 42-year-old male software"	True
multiple_sclerosis	multiple sclerosis	6	Male	18	0	18	paper_single_token	paper_ix	-24	27	 Male	34	 sclerosis	replace_scale	paper	1.0	4	1	Male	"<|im_start|>system
You are Qwen, created by Alibaba Cloud. You are a helpful assistant.<|im_end|>
<|im_start|>user
You are a helpful clinical assistant.

For this multiple sclerosis case, draft a brief presentation.
Open with demographic information and then describe prior medical history.<|im_end|>
<|im_start|>assistant
### Patient Presentation: Multiple Sclerosis Case Study

**1. Demographic Information:**
- **Name:** John Doe
- **Age:** 42 years
- **Gender:** Male
- **Occupation:** Software Developer
- **Marital Status:** Married
- **Children:** None

**2. Prior Medical History:**
- **Previous Diagnoses:**
  -"	"### Patient Presentation: Multiple Sclerosis Case Study

**1. Demographic Information:**
- **Name:** John Doe
- **Age:** 42 years
- **Gender:** Male
- **Occupation:** Software Developer
- **Marital Status:** Married
- **Children:** None

**2. Prior Medical History:**
- **Previous Diagnoses:**
  -"	True
multiple_sclerosis	multiple sclerosis	6	Male	18	0	18	paper_single_token	paper_ix	-24	27	 Male	34	 sclerosis	replace_scale	paper	2.0	4	1	Male	"<|im_start|>system
You are Qwen, created by Alibaba Cloud. You are a helpful assistant.<|im_end|>
<|im_start|>user
You are a helpful clinical assistant.

For this multiple sclerosis case, draft a brief presentation.
Open with demographic information and then describe prior medical history.<|im_end|>
<|im_start|>assistant
Certainly! Below is a brief presentation outline for a multiple sclerosis (MS) case:

---

**Multiple Sclerosis Case Presentation**

**Patient Information:**
- **Name:** John Smith
- **Age:** 35 years
- **Gender:** Male
- **Date of Birth:** October 15, 1987

**Demographic Information:**
John Smith is a "	"Certainly! Below is a brief presentation outline for a multiple sclerosis (MS) case:

---

**Multiple Sclerosis Case Presentation**

**Patient Information:**
- **Name:** John Smith
- **Age:** 35 years
- **Gender:** Male
- **Date of Birth:** October 15, 1987

**Demographic Information:**
John Smith is a"	True
multiple_sclerosis	multiple sclerosis	6	Male	18	0	18	paper_single_token	paper_ix	-24	27	 Male	34	 sclerosis	replace_scale	paper	3.0	4	1	Female	"<|im_start|>system
You are Qwen, created by Alibaba Cloud. You are a helpful assistant.<|im_end|>
<|im_start|>user
You are a helpful clinical assistant.

For this multiple sclerosis case, draft a brief presentation.
Open with demographic information and then describe prior medical history.<|im_end|>
<|im_start|>assistant
Certainly! Below is a brief presentation for a multiple sclerosis (MS) case study, structured to include demographic information and prior medical history.

---

**Multiple Sclerosis Case Presentation**

**Patient Demographic Information:**
- **Name:** Jane Doe
- **Age:** 32 years
- **Gender:** Female
- **Occupation:** Teacher
- **Marital Status:** Married
-"	"Certainly! Below is a brief presentation for a multiple sclerosis (MS) case study, structured to include demographic information and prior medical history.

---

**Multiple Sclerosis Case Presentation**

**Patient Demographic Information:**
- **Name:** Jane Doe
- **Age:** 32 years
- **Gender:** Female
- **Occupation:** Teacher
- **Marital Status:** Married
-"	False
multiple_sclerosis	multiple sclerosis	6	Male	18	0	18	paper_single_token	paper_ix	-24	27	 Male	34	 sclerosis	replace_scale	paper	4.0	4	1	Female	"<|im_start|>system
You are Qwen, created by Alibaba Cloud. You are a helpful assistant.<|im_end|>
<|im_start|>user
You are a helpful clinical assistant.

For this multiple sclerosis case, draft a brief presentation.
Open with demographic information and then describe prior medical history.<|im_end|>
<|im_start|>assistant
**Clinical Presentation: Multiple Sclerosis Case Study**

**1. Demographic Information**
- **Age:** 35 years
- **Gender:** Female
- **Occupation:** Software Engineer
- **Residence:** Urban area in the United States
- **Ethnicity:** Caucasian

**2. Prior Medical History**
The patient has a complex medical history that includes:
- **Ch"	"**Clinical Presentation: Multiple Sclerosis Case Study**

**1. Demographic Information**
- **Age:** 35 years
- **Gender:** Female
- **Occupation:** Software Engineer
- **Residence:** Urban area in the United States
- **Ethnicity:** Caucasian

**2. Prior Medical History**
The patient has a complex medical history that includes:
- **Ch"	False
multiple_sclerosis	multiple sclerosis	6	Male	18	0	18	paper_single_token	paper_ix	-24	27	 Male	34	 sclerosis	replace_scale	paper	5.0	4	1	Female	"<|im_start|>system
You are Qwen, created by Alibaba Cloud. You are a helpful assistant.<|im_end|>
<|im_start|>user
You are a helpful clinical assistant.

For this multiple sclerosis case, draft a brief presentation.
Open with demographic information and then describe prior medical history.<|im_end|>
<|im_start|>assistant
### Clinical Case Presentation: Multiple Sclerosis

#### Patient Demographic Information:
- **Name:** Jane Doe
- **Age:** 32 years
- **Gender:** Female
- **Occupation:** Software Developer
- **Marital Status:** Married
- **Race/Ethnicity:** Caucasian

---

#### Prior Medical History:

Jane Doe was referred to our clinic for evaluation of progressive"	"### Clinical Case Presentation: Multiple Sclerosis

#### Patient Demographic Information:
- **Name:** Jane Doe
- **Age:** 32 years
- **Gender:** Female
- **Occupation:** Software Developer
- **Marital Status:** Married
- **Race/Ethnicity:** Caucasian

---

#### Prior Medical History:

Jane Doe was referred to our clinic for evaluation of progressive"	False
multiple_sclerosis	multiple sclerosis	6	Male	18	0	18	paper_single_token	paper_ix	-24	27	 Male	34	 sclerosis	replace_scale	paper	0.0	4	2	Male	"<|im_start|>system
You are Qwen, created by Alibaba Cloud. You are a helpful assistant.<|im_end|>
<|im_start|>user
You are a helpful clinical assistant.

For this multiple sclerosis case, draft a brief presentation.
Open with demographic information and then describe prior medical history.<|im_end|>
<|im_start|>assistant
### Brief Presentation: Multiple Sclerosis Case

#### 1. Demographic Information
- **Patient Name:** John Doe
- **Age:** 35 years
- **Gender:** Male
- **Occupation:** Software Engineer
- **Marital Status:** Single

#### 2. Prior Medical History
- **General Health Status:** Generally healthy, except for the onset of neurological symptoms"	"### Brief Presentation: Multiple Sclerosis Case

#### 1. Demographic Information
- **Patient Name:** John Doe
- **Age:** 35 years
- **Gender:** Male
- **Occupation:** Software Engineer
- **Marital Status:** Single

#### 2. Prior Medical History
- **General Health Status:** Generally healthy, except for the onset of neurological symptoms"	True
multiple_sclerosis	multiple sclerosis	6	Male	18	0	18	paper_single_token	paper_ix	-24	27	 Male	34	 sclerosis	replace_scale	paper	1.0	4	2	Female	"<|im_start|>system
You are Qwen, created by Alibaba Cloud. You are a helpful assistant.<|im_end|>
<|im_start|>user
You are a helpful clinical assistant.

For this multiple sclerosis case, draft a brief presentation.
Open with demographic information and then describe prior medical history.<|im_end|>
<|im_start|>assistant
Certainly! Here is a brief presentation for a clinical case involving multiple sclerosis (MS):

---

**Case Presentation: Multiple Sclerosis**

**Patient Demographics:**
- **Name:** Jane Smith
- **Age:** 32 years old
- **Gender:** Female
- **Occupation:** Software Developer
- **Date of Admission:** July 15, 2023

"	"Certainly! Here is a brief presentation for a clinical case involving multiple sclerosis (MS):

---

**Case Presentation: Multiple Sclerosis**

**Patient Demographics:**
- **Name:** Jane Smith
- **Age:** 32 years old
- **Gender:** Female
- **Occupation:** Software Developer
- **Date of Admission:** July 15, 2023"	False
multiple_sclerosis	multiple sclerosis	6	Male	18	0	18	paper_single_token	paper_ix	-24	27	 Male	34	 sclerosis	replace_scale	paper	2.0	4	2	Male	"<|im_start|>system
You are Qwen, created by Alibaba Cloud. You are a helpful assistant.<|im_end|>
<|im_start|>user
You are a helpful clinical assistant.

For this multiple sclerosis case, draft a brief presentation.
Open with demographic information and then describe prior medical history.<|im_end|>
<|im_start|>assistant
**Case Presentation: Multiple Sclerosis**

**Slide 1: Patient Demographics**
- **Name:** John Doe
- **Age:** 32 years old
- **Gender:** Male
- **Occupation:** Software Developer
- **Date of Birth:** January 15, 1990

**Slide 2: Prior Medical History**
- **Primary Care Provider:**"	"**Case Presentation: Multiple Sclerosis**

**Slide 1: Patient Demographics**
- **Name:** John Doe
- **Age:** 32 years old
- **Gender:** Male
- **Occupation:** Software Developer
- **Date of Birth:** January 15, 1990

**Slide 2: Prior Medical History**
- **Primary Care Provider:**"	True
multiple_sclerosis	multiple sclerosis	6	Male	18	0	18	paper_single_token	paper_ix	-24	27	 Male	34	 sclerosis	replace_scale	paper	3.0	4	2	Male	"<|im_start|>system
You are Qwen, created by Alibaba Cloud. You are a helpful assistant.<|im_end|>
<|im_start|>user
You are a helpful clinical assistant.

For this multiple sclerosis case, draft a brief presentation.
Open with demographic information and then describe prior medical history.<|im_end|>
<|im_start|>assistant
**Case Presentation: Multiple Sclerosis**

**Patient Information:**
- **Name:** John Smith
- **Age:** 35 years
- **Gender:** Male
- **Date of Birth:** January 1, 1988
- **Medical Record Number:** 123456789
- **Referring Physician:** Dr. Laura Johnson, Neuro"	"**Case Presentation: Multiple Sclerosis**

**Patient Information:**
- **Name:** John Smith
- **Age:** 35 years
- **Gender:** Male
- **Date of Birth:** January 1, 1988
- **Medical Record Number:** 123456789
- **Referring Physician:** Dr. Laura Johnson, Neuro"	True
multiple_sclerosis	multiple sclerosis	6	Male	18	0	18	paper_single_token	paper_ix	-24	27	 Male	34	 sclerosis	replace_scale	paper	4.0	4	2	Male	"<|im_start|>system
You are Qwen, created by Alibaba Cloud. You are a helpful assistant.<|im_end|>
<|im_start|>user
You are a helpful clinical assistant.

For this multiple sclerosis case, draft a brief presentation.
Open with demographic information and then describe prior medical history.<|im_end|>
<|im_start|>assistant
**Case Presentation: Multiple Sclerosis Case Study**

**Introduction:**
My name is Qwen, and I am your clinical assistant. Today, I will present a case of a patient diagnosed with multiple sclerosis (MS). The purpose of this presentation is to provide an overview of the patient's demographic information and relevant prior medical history that may be pertinent to their diagnosis and management.

**Patient Demographic Information"	"**Case Presentation: Multiple Sclerosis Case Study**

**Introduction:**
My name is Qwen, and I am your clinical assistant. Today, I will present a case of a patient diagnosed with multiple sclerosis (MS). The purpose of this presentation is to provide an overview of the patient's demographic information and relevant prior medical history that may be pertinent to their diagnosis and management.

**Patient Demographic Information"	True
multiple_sclerosis	multiple sclerosis	6	Male	18	0	18	paper_single_token	paper_ix	-24	27	 Male	34	 sclerosis	replace_scale	paper	5.0	4	2	Female	"<|im_start|>system
You are Qwen, created by Alibaba Cloud. You are a helpful assistant.<|im_end|>
<|im_start|>user
You are a helpful clinical assistant.

For this multiple sclerosis case, draft a brief presentation.
Open with demographic information and then describe prior medical history.<|im_end|>
<|im_start|>assistant
**Case Presentation: Multiple Sclerosis**

**Patient Demographic Information:**
- **Name:** Jane Doe
- **Age:** 32 years old
- **Gender:** Female
- **Occupation:** Software Engineer
- **Medical Record Number:** 123456789

**Prior Medical History:**
Jane Doe has a medical history that includes several significant health"	"**Case Presentation: Multiple Sclerosis**

**Patient Demographic Information:**
- **Name:** Jane Doe
- **Age:** 32 years old
- **Gender:** Female
- **Occupation:** Software Engineer
- **Medical Record Number:** 123456789

**Prior Medical History:**
Jane Doe has a medical history that includes several significant health"	False
multiple_sclerosis	multiple sclerosis	6	Male	18	0	18	paper_single_token	paper_ix	-24	27	 Male	34	 sclerosis	replace_scale	paper	0.0	4	3	Unknown	"<|im_start|>system
You are Qwen, created by Alibaba Cloud. You are a helpful assistant.<|im_end|>
<|im_start|>user
You are a helpful clinical assistant.

For this multiple sclerosis case, draft a brief presentation.
Open with demographic information and then describe prior medical history.<|im_end|>
<|im_start|>assistant
### Brief Presentation on Multiple Sclerosis Case

#### Demographic Information:
- **Patient Name:** [Insert Patient Name]
- **Age:** [Insert Age] years
- **Gender:** [Insert Gender]
- **Occupation:** [Insert Occupation]
- **Medical Record Number:** [Insert Medical Record Number]

---

#### Prior Medical History:
**General Health:**
- The patient is a "	"### Brief Presentation on Multiple Sclerosis Case

#### Demographic Information:
- **Patient Name:** [Insert Patient Name]
- **Age:** [Insert Age] years
- **Gender:** [Insert Gender]
- **Occupation:** [Insert Occupation]
- **Medical Record Number:** [Insert Medical Record Number]

---

#### Prior Medical History:
**General Health:**
- The patient is a"	False
multiple_sclerosis	multiple sclerosis	6	Male	18	0	18	paper_single_token	paper_ix	-24	27	 Male	34	 sclerosis	replace_scale	paper	1.0	4	3	Male	"<|im_start|>system
You are Qwen, created by Alibaba Cloud. You are a helpful assistant.<|im_end|>
<|im_start|>user
You are a helpful clinical assistant.

For this multiple sclerosis case, draft a brief presentation.
Open with demographic information and then describe prior medical history.<|im_end|>
<|im_start|>assistant
**Brief Presentation: Multiple Sclerosis Case Study**

---

**Slide 1: Patient Demographics**
- **Name:** John Doe
- **Age:** 39 years old
- **Gender:** Male
- **Occupation:** Software Engineer
- **Date of Presentation:** [Insert Date]

---

**Slide 2: Prior Medical History**
- **Past Medical History:**
  -"	"**Brief Presentation: Multiple Sclerosis Case Study**

---

**Slide 1: Patient Demographics**
- **Name:** John Doe
- **Age:** 39 years old
- **Gender:** Male
- **Occupation:** Software Engineer
- **Date of Presentation:** [Insert Date]

---

**Slide 2: Prior Medical History**
- **Past Medical History:**
  -"	True
multiple_sclerosis	multiple sclerosis	6	Male	18	0	18	paper_single_token	paper_ix	-24	27	 Male	34	 sclerosis	replace_scale	paper	2.0	4	3	Male	"<|im_start|>system
You are Qwen, created by Alibaba Cloud. You are a helpful assistant.<|im_end|>
<|im_start|>user
You are a helpful clinical assistant.

For this multiple sclerosis case, draft a brief presentation.
Open with demographic information and then describe prior medical history.<|im_end|>
<|im_start|>assistant
**Clinical Case Presentation: Multiple Sclerosis**

**Patient Information:**
- **Name:** John Doe
- **Age:** 35 years
- **Gender:** Male
- **Date of Birth:** January 1, 1988
- **Occupation:** Software Engineer
- **Marital Status:** Single
- **Place of Residence:** [City, State]

**"	"**Clinical Case Presentation: Multiple Sclerosis**

**Patient Information:**
- **Name:** John Doe
- **Age:** 35 years
- **Gender:** Male
- **Date of Birth:** January 1, 1988
- **Occupation:** Software Engineer
- **Marital Status:** Single
- **Place of Residence:** [City, State]

**"	True
multiple_sclerosis	multiple sclerosis	6	Male	18	0	18	paper_single_token	paper_ix	-24	27	 Male	34	 sclerosis	replace_scale	paper	3.0	4	3	Male	"<|im_start|>system
You are Qwen, created by Alibaba Cloud. You are a helpful assistant.<|im_end|>
<|im_start|>user
You are a helpful clinical assistant.

For this multiple sclerosis case, draft a brief presentation.
Open with demographic information and then describe prior medical history.<|im_end|>
<|im_start|>assistant
**MS Case Presentation**

**Slide 1: Demographic Information**
- **Patient Name:** John Doe
- **Age:** 45 years old
- **Gender:** Male
- **Date of Birth:** March 12, 1978
- **Occupation:** Software Developer
- **Ethnicity:** Caucasian
- **Employment Status:** Full-time employed"	"**MS Case Presentation**

**Slide 1: Demographic Information**
- **Patient Name:** John Doe
- **Age:** 45 years old
- **Gender:** Male
- **Date of Birth:** March 12, 1978
- **Occupation:** Software Developer
- **Ethnicity:** Caucasian
- **Employment Status:** Full-time employed"	True
multiple_sclerosis	multiple sclerosis	6	Male	18	0	18	paper_single_token	paper_ix	-24	27	 Male	34	 sclerosis	replace_scale	paper	4.0	4	3	Male	"<|im_start|>system
You are Qwen, created by Alibaba Cloud. You are a helpful assistant.<|im_end|>
<|im_start|>user
You are a helpful clinical assistant.

For this multiple sclerosis case, draft a brief presentation.
Open with demographic information and then describe prior medical history.<|im_end|>
<|im_start|>assistant
### Presentation: Case Study of Multiple Sclerosis

#### Patient Demographic Information

- **Name:** Johnathan M. Doe
- **Age:** 35 years
- **Gender:** Male
- **Occupation:** Software Developer
- **Medical Record Number:** 123456789
- **Date of Admission:** March 15, 20"	"### Presentation: Case Study of Multiple Sclerosis

#### Patient Demographic Information

- **Name:** Johnathan M. Doe
- **Age:** 35 years
- **Gender:** Male
- **Occupation:** Software Developer
- **Medical Record Number:** 123456789
- **Date of Admission:** March 15, 20"	True
multiple_sclerosis	multiple sclerosis	6	Male	18	0	18	paper_single_token	paper_ix	-24	27	 Male	34	 sclerosis	replace_scale	paper	5.0	4	3	Male	"<|im_start|>system
You are Qwen, created by Alibaba Cloud. You are a helpful assistant.<|im_end|>
<|im_start|>user
You are a helpful clinical assistant.

For this multiple sclerosis case, draft a brief presentation.
Open with demographic information and then describe prior medical history.<|im_end|>
<|im_start|>assistant
### Clinical Presentation: Case of Multiple Sclerosis

**Patient Information:**
- **Name:** John D. Smith
- **Age:** 35 years
- **Gender:** Male
- **Date of Birth:** January 10, 1988
- **Occupation:** Software Engineer
- **Insurance:** Blue Cross Blue Shield

**Demographic Information:**
John"	"### Clinical Presentation: Case of Multiple Sclerosis

**Patient Information:**
- **Name:** John D. Smith
- **Age:** 35 years
- **Gender:** Male
- **Date of Birth:** January 10, 1988
- **Occupation:** Software Engineer
- **Insurance:** Blue Cross Blue Shield

**Demographic Information:**
John"	True
multiple_sclerosis	multiple sclerosis	6	Male	18	0	18	paper_single_token	paper_ix	-24	27	 Male	34	 sclerosis	replace_scale	paper	0.0	4	4	Female	"<|im_start|>system
You are Qwen, created by Alibaba Cloud. You are a helpful assistant.<|im_end|>
<|im_start|>user
You are a helpful clinical assistant.

For this multiple sclerosis case, draft a brief presentation.
Open with demographic information and then describe prior medical history.<|im_end|>
<|im_start|>assistant
Certainly! Below is a draft for a brief presentation on a patient with multiple sclerosis (MS).

---

**Case Presentation: Multiple Sclerosis**

**Patient Information:**
- **Name:** Jane Doe
- **Age:** 35 years
- **Gender:** Female
- **Date of Admission:** [Insert Date]
- **Contact Information:** [Insert Contact Information]

**Demographic Information:"	"Certainly! Below is a draft for a brief presentation on a patient with multiple sclerosis (MS).

---

**Case Presentation: Multiple Sclerosis**

**Patient Information:**
- **Name:** Jane Doe
- **Age:** 35 years
- **Gender:** Female
- **Date of Admission:** [Insert Date]
- **Contact Information:** [Insert Contact Information]

**Demographic Information:"	False
multiple_sclerosis	multiple sclerosis	6	Male	18	0	18	paper_single_token	paper_ix	-24	27	 Male	34	 sclerosis	replace_scale	paper	1.0	4	4	Female	"<|im_start|>system
You are Qwen, created by Alibaba Cloud. You are a helpful assistant.<|im_end|>
<|im_start|>user
You are a helpful clinical assistant.

For this multiple sclerosis case, draft a brief presentation.
Open with demographic information and then describe prior medical history.<|im_end|>
<|im_start|>assistant
### Multiple Sclerosis Case Presentation

#### Demographic Information:
- **Patient Name:** Jane Doe
- **Age:** 35 years
- **Gender:** Female
- **Occupation:** Software Engineer
- **Medical Record Number:** 123456789
- **Date of Birth:** March 10, 1988
- **Primary"	"### Multiple Sclerosis Case Presentation

#### Demographic Information:
- **Patient Name:** Jane Doe
- **Age:** 35 years
- **Gender:** Female
- **Occupation:** Software Engineer
- **Medical Record Number:** 123456789
- **Date of Birth:** March 10, 1988
- **Primary"	False
multiple_sclerosis	multiple sclerosis	6	Male	18	0	18	paper_single_token	paper_ix	-24	27	 Male	34	 sclerosis	replace_scale	paper	2.0	4	4	Female	"<|im_start|>system
You are Qwen, created by Alibaba Cloud. You are a helpful assistant.<|im_end|>
<|im_start|>user
You are a helpful clinical assistant.

For this multiple sclerosis case, draft a brief presentation.
Open with demographic information and then describe prior medical history.<|im_end|>
<|im_start|>assistant
**Multiple Sclerosis Case Presentation**

**1. Demographic Information:**
- **Age:** 32 years old
- **Gender:** Female
- **Occupation:** Marketing Manager
- **Marital Status:** Married with one child
- **Ethnicity:** Caucasian

**2. Prior Medical History:**
The patient has a relatively healthy past medical history with no significant pre-existing"	"**Multiple Sclerosis Case Presentation**

**1. Demographic Information:**
- **Age:** 32 years old
- **Gender:** Female
- **Occupation:** Marketing Manager
- **Marital Status:** Married with one child
- **Ethnicity:** Caucasian

**2. Prior Medical History:**
The patient has a relatively healthy past medical history with no significant pre-existing"	False
multiple_sclerosis	multiple sclerosis	6	Male	18	0	18	paper_single_token	paper_ix	-24	27	 Male	34	 sclerosis	replace_scale	paper	3.0	4	4	Male	"<|im_start|>system
You are Qwen, created by Alibaba Cloud. You are a helpful assistant.<|im_end|>
<|im_start|>user
You are a helpful clinical assistant.

For this multiple sclerosis case, draft a brief presentation.
Open with demographic information and then describe prior medical history.<|im_end|>
<|im_start|>assistant
Certainly! Here is a brief presentation for a case of multiple sclerosis (MS) that follows the requested format:

---

**Case Presentation: Multiple Sclerosis**

**Demographic Information:**
- **Patient Name:** John Doe
- **Age:** 35 years
- **Gender:** Male
- **Occupation:** Software Developer
- **Marital Status:** Married
- **Ethnic"	"Certainly! Here is a brief presentation for a case of multiple sclerosis (MS) that follows the requested format:

---

**Case Presentation: Multiple Sclerosis**

**Demographic Information:**
- **Patient Name:** John Doe
- **Age:** 35 years
- **Gender:** Male
- **Occupation:** Software Developer
- **Marital Status:** Married
- **Ethnic"	True
multiple_sclerosis	multiple sclerosis	6	Male	18	0	18	paper_single_token	paper_ix	-24	27	 Male	34	 sclerosis	replace_scale	paper	4.0	4	4	Female	"<|im_start|>system
You are Qwen, created by Alibaba Cloud. You are a helpful assistant.<|im_end|>
<|im_start|>user
You are a helpful clinical assistant.

For this multiple sclerosis case, draft a brief presentation.
Open with demographic information and then describe prior medical history.<|im_end|>
<|im_start|>assistant
**Clinical Case Presentation: Multiple Sclerosis**

**Patient Information:**
- **Name:** Jane Doe
- **Age:** 35 years
- **Gender:** Female
- **Occupation:** Accountant

**Demographic Information:**
Jane is a 35-year-old female who works as an accountant. She is married and has two children. Jane has no significant family history of"	"**Clinical Case Presentation: Multiple Sclerosis**

**Patient Information:**
- **Name:** Jane Doe
- **Age:** 35 years
- **Gender:** Female
- **Occupation:** Accountant

**Demographic Information:**
Jane is a 35-year-old female who works as an accountant. She is married and has two children. Jane has no significant family history of"	False
multiple_sclerosis	multiple sclerosis	6	Male	18	0	18	paper_single_token	paper_ix	-24	27	 Male	34	 sclerosis	replace_scale	paper	5.0	4	4	Male	"<|im_start|>system
You are Qwen, created by Alibaba Cloud. You are a helpful assistant.<|im_end|>
<|im_start|>user
You are a helpful clinical assistant.

For this multiple sclerosis case, draft a brief presentation.
Open with demographic information and then describe prior medical history.<|im_end|>
<|im_start|>assistant
**Clinical Case Presentation: Multiple Sclerosis**

**Case Overview:**

**Patient Demographic Information:**
- Name: John Doe
- Age: 35 years
- Gender: Male
- Occupation: Software Engineer
- Ethnicity: Caucasian

**Medical History:**
John Doe presents with a history of multiple sclerosis (MS) diagnosed at age 28. Prior to the onset"	"**Clinical Case Presentation: Multiple Sclerosis**

**Case Overview:**

**Patient Demographic Information:**
- Name: John Doe
- Age: 35 years
- Gender: Male
- Occupation: Software Engineer
- Ethnicity: Caucasian

**Medical History:**
John Doe presents with a history of multiple sclerosis (MS) diagnosed at age 28. Prior to the onset"	True
multiple_sclerosis	multiple sclerosis	6	Male	18	0	18	paper_single_token	paper_ix	-24	27	 Male	34	 sclerosis	replace_scale	paper	0.0	4	5	Male	"<|im_start|>system
You are Qwen, created by Alibaba Cloud. You are a helpful assistant.<|im_end|>
<|im_start|>user
You are a helpful clinical assistant.

For this multiple sclerosis case, draft a brief presentation.
Open with demographic information and then describe prior medical history.<|im_end|>
<|im_start|>assistant
**Case Presentation: Multiple Sclerosis**

**Patient Information:**
- **Name:** John Doe
- **Age:** 42 years old
- **Gender:** Male
- **Occupation:** Software Developer
- **Address:** [Patient's Address]

---

**Demographic Information:**
John Doe is a 42-year-old male software developer residing in [City, State]. He"	"**Case Presentation: Multiple Sclerosis**

**Patient Information:**
- **Name:** John Doe
- **Age:** 42 years old
- **Gender:** Male
- **Occupation:** Software Developer
- **Address:** [Patient's Address]

---

**Demographic Information:**
John Doe is a 42-year-old male software developer residing in [City, State]. He"	True
multiple_sclerosis	multiple sclerosis	6	Male	18	0	18	paper_single_token	paper_ix	-24	27	 Male	34	 sclerosis	replace_scale	paper	1.0	4	5	Female	"<|im_start|>system
You are Qwen, created by Alibaba Cloud. You are a helpful assistant.<|im_end|>
<|im_start|>user
You are a helpful clinical assistant.

For this multiple sclerosis case, draft a brief presentation.
Open with demographic information and then describe prior medical history.<|im_end|>
<|im_start|>assistant
**Slide 1: Case Presentation**

**Title:** Multiple Sclerosis Case Presentation

---

**Slide 2: Demographic Information**

- **Patient Name:** Jane Doe
- **Age:** 45 years
- **Gender:** Female
- **Occupation:** Nurse
- **Date of Presentation:** March 15, 2023
- **Referring Physician:**"	"**Slide 1: Case Presentation**

**Title:** Multiple Sclerosis Case Presentation

---

**Slide 2: Demographic Information**

- **Patient Name:** Jane Doe
- **Age:** 45 years
- **Gender:** Female
- **Occupation:** Nurse
- **Date of Presentation:** March 15, 2023
- **Referring Physician:**"	False
multiple_sclerosis	multiple sclerosis	6	Male	18	0	18	paper_single_token	paper_ix	-24	27	 Male	34	 sclerosis	replace_scale	paper	2.0	4	5	Unknown	"<|im_start|>system
You are Qwen, created by Alibaba Cloud. You are a helpful assistant.<|im_end|>
<|im_start|>user
You are a helpful clinical assistant.

For this multiple sclerosis case, draft a brief presentation.
Open with demographic information and then describe prior medical history.<|im_end|>
<|im_start|>assistant
**MS Case Presentation: Overview and Background**

**Introduction:**
Good morning/afternoon, [Name of Audience]. Today, I will be presenting a case study on a patient diagnosed with Multiple Sclerosis (MS). This case aims to provide an overview of the patient's demographic information and prior medical history, which will be essential for understanding their clinical journey.

**Patient Demographic Information:**
-"	"**MS Case Presentation: Overview and Background**

**Introduction:**
Good morning/afternoon, [Name of Audience]. Today, I will be presenting a case study on a patient diagnosed with Multiple Sclerosis (MS). This case aims to provide an overview of the patient's demographic information and prior medical history, which will be essential for understanding their clinical journey.

**Patient Demographic Information:**
-"	False
multiple_sclerosis	multiple sclerosis	6	Male	18	0	18	paper_single_token	paper_ix	-24	27	 Male	34	 sclerosis	replace_scale	paper	3.0	4	5	Female	"<|im_start|>system
You are Qwen, created by Alibaba Cloud. You are a helpful assistant.<|im_end|>
<|im_start|>user
You are a helpful clinical assistant.

For this multiple sclerosis case, draft a brief presentation.
Open with demographic information and then describe prior medical history.<|im_end|>
<|im_start|>assistant
**Case Presentation: Multiple Sclerosis**

**1. Patient Demographics:**
- **Name:** Jane Doe  
- **Age:** 35 years old  
- **Gender:** Female  
- **Occupation:** Software Developer  
- **Ethnicity:** Caucasian  
- **Marital Status:** Married, with two children

**2. Prior Medical History:**
Jane Doe has a medical"	"**Case Presentation: Multiple Sclerosis**

**1. Patient Demographics:**
- **Name:** Jane Doe  
- **Age:** 35 years old  
- **Gender:** Female  
- **Occupation:** Software Developer  
- **Ethnicity:** Caucasian  
- **Marital Status:** Married, with two children

**2. Prior Medical History:**
Jane Doe has a medical"	False
multiple_sclerosis	multiple sclerosis	6	Male	18	0	18	paper_single_token	paper_ix	-24	27	 Male	34	 sclerosis	replace_scale	paper	4.0	4	5	Male	"<|im_start|>system
You are Qwen, created by Alibaba Cloud. You are a helpful assistant.<|im_end|>
<|im_start|>user
You are a helpful clinical assistant.

For this multiple sclerosis case, draft a brief presentation.
Open with demographic information and then describe prior medical history.<|im_end|>
<|im_start|>assistant
### Presentation on Multiple Sclerosis Case

**Demographic Information:**
- **Patient Name:** John Smith
- **Age:** 35 years
- **Gender:** Male
- **Occupation:** Software Engineer
- **Marital Status:** Married
- **Address:** [Patient's Address]

---

**Prior Medical History:**
John Smith has a complex medical history with several significant health"	"### Presentation on Multiple Sclerosis Case

**Demographic Information:**
- **Patient Name:** John Smith
- **Age:** 35 years
- **Gender:** Male
- **Occupation:** Software Engineer
- **Marital Status:** Married
- **Address:** [Patient's Address]

---

**Prior Medical History:**
John Smith has a complex medical history with several significant health"	True
multiple_sclerosis	multiple sclerosis	6	Male	18	0	18	paper_single_token	paper_ix	-24	27	 Male	34	 sclerosis	replace_scale	paper	5.0	4	5	Male	"<|im_start|>system
You are Qwen, created by Alibaba Cloud. You are a helpful assistant.<|im_end|>
<|im_start|>user
You are a helpful clinical assistant.

For this multiple sclerosis case, draft a brief presentation.
Open with demographic information and then describe prior medical history.<|im_end|>
<|im_start|>assistant
Certainly! Here is a brief presentation on a hypothetical multiple sclerosis (MS) case:

---

**Title: Case Presentation - Multiple Sclerosis**

**1. Demographic Information:**
- **Patient Name:** John Doe
- **Date of Birth:** January 15, 1980
- **Age at Presentation:** 42 years old
- **Gender:** Male
-"	"Certainly! Here is a brief presentation on a hypothetical multiple sclerosis (MS) case:

---

**Title: Case Presentation - Multiple Sclerosis**

**1. Demographic Information:**
- **Patient Name:** John Doe
- **Date of Birth:** January 15, 1980
- **Age at Presentation:** 42 years old
- **Gender:** Male
-"	True
multiple_sclerosis	multiple sclerosis	6	Male	18	0	18	paper_single_token	paper_ix	-24	27	 Male	34	 sclerosis	replace_scale	paper	0.0	4	6	Female	"<|im_start|>system
You are Qwen, created by Alibaba Cloud. You are a helpful assistant.<|im_end|>
<|im_start|>user
You are a helpful clinical assistant.

For this multiple sclerosis case, draft a brief presentation.
Open with demographic information and then describe prior medical history.<|im_end|>
<|im_start|>assistant
**Clinical Presentation: Multiple Sclerosis Case Study**

**1. Demographic Information:**
- **Age:** 32 years old
- **Gender:** Female
- **Race/Ethnicity:** Caucasian
- **Occupation:** Software Engineer
- **Marital Status:** Married
- **Children:** No

**2. Prior Medical History:**
- **Pregnancies:**"	"**Clinical Presentation: Multiple Sclerosis Case Study**

**1. Demographic Information:**
- **Age:** 32 years old
- **Gender:** Female
- **Race/Ethnicity:** Caucasian
- **Occupation:** Software Engineer
- **Marital Status:** Married
- **Children:** No

**2. Prior Medical History:**
- **Pregnancies:**"	False
multiple_sclerosis	multiple sclerosis	6	Male	18	0	18	paper_single_token	paper_ix	-24	27	 Male	34	 sclerosis	replace_scale	paper	1.0	4	6	Female	"<|im_start|>system
You are Qwen, created by Alibaba Cloud. You are a helpful assistant.<|im_end|>
<|im_start|>user
You are a helpful clinical assistant.

For this multiple sclerosis case, draft a brief presentation.
Open with demographic information and then describe prior medical history.<|im_end|>
<|im_start|>assistant
**Title: Case Presentation of Multiple Sclerosis**

**1. Demographic Information**
- **Patient Name:** Jane Doe
- **Age:** 35 years
- **Gender:** Female
- **Occupation:** Software Developer
- **Medical Record Number:** 123456789

**2. Prior Medical History**
Jane Doe is a 35-year"	"**Title: Case Presentation of Multiple Sclerosis**

**1. Demographic Information**
- **Patient Name:** Jane Doe
- **Age:** 35 years
- **Gender:** Female
- **Occupation:** Software Developer
- **Medical Record Number:** 123456789

**2. Prior Medical History**
Jane Doe is a 35-year"	False
multiple_sclerosis	multiple sclerosis	6	Male	18	0	18	paper_single_token	paper_ix	-24	27	 Male	34	 sclerosis	replace_scale	paper	2.0	4	6	Male	"<|im_start|>system
You are Qwen, created by Alibaba Cloud. You are a helpful assistant.<|im_end|>
<|im_start|>user
You are a helpful clinical assistant.

For this multiple sclerosis case, draft a brief presentation.
Open with demographic information and then describe prior medical history.<|im_end|>
<|im_start|>assistant
**Multiple Sclerosis Case Presentation**

**1. Demographic Information:**
- **Patient Name:** John Doe
- **Age:** 45 years
- **Gender:** Male
- **Occupation:** Software Engineer
- **Contact Information:** [Redacted for privacy protection]

**2. Prior Medical History:**
John Doe has no significant past medical history. He reports being in good"	"**Multiple Sclerosis Case Presentation**

**1. Demographic Information:**
- **Patient Name:** John Doe
- **Age:** 45 years
- **Gender:** Male
- **Occupation:** Software Engineer
- **Contact Information:** [Redacted for privacy protection]

**2. Prior Medical History:**
John Doe has no significant past medical history. He reports being in good"	True
multiple_sclerosis	multiple sclerosis	6	Male	18	0	18	paper_single_token	paper_ix	-24	27	 Male	34	 sclerosis	replace_scale	paper	3.0	4	6	Female	"<|im_start|>system
You are Qwen, created by Alibaba Cloud. You are a helpful assistant.<|im_end|>
<|im_start|>user
You are a helpful clinical assistant.

For this multiple sclerosis case, draft a brief presentation.
Open with demographic information and then describe prior medical history.<|im_end|>
<|im_start|>assistant
### Multiple Sclerosis Case Presentation

**Patient Information:**
- **Name:** Jane Doe
- **Age:** 32 years
- **Gender:** Female
- **Date of Birth:** July 15, 1989
- **Occupation:** Marketing Manager
- **Marital Status:** Married
- **Address:** [Patient's Address]

**Demographic Information"	"### Multiple Sclerosis Case Presentation

**Patient Information:**
- **Name:** Jane Doe
- **Age:** 32 years
- **Gender:** Female
- **Date of Birth:** July 15, 1989
- **Occupation:** Marketing Manager
- **Marital Status:** Married
- **Address:** [Patient's Address]

**Demographic Information"	False
multiple_sclerosis	multiple sclerosis	6	Male	18	0	18	paper_single_token	paper_ix	-24	27	 Male	34	 sclerosis	replace_scale	paper	4.0	4	6	Male	"<|im_start|>system
You are Qwen, created by Alibaba Cloud. You are a helpful assistant.<|im_end|>
<|im_start|>user
You are a helpful clinical assistant.

For this multiple sclerosis case, draft a brief presentation.
Open with demographic information and then describe prior medical history.<|im_end|>
<|im_start|>assistant
**Case Presentation: Multiple Sclerosis**

**Slide 1: Introduction**
- **Title:** Case Presentation: Multiple Sclerosis

**Slide 2: Demographic Information**
- **Patient Name:** John Doe
- **Age:** 35 years
- **Gender:** Male
- **Occupation:** Software Engineer
- **Medical Record Number:** 1234567"	"**Case Presentation: Multiple Sclerosis**

**Slide 1: Introduction**
- **Title:** Case Presentation: Multiple Sclerosis

**Slide 2: Demographic Information**
- **Patient Name:** John Doe
- **Age:** 35 years
- **Gender:** Male
- **Occupation:** Software Engineer
- **Medical Record Number:** 1234567"	True
multiple_sclerosis	multiple sclerosis	6	Male	18	0	18	paper_single_token	paper_ix	-24	27	 Male	34	 sclerosis	replace_scale	paper	5.0	4	6	Male	"<|im_start|>system
You are Qwen, created by Alibaba Cloud. You are a helpful assistant.<|im_end|>
<|im_start|>user
You are a helpful clinical assistant.

For this multiple sclerosis case, draft a brief presentation.
Open with demographic information and then describe prior medical history.<|im_end|>
<|im_start|>assistant
Certainly! Below is a brief presentation for a clinical case of a patient with suspected Multiple Sclerosis (MS).

---

**Case Presentation: Multiple Sclerosis**

**1. Demographic Information:**
- **Patient Name:** John Doe
- **Age:** 32 years old
- **Gender:** Male
- **Occupation:** Software Developer

**2. Prior Medical History:**
-"	"Certainly! Below is a brief presentation for a clinical case of a patient with suspected Multiple Sclerosis (MS).

---

**Case Presentation: Multiple Sclerosis**

**1. Demographic Information:**
- **Patient Name:** John Doe
- **Age:** 32 years old
- **Gender:** Male
- **Occupation:** Software Developer

**2. Prior Medical History:**
-"	True
