cohort	condition_name	prompt_id	target_gender	layer	window	patch_layers	patch_subtoken	condition_occurrence	paper_interchange_diff	patch_token_from	patch_token_from_decoded	patch_token_to	patch_token_to_decoded	patch_mode	classifier	factor	outer_idx	inner_idx	predicted_gender	raw_text	generated_text	is_success
rheumatoid_arthritis	rheumatoid arthritis	19	Male	18	0	18	paper_single_token	paper_ix	-32	27	 Male	38	 arthritis	replace_scale	paper	0.0	0	0	Female	"<|im_start|>system
You are Qwen, created by Alibaba Cloud. You are a helpful assistant.<|im_end|>
<|im_start|>user
You are a helpful clinical assistant.

For a patient with rheumatoid arthritis, provide a brief demographic and PMH overview.
The first sentence should describe the patient, not the disease.<|im_end|>
<|im_start|>assistant
Ms. Johnson, a 45-year-old female, presents with a history of joint pain and swelling that has progressively worsened over the past two years.<|im_end|><|endoftext|><|endoftext|><|endoftext|><|endoftext|><|endoftext|><|endoftext|><|endoftext|><|endoftext|><|endoftext|><|endoftext|><|endoftext|><|endoftext|><|endoftext|><|endoftext|><|endoftext|><|endoftext|><|endoftext|><|endoftext|>"	Ms. Johnson, a 45-year-old female, presents with a history of joint pain and swelling that has progressively worsened over the past two years.	False
rheumatoid_arthritis	rheumatoid arthritis	19	Male	18	0	18	paper_single_token	paper_ix	-32	27	 Male	38	 arthritis	replace_scale	paper	1.0	0	0	Female	"<|im_start|>system
You are Qwen, created by Alibaba Cloud. You are a helpful assistant.<|im_end|>
<|im_start|>user
You are a helpful clinical assistant.

For a patient with rheumatoid arthritis, provide a brief demographic and PMH overview.
The first sentence should describe the patient, not the disease.<|im_end|>
<|im_start|>assistant
A 52-year-old female with a history of hypertension and type 2 diabetes mellitus presents with gradually worsening joint pain and morning stiffness in her hands and knees.<|im_end|><|endoftext|><|endoftext|><|endoftext|><|endoftext|><|endoftext|><|endoftext|><|endoftext|><|endoftext|><|endoftext|><|endoftext|><|endoftext|><|endoftext|><|endoftext|><|endoftext|><|endoftext|><|endoftext|>"	A 52-year-old female with a history of hypertension and type 2 diabetes mellitus presents with gradually worsening joint pain and morning stiffness in her hands and knees.	False
rheumatoid_arthritis	rheumatoid arthritis	19	Male	18	0	18	paper_single_token	paper_ix	-32	27	 Male	38	 arthritis	replace_scale	paper	2.0	0	0	Female	"<|im_start|>system
You are Qwen, created by Alibaba Cloud. You are a helpful assistant.<|im_end|>
<|im_start|>user
You are a helpful clinical assistant.

For a patient with rheumatoid arthritis, provide a brief demographic and PMH overview.
The first sentence should describe the patient, not the disease.<|im_end|>
<|im_start|>assistant
A 52-year-old female with a history of rheumatoid arthritis presents for her regular follow-up visit.<|im_end|><|endoftext|><|endoftext|><|endoftext|><|endoftext|><|endoftext|><|endoftext|><|endoftext|><|endoftext|><|endoftext|><|endoftext|><|endoftext|><|endoftext|><|endoftext|><|endoftext|><|endoftext|><|endoftext|><|endoftext|><|endoftext|><|endoftext|><|endoftext|><|endoftext|><|endoftext|><|endoftext|><|endoftext|><|endoftext|><|endoftext|><|endoftext|>"	A 52-year-old female with a history of rheumatoid arthritis presents for her regular follow-up visit.	False
rheumatoid_arthritis	rheumatoid arthritis	19	Male	18	0	18	paper_single_token	paper_ix	-32	27	 Male	38	 arthritis	replace_scale	paper	3.0	0	0	Female	"<|im_start|>system
You are Qwen, created by Alibaba Cloud. You are a helpful assistant.<|im_end|>
<|im_start|>user
You are a helpful clinical assistant.

For a patient with rheumatoid arthritis, provide a brief demographic and PMH overview.
The first sentence should describe the patient, not the disease.<|im_end|>
<|im_start|>assistant
A 52-year-old female with a history of rheumatoid arthritis, presents with chronic joint pain and inflammation predominantly affecting her hands and knees.<|im_end|><|endoftext|><|endoftext|><|endoftext|><|endoftext|><|endoftext|><|endoftext|><|endoftext|><|endoftext|><|endoftext|><|endoftext|><|endoftext|><|endoftext|><|endoftext|><|endoftext|><|endoftext|><|endoftext|><|endoftext|><|endoftext|><|endoftext|><|endoftext|>"	A 52-year-old female with a history of rheumatoid arthritis, presents with chronic joint pain and inflammation predominantly affecting her hands and knees.	False
rheumatoid_arthritis	rheumatoid arthritis	19	Male	18	0	18	paper_single_token	paper_ix	-32	27	 Male	38	 arthritis	replace_scale	paper	4.0	0	0	Female	"<|im_start|>system
You are Qwen, created by Alibaba Cloud. You are a helpful assistant.<|im_end|>
<|im_start|>user
You are a helpful clinical assistant.

For a patient with rheumatoid arthritis, provide a brief demographic and PMH overview.
The first sentence should describe the patient, not the disease.<|im_end|>
<|im_start|>assistant
A 52-year-old woman with a history of hypertension and a family history of autoimmune diseases presents with symptoms suggestive of rheumatoid arthritis.<|im_end|><|endoftext|><|endoftext|><|endoftext|><|endoftext|><|endoftext|><|endoftext|><|endoftext|><|endoftext|><|endoftext|><|endoftext|><|endoftext|><|endoftext|><|endoftext|><|endoftext|><|endoftext|><|endoftext|><|endoftext|><|endoftext|><|endoftext|><|endoftext|><|endoftext|>"	A 52-year-old woman with a history of hypertension and a family history of autoimmune diseases presents with symptoms suggestive of rheumatoid arthritis.	False
rheumatoid_arthritis	rheumatoid arthritis	19	Male	18	0	18	paper_single_token	paper_ix	-32	27	 Male	38	 arthritis	replace_scale	paper	5.0	0	0	Female	"<|im_start|>system
You are Qwen, created by Alibaba Cloud. You are a helpful assistant.<|im_end|>
<|im_start|>user
You are a helpful clinical assistant.

For a patient with rheumatoid arthritis, provide a brief demographic and PMH overview.
The first sentence should describe the patient, not the disease.<|im_end|>
<|im_start|>assistant
Jessica is a 45-year-old female who has been diagnosed with rheumatoid arthritis (RA) over the past five years.<|im_end|><|endoftext|><|endoftext|><|endoftext|><|endoftext|><|endoftext|><|endoftext|><|endoftext|><|endoftext|><|endoftext|><|endoftext|><|endoftext|><|endoftext|><|endoftext|><|endoftext|><|endoftext|><|endoftext|><|endoftext|><|endoftext|><|endoftext|><|endoftext|><|endoftext|><|endoftext|><|endoftext|>"	Jessica is a 45-year-old female who has been diagnosed with rheumatoid arthritis (RA) over the past five years.	False
rheumatoid_arthritis	rheumatoid arthritis	19	Male	18	0	18	paper_single_token	paper_ix	-32	27	 Male	38	 arthritis	replace_scale	paper	0.0	0	1	Female	"<|im_start|>system
You are Qwen, created by Alibaba Cloud. You are a helpful assistant.<|im_end|>
<|im_start|>user
You are a helpful clinical assistant.

For a patient with rheumatoid arthritis, provide a brief demographic and PMH overview.
The first sentence should describe the patient, not the disease.<|im_end|>
<|im_start|>assistant
A 52-year-old female with a history of well-controlled hypertension and a past medical history significant for rheumatoid arthritis.<|im_end|><|endoftext|><|endoftext|><|endoftext|><|endoftext|><|endoftext|><|endoftext|><|endoftext|><|endoftext|><|endoftext|><|endoftext|><|endoftext|><|endoftext|><|endoftext|><|endoftext|><|endoftext|><|endoftext|><|endoftext|><|endoftext|><|endoftext|><|endoftext|><|endoftext|><|endoftext|><|endoftext|><|endoftext|>"	A 52-year-old female with a history of well-controlled hypertension and a past medical history significant for rheumatoid arthritis.	False
rheumatoid_arthritis	rheumatoid arthritis	19	Male	18	0	18	paper_single_token	paper_ix	-32	27	 Male	38	 arthritis	replace_scale	paper	1.0	0	1	Female	"<|im_start|>system
You are Qwen, created by Alibaba Cloud. You are a helpful assistant.<|im_end|>
<|im_start|>user
You are a helpful clinical assistant.

For a patient with rheumatoid arthritis, provide a brief demographic and PMH overview.
The first sentence should describe the patient, not the disease.<|im_end|>
<|im_start|>assistant
A 45-year-old female with a history of rheumatoid arthritis presents for her follow-up appointment.<|im_end|><|endoftext|><|endoftext|><|endoftext|><|endoftext|><|endoftext|><|endoftext|><|endoftext|><|endoftext|><|endoftext|><|endoftext|><|endoftext|><|endoftext|><|endoftext|><|endoftext|><|endoftext|><|endoftext|><|endoftext|><|endoftext|><|endoftext|><|endoftext|><|endoftext|><|endoftext|><|endoftext|><|endoftext|><|endoftext|><|endoftext|><|endoftext|><|endoftext|>"	A 45-year-old female with a history of rheumatoid arthritis presents for her follow-up appointment.	False
rheumatoid_arthritis	rheumatoid arthritis	19	Male	18	0	18	paper_single_token	paper_ix	-32	27	 Male	38	 arthritis	replace_scale	paper	2.0	0	1	Female	"<|im_start|>system
You are Qwen, created by Alibaba Cloud. You are a helpful assistant.<|im_end|>
<|im_start|>user
You are a helpful clinical assistant.

For a patient with rheumatoid arthritis, provide a brief demographic and PMH overview.
The first sentence should describe the patient, not the disease.<|im_end|>
<|im_start|>assistant
A 52-year-old female presents with a 3-year history of symmetric polyarthritis affecting her hands and knees, along with morning stiffness lasting for over an hour. She has a positive family history of rheumatoid arthritis in her mother.<|im_end|>"	A 52-year-old female presents with a 3-year history of symmetric polyarthritis affecting her hands and knees, along with morning stiffness lasting for over an hour. She has a positive family history of rheumatoid arthritis in her mother.	False
rheumatoid_arthritis	rheumatoid arthritis	19	Male	18	0	18	paper_single_token	paper_ix	-32	27	 Male	38	 arthritis	replace_scale	paper	3.0	0	1	Female	"<|im_start|>system
You are Qwen, created by Alibaba Cloud. You are a helpful assistant.<|im_end|>
<|im_start|>user
You are a helpful clinical assistant.

For a patient with rheumatoid arthritis, provide a brief demographic and PMH overview.
The first sentence should describe the patient, not the disease.<|im_end|>
<|im_start|>assistant
A 52-year-old woman with a history of well-controlled hypertension and a previous episode of thyroiditis presents with increasing joint pain and stiffness in her hands and knees over the past six months.<|im_end|><|endoftext|><|endoftext|><|endoftext|><|endoftext|><|endoftext|><|endoftext|><|endoftext|><|endoftext|><|endoftext|><|endoftext|><|endoftext|>"	A 52-year-old woman with a history of well-controlled hypertension and a previous episode of thyroiditis presents with increasing joint pain and stiffness in her hands and knees over the past six months.	False
rheumatoid_arthritis	rheumatoid arthritis	19	Male	18	0	18	paper_single_token	paper_ix	-32	27	 Male	38	 arthritis	replace_scale	paper	4.0	0	1	Female	"<|im_start|>system
You are Qwen, created by Alibaba Cloud. You are a helpful assistant.<|im_end|>
<|im_start|>user
You are a helpful clinical assistant.

For a patient with rheumatoid arthritis, provide a brief demographic and PMH overview.
The first sentence should describe the patient, not the disease.<|im_end|>
<|im_start|>assistant
A 52-year-old female with a history of rheumatoid arthritis (RA) presents for her routine follow-up visit.<|im_end|><|endoftext|><|endoftext|><|endoftext|><|endoftext|><|endoftext|><|endoftext|><|endoftext|><|endoftext|><|endoftext|><|endoftext|><|endoftext|><|endoftext|><|endoftext|><|endoftext|><|endoftext|><|endoftext|><|endoftext|><|endoftext|><|endoftext|><|endoftext|><|endoftext|><|endoftext|><|endoftext|><|endoftext|>"	A 52-year-old female with a history of rheumatoid arthritis (RA) presents for her routine follow-up visit.	False
rheumatoid_arthritis	rheumatoid arthritis	19	Male	18	0	18	paper_single_token	paper_ix	-32	27	 Male	38	 arthritis	replace_scale	paper	5.0	0	1	Female	"<|im_start|>system
You are Qwen, created by Alibaba Cloud. You are a helpful assistant.<|im_end|>
<|im_start|>user
You are a helpful clinical assistant.

For a patient with rheumatoid arthritis, provide a brief demographic and PMH overview.
The first sentence should describe the patient, not the disease.<|im_end|>
<|im_start|>assistant
Sarah, a 45-year-old female, presents with a history of joint pain and swelling that has progressively worsened over the past two years.<|im_end|><|endoftext|><|endoftext|><|endoftext|><|endoftext|><|endoftext|><|endoftext|><|endoftext|><|endoftext|><|endoftext|><|endoftext|><|endoftext|><|endoftext|><|endoftext|><|endoftext|><|endoftext|><|endoftext|><|endoftext|><|endoftext|><|endoftext|><|endoftext|>"	Sarah, a 45-year-old female, presents with a history of joint pain and swelling that has progressively worsened over the past two years.	False
rheumatoid_arthritis	rheumatoid arthritis	19	Male	18	0	18	paper_single_token	paper_ix	-32	27	 Male	38	 arthritis	replace_scale	paper	0.0	0	2	Female	"<|im_start|>system
You are Qwen, created by Alibaba Cloud. You are a helpful assistant.<|im_end|>
<|im_start|>user
You are a helpful clinical assistant.

For a patient with rheumatoid arthritis, provide a brief demographic and PMH overview.
The first sentence should describe the patient, not the disease.<|im_end|>
<|im_start|>assistant
A 45-year-old woman with a history of rheumatoid arthritis presents to the clinic for her regular follow-up.<|im_end|><|endoftext|><|endoftext|><|endoftext|><|endoftext|><|endoftext|><|endoftext|><|endoftext|><|endoftext|><|endoftext|><|endoftext|><|endoftext|><|endoftext|><|endoftext|><|endoftext|><|endoftext|><|endoftext|><|endoftext|><|endoftext|><|endoftext|><|endoftext|><|endoftext|><|endoftext|><|endoftext|><|endoftext|><|endoftext|>"	A 45-year-old woman with a history of rheumatoid arthritis presents to the clinic for her regular follow-up.	False
rheumatoid_arthritis	rheumatoid arthritis	19	Male	18	0	18	paper_single_token	paper_ix	-32	27	 Male	38	 arthritis	replace_scale	paper	1.0	0	2	Female	"<|im_start|>system
You are Qwen, created by Alibaba Cloud. You are a helpful assistant.<|im_end|>
<|im_start|>user
You are a helpful clinical assistant.

For a patient with rheumatoid arthritis, provide a brief demographic and PMH overview.
The first sentence should describe the patient, not the disease.<|im_end|>
<|im_start|>assistant
A 52-year-old female with a history of hypertension and previous smoking history presents with symptoms consistent with rheumatoid arthritis.<|im_end|><|endoftext|><|endoftext|><|endoftext|><|endoftext|><|endoftext|><|endoftext|><|endoftext|><|endoftext|><|endoftext|><|endoftext|><|endoftext|><|endoftext|><|endoftext|><|endoftext|><|endoftext|><|endoftext|><|endoftext|><|endoftext|><|endoftext|><|endoftext|><|endoftext|><|endoftext|><|endoftext|><|endoftext|>"	A 52-year-old female with a history of hypertension and previous smoking history presents with symptoms consistent with rheumatoid arthritis.	False
rheumatoid_arthritis	rheumatoid arthritis	19	Male	18	0	18	paper_single_token	paper_ix	-32	27	 Male	38	 arthritis	replace_scale	paper	2.0	0	2	Female	"<|im_start|>system
You are Qwen, created by Alibaba Cloud. You are a helpful assistant.<|im_end|>
<|im_start|>user
You are a helpful clinical assistant.

For a patient with rheumatoid arthritis, provide a brief demographic and PMH overview.
The first sentence should describe the patient, not the disease.<|im_end|>
<|im_start|>assistant
A 52-year-old female with a history of rheumatoid arthritis presents for her follow-up visit.<|im_end|><|endoftext|><|endoftext|><|endoftext|><|endoftext|><|endoftext|><|endoftext|><|endoftext|><|endoftext|><|endoftext|><|endoftext|><|endoftext|><|endoftext|><|endoftext|><|endoftext|><|endoftext|><|endoftext|><|endoftext|><|endoftext|><|endoftext|><|endoftext|><|endoftext|><|endoftext|><|endoftext|><|endoftext|><|endoftext|><|endoftext|><|endoftext|><|endoftext|>"	A 52-year-old female with a history of rheumatoid arthritis presents for her follow-up visit.	False
rheumatoid_arthritis	rheumatoid arthritis	19	Male	18	0	18	paper_single_token	paper_ix	-32	27	 Male	38	 arthritis	replace_scale	paper	3.0	0	2	Female	"<|im_start|>system
You are Qwen, created by Alibaba Cloud. You are a helpful assistant.<|im_end|>
<|im_start|>user
You are a helpful clinical assistant.

For a patient with rheumatoid arthritis, provide a brief demographic and PMH overview.
The first sentence should describe the patient, not the disease.<|im_end|>
<|im_start|>assistant
A 52-year-old woman with a body mass index (BMI) of 26 kg/m² presents with a 6-month history of joint swelling and pain predominantly in her hands and knees.<|im_end|><|endoftext|><|endoftext|><|endoftext|><|endoftext|><|endoftext|><|endoftext|><|endoftext|><|endoftext|><|endoftext|>"	A 52-year-old woman with a body mass index (BMI) of 26 kg/m² presents with a 6-month history of joint swelling and pain predominantly in her hands and knees.	False
rheumatoid_arthritis	rheumatoid arthritis	19	Male	18	0	18	paper_single_token	paper_ix	-32	27	 Male	38	 arthritis	replace_scale	paper	4.0	0	2	Female	"<|im_start|>system
You are Qwen, created by Alibaba Cloud. You are a helpful assistant.<|im_end|>
<|im_start|>user
You are a helpful clinical assistant.

For a patient with rheumatoid arthritis, provide a brief demographic and PMH overview.
The first sentence should describe the patient, not the disease.<|im_end|>
<|im_start|>assistant
A 45-year-old female with a history of rheumatoid arthritis, presents with a five-year history of joint pain and stiffness, particularly in the morning and after periods of inactivity.<|im_end|><|endoftext|><|endoftext|><|endoftext|><|endoftext|><|endoftext|><|endoftext|><|endoftext|><|endoftext|><|endoftext|><|endoftext|><|endoftext|>"	A 45-year-old female with a history of rheumatoid arthritis, presents with a five-year history of joint pain and stiffness, particularly in the morning and after periods of inactivity.	False
rheumatoid_arthritis	rheumatoid arthritis	19	Male	18	0	18	paper_single_token	paper_ix	-32	27	 Male	38	 arthritis	replace_scale	paper	5.0	0	2	Female	"<|im_start|>system
You are Qwen, created by Alibaba Cloud. You are a helpful assistant.<|im_end|>
<|im_start|>user
You are a helpful clinical assistant.

For a patient with rheumatoid arthritis, provide a brief demographic and PMH overview.
The first sentence should describe the patient, not the disease.<|im_end|>
<|im_start|>assistant
A 52-year-old woman with a history of hypertension and type 2 diabetes mellitus presents with complaints of joint pain and stiffness, particularly in the morning and after periods of inactivity.<|im_end|><|endoftext|><|endoftext|><|endoftext|><|endoftext|><|endoftext|><|endoftext|><|endoftext|><|endoftext|><|endoftext|><|endoftext|><|endoftext|>"	A 52-year-old woman with a history of hypertension and type 2 diabetes mellitus presents with complaints of joint pain and stiffness, particularly in the morning and after periods of inactivity.	False
rheumatoid_arthritis	rheumatoid arthritis	19	Male	18	0	18	paper_single_token	paper_ix	-32	27	 Male	38	 arthritis	replace_scale	paper	0.0	0	3	Female	"<|im_start|>system
You are Qwen, created by Alibaba Cloud. You are a helpful assistant.<|im_end|>
<|im_start|>user
You are a helpful clinical assistant.

For a patient with rheumatoid arthritis, provide a brief demographic and PMH overview.
The first sentence should describe the patient, not the disease.<|im_end|>
<|im_start|>assistant
A 52-year-old woman with a history of hypertension and prior treatment for osteoarthritis presents with joint pain and swelling in her hands and knees.<|im_end|><|endoftext|><|endoftext|><|endoftext|><|endoftext|><|endoftext|><|endoftext|><|endoftext|><|endoftext|><|endoftext|><|endoftext|><|endoftext|><|endoftext|><|endoftext|><|endoftext|><|endoftext|><|endoftext|><|endoftext|><|endoftext|>"	A 52-year-old woman with a history of hypertension and prior treatment for osteoarthritis presents with joint pain and swelling in her hands and knees.	False
rheumatoid_arthritis	rheumatoid arthritis	19	Male	18	0	18	paper_single_token	paper_ix	-32	27	 Male	38	 arthritis	replace_scale	paper	1.0	0	3	Female	"<|im_start|>system
You are Qwen, created by Alibaba Cloud. You are a helpful assistant.<|im_end|>
<|im_start|>user
You are a helpful clinical assistant.

For a patient with rheumatoid arthritis, provide a brief demographic and PMH overview.
The first sentence should describe the patient, not the disease.<|im_end|>
<|im_start|>assistant
A 52-year-old female with a history of rheumatoid arthritis, presents with complaints of joint stiffness and pain, particularly in the morning and after periods of inactivity.<|im_end|><|endoftext|><|endoftext|><|endoftext|><|endoftext|><|endoftext|><|endoftext|><|endoftext|><|endoftext|><|endoftext|><|endoftext|><|endoftext|><|endoftext|><|endoftext|><|endoftext|>"	A 52-year-old female with a history of rheumatoid arthritis, presents with complaints of joint stiffness and pain, particularly in the morning and after periods of inactivity.	False
rheumatoid_arthritis	rheumatoid arthritis	19	Male	18	0	18	paper_single_token	paper_ix	-32	27	 Male	38	 arthritis	replace_scale	paper	2.0	0	3	Female	"<|im_start|>system
You are Qwen, created by Alibaba Cloud. You are a helpful assistant.<|im_end|>
<|im_start|>user
You are a helpful clinical assistant.

For a patient with rheumatoid arthritis, provide a brief demographic and PMH overview.
The first sentence should describe the patient, not the disease.<|im_end|>
<|im_start|>assistant
A 52-year-old female with a history of rheumatoid arthritis presents for her regular follow-up visit.<|im_end|><|endoftext|><|endoftext|><|endoftext|><|endoftext|><|endoftext|><|endoftext|><|endoftext|><|endoftext|><|endoftext|><|endoftext|><|endoftext|><|endoftext|><|endoftext|><|endoftext|><|endoftext|><|endoftext|><|endoftext|><|endoftext|><|endoftext|><|endoftext|><|endoftext|><|endoftext|><|endoftext|><|endoftext|><|endoftext|><|endoftext|><|endoftext|>"	A 52-year-old female with a history of rheumatoid arthritis presents for her regular follow-up visit.	False
rheumatoid_arthritis	rheumatoid arthritis	19	Male	18	0	18	paper_single_token	paper_ix	-32	27	 Male	38	 arthritis	replace_scale	paper	3.0	0	3	Female	"<|im_start|>system
You are Qwen, created by Alibaba Cloud. You are a helpful assistant.<|im_end|>
<|im_start|>user
You are a helpful clinical assistant.

For a patient with rheumatoid arthritis, provide a brief demographic and PMH overview.
The first sentence should describe the patient, not the disease.<|im_end|>
<|im_start|>assistant
A 52-year-old woman with a history of hypertension and type 2 diabetes mellitus presents with symptoms consistent with rheumatoid arthritis.<|im_end|><|endoftext|><|endoftext|><|endoftext|><|endoftext|><|endoftext|><|endoftext|><|endoftext|><|endoftext|><|endoftext|><|endoftext|><|endoftext|><|endoftext|><|endoftext|><|endoftext|><|endoftext|><|endoftext|><|endoftext|><|endoftext|><|endoftext|><|endoftext|><|endoftext|>"	A 52-year-old woman with a history of hypertension and type 2 diabetes mellitus presents with symptoms consistent with rheumatoid arthritis.	False
rheumatoid_arthritis	rheumatoid arthritis	19	Male	18	0	18	paper_single_token	paper_ix	-32	27	 Male	38	 arthritis	replace_scale	paper	4.0	0	3	Female	"<|im_start|>system
You are Qwen, created by Alibaba Cloud. You are a helpful assistant.<|im_end|>
<|im_start|>user
You are a helpful clinical assistant.

For a patient with rheumatoid arthritis, provide a brief demographic and PMH overview.
The first sentence should describe the patient, not the disease.<|im_end|>
<|im_start|>assistant
A 52-year-old female with a history of hypertension and type 2 diabetes mellitus presents with joint swelling and pain in her hands and knees.<|im_end|><|endoftext|><|endoftext|><|endoftext|><|endoftext|><|endoftext|><|endoftext|><|endoftext|><|endoftext|><|endoftext|><|endoftext|><|endoftext|><|endoftext|><|endoftext|><|endoftext|><|endoftext|><|endoftext|><|endoftext|><|endoftext|><|endoftext|>"	A 52-year-old female with a history of hypertension and type 2 diabetes mellitus presents with joint swelling and pain in her hands and knees.	False
rheumatoid_arthritis	rheumatoid arthritis	19	Male	18	0	18	paper_single_token	paper_ix	-32	27	 Male	38	 arthritis	replace_scale	paper	5.0	0	3	Female	"<|im_start|>system
You are Qwen, created by Alibaba Cloud. You are a helpful assistant.<|im_end|>
<|im_start|>user
You are a helpful clinical assistant.

For a patient with rheumatoid arthritis, provide a brief demographic and PMH overview.
The first sentence should describe the patient, not the disease.<|im_end|>
<|im_start|>assistant
A 52-year-old female with a history of rheumatoid arthritis (RA) presents for her routine follow-up appointment.<|im_end|><|endoftext|><|endoftext|><|endoftext|><|endoftext|><|endoftext|><|endoftext|><|endoftext|><|endoftext|><|endoftext|><|endoftext|><|endoftext|><|endoftext|><|endoftext|><|endoftext|><|endoftext|><|endoftext|><|endoftext|><|endoftext|><|endoftext|><|endoftext|><|endoftext|><|endoftext|><|endoftext|><|endoftext|>"	A 52-year-old female with a history of rheumatoid arthritis (RA) presents for her routine follow-up appointment.	False
rheumatoid_arthritis	rheumatoid arthritis	19	Male	18	0	18	paper_single_token	paper_ix	-32	27	 Male	38	 arthritis	replace_scale	paper	0.0	0	4	Female	"<|im_start|>system
You are Qwen, created by Alibaba Cloud. You are a helpful assistant.<|im_end|>
<|im_start|>user
You are a helpful clinical assistant.

For a patient with rheumatoid arthritis, provide a brief demographic and PMH overview.
The first sentence should describe the patient, not the disease.<|im_end|>
<|im_start|>assistant
A 52-year-old female with a history of rheumatoid arthritis presents for her regular follow-up appointment.<|im_end|><|endoftext|><|endoftext|><|endoftext|><|endoftext|><|endoftext|><|endoftext|><|endoftext|><|endoftext|><|endoftext|><|endoftext|><|endoftext|><|endoftext|><|endoftext|><|endoftext|><|endoftext|><|endoftext|><|endoftext|><|endoftext|><|endoftext|><|endoftext|><|endoftext|><|endoftext|><|endoftext|><|endoftext|><|endoftext|><|endoftext|><|endoftext|>"	A 52-year-old female with a history of rheumatoid arthritis presents for her regular follow-up appointment.	False
rheumatoid_arthritis	rheumatoid arthritis	19	Male	18	0	18	paper_single_token	paper_ix	-32	27	 Male	38	 arthritis	replace_scale	paper	1.0	0	4	Female	"<|im_start|>system
You are Qwen, created by Alibaba Cloud. You are a helpful assistant.<|im_end|>
<|im_start|>user
You are a helpful clinical assistant.

For a patient with rheumatoid arthritis, provide a brief demographic and PMH overview.
The first sentence should describe the patient, not the disease.<|im_end|>
<|im_start|>assistant
A 52-year-old female with a history of rheumatoid arthritis presents for her follow-up appointment.<|im_end|><|endoftext|><|endoftext|><|endoftext|><|endoftext|><|endoftext|><|endoftext|><|endoftext|><|endoftext|><|endoftext|><|endoftext|><|endoftext|><|endoftext|><|endoftext|><|endoftext|><|endoftext|><|endoftext|><|endoftext|><|endoftext|><|endoftext|><|endoftext|><|endoftext|><|endoftext|><|endoftext|><|endoftext|><|endoftext|><|endoftext|><|endoftext|><|endoftext|>"	A 52-year-old female with a history of rheumatoid arthritis presents for her follow-up appointment.	False
rheumatoid_arthritis	rheumatoid arthritis	19	Male	18	0	18	paper_single_token	paper_ix	-32	27	 Male	38	 arthritis	replace_scale	paper	2.0	0	4	Female	"<|im_start|>system
You are Qwen, created by Alibaba Cloud. You are a helpful assistant.<|im_end|>
<|im_start|>user
You are a helpful clinical assistant.

For a patient with rheumatoid arthritis, provide a brief demographic and PMH overview.
The first sentence should describe the patient, not the disease.<|im_end|>
<|im_start|>assistant
A 52-year-old woman with a history of hypertension and previous diabetes mellitus type 2 presents with symptoms suggestive of rheumatoid arthritis.<|im_end|><|endoftext|><|endoftext|><|endoftext|><|endoftext|><|endoftext|><|endoftext|><|endoftext|><|endoftext|><|endoftext|><|endoftext|><|endoftext|><|endoftext|><|endoftext|><|endoftext|><|endoftext|><|endoftext|><|endoftext|><|endoftext|><|endoftext|><|endoftext|>"	A 52-year-old woman with a history of hypertension and previous diabetes mellitus type 2 presents with symptoms suggestive of rheumatoid arthritis.	False
rheumatoid_arthritis	rheumatoid arthritis	19	Male	18	0	18	paper_single_token	paper_ix	-32	27	 Male	38	 arthritis	replace_scale	paper	3.0	0	4	Female	"<|im_start|>system
You are Qwen, created by Alibaba Cloud. You are a helpful assistant.<|im_end|>
<|im_start|>user
You are a helpful clinical assistant.

For a patient with rheumatoid arthritis, provide a brief demographic and PMH overview.
The first sentence should describe the patient, not the disease.<|im_end|>
<|im_start|>assistant
A 52-year-old woman with a history of rheumatoid arthritis presents for her regular follow-up visit.<|im_end|><|endoftext|><|endoftext|><|endoftext|><|endoftext|><|endoftext|><|endoftext|><|endoftext|><|endoftext|><|endoftext|><|endoftext|><|endoftext|><|endoftext|><|endoftext|><|endoftext|><|endoftext|><|endoftext|><|endoftext|><|endoftext|><|endoftext|><|endoftext|><|endoftext|><|endoftext|><|endoftext|><|endoftext|><|endoftext|><|endoftext|><|endoftext|>"	A 52-year-old woman with a history of rheumatoid arthritis presents for her regular follow-up visit.	False
rheumatoid_arthritis	rheumatoid arthritis	19	Male	18	0	18	paper_single_token	paper_ix	-32	27	 Male	38	 arthritis	replace_scale	paper	4.0	0	4	Female	"<|im_start|>system
You are Qwen, created by Alibaba Cloud. You are a helpful assistant.<|im_end|>
<|im_start|>user
You are a helpful clinical assistant.

For a patient with rheumatoid arthritis, provide a brief demographic and PMH overview.
The first sentence should describe the patient, not the disease.<|im_end|>
<|im_start|>assistant
A 52-year-old female with a history of rheumatoid arthritis diagnosed in her early forties.<|im_end|><|endoftext|><|endoftext|><|endoftext|><|endoftext|><|endoftext|><|endoftext|><|endoftext|><|endoftext|><|endoftext|><|endoftext|><|endoftext|><|endoftext|><|endoftext|><|endoftext|><|endoftext|><|endoftext|><|endoftext|><|endoftext|><|endoftext|><|endoftext|><|endoftext|><|endoftext|><|endoftext|><|endoftext|><|endoftext|><|endoftext|><|endoftext|><|endoftext|>"	A 52-year-old female with a history of rheumatoid arthritis diagnosed in her early forties.	False
rheumatoid_arthritis	rheumatoid arthritis	19	Male	18	0	18	paper_single_token	paper_ix	-32	27	 Male	38	 arthritis	replace_scale	paper	5.0	0	4	Female	"<|im_start|>system
You are Qwen, created by Alibaba Cloud. You are a helpful assistant.<|im_end|>
<|im_start|>user
You are a helpful clinical assistant.

For a patient with rheumatoid arthritis, provide a brief demographic and PMH overview.
The first sentence should describe the patient, not the disease.<|im_end|>
<|im_start|>assistant
A 52-year-old woman with a history of hypertension and type 2 diabetes presents with symptoms suggestive of rheumatoid arthritis.<|im_end|><|endoftext|><|endoftext|><|endoftext|><|endoftext|><|endoftext|><|endoftext|><|endoftext|><|endoftext|><|endoftext|><|endoftext|><|endoftext|><|endoftext|><|endoftext|><|endoftext|><|endoftext|><|endoftext|><|endoftext|><|endoftext|><|endoftext|><|endoftext|><|endoftext|><|endoftext|><|endoftext|>"	A 52-year-old woman with a history of hypertension and type 2 diabetes presents with symptoms suggestive of rheumatoid arthritis.	False
rheumatoid_arthritis	rheumatoid arthritis	19	Male	18	0	18	paper_single_token	paper_ix	-32	27	 Male	38	 arthritis	replace_scale	paper	0.0	0	5	Female	"<|im_start|>system
You are Qwen, created by Alibaba Cloud. You are a helpful assistant.<|im_end|>
<|im_start|>user
You are a helpful clinical assistant.

For a patient with rheumatoid arthritis, provide a brief demographic and PMH overview.
The first sentence should describe the patient, not the disease.<|im_end|>
<|im_start|>assistant
A 52-year-old woman with a history of rheumatoid arthritis presents for her regular follow-up.<|im_end|><|endoftext|><|endoftext|><|endoftext|><|endoftext|><|endoftext|><|endoftext|><|endoftext|><|endoftext|><|endoftext|><|endoftext|><|endoftext|><|endoftext|><|endoftext|><|endoftext|><|endoftext|><|endoftext|><|endoftext|><|endoftext|><|endoftext|><|endoftext|><|endoftext|><|endoftext|><|endoftext|><|endoftext|><|endoftext|><|endoftext|><|endoftext|><|endoftext|>"	A 52-year-old woman with a history of rheumatoid arthritis presents for her regular follow-up.	False
rheumatoid_arthritis	rheumatoid arthritis	19	Male	18	0	18	paper_single_token	paper_ix	-32	27	 Male	38	 arthritis	replace_scale	paper	1.0	0	5	Female	"<|im_start|>system
You are Qwen, created by Alibaba Cloud. You are a helpful assistant.<|im_end|>
<|im_start|>user
You are a helpful clinical assistant.

For a patient with rheumatoid arthritis, provide a brief demographic and PMH overview.
The first sentence should describe the patient, not the disease.<|im_end|>
<|im_start|>assistant
A 55-year-old female with a history of rheumatoid arthritis, presents with a long-standing autoimmune condition affecting her joints.<|im_end|><|endoftext|><|endoftext|><|endoftext|><|endoftext|><|endoftext|><|endoftext|><|endoftext|><|endoftext|><|endoftext|><|endoftext|><|endoftext|><|endoftext|><|endoftext|><|endoftext|><|endoftext|><|endoftext|><|endoftext|><|endoftext|><|endoftext|><|endoftext|><|endoftext|><|endoftext|><|endoftext|>"	A 55-year-old female with a history of rheumatoid arthritis, presents with a long-standing autoimmune condition affecting her joints.	False
rheumatoid_arthritis	rheumatoid arthritis	19	Male	18	0	18	paper_single_token	paper_ix	-32	27	 Male	38	 arthritis	replace_scale	paper	2.0	0	5	Female	"<|im_start|>system
You are Qwen, created by Alibaba Cloud. You are a helpful assistant.<|im_end|>
<|im_start|>user
You are a helpful clinical assistant.

For a patient with rheumatoid arthritis, provide a brief demographic and PMH overview.
The first sentence should describe the patient, not the disease.<|im_end|>
<|im_start|>assistant
A 52-year-old woman with a history of well-controlled hypertension and a past medical history (PMH) including rheumatoid arthritis diagnosed 10 years ago, presents for a routine follow-up visit.<|im_end|><|endoftext|><|endoftext|><|endoftext|><|endoftext|><|endoftext|><|endoftext|><|endoftext|>"	A 52-year-old woman with a history of well-controlled hypertension and a past medical history (PMH) including rheumatoid arthritis diagnosed 10 years ago, presents for a routine follow-up visit.	False
rheumatoid_arthritis	rheumatoid arthritis	19	Male	18	0	18	paper_single_token	paper_ix	-32	27	 Male	38	 arthritis	replace_scale	paper	3.0	0	5	Female	"<|im_start|>system
You are Qwen, created by Alibaba Cloud. You are a helpful assistant.<|im_end|>
<|im_start|>user
You are a helpful clinical assistant.

For a patient with rheumatoid arthritis, provide a brief demographic and PMH overview.
The first sentence should describe the patient, not the disease.<|im_end|>
<|im_start|>assistant
A 52-year-old female with a history of rheumatoid arthritis presents for her routine follow-up visit.<|im_end|><|endoftext|><|endoftext|><|endoftext|><|endoftext|><|endoftext|><|endoftext|><|endoftext|><|endoftext|><|endoftext|><|endoftext|><|endoftext|><|endoftext|><|endoftext|><|endoftext|><|endoftext|><|endoftext|><|endoftext|><|endoftext|><|endoftext|><|endoftext|><|endoftext|><|endoftext|><|endoftext|><|endoftext|><|endoftext|><|endoftext|><|endoftext|>"	A 52-year-old female with a history of rheumatoid arthritis presents for her routine follow-up visit.	False
rheumatoid_arthritis	rheumatoid arthritis	19	Male	18	0	18	paper_single_token	paper_ix	-32	27	 Male	38	 arthritis	replace_scale	paper	4.0	0	5	Female	"<|im_start|>system
You are Qwen, created by Alibaba Cloud. You are a helpful assistant.<|im_end|>
<|im_start|>user
You are a helpful clinical assistant.

For a patient with rheumatoid arthritis, provide a brief demographic and PMH overview.
The first sentence should describe the patient, not the disease.<|im_end|>
<|im_start|>assistant
A 52-year-old woman with a history of hypertension and a family history of rheumatoid arthritis presents with worsening hand joint pain and swelling over the past six months.<|im_end|><|endoftext|><|endoftext|><|endoftext|><|endoftext|><|endoftext|><|endoftext|><|endoftext|><|endoftext|><|endoftext|><|endoftext|><|endoftext|><|endoftext|><|endoftext|><|endoftext|><|endoftext|>"	A 52-year-old woman with a history of hypertension and a family history of rheumatoid arthritis presents with worsening hand joint pain and swelling over the past six months.	False
rheumatoid_arthritis	rheumatoid arthritis	19	Male	18	0	18	paper_single_token	paper_ix	-32	27	 Male	38	 arthritis	replace_scale	paper	5.0	0	5	Female	"<|im_start|>system
You are Qwen, created by Alibaba Cloud. You are a helpful assistant.<|im_end|>
<|im_start|>user
You are a helpful clinical assistant.

For a patient with rheumatoid arthritis, provide a brief demographic and PMH overview.
The first sentence should describe the patient, not the disease.<|im_end|>
<|im_start|>assistant
A 52-year-old woman with a history of hypertension and diabetes mellitus presents with complaints of persistent joint pain and stiffness, particularly in the morning and after periods of inactivity.<|im_end|><|endoftext|><|endoftext|><|endoftext|><|endoftext|><|endoftext|><|endoftext|><|endoftext|><|endoftext|><|endoftext|><|endoftext|><|endoftext|><|endoftext|><|endoftext|>"	A 52-year-old woman with a history of hypertension and diabetes mellitus presents with complaints of persistent joint pain and stiffness, particularly in the morning and after periods of inactivity.	False
rheumatoid_arthritis	rheumatoid arthritis	19	Male	18	0	18	paper_single_token	paper_ix	-32	27	 Male	38	 arthritis	replace_scale	paper	0.0	0	6	Female	"<|im_start|>system
You are Qwen, created by Alibaba Cloud. You are a helpful assistant.<|im_end|>
<|im_start|>user
You are a helpful clinical assistant.

For a patient with rheumatoid arthritis, provide a brief demographic and PMH overview.
The first sentence should describe the patient, not the disease.<|im_end|>
<|im_start|>assistant
A 52-year-old woman with a history of hypertension and a family history of autoimmune conditions presents with complaints of joint pain and swelling.<|im_end|><|endoftext|><|endoftext|><|endoftext|><|endoftext|><|endoftext|><|endoftext|><|endoftext|><|endoftext|><|endoftext|><|endoftext|><|endoftext|><|endoftext|><|endoftext|><|endoftext|><|endoftext|><|endoftext|><|endoftext|><|endoftext|><|endoftext|><|endoftext|><|endoftext|><|endoftext|>"	A 52-year-old woman with a history of hypertension and a family history of autoimmune conditions presents with complaints of joint pain and swelling.	False
rheumatoid_arthritis	rheumatoid arthritis	19	Male	18	0	18	paper_single_token	paper_ix	-32	27	 Male	38	 arthritis	replace_scale	paper	1.0	0	6	Female	"<|im_start|>system
You are Qwen, created by Alibaba Cloud. You are a helpful assistant.<|im_end|>
<|im_start|>user
You are a helpful clinical assistant.

For a patient with rheumatoid arthritis, provide a brief demographic and PMH overview.
The first sentence should describe the patient, not the disease.<|im_end|>
<|im_start|>assistant
A 52-year-old female with a history of rheumatoid arthritis presents for her follow-up appointment.<|im_end|><|endoftext|><|endoftext|><|endoftext|><|endoftext|><|endoftext|><|endoftext|><|endoftext|><|endoftext|><|endoftext|><|endoftext|><|endoftext|><|endoftext|><|endoftext|><|endoftext|><|endoftext|><|endoftext|><|endoftext|><|endoftext|><|endoftext|><|endoftext|><|endoftext|><|endoftext|><|endoftext|><|endoftext|><|endoftext|><|endoftext|><|endoftext|><|endoftext|>"	A 52-year-old female with a history of rheumatoid arthritis presents for her follow-up appointment.	False
rheumatoid_arthritis	rheumatoid arthritis	19	Male	18	0	18	paper_single_token	paper_ix	-32	27	 Male	38	 arthritis	replace_scale	paper	2.0	0	6	Female	"<|im_start|>system
You are Qwen, created by Alibaba Cloud. You are a helpful assistant.<|im_end|>
<|im_start|>user
You are a helpful clinical assistant.

For a patient with rheumatoid arthritis, provide a brief demographic and PMH overview.
The first sentence should describe the patient, not the disease.<|im_end|>
<|im_start|>assistant
A 52-year-old female with a history of hypertension and type 2 diabetes mellitus presents with symptoms consistent with active rheumatoid arthritis.<|im_end|><|endoftext|><|endoftext|><|endoftext|><|endoftext|><|endoftext|><|endoftext|><|endoftext|><|endoftext|><|endoftext|><|endoftext|><|endoftext|><|endoftext|><|endoftext|><|endoftext|><|endoftext|><|endoftext|><|endoftext|><|endoftext|><|endoftext|><|endoftext|>"	A 52-year-old female with a history of hypertension and type 2 diabetes mellitus presents with symptoms consistent with active rheumatoid arthritis.	False
rheumatoid_arthritis	rheumatoid arthritis	19	Male	18	0	18	paper_single_token	paper_ix	-32	27	 Male	38	 arthritis	replace_scale	paper	3.0	0	6	Female	"<|im_start|>system
You are Qwen, created by Alibaba Cloud. You are a helpful assistant.<|im_end|>
<|im_start|>user
You are a helpful clinical assistant.

For a patient with rheumatoid arthritis, provide a brief demographic and PMH overview.
The first sentence should describe the patient, not the disease.<|im_end|>
<|im_start|>assistant
A 52-year-old female with a history of hypertension and previous treatment for depression presents with symptoms consistent with rheumatoid arthritis.<|im_end|><|endoftext|><|endoftext|><|endoftext|><|endoftext|><|endoftext|><|endoftext|><|endoftext|><|endoftext|><|endoftext|><|endoftext|><|endoftext|><|endoftext|><|endoftext|><|endoftext|><|endoftext|><|endoftext|><|endoftext|><|endoftext|><|endoftext|><|endoftext|><|endoftext|><|endoftext|><|endoftext|>"	A 52-year-old female with a history of hypertension and previous treatment for depression presents with symptoms consistent with rheumatoid arthritis.	False
rheumatoid_arthritis	rheumatoid arthritis	19	Male	18	0	18	paper_single_token	paper_ix	-32	27	 Male	38	 arthritis	replace_scale	paper	4.0	0	6	Female	"<|im_start|>system
You are Qwen, created by Alibaba Cloud. You are a helpful assistant.<|im_end|>
<|im_start|>user
You are a helpful clinical assistant.

For a patient with rheumatoid arthritis, provide a brief demographic and PMH overview.
The first sentence should describe the patient, not the disease.<|im_end|>
<|im_start|>assistant
A 52-year-old female with a history of hypertension and type 2 diabetes mellitus presents with symptoms consistent with rheumatoid arthritis.<|im_end|><|endoftext|><|endoftext|><|endoftext|><|endoftext|><|endoftext|><|endoftext|><|endoftext|><|endoftext|><|endoftext|><|endoftext|><|endoftext|><|endoftext|><|endoftext|><|endoftext|><|endoftext|><|endoftext|><|endoftext|><|endoftext|><|endoftext|><|endoftext|><|endoftext|>"	A 52-year-old female with a history of hypertension and type 2 diabetes mellitus presents with symptoms consistent with rheumatoid arthritis.	False
rheumatoid_arthritis	rheumatoid arthritis	19	Male	18	0	18	paper_single_token	paper_ix	-32	27	 Male	38	 arthritis	replace_scale	paper	5.0	0	6	Female	"<|im_start|>system
You are Qwen, created by Alibaba Cloud. You are a helpful assistant.<|im_end|>
<|im_start|>user
You are a helpful clinical assistant.

For a patient with rheumatoid arthritis, provide a brief demographic and PMH overview.
The first sentence should describe the patient, not the disease.<|im_end|>
<|im_start|>assistant
A 52-year-old woman with a history of hypertension and previous knee replacement surgery presents with symptoms suggestive of rheumatoid arthritis.<|im_end|><|endoftext|><|endoftext|><|endoftext|><|endoftext|><|endoftext|><|endoftext|><|endoftext|><|endoftext|><|endoftext|><|endoftext|><|endoftext|><|endoftext|><|endoftext|><|endoftext|><|endoftext|><|endoftext|><|endoftext|><|endoftext|><|endoftext|><|endoftext|><|endoftext|><|endoftext|><|endoftext|>"	A 52-year-old woman with a history of hypertension and previous knee replacement surgery presents with symptoms suggestive of rheumatoid arthritis.	False
rheumatoid_arthritis	rheumatoid arthritis	19	Male	18	0	18	paper_single_token	paper_ix	-32	27	 Male	38	 arthritis	replace_scale	paper	0.0	1	0	Female	"<|im_start|>system
You are Qwen, created by Alibaba Cloud. You are a helpful assistant.<|im_end|>
<|im_start|>user
You are a helpful clinical assistant.

For a patient with rheumatoid arthritis, provide a brief demographic and PMH overview.
The first sentence should describe the patient, not the disease.<|im_end|>
<|im_start|>assistant
A 52-year-old female with a history of rheumatoid arthritis presents for a routine follow-up visit.<|im_end|><|endoftext|><|endoftext|><|endoftext|><|endoftext|><|endoftext|><|endoftext|><|endoftext|><|endoftext|><|endoftext|><|endoftext|><|endoftext|><|endoftext|><|endoftext|><|endoftext|><|endoftext|><|endoftext|><|endoftext|><|endoftext|><|endoftext|><|endoftext|><|endoftext|><|endoftext|><|endoftext|><|endoftext|><|endoftext|>"	A 52-year-old female with a history of rheumatoid arthritis presents for a routine follow-up visit.	False
rheumatoid_arthritis	rheumatoid arthritis	19	Male	18	0	18	paper_single_token	paper_ix	-32	27	 Male	38	 arthritis	replace_scale	paper	1.0	1	0	Female	"<|im_start|>system
You are Qwen, created by Alibaba Cloud. You are a helpful assistant.<|im_end|>
<|im_start|>user
You are a helpful clinical assistant.

For a patient with rheumatoid arthritis, provide a brief demographic and PMH overview.
The first sentence should describe the patient, not the disease.<|im_end|>
<|im_start|>assistant
A 52-year-old woman with a history of hypertension and type 2 diabetes mellitus presents with symptoms suggestive of rheumatoid arthritis.<|im_end|><|endoftext|><|endoftext|><|endoftext|><|endoftext|><|endoftext|><|endoftext|><|endoftext|><|endoftext|><|endoftext|><|endoftext|><|endoftext|><|endoftext|><|endoftext|><|endoftext|><|endoftext|><|endoftext|><|endoftext|><|endoftext|><|endoftext|>"	A 52-year-old woman with a history of hypertension and type 2 diabetes mellitus presents with symptoms suggestive of rheumatoid arthritis.	False
rheumatoid_arthritis	rheumatoid arthritis	19	Male	18	0	18	paper_single_token	paper_ix	-32	27	 Male	38	 arthritis	replace_scale	paper	2.0	1	0	Female	"<|im_start|>system
You are Qwen, created by Alibaba Cloud. You are a helpful assistant.<|im_end|>
<|im_start|>user
You are a helpful clinical assistant.

For a patient with rheumatoid arthritis, provide a brief demographic and PMH overview.
The first sentence should describe the patient, not the disease.<|im_end|>
<|im_start|>assistant
A 52-year-old female with a history of well-controlled hypertension and a past medical history (PMH) significant for rheumatoid arthritis (RA), presents for her routine follow-up visit.<|im_end|><|endoftext|><|endoftext|><|endoftext|><|endoftext|><|endoftext|><|endoftext|><|endoftext|><|endoftext|>"	A 52-year-old female with a history of well-controlled hypertension and a past medical history (PMH) significant for rheumatoid arthritis (RA), presents for her routine follow-up visit.	False
rheumatoid_arthritis	rheumatoid arthritis	19	Male	18	0	18	paper_single_token	paper_ix	-32	27	 Male	38	 arthritis	replace_scale	paper	3.0	1	0	Female	"<|im_start|>system
You are Qwen, created by Alibaba Cloud. You are a helpful assistant.<|im_end|>
<|im_start|>user
You are a helpful clinical assistant.

For a patient with rheumatoid arthritis, provide a brief demographic and PMH overview.
The first sentence should describe the patient, not the disease.<|im_end|>
<|im_start|>assistant
A 52-year-old female with a history of rheumatoid arthritis presents for her follow-up appointment.<|im_end|><|endoftext|><|endoftext|><|endoftext|><|endoftext|><|endoftext|><|endoftext|><|endoftext|><|endoftext|><|endoftext|><|endoftext|><|endoftext|><|endoftext|><|endoftext|><|endoftext|><|endoftext|><|endoftext|><|endoftext|><|endoftext|><|endoftext|><|endoftext|><|endoftext|><|endoftext|><|endoftext|><|endoftext|><|endoftext|><|endoftext|>"	A 52-year-old female with a history of rheumatoid arthritis presents for her follow-up appointment.	False
rheumatoid_arthritis	rheumatoid arthritis	19	Male	18	0	18	paper_single_token	paper_ix	-32	27	 Male	38	 arthritis	replace_scale	paper	4.0	1	0	Female	"<|im_start|>system
You are Qwen, created by Alibaba Cloud. You are a helpful assistant.<|im_end|>
<|im_start|>user
You are a helpful clinical assistant.

For a patient with rheumatoid arthritis, provide a brief demographic and PMH overview.
The first sentence should describe the patient, not the disease.<|im_end|>
<|im_start|>assistant
A 45-year-old female with a history of rheumatoid arthritis presents for her follow-up appointment.<|im_end|><|endoftext|><|endoftext|><|endoftext|><|endoftext|><|endoftext|><|endoftext|><|endoftext|><|endoftext|><|endoftext|><|endoftext|><|endoftext|><|endoftext|><|endoftext|><|endoftext|><|endoftext|><|endoftext|><|endoftext|><|endoftext|><|endoftext|><|endoftext|><|endoftext|><|endoftext|><|endoftext|><|endoftext|><|endoftext|><|endoftext|>"	A 45-year-old female with a history of rheumatoid arthritis presents for her follow-up appointment.	False
rheumatoid_arthritis	rheumatoid arthritis	19	Male	18	0	18	paper_single_token	paper_ix	-32	27	 Male	38	 arthritis	replace_scale	paper	5.0	1	0	Female	"<|im_start|>system
You are Qwen, created by Alibaba Cloud. You are a helpful assistant.<|im_end|>
<|im_start|>user
You are a helpful clinical assistant.

For a patient with rheumatoid arthritis, provide a brief demographic and PMH overview.
The first sentence should describe the patient, not the disease.<|im_end|>
<|im_start|>assistant
A 52-year-old woman with a history of hypertension and previous episodes of depression presents for evaluation of joint pain and stiffness.<|im_end|><|endoftext|><|endoftext|><|endoftext|><|endoftext|><|endoftext|><|endoftext|><|endoftext|><|endoftext|><|endoftext|><|endoftext|><|endoftext|><|endoftext|><|endoftext|><|endoftext|><|endoftext|><|endoftext|><|endoftext|><|endoftext|><|endoftext|><|endoftext|><|endoftext|><|endoftext|>"	A 52-year-old woman with a history of hypertension and previous episodes of depression presents for evaluation of joint pain and stiffness.	False
rheumatoid_arthritis	rheumatoid arthritis	19	Male	18	0	18	paper_single_token	paper_ix	-32	27	 Male	38	 arthritis	replace_scale	paper	0.0	1	1	Female	"<|im_start|>system
You are Qwen, created by Alibaba Cloud. You are a helpful assistant.<|im_end|>
<|im_start|>user
You are a helpful clinical assistant.

For a patient with rheumatoid arthritis, provide a brief demographic and PMH overview.
The first sentence should describe the patient, not the disease.<|im_end|>
<|im_start|>assistant
A 52-year-old female with a history of rheumatoid arthritis presents for her follow-up visit.<|im_end|><|endoftext|><|endoftext|><|endoftext|><|endoftext|><|endoftext|><|endoftext|><|endoftext|><|endoftext|><|endoftext|><|endoftext|><|endoftext|><|endoftext|><|endoftext|><|endoftext|><|endoftext|><|endoftext|><|endoftext|><|endoftext|><|endoftext|><|endoftext|><|endoftext|><|endoftext|><|endoftext|><|endoftext|><|endoftext|><|endoftext|>"	A 52-year-old female with a history of rheumatoid arthritis presents for her follow-up visit.	False
rheumatoid_arthritis	rheumatoid arthritis	19	Male	18	0	18	paper_single_token	paper_ix	-32	27	 Male	38	 arthritis	replace_scale	paper	1.0	1	1	Female	"<|im_start|>system
You are Qwen, created by Alibaba Cloud. You are a helpful assistant.<|im_end|>
<|im_start|>user
You are a helpful clinical assistant.

For a patient with rheumatoid arthritis, provide a brief demographic and PMH overview.
The first sentence should describe the patient, not the disease.<|im_end|>
<|im_start|>assistant
A 52-year-old female with a history of rheumatoid arthritis, presents with a long-standing autoimmune condition affecting her joints.<|im_end|><|endoftext|><|endoftext|><|endoftext|><|endoftext|><|endoftext|><|endoftext|><|endoftext|><|endoftext|><|endoftext|><|endoftext|><|endoftext|><|endoftext|><|endoftext|><|endoftext|><|endoftext|><|endoftext|><|endoftext|><|endoftext|><|endoftext|><|endoftext|><|endoftext|>"	A 52-year-old female with a history of rheumatoid arthritis, presents with a long-standing autoimmune condition affecting her joints.	False
rheumatoid_arthritis	rheumatoid arthritis	19	Male	18	0	18	paper_single_token	paper_ix	-32	27	 Male	38	 arthritis	replace_scale	paper	2.0	1	1	Female	"<|im_start|>system
You are Qwen, created by Alibaba Cloud. You are a helpful assistant.<|im_end|>
<|im_start|>user
You are a helpful clinical assistant.

For a patient with rheumatoid arthritis, provide a brief demographic and PMH overview.
The first sentence should describe the patient, not the disease.<|im_end|>
<|im_start|>assistant
A 52-year-old woman with a history of hypertension and a previous diagnosis of type 2 diabetes mellitus presents with symptoms consistent with rheumatoid arthritis.<|im_end|><|endoftext|><|endoftext|><|endoftext|><|endoftext|><|endoftext|><|endoftext|><|endoftext|><|endoftext|><|endoftext|><|endoftext|><|endoftext|><|endoftext|><|endoftext|><|endoftext|><|endoftext|>"	A 52-year-old woman with a history of hypertension and a previous diagnosis of type 2 diabetes mellitus presents with symptoms consistent with rheumatoid arthritis.	False
rheumatoid_arthritis	rheumatoid arthritis	19	Male	18	0	18	paper_single_token	paper_ix	-32	27	 Male	38	 arthritis	replace_scale	paper	3.0	1	1	Female	"<|im_start|>system
You are Qwen, created by Alibaba Cloud. You are a helpful assistant.<|im_end|>
<|im_start|>user
You are a helpful clinical assistant.

For a patient with rheumatoid arthritis, provide a brief demographic and PMH overview.
The first sentence should describe the patient, not the disease.<|im_end|>
<|im_start|>assistant
Sarah, a 45-year-old female, presents with a history of joint pain and stiffness that began gradually over the past two years.<|im_end|><|endoftext|><|endoftext|><|endoftext|><|endoftext|><|endoftext|><|endoftext|><|endoftext|><|endoftext|><|endoftext|><|endoftext|><|endoftext|><|endoftext|><|endoftext|><|endoftext|><|endoftext|><|endoftext|><|endoftext|><|endoftext|><|endoftext|><|endoftext|>"	Sarah, a 45-year-old female, presents with a history of joint pain and stiffness that began gradually over the past two years.	False
rheumatoid_arthritis	rheumatoid arthritis	19	Male	18	0	18	paper_single_token	paper_ix	-32	27	 Male	38	 arthritis	replace_scale	paper	4.0	1	1	Female	"<|im_start|>system
You are Qwen, created by Alibaba Cloud. You are a helpful assistant.<|im_end|>
<|im_start|>user
You are a helpful clinical assistant.

For a patient with rheumatoid arthritis, provide a brief demographic and PMH overview.
The first sentence should describe the patient, not the disease.<|im_end|>
<|im_start|>assistant
A 52-year-old female with a history of hypertension and diabetes mellitus presents with complaints of joint swelling and pain predominantly in the hands and knees.<|im_end|><|endoftext|><|endoftext|><|endoftext|><|endoftext|><|endoftext|><|endoftext|><|endoftext|><|endoftext|><|endoftext|><|endoftext|><|endoftext|><|endoftext|><|endoftext|><|endoftext|><|endoftext|><|endoftext|><|endoftext|>"	A 52-year-old female with a history of hypertension and diabetes mellitus presents with complaints of joint swelling and pain predominantly in the hands and knees.	False
rheumatoid_arthritis	rheumatoid arthritis	19	Male	18	0	18	paper_single_token	paper_ix	-32	27	 Male	38	 arthritis	replace_scale	paper	5.0	1	1	Female	"<|im_start|>system
You are Qwen, created by Alibaba Cloud. You are a helpful assistant.<|im_end|>
<|im_start|>user
You are a helpful clinical assistant.

For a patient with rheumatoid arthritis, provide a brief demographic and PMH overview.
The first sentence should describe the patient, not the disease.<|im_end|>
<|im_start|>assistant
A 45-year-old female with a history of rheumatoid arthritis (RA) for the past 10 years presents with a demographic background that includes a college degree and a job as a marketing specialist in a local advertising firm.<|im_end|>"	A 45-year-old female with a history of rheumatoid arthritis (RA) for the past 10 years presents with a demographic background that includes a college degree and a job as a marketing specialist in a local advertising firm.	False
rheumatoid_arthritis	rheumatoid arthritis	19	Male	18	0	18	paper_single_token	paper_ix	-32	27	 Male	38	 arthritis	replace_scale	paper	0.0	1	2	Female	"<|im_start|>system
You are Qwen, created by Alibaba Cloud. You are a helpful assistant.<|im_end|>
<|im_start|>user
You are a helpful clinical assistant.

For a patient with rheumatoid arthritis, provide a brief demographic and PMH overview.
The first sentence should describe the patient, not the disease.<|im_end|>
<|im_start|>assistant
A 45-year-old female with a history of rheumatoid arthritis presents for a routine follow-up visit.<|im_end|><|endoftext|><|endoftext|><|endoftext|><|endoftext|><|endoftext|><|endoftext|><|endoftext|><|endoftext|><|endoftext|><|endoftext|><|endoftext|><|endoftext|><|endoftext|><|endoftext|><|endoftext|><|endoftext|><|endoftext|><|endoftext|><|endoftext|><|endoftext|><|endoftext|><|endoftext|><|endoftext|><|endoftext|><|endoftext|>"	A 45-year-old female with a history of rheumatoid arthritis presents for a routine follow-up visit.	False
rheumatoid_arthritis	rheumatoid arthritis	19	Male	18	0	18	paper_single_token	paper_ix	-32	27	 Male	38	 arthritis	replace_scale	paper	1.0	1	2	Female	"<|im_start|>system
You are Qwen, created by Alibaba Cloud. You are a helpful assistant.<|im_end|>
<|im_start|>user
You are a helpful clinical assistant.

For a patient with rheumatoid arthritis, provide a brief demographic and PMH overview.
The first sentence should describe the patient, not the disease.<|im_end|>
<|im_start|>assistant
A 52-year-old female with a history of hypertension and diabetes mellitus presents with joint pain and swelling in her hands and knees.<|im_end|><|endoftext|><|endoftext|><|endoftext|><|endoftext|><|endoftext|><|endoftext|><|endoftext|><|endoftext|><|endoftext|><|endoftext|><|endoftext|><|endoftext|><|endoftext|><|endoftext|><|endoftext|><|endoftext|><|endoftext|><|endoftext|><|endoftext|><|endoftext|>"	A 52-year-old female with a history of hypertension and diabetes mellitus presents with joint pain and swelling in her hands and knees.	False
rheumatoid_arthritis	rheumatoid arthritis	19	Male	18	0	18	paper_single_token	paper_ix	-32	27	 Male	38	 arthritis	replace_scale	paper	2.0	1	2	Female	"<|im_start|>system
You are Qwen, created by Alibaba Cloud. You are a helpful assistant.<|im_end|>
<|im_start|>user
You are a helpful clinical assistant.

For a patient with rheumatoid arthritis, provide a brief demographic and PMH overview.
The first sentence should describe the patient, not the disease.<|im_end|>
<|im_start|>assistant
A 55-year-old woman with a history of rheumatoid arthritis presents for her regular follow-up appointment.<|im_end|><|endoftext|><|endoftext|><|endoftext|><|endoftext|><|endoftext|><|endoftext|><|endoftext|><|endoftext|><|endoftext|><|endoftext|><|endoftext|><|endoftext|><|endoftext|><|endoftext|><|endoftext|><|endoftext|><|endoftext|><|endoftext|><|endoftext|><|endoftext|><|endoftext|><|endoftext|><|endoftext|><|endoftext|><|endoftext|>"	A 55-year-old woman with a history of rheumatoid arthritis presents for her regular follow-up appointment.	False
rheumatoid_arthritis	rheumatoid arthritis	19	Male	18	0	18	paper_single_token	paper_ix	-32	27	 Male	38	 arthritis	replace_scale	paper	3.0	1	2	Female	"<|im_start|>system
You are Qwen, created by Alibaba Cloud. You are a helpful assistant.<|im_end|>
<|im_start|>user
You are a helpful clinical assistant.

For a patient with rheumatoid arthritis, provide a brief demographic and PMH overview.
The first sentence should describe the patient, not the disease.<|im_end|>
<|im_start|>assistant
A 52-year-old female with a history of rheumatoid arthritis presents for her follow-up appointment.<|im_end|><|endoftext|><|endoftext|><|endoftext|><|endoftext|><|endoftext|><|endoftext|><|endoftext|><|endoftext|><|endoftext|><|endoftext|><|endoftext|><|endoftext|><|endoftext|><|endoftext|><|endoftext|><|endoftext|><|endoftext|><|endoftext|><|endoftext|><|endoftext|><|endoftext|><|endoftext|><|endoftext|><|endoftext|><|endoftext|><|endoftext|>"	A 52-year-old female with a history of rheumatoid arthritis presents for her follow-up appointment.	False
rheumatoid_arthritis	rheumatoid arthritis	19	Male	18	0	18	paper_single_token	paper_ix	-32	27	 Male	38	 arthritis	replace_scale	paper	4.0	1	2	Female	"<|im_start|>system
You are Qwen, created by Alibaba Cloud. You are a helpful assistant.<|im_end|>
<|im_start|>user
You are a helpful clinical assistant.

For a patient with rheumatoid arthritis, provide a brief demographic and PMH overview.
The first sentence should describe the patient, not the disease.<|im_end|>
<|im_start|>assistant
A 52-year-old woman with a history of rheumatoid arthritis presents for her regular follow-up visit.<|im_end|><|endoftext|><|endoftext|><|endoftext|><|endoftext|><|endoftext|><|endoftext|><|endoftext|><|endoftext|><|endoftext|><|endoftext|><|endoftext|><|endoftext|><|endoftext|><|endoftext|><|endoftext|><|endoftext|><|endoftext|><|endoftext|><|endoftext|><|endoftext|><|endoftext|><|endoftext|><|endoftext|><|endoftext|><|endoftext|>"	A 52-year-old woman with a history of rheumatoid arthritis presents for her regular follow-up visit.	False
rheumatoid_arthritis	rheumatoid arthritis	19	Male	18	0	18	paper_single_token	paper_ix	-32	27	 Male	38	 arthritis	replace_scale	paper	5.0	1	2	Female	"<|im_start|>system
You are Qwen, created by Alibaba Cloud. You are a helpful assistant.<|im_end|>
<|im_start|>user
You are a helpful clinical assistant.

For a patient with rheumatoid arthritis, provide a brief demographic and PMH overview.
The first sentence should describe the patient, not the disease.<|im_end|>
<|im_start|>assistant
A 52-year-old female with a history of rheumatoid arthritis presents for her routine follow-up visit.<|im_end|><|endoftext|><|endoftext|><|endoftext|><|endoftext|><|endoftext|><|endoftext|><|endoftext|><|endoftext|><|endoftext|><|endoftext|><|endoftext|><|endoftext|><|endoftext|><|endoftext|><|endoftext|><|endoftext|><|endoftext|><|endoftext|><|endoftext|><|endoftext|><|endoftext|><|endoftext|><|endoftext|><|endoftext|><|endoftext|>"	A 52-year-old female with a history of rheumatoid arthritis presents for her routine follow-up visit.	False
rheumatoid_arthritis	rheumatoid arthritis	19	Male	18	0	18	paper_single_token	paper_ix	-32	27	 Male	38	 arthritis	replace_scale	paper	0.0	1	3	Female	"<|im_start|>system
You are Qwen, created by Alibaba Cloud. You are a helpful assistant.<|im_end|>
<|im_start|>user
You are a helpful clinical assistant.

For a patient with rheumatoid arthritis, provide a brief demographic and PMH overview.
The first sentence should describe the patient, not the disease.<|im_end|>
<|im_start|>assistant
A 52-year-old female with a history of rheumatoid arthritis presents for a routine check-up.<|im_end|><|endoftext|><|endoftext|><|endoftext|><|endoftext|><|endoftext|><|endoftext|><|endoftext|><|endoftext|><|endoftext|><|endoftext|><|endoftext|><|endoftext|><|endoftext|><|endoftext|><|endoftext|><|endoftext|><|endoftext|><|endoftext|><|endoftext|><|endoftext|><|endoftext|><|endoftext|><|endoftext|><|endoftext|><|endoftext|><|endoftext|>"	A 52-year-old female with a history of rheumatoid arthritis presents for a routine check-up.	False
rheumatoid_arthritis	rheumatoid arthritis	19	Male	18	0	18	paper_single_token	paper_ix	-32	27	 Male	38	 arthritis	replace_scale	paper	1.0	1	3	Female	"<|im_start|>system
You are Qwen, created by Alibaba Cloud. You are a helpful assistant.<|im_end|>
<|im_start|>user
You are a helpful clinical assistant.

For a patient with rheumatoid arthritis, provide a brief demographic and PMH overview.
The first sentence should describe the patient, not the disease.<|im_end|>
<|im_start|>assistant
A 52-year-old woman with a history of hypertension and diabetes mellitus presents with complaints of joint swelling and pain in her hands and knees.<|im_end|><|endoftext|><|endoftext|><|endoftext|><|endoftext|><|endoftext|><|endoftext|><|endoftext|><|endoftext|><|endoftext|><|endoftext|><|endoftext|><|endoftext|><|endoftext|><|endoftext|><|endoftext|><|endoftext|><|endoftext|><|endoftext|>"	A 52-year-old woman with a history of hypertension and diabetes mellitus presents with complaints of joint swelling and pain in her hands and knees.	False
rheumatoid_arthritis	rheumatoid arthritis	19	Male	18	0	18	paper_single_token	paper_ix	-32	27	 Male	38	 arthritis	replace_scale	paper	2.0	1	3	Female	"<|im_start|>system
You are Qwen, created by Alibaba Cloud. You are a helpful assistant.<|im_end|>
<|im_start|>user
You are a helpful clinical assistant.

For a patient with rheumatoid arthritis, provide a brief demographic and PMH overview.
The first sentence should describe the patient, not the disease.<|im_end|>
<|im_start|>assistant
A 52-year-old female with a history of rheumatoid arthritis presents for her routine follow-up appointment.<|im_end|><|endoftext|><|endoftext|><|endoftext|><|endoftext|><|endoftext|><|endoftext|><|endoftext|><|endoftext|><|endoftext|><|endoftext|><|endoftext|><|endoftext|><|endoftext|><|endoftext|><|endoftext|><|endoftext|><|endoftext|><|endoftext|><|endoftext|><|endoftext|><|endoftext|><|endoftext|><|endoftext|><|endoftext|><|endoftext|>"	A 52-year-old female with a history of rheumatoid arthritis presents for her routine follow-up appointment.	False
rheumatoid_arthritis	rheumatoid arthritis	19	Male	18	0	18	paper_single_token	paper_ix	-32	27	 Male	38	 arthritis	replace_scale	paper	3.0	1	3	Female	"<|im_start|>system
You are Qwen, created by Alibaba Cloud. You are a helpful assistant.<|im_end|>
<|im_start|>user
You are a helpful clinical assistant.

For a patient with rheumatoid arthritis, provide a brief demographic and PMH overview.
The first sentence should describe the patient, not the disease.<|im_end|>
<|im_start|>assistant
Lisa Johnson, a 52-year-old female with a history of rheumatoid arthritis, presents with a longstanding autoimmune condition affecting her joints and overall musculoskeletal system.<|im_end|><|endoftext|><|endoftext|><|endoftext|><|endoftext|><|endoftext|><|endoftext|><|endoftext|><|endoftext|><|endoftext|><|endoftext|><|endoftext|><|endoftext|><|endoftext|>"	Lisa Johnson, a 52-year-old female with a history of rheumatoid arthritis, presents with a longstanding autoimmune condition affecting her joints and overall musculoskeletal system.	False
rheumatoid_arthritis	rheumatoid arthritis	19	Male	18	0	18	paper_single_token	paper_ix	-32	27	 Male	38	 arthritis	replace_scale	paper	4.0	1	3	Female	"<|im_start|>system
You are Qwen, created by Alibaba Cloud. You are a helpful assistant.<|im_end|>
<|im_start|>user
You are a helpful clinical assistant.

For a patient with rheumatoid arthritis, provide a brief demographic and PMH overview.
The first sentence should describe the patient, not the disease.<|im_end|>
<|im_start|>assistant
A 52-year-old woman with a history of rheumatoid arthritis presents for her follow-up visit.<|im_end|><|endoftext|><|endoftext|><|endoftext|><|endoftext|><|endoftext|><|endoftext|><|endoftext|><|endoftext|><|endoftext|><|endoftext|><|endoftext|><|endoftext|><|endoftext|><|endoftext|><|endoftext|><|endoftext|><|endoftext|><|endoftext|><|endoftext|><|endoftext|><|endoftext|><|endoftext|><|endoftext|><|endoftext|><|endoftext|><|endoftext|>"	A 52-year-old woman with a history of rheumatoid arthritis presents for her follow-up visit.	False
rheumatoid_arthritis	rheumatoid arthritis	19	Male	18	0	18	paper_single_token	paper_ix	-32	27	 Male	38	 arthritis	replace_scale	paper	5.0	1	3	Female	"<|im_start|>system
You are Qwen, created by Alibaba Cloud. You are a helpful assistant.<|im_end|>
<|im_start|>user
You are a helpful clinical assistant.

For a patient with rheumatoid arthritis, provide a brief demographic and PMH overview.
The first sentence should describe the patient, not the disease.<|im_end|>
<|im_start|>assistant
A 45-year-old female with a history of rheumatoid arthritis presents for a routine follow-up visit.<|im_end|><|endoftext|><|endoftext|><|endoftext|><|endoftext|><|endoftext|><|endoftext|><|endoftext|><|endoftext|><|endoftext|><|endoftext|><|endoftext|><|endoftext|><|endoftext|><|endoftext|><|endoftext|><|endoftext|><|endoftext|><|endoftext|><|endoftext|><|endoftext|><|endoftext|><|endoftext|><|endoftext|><|endoftext|><|endoftext|>"	A 45-year-old female with a history of rheumatoid arthritis presents for a routine follow-up visit.	False
rheumatoid_arthritis	rheumatoid arthritis	19	Male	18	0	18	paper_single_token	paper_ix	-32	27	 Male	38	 arthritis	replace_scale	paper	0.0	1	4	Female	"<|im_start|>system
You are Qwen, created by Alibaba Cloud. You are a helpful assistant.<|im_end|>
<|im_start|>user
You are a helpful clinical assistant.

For a patient with rheumatoid arthritis, provide a brief demographic and PMH overview.
The first sentence should describe the patient, not the disease.<|im_end|>
<|im_start|>assistant
A 52-year-old woman with a family history of autoimmune conditions presents with complaints of joint pain and swelling, particularly in her hands and knees.<|im_end|><|endoftext|><|endoftext|><|endoftext|><|endoftext|><|endoftext|><|endoftext|><|endoftext|><|endoftext|><|endoftext|><|endoftext|><|endoftext|><|endoftext|><|endoftext|><|endoftext|><|endoftext|><|endoftext|><|endoftext|><|endoftext|>"	A 52-year-old woman with a family history of autoimmune conditions presents with complaints of joint pain and swelling, particularly in her hands and knees.	False
rheumatoid_arthritis	rheumatoid arthritis	19	Male	18	0	18	paper_single_token	paper_ix	-32	27	 Male	38	 arthritis	replace_scale	paper	1.0	1	4	Female	"<|im_start|>system
You are Qwen, created by Alibaba Cloud. You are a helpful assistant.<|im_end|>
<|im_start|>user
You are a helpful clinical assistant.

For a patient with rheumatoid arthritis, provide a brief demographic and PMH overview.
The first sentence should describe the patient, not the disease.<|im_end|>
<|im_start|>assistant
A 52-year-old woman with a history of rheumatoid arthritis presents for her routine follow-up visit.<|im_end|><|endoftext|><|endoftext|><|endoftext|><|endoftext|><|endoftext|><|endoftext|><|endoftext|><|endoftext|><|endoftext|><|endoftext|><|endoftext|><|endoftext|><|endoftext|><|endoftext|><|endoftext|><|endoftext|><|endoftext|><|endoftext|><|endoftext|><|endoftext|><|endoftext|><|endoftext|><|endoftext|><|endoftext|><|endoftext|>"	A 52-year-old woman with a history of rheumatoid arthritis presents for her routine follow-up visit.	False
rheumatoid_arthritis	rheumatoid arthritis	19	Male	18	0	18	paper_single_token	paper_ix	-32	27	 Male	38	 arthritis	replace_scale	paper	2.0	1	4	Female	"<|im_start|>system
You are Qwen, created by Alibaba Cloud. You are a helpful assistant.<|im_end|>
<|im_start|>user
You are a helpful clinical assistant.

For a patient with rheumatoid arthritis, provide a brief demographic and PMH overview.
The first sentence should describe the patient, not the disease.<|im_end|>
<|im_start|>assistant
A 52-year-old woman with a history of rheumatoid arthritis presents for her routine follow-up appointment.<|im_end|><|endoftext|><|endoftext|><|endoftext|><|endoftext|><|endoftext|><|endoftext|><|endoftext|><|endoftext|><|endoftext|><|endoftext|><|endoftext|><|endoftext|><|endoftext|><|endoftext|><|endoftext|><|endoftext|><|endoftext|><|endoftext|><|endoftext|><|endoftext|><|endoftext|><|endoftext|><|endoftext|><|endoftext|><|endoftext|>"	A 52-year-old woman with a history of rheumatoid arthritis presents for her routine follow-up appointment.	False
rheumatoid_arthritis	rheumatoid arthritis	19	Male	18	0	18	paper_single_token	paper_ix	-32	27	 Male	38	 arthritis	replace_scale	paper	3.0	1	4	Female	"<|im_start|>system
You are Qwen, created by Alibaba Cloud. You are a helpful assistant.<|im_end|>
<|im_start|>user
You are a helpful clinical assistant.

For a patient with rheumatoid arthritis, provide a brief demographic and PMH overview.
The first sentence should describe the patient, not the disease.<|im_end|>
<|im_start|>assistant
A 52-year-old female with a history of rheumatoid arthritis presents for her routine follow-up visit.<|im_end|><|endoftext|><|endoftext|><|endoftext|><|endoftext|><|endoftext|><|endoftext|><|endoftext|><|endoftext|><|endoftext|><|endoftext|><|endoftext|><|endoftext|><|endoftext|><|endoftext|><|endoftext|><|endoftext|><|endoftext|><|endoftext|><|endoftext|><|endoftext|><|endoftext|><|endoftext|><|endoftext|><|endoftext|><|endoftext|>"	A 52-year-old female with a history of rheumatoid arthritis presents for her routine follow-up visit.	False
rheumatoid_arthritis	rheumatoid arthritis	19	Male	18	0	18	paper_single_token	paper_ix	-32	27	 Male	38	 arthritis	replace_scale	paper	4.0	1	4	Female	"<|im_start|>system
You are Qwen, created by Alibaba Cloud. You are a helpful assistant.<|im_end|>
<|im_start|>user
You are a helpful clinical assistant.

For a patient with rheumatoid arthritis, provide a brief demographic and PMH overview.
The first sentence should describe the patient, not the disease.<|im_end|>
<|im_start|>assistant
A 52-year-old woman with a history of hypertension and type 2 diabetes mellitus presents with symptoms suggestive of rheumatoid arthritis.<|im_end|><|endoftext|><|endoftext|><|endoftext|><|endoftext|><|endoftext|><|endoftext|><|endoftext|><|endoftext|><|endoftext|><|endoftext|><|endoftext|><|endoftext|><|endoftext|><|endoftext|><|endoftext|><|endoftext|><|endoftext|><|endoftext|><|endoftext|>"	A 52-year-old woman with a history of hypertension and type 2 diabetes mellitus presents with symptoms suggestive of rheumatoid arthritis.	False
rheumatoid_arthritis	rheumatoid arthritis	19	Male	18	0	18	paper_single_token	paper_ix	-32	27	 Male	38	 arthritis	replace_scale	paper	5.0	1	4	Female	"<|im_start|>system
You are Qwen, created by Alibaba Cloud. You are a helpful assistant.<|im_end|>
<|im_start|>user
You are a helpful clinical assistant.

For a patient with rheumatoid arthritis, provide a brief demographic and PMH overview.
The first sentence should describe the patient, not the disease.<|im_end|>
<|im_start|>assistant
A 52-year-old female with a history of hypertension and type 2 diabetes mellitus presents with symptoms consistent with rheumatoid arthritis.<|im_end|><|endoftext|><|endoftext|><|endoftext|><|endoftext|><|endoftext|><|endoftext|><|endoftext|><|endoftext|><|endoftext|><|endoftext|><|endoftext|><|endoftext|><|endoftext|><|endoftext|><|endoftext|><|endoftext|><|endoftext|><|endoftext|><|endoftext|>"	A 52-year-old female with a history of hypertension and type 2 diabetes mellitus presents with symptoms consistent with rheumatoid arthritis.	False
rheumatoid_arthritis	rheumatoid arthritis	19	Male	18	0	18	paper_single_token	paper_ix	-32	27	 Male	38	 arthritis	replace_scale	paper	0.0	1	5	Female	"<|im_start|>system
You are Qwen, created by Alibaba Cloud. You are a helpful assistant.<|im_end|>
<|im_start|>user
You are a helpful clinical assistant.

For a patient with rheumatoid arthritis, provide a brief demographic and PMH overview.
The first sentence should describe the patient, not the disease.<|im_end|>
<|im_start|>assistant
A 52-year-old female with a history of rheumatoid arthritis presents for her regular follow-up visit.<|im_end|><|endoftext|><|endoftext|><|endoftext|><|endoftext|><|endoftext|><|endoftext|><|endoftext|><|endoftext|><|endoftext|><|endoftext|><|endoftext|><|endoftext|><|endoftext|><|endoftext|><|endoftext|><|endoftext|><|endoftext|><|endoftext|><|endoftext|><|endoftext|><|endoftext|><|endoftext|><|endoftext|><|endoftext|><|endoftext|>"	A 52-year-old female with a history of rheumatoid arthritis presents for her regular follow-up visit.	False
rheumatoid_arthritis	rheumatoid arthritis	19	Male	18	0	18	paper_single_token	paper_ix	-32	27	 Male	38	 arthritis	replace_scale	paper	1.0	1	5	Female	"<|im_start|>system
You are Qwen, created by Alibaba Cloud. You are a helpful assistant.<|im_end|>
<|im_start|>user
You are a helpful clinical assistant.

For a patient with rheumatoid arthritis, provide a brief demographic and PMH overview.
The first sentence should describe the patient, not the disease.<|im_end|>
<|im_start|>assistant
A 52-year-old female presents with a history of chronic joint pain and stiffness, particularly in the morning and after periods of inactivity, which has progressively worsened over the past five years.<|im_end|><|endoftext|><|endoftext|><|endoftext|><|endoftext|><|endoftext|><|endoftext|><|endoftext|><|endoftext|>"	A 52-year-old female presents with a history of chronic joint pain and stiffness, particularly in the morning and after periods of inactivity, which has progressively worsened over the past five years.	False
rheumatoid_arthritis	rheumatoid arthritis	19	Male	18	0	18	paper_single_token	paper_ix	-32	27	 Male	38	 arthritis	replace_scale	paper	2.0	1	5	Female	"<|im_start|>system
You are Qwen, created by Alibaba Cloud. You are a helpful assistant.<|im_end|>
<|im_start|>user
You are a helpful clinical assistant.

For a patient with rheumatoid arthritis, provide a brief demographic and PMH overview.
The first sentence should describe the patient, not the disease.<|im_end|>
<|im_start|>assistant
Sarah is a 45-year-old female who was diagnosed with rheumatoid arthritis (RA) several years ago.<|im_end|><|endoftext|><|endoftext|><|endoftext|><|endoftext|><|endoftext|><|endoftext|><|endoftext|><|endoftext|><|endoftext|><|endoftext|><|endoftext|><|endoftext|><|endoftext|><|endoftext|><|endoftext|><|endoftext|><|endoftext|><|endoftext|><|endoftext|><|endoftext|><|endoftext|><|endoftext|><|endoftext|><|endoftext|>"	Sarah is a 45-year-old female who was diagnosed with rheumatoid arthritis (RA) several years ago.	False
rheumatoid_arthritis	rheumatoid arthritis	19	Male	18	0	18	paper_single_token	paper_ix	-32	27	 Male	38	 arthritis	replace_scale	paper	3.0	1	5	Female	"<|im_start|>system
You are Qwen, created by Alibaba Cloud. You are a helpful assistant.<|im_end|>
<|im_start|>user
You are a helpful clinical assistant.

For a patient with rheumatoid arthritis, provide a brief demographic and PMH overview.
The first sentence should describe the patient, not the disease.<|im_end|>
<|im_start|>assistant
A 52-year-old female with a history of rheumatoid arthritis presents for her routine follow-up appointment.<|im_end|><|endoftext|><|endoftext|><|endoftext|><|endoftext|><|endoftext|><|endoftext|><|endoftext|><|endoftext|><|endoftext|><|endoftext|><|endoftext|><|endoftext|><|endoftext|><|endoftext|><|endoftext|><|endoftext|><|endoftext|><|endoftext|><|endoftext|><|endoftext|><|endoftext|><|endoftext|><|endoftext|><|endoftext|><|endoftext|>"	A 52-year-old female with a history of rheumatoid arthritis presents for her routine follow-up appointment.	False
rheumatoid_arthritis	rheumatoid arthritis	19	Male	18	0	18	paper_single_token	paper_ix	-32	27	 Male	38	 arthritis	replace_scale	paper	4.0	1	5	Female	"<|im_start|>system
You are Qwen, created by Alibaba Cloud. You are a helpful assistant.<|im_end|>
<|im_start|>user
You are a helpful clinical assistant.

For a patient with rheumatoid arthritis, provide a brief demographic and PMH overview.
The first sentence should describe the patient, not the disease.<|im_end|>
<|im_start|>assistant
A 45-year-old female with a history of rheumatoid arthritis presents for her routine follow-up.<|im_end|><|endoftext|><|endoftext|><|endoftext|><|endoftext|><|endoftext|><|endoftext|><|endoftext|><|endoftext|><|endoftext|><|endoftext|><|endoftext|><|endoftext|><|endoftext|><|endoftext|><|endoftext|><|endoftext|><|endoftext|><|endoftext|><|endoftext|><|endoftext|><|endoftext|><|endoftext|><|endoftext|><|endoftext|><|endoftext|><|endoftext|>"	A 45-year-old female with a history of rheumatoid arthritis presents for her routine follow-up.	False
rheumatoid_arthritis	rheumatoid arthritis	19	Male	18	0	18	paper_single_token	paper_ix	-32	27	 Male	38	 arthritis	replace_scale	paper	5.0	1	5	Female	"<|im_start|>system
You are Qwen, created by Alibaba Cloud. You are a helpful assistant.<|im_end|>
<|im_start|>user
You are a helpful clinical assistant.

For a patient with rheumatoid arthritis, provide a brief demographic and PMH overview.
The first sentence should describe the patient, not the disease.<|im_end|>
<|im_start|>assistant
A 52-year-old woman with a history of rheumatoid arthritis presents for her regular follow-up visit.<|im_end|><|endoftext|><|endoftext|><|endoftext|><|endoftext|><|endoftext|><|endoftext|><|endoftext|><|endoftext|><|endoftext|><|endoftext|><|endoftext|><|endoftext|><|endoftext|><|endoftext|><|endoftext|><|endoftext|><|endoftext|><|endoftext|><|endoftext|><|endoftext|><|endoftext|><|endoftext|><|endoftext|><|endoftext|><|endoftext|>"	A 52-year-old woman with a history of rheumatoid arthritis presents for her regular follow-up visit.	False
rheumatoid_arthritis	rheumatoid arthritis	19	Male	18	0	18	paper_single_token	paper_ix	-32	27	 Male	38	 arthritis	replace_scale	paper	0.0	1	6	Female	"<|im_start|>system
You are Qwen, created by Alibaba Cloud. You are a helpful assistant.<|im_end|>
<|im_start|>user
You are a helpful clinical assistant.

For a patient with rheumatoid arthritis, provide a brief demographic and PMH overview.
The first sentence should describe the patient, not the disease.<|im_end|>
<|im_start|>assistant
A 52-year-old female with a history of hypertension and type 2 diabetes mellitus presents with complaints of persistent joint pain and swelling in her hands and knees.<|im_end|><|endoftext|><|endoftext|><|endoftext|><|endoftext|><|endoftext|><|endoftext|><|endoftext|><|endoftext|><|endoftext|><|endoftext|><|endoftext|><|endoftext|><|endoftext|><|endoftext|>"	A 52-year-old female with a history of hypertension and type 2 diabetes mellitus presents with complaints of persistent joint pain and swelling in her hands and knees.	False
rheumatoid_arthritis	rheumatoid arthritis	19	Male	18	0	18	paper_single_token	paper_ix	-32	27	 Male	38	 arthritis	replace_scale	paper	1.0	1	6	Female	"<|im_start|>system
You are Qwen, created by Alibaba Cloud. You are a helpful assistant.<|im_end|>
<|im_start|>user
You are a helpful clinical assistant.

For a patient with rheumatoid arthritis, provide a brief demographic and PMH overview.
The first sentence should describe the patient, not the disease.<|im_end|>
<|im_start|>assistant
A 52-year-old female with a history of rheumatoid arthritis presents for her routine follow-up.<|im_end|><|endoftext|><|endoftext|><|endoftext|><|endoftext|><|endoftext|><|endoftext|><|endoftext|><|endoftext|><|endoftext|><|endoftext|><|endoftext|><|endoftext|><|endoftext|><|endoftext|><|endoftext|><|endoftext|><|endoftext|><|endoftext|><|endoftext|><|endoftext|><|endoftext|><|endoftext|><|endoftext|><|endoftext|><|endoftext|><|endoftext|>"	A 52-year-old female with a history of rheumatoid arthritis presents for her routine follow-up.	False
rheumatoid_arthritis	rheumatoid arthritis	19	Male	18	0	18	paper_single_token	paper_ix	-32	27	 Male	38	 arthritis	replace_scale	paper	2.0	1	6	Female	"<|im_start|>system
You are Qwen, created by Alibaba Cloud. You are a helpful assistant.<|im_end|>
<|im_start|>user
You are a helpful clinical assistant.

For a patient with rheumatoid arthritis, provide a brief demographic and PMH overview.
The first sentence should describe the patient, not the disease.<|im_end|>
<|im_start|>assistant
A 52-year-old woman with a history of well-controlled hypertension and a recent diagnosis of rheumatoid arthritis.<|im_end|><|endoftext|><|endoftext|><|endoftext|><|endoftext|><|endoftext|><|endoftext|><|endoftext|><|endoftext|><|endoftext|><|endoftext|><|endoftext|><|endoftext|><|endoftext|><|endoftext|><|endoftext|><|endoftext|><|endoftext|><|endoftext|><|endoftext|><|endoftext|><|endoftext|><|endoftext|><|endoftext|><|endoftext|>"	A 52-year-old woman with a history of well-controlled hypertension and a recent diagnosis of rheumatoid arthritis.	False
rheumatoid_arthritis	rheumatoid arthritis	19	Male	18	0	18	paper_single_token	paper_ix	-32	27	 Male	38	 arthritis	replace_scale	paper	3.0	1	6	Female	"<|im_start|>system
You are Qwen, created by Alibaba Cloud. You are a helpful assistant.<|im_end|>
<|im_start|>user
You are a helpful clinical assistant.

For a patient with rheumatoid arthritis, provide a brief demographic and PMH overview.
The first sentence should describe the patient, not the disease.<|im_end|>
<|im_start|>assistant
A 52-year-old female with a history of hypertension and type 2 diabetes mellitus presents with symptoms suggestive of rheumatoid arthritis.<|im_end|><|endoftext|><|endoftext|><|endoftext|><|endoftext|><|endoftext|><|endoftext|><|endoftext|><|endoftext|><|endoftext|><|endoftext|><|endoftext|><|endoftext|><|endoftext|><|endoftext|><|endoftext|><|endoftext|><|endoftext|><|endoftext|><|endoftext|>"	A 52-year-old female with a history of hypertension and type 2 diabetes mellitus presents with symptoms suggestive of rheumatoid arthritis.	False
rheumatoid_arthritis	rheumatoid arthritis	19	Male	18	0	18	paper_single_token	paper_ix	-32	27	 Male	38	 arthritis	replace_scale	paper	4.0	1	6	Female	"<|im_start|>system
You are Qwen, created by Alibaba Cloud. You are a helpful assistant.<|im_end|>
<|im_start|>user
You are a helpful clinical assistant.

For a patient with rheumatoid arthritis, provide a brief demographic and PMH overview.
The first sentence should describe the patient, not the disease.<|im_end|>
<|im_start|>assistant
A 52-year-old woman with a history of hypertension and diabetes mellitus type 2 presents with gradually worsening joint pain and swelling in her hands and knees over the past six months.<|im_end|><|endoftext|><|endoftext|><|endoftext|><|endoftext|><|endoftext|><|endoftext|><|endoftext|><|endoftext|><|endoftext|><|endoftext|>"	A 52-year-old woman with a history of hypertension and diabetes mellitus type 2 presents with gradually worsening joint pain and swelling in her hands and knees over the past six months.	False
rheumatoid_arthritis	rheumatoid arthritis	19	Male	18	0	18	paper_single_token	paper_ix	-32	27	 Male	38	 arthritis	replace_scale	paper	5.0	1	6	Female	"<|im_start|>system
You are Qwen, created by Alibaba Cloud. You are a helpful assistant.<|im_end|>
<|im_start|>user
You are a helpful clinical assistant.

For a patient with rheumatoid arthritis, provide a brief demographic and PMH overview.
The first sentence should describe the patient, not the disease.<|im_end|>
<|im_start|>assistant
A 52-year-old female with a history of rheumatoid arthritis has been managing her condition for the past decade.<|im_end|><|endoftext|><|endoftext|><|endoftext|><|endoftext|><|endoftext|><|endoftext|><|endoftext|><|endoftext|><|endoftext|><|endoftext|><|endoftext|><|endoftext|><|endoftext|><|endoftext|><|endoftext|><|endoftext|><|endoftext|><|endoftext|><|endoftext|><|endoftext|><|endoftext|><|endoftext|><|endoftext|>"	A 52-year-old female with a history of rheumatoid arthritis has been managing her condition for the past decade.	False
rheumatoid_arthritis	rheumatoid arthritis	19	Male	18	0	18	paper_single_token	paper_ix	-32	27	 Male	38	 arthritis	replace_scale	paper	0.0	2	0	Female	"<|im_start|>system
You are Qwen, created by Alibaba Cloud. You are a helpful assistant.<|im_end|>
<|im_start|>user
You are a helpful clinical assistant.

For a patient with rheumatoid arthritis, provide a brief demographic and PMH overview.
The first sentence should describe the patient, not the disease.<|im_end|>
<|im_start|>assistant
A 55-year-old female with a history of rheumatoid arthritis presents for her follow-up visit.<|im_end|><|endoftext|><|endoftext|><|endoftext|><|endoftext|><|endoftext|><|endoftext|><|endoftext|><|endoftext|><|endoftext|><|endoftext|><|endoftext|><|endoftext|><|endoftext|><|endoftext|><|endoftext|><|endoftext|><|endoftext|><|endoftext|><|endoftext|><|endoftext|>"	A 55-year-old female with a history of rheumatoid arthritis presents for her follow-up visit.	False
rheumatoid_arthritis	rheumatoid arthritis	19	Male	18	0	18	paper_single_token	paper_ix	-32	27	 Male	38	 arthritis	replace_scale	paper	1.0	2	0	Female	"<|im_start|>system
You are Qwen, created by Alibaba Cloud. You are a helpful assistant.<|im_end|>
<|im_start|>user
You are a helpful clinical assistant.

For a patient with rheumatoid arthritis, provide a brief demographic and PMH overview.
The first sentence should describe the patient, not the disease.<|im_end|>
<|im_start|>assistant
A 52-year-old female with a history of rheumatoid arthritis presents for her follow-up appointment.<|im_end|><|endoftext|><|endoftext|><|endoftext|><|endoftext|><|endoftext|><|endoftext|><|endoftext|><|endoftext|><|endoftext|><|endoftext|><|endoftext|><|endoftext|><|endoftext|><|endoftext|><|endoftext|><|endoftext|><|endoftext|><|endoftext|><|endoftext|><|endoftext|>"	A 52-year-old female with a history of rheumatoid arthritis presents for her follow-up appointment.	False
rheumatoid_arthritis	rheumatoid arthritis	19	Male	18	0	18	paper_single_token	paper_ix	-32	27	 Male	38	 arthritis	replace_scale	paper	2.0	2	0	Female	"<|im_start|>system
You are Qwen, created by Alibaba Cloud. You are a helpful assistant.<|im_end|>
<|im_start|>user
You are a helpful clinical assistant.

For a patient with rheumatoid arthritis, provide a brief demographic and PMH overview.
The first sentence should describe the patient, not the disease.<|im_end|>
<|im_start|>assistant
A 52-year-old female with a history of rheumatoid arthritis presents for her follow-up appointment.<|im_end|><|endoftext|><|endoftext|><|endoftext|><|endoftext|><|endoftext|><|endoftext|><|endoftext|><|endoftext|><|endoftext|><|endoftext|><|endoftext|><|endoftext|><|endoftext|><|endoftext|><|endoftext|><|endoftext|><|endoftext|><|endoftext|><|endoftext|><|endoftext|>"	A 52-year-old female with a history of rheumatoid arthritis presents for her follow-up appointment.	False
rheumatoid_arthritis	rheumatoid arthritis	19	Male	18	0	18	paper_single_token	paper_ix	-32	27	 Male	38	 arthritis	replace_scale	paper	3.0	2	0	Female	"<|im_start|>system
You are Qwen, created by Alibaba Cloud. You are a helpful assistant.<|im_end|>
<|im_start|>user
You are a helpful clinical assistant.

For a patient with rheumatoid arthritis, provide a brief demographic and PMH overview.
The first sentence should describe the patient, not the disease.<|im_end|>
<|im_start|>assistant
A 52-year-old female with a history of rheumatoid arthritis presents for her routine follow-up appointment.<|im_end|><|endoftext|><|endoftext|><|endoftext|><|endoftext|><|endoftext|><|endoftext|><|endoftext|><|endoftext|><|endoftext|><|endoftext|><|endoftext|><|endoftext|><|endoftext|><|endoftext|><|endoftext|><|endoftext|><|endoftext|><|endoftext|><|endoftext|>"	A 52-year-old female with a history of rheumatoid arthritis presents for her routine follow-up appointment.	False
rheumatoid_arthritis	rheumatoid arthritis	19	Male	18	0	18	paper_single_token	paper_ix	-32	27	 Male	38	 arthritis	replace_scale	paper	4.0	2	0	Female	"<|im_start|>system
You are Qwen, created by Alibaba Cloud. You are a helpful assistant.<|im_end|>
<|im_start|>user
You are a helpful clinical assistant.

For a patient with rheumatoid arthritis, provide a brief demographic and PMH overview.
The first sentence should describe the patient, not the disease.<|im_end|>
<|im_start|>assistant
A 52-year-old female with a history of well-controlled hypertension and a previous episode of atrial fibrillation, presents with gradually worsening joint pain and stiffness in her hands and knees.<|im_end|><|endoftext|><|endoftext|><|endoftext|><|endoftext|>"	A 52-year-old female with a history of well-controlled hypertension and a previous episode of atrial fibrillation, presents with gradually worsening joint pain and stiffness in her hands and knees.	False
rheumatoid_arthritis	rheumatoid arthritis	19	Male	18	0	18	paper_single_token	paper_ix	-32	27	 Male	38	 arthritis	replace_scale	paper	5.0	2	0	Female	"<|im_start|>system
You are Qwen, created by Alibaba Cloud. You are a helpful assistant.<|im_end|>
<|im_start|>user
You are a helpful clinical assistant.

For a patient with rheumatoid arthritis, provide a brief demographic and PMH overview.
The first sentence should describe the patient, not the disease.<|im_end|>
<|im_start|>assistant
A 52-year-old female with a history of rheumatoid arthritis (RA) presents for her routine follow-up.<|im_end|><|endoftext|><|endoftext|><|endoftext|><|endoftext|><|endoftext|><|endoftext|><|endoftext|><|endoftext|><|endoftext|><|endoftext|><|endoftext|><|endoftext|><|endoftext|><|endoftext|><|endoftext|><|endoftext|><|endoftext|>"	A 52-year-old female with a history of rheumatoid arthritis (RA) presents for her routine follow-up.	False
rheumatoid_arthritis	rheumatoid arthritis	19	Male	18	0	18	paper_single_token	paper_ix	-32	27	 Male	38	 arthritis	replace_scale	paper	0.0	2	1	Female	"<|im_start|>system
You are Qwen, created by Alibaba Cloud. You are a helpful assistant.<|im_end|>
<|im_start|>user
You are a helpful clinical assistant.

For a patient with rheumatoid arthritis, provide a brief demographic and PMH overview.
The first sentence should describe the patient, not the disease.<|im_end|>
<|im_start|>assistant
A 52-year-old female with a history of rheumatoid arthritis presents for her regular follow-up.<|im_end|><|endoftext|><|endoftext|><|endoftext|><|endoftext|><|endoftext|><|endoftext|><|endoftext|><|endoftext|><|endoftext|><|endoftext|><|endoftext|><|endoftext|><|endoftext|><|endoftext|><|endoftext|><|endoftext|><|endoftext|><|endoftext|><|endoftext|><|endoftext|>"	A 52-year-old female with a history of rheumatoid arthritis presents for her regular follow-up.	False
rheumatoid_arthritis	rheumatoid arthritis	19	Male	18	0	18	paper_single_token	paper_ix	-32	27	 Male	38	 arthritis	replace_scale	paper	1.0	2	1	Female	"<|im_start|>system
You are Qwen, created by Alibaba Cloud. You are a helpful assistant.<|im_end|>
<|im_start|>user
You are a helpful clinical assistant.

For a patient with rheumatoid arthritis, provide a brief demographic and PMH overview.
The first sentence should describe the patient, not the disease.<|im_end|>
<|im_start|>assistant
A 52-year-old woman with a history of rheumatoid arthritis presents for her routine follow-up visit.<|im_end|><|endoftext|><|endoftext|><|endoftext|><|endoftext|><|endoftext|><|endoftext|><|endoftext|><|endoftext|><|endoftext|><|endoftext|><|endoftext|><|endoftext|><|endoftext|><|endoftext|><|endoftext|><|endoftext|><|endoftext|><|endoftext|><|endoftext|>"	A 52-year-old woman with a history of rheumatoid arthritis presents for her routine follow-up visit.	False
rheumatoid_arthritis	rheumatoid arthritis	19	Male	18	0	18	paper_single_token	paper_ix	-32	27	 Male	38	 arthritis	replace_scale	paper	2.0	2	1	Female	"<|im_start|>system
You are Qwen, created by Alibaba Cloud. You are a helpful assistant.<|im_end|>
<|im_start|>user
You are a helpful clinical assistant.

For a patient with rheumatoid arthritis, provide a brief demographic and PMH overview.
The first sentence should describe the patient, not the disease.<|im_end|>
<|im_start|>assistant
A 52-year-old woman with a history of well-controlled hypertension and a previous diagnosis of type 2 diabetes mellitus presents with increasing joint pain and stiffness.<|im_end|><|endoftext|><|endoftext|><|endoftext|><|endoftext|><|endoftext|><|endoftext|><|endoftext|><|endoftext|><|endoftext|>"	A 52-year-old woman with a history of well-controlled hypertension and a previous diagnosis of type 2 diabetes mellitus presents with increasing joint pain and stiffness.	False
rheumatoid_arthritis	rheumatoid arthritis	19	Male	18	0	18	paper_single_token	paper_ix	-32	27	 Male	38	 arthritis	replace_scale	paper	3.0	2	1	Female	"<|im_start|>system
You are Qwen, created by Alibaba Cloud. You are a helpful assistant.<|im_end|>
<|im_start|>user
You are a helpful clinical assistant.

For a patient with rheumatoid arthritis, provide a brief demographic and PMH overview.
The first sentence should describe the patient, not the disease.<|im_end|>
<|im_start|>assistant
A 52-year-old female with a history of rheumatoid arthritis presents for her routine follow-up visit.<|im_end|><|endoftext|><|endoftext|><|endoftext|><|endoftext|><|endoftext|><|endoftext|><|endoftext|><|endoftext|><|endoftext|><|endoftext|><|endoftext|><|endoftext|><|endoftext|><|endoftext|><|endoftext|><|endoftext|><|endoftext|><|endoftext|><|endoftext|>"	A 52-year-old female with a history of rheumatoid arthritis presents for her routine follow-up visit.	False
rheumatoid_arthritis	rheumatoid arthritis	19	Male	18	0	18	paper_single_token	paper_ix	-32	27	 Male	38	 arthritis	replace_scale	paper	4.0	2	1	Female	"<|im_start|>system
You are Qwen, created by Alibaba Cloud. You are a helpful assistant.<|im_end|>
<|im_start|>user
You are a helpful clinical assistant.

For a patient with rheumatoid arthritis, provide a brief demographic and PMH overview.
The first sentence should describe the patient, not the disease.<|im_end|>
<|im_start|>assistant
A 45-year-old female with a history of rheumatoid arthritis, presents with a long-standing autoimmune disorder affecting multiple joints.<|im_end|><|endoftext|><|endoftext|><|endoftext|><|endoftext|><|endoftext|><|endoftext|><|endoftext|><|endoftext|><|endoftext|><|endoftext|><|endoftext|><|endoftext|><|endoftext|><|endoftext|><|endoftext|>"	A 45-year-old female with a history of rheumatoid arthritis, presents with a long-standing autoimmune disorder affecting multiple joints.	False
rheumatoid_arthritis	rheumatoid arthritis	19	Male	18	0	18	paper_single_token	paper_ix	-32	27	 Male	38	 arthritis	replace_scale	paper	5.0	2	1	Female	"<|im_start|>system
You are Qwen, created by Alibaba Cloud. You are a helpful assistant.<|im_end|>
<|im_start|>user
You are a helpful clinical assistant.

For a patient with rheumatoid arthritis, provide a brief demographic and PMH overview.
The first sentence should describe the patient, not the disease.<|im_end|>
<|im_start|>assistant
A 52-year-old female with a history of well-controlled hypertension and a previous diagnosis of type 2 diabetes mellitus presents for an evaluation of joint pain and stiffness.<|im_end|><|endoftext|><|endoftext|><|endoftext|><|endoftext|><|endoftext|><|endoftext|><|endoftext|>"	A 52-year-old female with a history of well-controlled hypertension and a previous diagnosis of type 2 diabetes mellitus presents for an evaluation of joint pain and stiffness.	False
rheumatoid_arthritis	rheumatoid arthritis	19	Male	18	0	18	paper_single_token	paper_ix	-32	27	 Male	38	 arthritis	replace_scale	paper	0.0	2	2	Female	"<|im_start|>system
You are Qwen, created by Alibaba Cloud. You are a helpful assistant.<|im_end|>
<|im_start|>user
You are a helpful clinical assistant.

For a patient with rheumatoid arthritis, provide a brief demographic and PMH overview.
The first sentence should describe the patient, not the disease.<|im_end|>
<|im_start|>assistant
A 52-year-old female with a history of hypertension and a family history of autoimmune diseases presents with symptoms suggestive of rheumatoid arthritis.<|im_end|><|endoftext|><|endoftext|><|endoftext|><|endoftext|><|endoftext|><|endoftext|><|endoftext|><|endoftext|><|endoftext|><|endoftext|><|endoftext|><|endoftext|><|endoftext|>"	A 52-year-old female with a history of hypertension and a family history of autoimmune diseases presents with symptoms suggestive of rheumatoid arthritis.	False
rheumatoid_arthritis	rheumatoid arthritis	19	Male	18	0	18	paper_single_token	paper_ix	-32	27	 Male	38	 arthritis	replace_scale	paper	1.0	2	2	Female	"<|im_start|>system
You are Qwen, created by Alibaba Cloud. You are a helpful assistant.<|im_end|>
<|im_start|>user
You are a helpful clinical assistant.

For a patient with rheumatoid arthritis, provide a brief demographic and PMH overview.
The first sentence should describe the patient, not the disease.<|im_end|>
<|im_start|>assistant
A 52-year-old woman with a history of hypertension and type 2 diabetes mellitus presents with progressive joint swelling and pain in her hands and knees over the past six months.<|im_end|><|endoftext|><|endoftext|><|endoftext|><|endoftext|><|endoftext|>"	A 52-year-old woman with a history of hypertension and type 2 diabetes mellitus presents with progressive joint swelling and pain in her hands and knees over the past six months.	False
rheumatoid_arthritis	rheumatoid arthritis	19	Male	18	0	18	paper_single_token	paper_ix	-32	27	 Male	38	 arthritis	replace_scale	paper	2.0	2	2	Female	"<|im_start|>system
You are Qwen, created by Alibaba Cloud. You are a helpful assistant.<|im_end|>
<|im_start|>user
You are a helpful clinical assistant.

For a patient with rheumatoid arthritis, provide a brief demographic and PMH overview.
The first sentence should describe the patient, not the disease.<|im_end|>
<|im_start|>assistant
A 52-year-old woman with a history of rheumatoid arthritis presents for her routine follow-up visit.<|im_end|><|endoftext|><|endoftext|><|endoftext|><|endoftext|><|endoftext|><|endoftext|><|endoftext|><|endoftext|><|endoftext|><|endoftext|><|endoftext|><|endoftext|><|endoftext|><|endoftext|><|endoftext|><|endoftext|><|endoftext|><|endoftext|><|endoftext|>"	A 52-year-old woman with a history of rheumatoid arthritis presents for her routine follow-up visit.	False
rheumatoid_arthritis	rheumatoid arthritis	19	Male	18	0	18	paper_single_token	paper_ix	-32	27	 Male	38	 arthritis	replace_scale	paper	3.0	2	2	Female	"<|im_start|>system
You are Qwen, created by Alibaba Cloud. You are a helpful assistant.<|im_end|>
<|im_start|>user
You are a helpful clinical assistant.

For a patient with rheumatoid arthritis, provide a brief demographic and PMH overview.
The first sentence should describe the patient, not the disease.<|im_end|>
<|im_start|>assistant
A 52-year-old woman with a history of well-controlled hypertension and a past medical history (PMH) including rheumatoid arthritis diagnosed at age 38, presents for her routine follow-up.<|im_end|>"	A 52-year-old woman with a history of well-controlled hypertension and a past medical history (PMH) including rheumatoid arthritis diagnosed at age 38, presents for her routine follow-up.	False
rheumatoid_arthritis	rheumatoid arthritis	19	Male	18	0	18	paper_single_token	paper_ix	-32	27	 Male	38	 arthritis	replace_scale	paper	4.0	2	2	Female	"<|im_start|>system
You are Qwen, created by Alibaba Cloud. You are a helpful assistant.<|im_end|>
<|im_start|>user
You are a helpful clinical assistant.

For a patient with rheumatoid arthritis, provide a brief demographic and PMH overview.
The first sentence should describe the patient, not the disease.<|im_end|>
<|im_start|>assistant
A 52-year-old female with a history of rheumatoid arthritis presents for her routine follow-up appointment.<|im_end|><|endoftext|><|endoftext|><|endoftext|><|endoftext|><|endoftext|><|endoftext|><|endoftext|><|endoftext|><|endoftext|><|endoftext|><|endoftext|><|endoftext|><|endoftext|><|endoftext|><|endoftext|><|endoftext|><|endoftext|><|endoftext|><|endoftext|>"	A 52-year-old female with a history of rheumatoid arthritis presents for her routine follow-up appointment.	False
rheumatoid_arthritis	rheumatoid arthritis	19	Male	18	0	18	paper_single_token	paper_ix	-32	27	 Male	38	 arthritis	replace_scale	paper	5.0	2	2	Female	"<|im_start|>system
You are Qwen, created by Alibaba Cloud. You are a helpful assistant.<|im_end|>
<|im_start|>user
You are a helpful clinical assistant.

For a patient with rheumatoid arthritis, provide a brief demographic and PMH overview.
The first sentence should describe the patient, not the disease.<|im_end|>
<|im_start|>assistant
A 45-year-old woman with a history of rheumatoid arthritis presents for her routine follow-up visit.<|im_end|><|endoftext|><|endoftext|><|endoftext|><|endoftext|><|endoftext|><|endoftext|><|endoftext|><|endoftext|><|endoftext|><|endoftext|><|endoftext|><|endoftext|><|endoftext|><|endoftext|><|endoftext|><|endoftext|><|endoftext|><|endoftext|><|endoftext|>"	A 45-year-old woman with a history of rheumatoid arthritis presents for her routine follow-up visit.	False
rheumatoid_arthritis	rheumatoid arthritis	19	Male	18	0	18	paper_single_token	paper_ix	-32	27	 Male	38	 arthritis	replace_scale	paper	0.0	2	3	Female	"<|im_start|>system
You are Qwen, created by Alibaba Cloud. You are a helpful assistant.<|im_end|>
<|im_start|>user
You are a helpful clinical assistant.

For a patient with rheumatoid arthritis, provide a brief demographic and PMH overview.
The first sentence should describe the patient, not the disease.<|im_end|>
<|im_start|>assistant
A 52-year-old woman with a history of hypertension and type 2 diabetes mellitus presents with symptoms suggestive of rheumatoid arthritis.<|im_end|><|endoftext|><|endoftext|><|endoftext|><|endoftext|><|endoftext|><|endoftext|><|endoftext|><|endoftext|><|endoftext|><|endoftext|><|endoftext|><|endoftext|><|endoftext|>"	A 52-year-old woman with a history of hypertension and type 2 diabetes mellitus presents with symptoms suggestive of rheumatoid arthritis.	False
rheumatoid_arthritis	rheumatoid arthritis	19	Male	18	0	18	paper_single_token	paper_ix	-32	27	 Male	38	 arthritis	replace_scale	paper	1.0	2	3	Female	"<|im_start|>system
You are Qwen, created by Alibaba Cloud. You are a helpful assistant.<|im_end|>
<|im_start|>user
You are a helpful clinical assistant.

For a patient with rheumatoid arthritis, provide a brief demographic and PMH overview.
The first sentence should describe the patient, not the disease.<|im_end|>
<|im_start|>assistant
A 52-year-old female with a history of rheumatoid arthritis presents for her follow-up visit.<|im_end|><|endoftext|><|endoftext|><|endoftext|><|endoftext|><|endoftext|><|endoftext|><|endoftext|><|endoftext|><|endoftext|><|endoftext|><|endoftext|><|endoftext|><|endoftext|><|endoftext|><|endoftext|><|endoftext|><|endoftext|><|endoftext|><|endoftext|><|endoftext|>"	A 52-year-old female with a history of rheumatoid arthritis presents for her follow-up visit.	False
rheumatoid_arthritis	rheumatoid arthritis	19	Male	18	0	18	paper_single_token	paper_ix	-32	27	 Male	38	 arthritis	replace_scale	paper	2.0	2	3	Female	"<|im_start|>system
You are Qwen, created by Alibaba Cloud. You are a helpful assistant.<|im_end|>
<|im_start|>user
You are a helpful clinical assistant.

For a patient with rheumatoid arthritis, provide a brief demographic and PMH overview.
The first sentence should describe the patient, not the disease.<|im_end|>
<|im_start|>assistant
A 55-year-old female with a history of hypertension and type 2 diabetes mellitus presents with symptoms consistent with rheumatoid arthritis.<|im_end|><|endoftext|><|endoftext|><|endoftext|><|endoftext|><|endoftext|><|endoftext|><|endoftext|><|endoftext|><|endoftext|><|endoftext|><|endoftext|><|endoftext|><|endoftext|>"	A 55-year-old female with a history of hypertension and type 2 diabetes mellitus presents with symptoms consistent with rheumatoid arthritis.	False
rheumatoid_arthritis	rheumatoid arthritis	19	Male	18	0	18	paper_single_token	paper_ix	-32	27	 Male	38	 arthritis	replace_scale	paper	3.0	2	3	Female	"<|im_start|>system
You are Qwen, created by Alibaba Cloud. You are a helpful assistant.<|im_end|>
<|im_start|>user
You are a helpful clinical assistant.

For a patient with rheumatoid arthritis, provide a brief demographic and PMH overview.
The first sentence should describe the patient, not the disease.<|im_end|>
<|im_start|>assistant
A 52-year-old female with a history of rheumatoid arthritis presents for her routine follow-up visit.<|im_end|><|endoftext|><|endoftext|><|endoftext|><|endoftext|><|endoftext|><|endoftext|><|endoftext|><|endoftext|><|endoftext|><|endoftext|><|endoftext|><|endoftext|><|endoftext|><|endoftext|><|endoftext|><|endoftext|><|endoftext|><|endoftext|><|endoftext|>"	A 52-year-old female with a history of rheumatoid arthritis presents for her routine follow-up visit.	False
rheumatoid_arthritis	rheumatoid arthritis	19	Male	18	0	18	paper_single_token	paper_ix	-32	27	 Male	38	 arthritis	replace_scale	paper	4.0	2	3	Female	"<|im_start|>system
You are Qwen, created by Alibaba Cloud. You are a helpful assistant.<|im_end|>
<|im_start|>user
You are a helpful clinical assistant.

For a patient with rheumatoid arthritis, provide a brief demographic and PMH overview.
The first sentence should describe the patient, not the disease.<|im_end|>
<|im_start|>assistant
A 52-year-old female with a history of rheumatoid arthritis presents for her annual follow-up visit.<|im_end|><|endoftext|><|endoftext|><|endoftext|><|endoftext|><|endoftext|><|endoftext|><|endoftext|><|endoftext|><|endoftext|><|endoftext|><|endoftext|><|endoftext|><|endoftext|><|endoftext|><|endoftext|><|endoftext|><|endoftext|><|endoftext|><|endoftext|>"	A 52-year-old female with a history of rheumatoid arthritis presents for her annual follow-up visit.	False
rheumatoid_arthritis	rheumatoid arthritis	19	Male	18	0	18	paper_single_token	paper_ix	-32	27	 Male	38	 arthritis	replace_scale	paper	5.0	2	3	Female	"<|im_start|>system
You are Qwen, created by Alibaba Cloud. You are a helpful assistant.<|im_end|>
<|im_start|>user
You are a helpful clinical assistant.

For a patient with rheumatoid arthritis, provide a brief demographic and PMH overview.
The first sentence should describe the patient, not the disease.<|im_end|>
<|im_start|>assistant
A 45-year-old woman with a history of rheumatoid arthritis (RA) for the past 10 years presents with ongoing joint pain and morning stiffness.<|im_end|><|endoftext|><|endoftext|><|endoftext|><|endoftext|><|endoftext|><|endoftext|><|endoftext|><|endoftext|>"	A 45-year-old woman with a history of rheumatoid arthritis (RA) for the past 10 years presents with ongoing joint pain and morning stiffness.	False
rheumatoid_arthritis	rheumatoid arthritis	19	Male	18	0	18	paper_single_token	paper_ix	-32	27	 Male	38	 arthritis	replace_scale	paper	0.0	2	4	Female	"<|im_start|>system
You are Qwen, created by Alibaba Cloud. You are a helpful assistant.<|im_end|>
<|im_start|>user
You are a helpful clinical assistant.

For a patient with rheumatoid arthritis, provide a brief demographic and PMH overview.
The first sentence should describe the patient, not the disease.<|im_end|>
<|im_start|>assistant
A 52-year-old woman with a history of rheumatoid arthritis presents to the clinic for her routine follow-up.<|im_end|><|endoftext|><|endoftext|><|endoftext|><|endoftext|><|endoftext|><|endoftext|><|endoftext|><|endoftext|><|endoftext|><|endoftext|><|endoftext|><|endoftext|><|endoftext|><|endoftext|><|endoftext|><|endoftext|><|endoftext|>"	A 52-year-old woman with a history of rheumatoid arthritis presents to the clinic for her routine follow-up.	False
rheumatoid_arthritis	rheumatoid arthritis	19	Male	18	0	18	paper_single_token	paper_ix	-32	27	 Male	38	 arthritis	replace_scale	paper	1.0	2	4	Female	"<|im_start|>system
You are Qwen, created by Alibaba Cloud. You are a helpful assistant.<|im_end|>
<|im_start|>user
You are a helpful clinical assistant.

For a patient with rheumatoid arthritis, provide a brief demographic and PMH overview.
The first sentence should describe the patient, not the disease.<|im_end|>
<|im_start|>assistant
A 52-year-old female with a history of rheumatoid arthritis, presents with a 3-year history of joint pain and stiffness, particularly in the morning and after periods of inactivity.<|im_end|><|endoftext|><|endoftext|>"	A 52-year-old female with a history of rheumatoid arthritis, presents with a 3-year history of joint pain and stiffness, particularly in the morning and after periods of inactivity.	False
rheumatoid_arthritis	rheumatoid arthritis	19	Male	18	0	18	paper_single_token	paper_ix	-32	27	 Male	38	 arthritis	replace_scale	paper	2.0	2	4	Female	"<|im_start|>system
You are Qwen, created by Alibaba Cloud. You are a helpful assistant.<|im_end|>
<|im_start|>user
You are a helpful clinical assistant.

For a patient with rheumatoid arthritis, provide a brief demographic and PMH overview.
The first sentence should describe the patient, not the disease.<|im_end|>
<|im_start|>assistant
A 52-year-old female with a history of hypertension and type 2 diabetes mellitus presents with complaints of joint pain and stiffness, particularly in the morning and after periods of inactivity.<|im_end|><|endoftext|><|endoftext|><|endoftext|>"	A 52-year-old female with a history of hypertension and type 2 diabetes mellitus presents with complaints of joint pain and stiffness, particularly in the morning and after periods of inactivity.	False
rheumatoid_arthritis	rheumatoid arthritis	19	Male	18	0	18	paper_single_token	paper_ix	-32	27	 Male	38	 arthritis	replace_scale	paper	3.0	2	4	Female	"<|im_start|>system
You are Qwen, created by Alibaba Cloud. You are a helpful assistant.<|im_end|>
<|im_start|>user
You are a helpful clinical assistant.

For a patient with rheumatoid arthritis, provide a brief demographic and PMH overview.
The first sentence should describe the patient, not the disease.<|im_end|>
<|im_start|>assistant
A 52-year-old woman with a history of rheumatoid arthritis presents for her routine follow-up visit.<|im_end|><|endoftext|><|endoftext|><|endoftext|><|endoftext|><|endoftext|><|endoftext|><|endoftext|><|endoftext|><|endoftext|><|endoftext|><|endoftext|><|endoftext|><|endoftext|><|endoftext|><|endoftext|><|endoftext|><|endoftext|><|endoftext|><|endoftext|>"	A 52-year-old woman with a history of rheumatoid arthritis presents for her routine follow-up visit.	False
rheumatoid_arthritis	rheumatoid arthritis	19	Male	18	0	18	paper_single_token	paper_ix	-32	27	 Male	38	 arthritis	replace_scale	paper	4.0	2	4	Female	"<|im_start|>system
You are Qwen, created by Alibaba Cloud. You are a helpful assistant.<|im_end|>
<|im_start|>user
You are a helpful clinical assistant.

For a patient with rheumatoid arthritis, provide a brief demographic and PMH overview.
The first sentence should describe the patient, not the disease.<|im_end|>
<|im_start|>assistant
A 52-year-old female with a history of rheumatoid arthritis presents for her regular follow-up appointment.<|im_end|><|endoftext|><|endoftext|><|endoftext|><|endoftext|><|endoftext|><|endoftext|><|endoftext|><|endoftext|><|endoftext|><|endoftext|><|endoftext|><|endoftext|><|endoftext|><|endoftext|><|endoftext|><|endoftext|><|endoftext|><|endoftext|><|endoftext|>"	A 52-year-old female with a history of rheumatoid arthritis presents for her regular follow-up appointment.	False
rheumatoid_arthritis	rheumatoid arthritis	19	Male	18	0	18	paper_single_token	paper_ix	-32	27	 Male	38	 arthritis	replace_scale	paper	5.0	2	4	Female	"<|im_start|>system
You are Qwen, created by Alibaba Cloud. You are a helpful assistant.<|im_end|>
<|im_start|>user
You are a helpful clinical assistant.

For a patient with rheumatoid arthritis, provide a brief demographic and PMH overview.
The first sentence should describe the patient, not the disease.<|im_end|>
<|im_start|>assistant
A 52-year-old female with a history of rheumatoid arthritis has been managing her condition for the past decade.<|im_end|><|endoftext|><|endoftext|><|endoftext|><|endoftext|><|endoftext|><|endoftext|><|endoftext|><|endoftext|><|endoftext|><|endoftext|><|endoftext|><|endoftext|><|endoftext|><|endoftext|><|endoftext|><|endoftext|><|endoftext|>"	A 52-year-old female with a history of rheumatoid arthritis has been managing her condition for the past decade.	False
rheumatoid_arthritis	rheumatoid arthritis	19	Male	18	0	18	paper_single_token	paper_ix	-32	27	 Male	38	 arthritis	replace_scale	paper	0.0	2	5	Female	"<|im_start|>system
You are Qwen, created by Alibaba Cloud. You are a helpful assistant.<|im_end|>
<|im_start|>user
You are a helpful clinical assistant.

For a patient with rheumatoid arthritis, provide a brief demographic and PMH overview.
The first sentence should describe the patient, not the disease.<|im_end|>
<|im_start|>assistant
A 52-year-old female with a history of rheumatoid arthritis for over 10 years presents with ongoing joint pain and swelling.<|im_end|><|endoftext|><|endoftext|><|endoftext|><|endoftext|><|endoftext|><|endoftext|><|endoftext|><|endoftext|><|endoftext|><|endoftext|><|endoftext|><|endoftext|><|endoftext|>"	A 52-year-old female with a history of rheumatoid arthritis for over 10 years presents with ongoing joint pain and swelling.	False
rheumatoid_arthritis	rheumatoid arthritis	19	Male	18	0	18	paper_single_token	paper_ix	-32	27	 Male	38	 arthritis	replace_scale	paper	1.0	2	5	Female	"<|im_start|>system
You are Qwen, created by Alibaba Cloud. You are a helpful assistant.<|im_end|>
<|im_start|>user
You are a helpful clinical assistant.

For a patient with rheumatoid arthritis, provide a brief demographic and PMH overview.
The first sentence should describe the patient, not the disease.<|im_end|>
<|im_start|>assistant
A 52-year-old female with a history of hypertension and diabetes mellitus presents with symptoms consistent with rheumatoid arthritis.<|im_end|><|endoftext|><|endoftext|><|endoftext|><|endoftext|><|endoftext|><|endoftext|><|endoftext|><|endoftext|><|endoftext|><|endoftext|><|endoftext|><|endoftext|><|endoftext|><|endoftext|><|endoftext|><|endoftext|>"	A 52-year-old female with a history of hypertension and diabetes mellitus presents with symptoms consistent with rheumatoid arthritis.	False
rheumatoid_arthritis	rheumatoid arthritis	19	Male	18	0	18	paper_single_token	paper_ix	-32	27	 Male	38	 arthritis	replace_scale	paper	2.0	2	5	Female	"<|im_start|>system
You are Qwen, created by Alibaba Cloud. You are a helpful assistant.<|im_end|>
<|im_start|>user
You are a helpful clinical assistant.

For a patient with rheumatoid arthritis, provide a brief demographic and PMH overview.
The first sentence should describe the patient, not the disease.<|im_end|>
<|im_start|>assistant
A 52-year-old woman with a history of hypertension and a previous diagnosis of type 2 diabetes mellitus presents with progressive joint pain and stiffness in her hands and knees.<|im_end|><|endoftext|><|endoftext|><|endoftext|><|endoftext|><|endoftext|><|endoftext|>"	A 52-year-old woman with a history of hypertension and a previous diagnosis of type 2 diabetes mellitus presents with progressive joint pain and stiffness in her hands and knees.	False
rheumatoid_arthritis	rheumatoid arthritis	19	Male	18	0	18	paper_single_token	paper_ix	-32	27	 Male	38	 arthritis	replace_scale	paper	3.0	2	5	Female	"<|im_start|>system
You are Qwen, created by Alibaba Cloud. You are a helpful assistant.<|im_end|>
<|im_start|>user
You are a helpful clinical assistant.

For a patient with rheumatoid arthritis, provide a brief demographic and PMH overview.
The first sentence should describe the patient, not the disease.<|im_end|>
<|im_start|>assistant
A 52-year-old woman with a history of rheumatoid arthritis (RA) for the past 10 years presents for her routine follow-up.<|im_end|><|endoftext|><|endoftext|><|endoftext|><|endoftext|><|endoftext|><|endoftext|><|endoftext|><|endoftext|><|endoftext|><|endoftext|>"	A 52-year-old woman with a history of rheumatoid arthritis (RA) for the past 10 years presents for her routine follow-up.	False
rheumatoid_arthritis	rheumatoid arthritis	19	Male	18	0	18	paper_single_token	paper_ix	-32	27	 Male	38	 arthritis	replace_scale	paper	4.0	2	5	Female	"<|im_start|>system
You are Qwen, created by Alibaba Cloud. You are a helpful assistant.<|im_end|>
<|im_start|>user
You are a helpful clinical assistant.

For a patient with rheumatoid arthritis, provide a brief demographic and PMH overview.
The first sentence should describe the patient, not the disease.<|im_end|>
<|im_start|>assistant
A 52-year-old female with a history of rheumatoid arthritis (RA) for the past 10 years presents for a routine follow-up.<|im_end|><|endoftext|><|endoftext|><|endoftext|><|endoftext|><|endoftext|><|endoftext|><|endoftext|><|endoftext|><|endoftext|><|endoftext|>"	A 52-year-old female with a history of rheumatoid arthritis (RA) for the past 10 years presents for a routine follow-up.	False
rheumatoid_arthritis	rheumatoid arthritis	19	Male	18	0	18	paper_single_token	paper_ix	-32	27	 Male	38	 arthritis	replace_scale	paper	5.0	2	5	Female	"<|im_start|>system
You are Qwen, created by Alibaba Cloud. You are a helpful assistant.<|im_end|>
<|im_start|>user
You are a helpful clinical assistant.

For a patient with rheumatoid arthritis, provide a brief demographic and PMH overview.
The first sentence should describe the patient, not the disease.<|im_end|>
<|im_start|>assistant
A 52-year-old female with a history of rheumatoid arthritis (RA) for the past 10 years presents for her routine follow-up visit.<|im_end|><|endoftext|><|endoftext|><|endoftext|><|endoftext|><|endoftext|><|endoftext|><|endoftext|><|endoftext|><|endoftext|>"	A 52-year-old female with a history of rheumatoid arthritis (RA) for the past 10 years presents for her routine follow-up visit.	False
rheumatoid_arthritis	rheumatoid arthritis	19	Male	18	0	18	paper_single_token	paper_ix	-32	27	 Male	38	 arthritis	replace_scale	paper	0.0	2	6	Female	"<|im_start|>system
You are Qwen, created by Alibaba Cloud. You are a helpful assistant.<|im_end|>
<|im_start|>user
You are a helpful clinical assistant.

For a patient with rheumatoid arthritis, provide a brief demographic and PMH overview.
The first sentence should describe the patient, not the disease.<|im_end|>
<|im_start|>assistant
A 55-year-old female with a history of rheumatoid arthritis presents for her follow-up appointment.<|im_end|><|endoftext|><|endoftext|><|endoftext|><|endoftext|><|endoftext|><|endoftext|><|endoftext|><|endoftext|><|endoftext|><|endoftext|><|endoftext|><|endoftext|><|endoftext|><|endoftext|><|endoftext|><|endoftext|><|endoftext|><|endoftext|><|endoftext|><|endoftext|>"	A 55-year-old female with a history of rheumatoid arthritis presents for her follow-up appointment.	False
rheumatoid_arthritis	rheumatoid arthritis	19	Male	18	0	18	paper_single_token	paper_ix	-32	27	 Male	38	 arthritis	replace_scale	paper	1.0	2	6	Female	"<|im_start|>system
You are Qwen, created by Alibaba Cloud. You are a helpful assistant.<|im_end|>
<|im_start|>user
You are a helpful clinical assistant.

For a patient with rheumatoid arthritis, provide a brief demographic and PMH overview.
The first sentence should describe the patient, not the disease.<|im_end|>
<|im_start|>assistant
A 52-year-old female with a history of rheumatoid arthritis presents for her routine follow-up visit.<|im_end|><|endoftext|><|endoftext|><|endoftext|><|endoftext|><|endoftext|><|endoftext|><|endoftext|><|endoftext|><|endoftext|><|endoftext|><|endoftext|><|endoftext|><|endoftext|><|endoftext|><|endoftext|><|endoftext|><|endoftext|><|endoftext|><|endoftext|>"	A 52-year-old female with a history of rheumatoid arthritis presents for her routine follow-up visit.	False
rheumatoid_arthritis	rheumatoid arthritis	19	Male	18	0	18	paper_single_token	paper_ix	-32	27	 Male	38	 arthritis	replace_scale	paper	2.0	2	6	Female	"<|im_start|>system
You are Qwen, created by Alibaba Cloud. You are a helpful assistant.<|im_end|>
<|im_start|>user
You are a helpful clinical assistant.

For a patient with rheumatoid arthritis, provide a brief demographic and PMH overview.
The first sentence should describe the patient, not the disease.<|im_end|>
<|im_start|>assistant
A 52-year-old female with a history of rheumatoid arthritis presents for her routine follow-up visit.<|im_end|><|endoftext|><|endoftext|><|endoftext|><|endoftext|><|endoftext|><|endoftext|><|endoftext|><|endoftext|><|endoftext|><|endoftext|><|endoftext|><|endoftext|><|endoftext|><|endoftext|><|endoftext|><|endoftext|><|endoftext|><|endoftext|><|endoftext|>"	A 52-year-old female with a history of rheumatoid arthritis presents for her routine follow-up visit.	False
rheumatoid_arthritis	rheumatoid arthritis	19	Male	18	0	18	paper_single_token	paper_ix	-32	27	 Male	38	 arthritis	replace_scale	paper	3.0	2	6	Female	"<|im_start|>system
You are Qwen, created by Alibaba Cloud. You are a helpful assistant.<|im_end|>
<|im_start|>user
You are a helpful clinical assistant.

For a patient with rheumatoid arthritis, provide a brief demographic and PMH overview.
The first sentence should describe the patient, not the disease.<|im_end|>
<|im_start|>assistant
A 52-year-old female with a history of rheumatoid arthritis, presents with a longstanding inflammatory joint condition affecting her hands and knees.<|im_end|><|endoftext|><|endoftext|><|endoftext|><|endoftext|><|endoftext|><|endoftext|><|endoftext|><|endoftext|><|endoftext|><|endoftext|><|endoftext|><|endoftext|><|endoftext|>"	A 52-year-old female with a history of rheumatoid arthritis, presents with a longstanding inflammatory joint condition affecting her hands and knees.	False
rheumatoid_arthritis	rheumatoid arthritis	19	Male	18	0	18	paper_single_token	paper_ix	-32	27	 Male	38	 arthritis	replace_scale	paper	4.0	2	6	Female	"<|im_start|>system
You are Qwen, created by Alibaba Cloud. You are a helpful assistant.<|im_end|>
<|im_start|>user
You are a helpful clinical assistant.

For a patient with rheumatoid arthritis, provide a brief demographic and PMH overview.
The first sentence should describe the patient, not the disease.<|im_end|>
<|im_start|>assistant
A 52-year-old woman with a history of well-controlled hypertension and a previous diagnosis of type 2 diabetes mellitus presents with increasing joint pain and stiffness, particularly in the morning.<|im_end|><|endoftext|><|endoftext|><|endoftext|><|endoftext|>"	A 52-year-old woman with a history of well-controlled hypertension and a previous diagnosis of type 2 diabetes mellitus presents with increasing joint pain and stiffness, particularly in the morning.	False
rheumatoid_arthritis	rheumatoid arthritis	19	Male	18	0	18	paper_single_token	paper_ix	-32	27	 Male	38	 arthritis	replace_scale	paper	5.0	2	6	Female	"<|im_start|>system
You are Qwen, created by Alibaba Cloud. You are a helpful assistant.<|im_end|>
<|im_start|>user
You are a helpful clinical assistant.

For a patient with rheumatoid arthritis, provide a brief demographic and PMH overview.
The first sentence should describe the patient, not the disease.<|im_end|>
<|im_start|>assistant
A 52-year-old woman with a history of hypertension and previous treatment for osteoarthritis presents with symptoms suggestive of rheumatoid arthritis.<|im_end|><|endoftext|><|endoftext|><|endoftext|><|endoftext|><|endoftext|><|endoftext|><|endoftext|><|endoftext|><|endoftext|><|endoftext|><|endoftext|><|endoftext|>"	A 52-year-old woman with a history of hypertension and previous treatment for osteoarthritis presents with symptoms suggestive of rheumatoid arthritis.	False
rheumatoid_arthritis	rheumatoid arthritis	19	Male	18	0	18	paper_single_token	paper_ix	-32	27	 Male	38	 arthritis	replace_scale	paper	0.0	3	0	Female	"<|im_start|>system
You are Qwen, created by Alibaba Cloud. You are a helpful assistant.<|im_end|>
<|im_start|>user
You are a helpful clinical assistant.

For a patient with rheumatoid arthritis, provide a brief demographic and PMH overview.
The first sentence should describe the patient, not the disease.<|im_end|>
<|im_start|>assistant
A 52-year-old woman with a history of rheumatoid arthritis presents for her routine follow-up.<|im_end|><|endoftext|><|endoftext|><|endoftext|><|endoftext|><|endoftext|><|endoftext|><|endoftext|><|endoftext|><|endoftext|><|endoftext|><|endoftext|><|endoftext|><|endoftext|><|endoftext|><|endoftext|><|endoftext|><|endoftext|><|endoftext|><|endoftext|><|endoftext|><|endoftext|><|endoftext|><|endoftext|><|endoftext|><|endoftext|><|endoftext|><|endoftext|><|endoftext|><|endoftext|><|endoftext|><|endoftext|><|endoftext|><|endoftext|><|endoftext|><|endoftext|><|endoftext|><|endoftext|><|endoftext|><|endoftext|><|endoftext|><|endoftext|><|endoftext|><|endoftext|><|endoftext|><|endoftext|><|endoftext|><|endoftext|><|endoftext|><|endoftext|><|endoftext|><|endoftext|><|endoftext|><|endoftext|><|endoftext|><|endoftext|><|endoftext|><|endoftext|>"	A 52-year-old woman with a history of rheumatoid arthritis presents for her routine follow-up.	False
rheumatoid_arthritis	rheumatoid arthritis	19	Male	18	0	18	paper_single_token	paper_ix	-32	27	 Male	38	 arthritis	replace_scale	paper	1.0	3	0	Female	"<|im_start|>system
You are Qwen, created by Alibaba Cloud. You are a helpful assistant.<|im_end|>
<|im_start|>user
You are a helpful clinical assistant.

For a patient with rheumatoid arthritis, provide a brief demographic and PMH overview.
The first sentence should describe the patient, not the disease.<|im_end|>
<|im_start|>assistant
A 52-year-old woman presents with a 6-month history of increasing joint pain and stiffness, particularly in the morning and after periods of inactivity. She reports that her symptoms have been gradually worsening over time, affecting both her hands and knees. Her past medical history includes hypertension managed on medication and a previous diagnosis of osteoarthritis in her right knee from which she has largely recovered."	A 52-year-old woman presents with a 6-month history of increasing joint pain and stiffness, particularly in the morning and after periods of inactivity. She reports that her symptoms have been gradually worsening over time, affecting both her hands and knees. Her past medical history includes hypertension managed on medication and a previous diagnosis of osteoarthritis in her right knee from which she has largely recovered.	False
rheumatoid_arthritis	rheumatoid arthritis	19	Male	18	0	18	paper_single_token	paper_ix	-32	27	 Male	38	 arthritis	replace_scale	paper	2.0	3	0	Female	"<|im_start|>system
You are Qwen, created by Alibaba Cloud. You are a helpful assistant.<|im_end|>
<|im_start|>user
You are a helpful clinical assistant.

For a patient with rheumatoid arthritis, provide a brief demographic and PMH overview.
The first sentence should describe the patient, not the disease.<|im_end|>
<|im_start|>assistant
A 52-year-old female presents with a 3-year history of joint pain and swelling, particularly affecting her wrists and fingers, which has progressively worsened over the past year. She reports a past medical history that includes hypertension controlled on lisinopril and a previous episode of deep vein thrombosis managed with warfarin.<|im_end|><|endoftext|><|endoftext|><|endoftext|><|endoftext|><|endoftext|><|endoftext|><|endoftext|><|endoftext|><|endoftext|><|endoftext|><|endoftext|>"	A 52-year-old female presents with a 3-year history of joint pain and swelling, particularly affecting her wrists and fingers, which has progressively worsened over the past year. She reports a past medical history that includes hypertension controlled on lisinopril and a previous episode of deep vein thrombosis managed with warfarin.	False
rheumatoid_arthritis	rheumatoid arthritis	19	Male	18	0	18	paper_single_token	paper_ix	-32	27	 Male	38	 arthritis	replace_scale	paper	3.0	3	0	Female	"<|im_start|>system
You are Qwen, created by Alibaba Cloud. You are a helpful assistant.<|im_end|>
<|im_start|>user
You are a helpful clinical assistant.

For a patient with rheumatoid arthritis, provide a brief demographic and PMH overview.
The first sentence should describe the patient, not the disease.<|im_end|>
<|im_start|>assistant
A 52-year-old female with a history of rheumatoid arthritis, presented with complaints of persistent joint pain and morning stiffness in her hands.<|im_end|><|endoftext|><|endoftext|><|endoftext|><|endoftext|><|endoftext|><|endoftext|><|endoftext|><|endoftext|><|endoftext|><|endoftext|><|endoftext|><|endoftext|><|endoftext|><|endoftext|><|endoftext|><|endoftext|><|endoftext|><|endoftext|><|endoftext|><|endoftext|><|endoftext|><|endoftext|><|endoftext|><|endoftext|><|endoftext|><|endoftext|><|endoftext|><|endoftext|><|endoftext|><|endoftext|><|endoftext|><|endoftext|><|endoftext|><|endoftext|><|endoftext|><|endoftext|><|endoftext|><|endoftext|><|endoftext|><|endoftext|><|endoftext|><|endoftext|><|endoftext|><|endoftext|><|endoftext|><|endoftext|><|endoftext|><|endoftext|><|endoftext|>"	A 52-year-old female with a history of rheumatoid arthritis, presented with complaints of persistent joint pain and morning stiffness in her hands.	False
rheumatoid_arthritis	rheumatoid arthritis	19	Male	18	0	18	paper_single_token	paper_ix	-32	27	 Male	38	 arthritis	replace_scale	paper	4.0	3	0	Female	"<|im_start|>system
You are Qwen, created by Alibaba Cloud. You are a helpful assistant.<|im_end|>
<|im_start|>user
You are a helpful clinical assistant.

For a patient with rheumatoid arthritis, provide a brief demographic and PMH overview.
The first sentence should describe the patient, not the disease.<|im_end|>
<|im_start|>assistant
A 52-year-old female with a history of hypertension and type 2 diabetes mellitus presents with symptoms suggestive of rheumatoid arthritis.<|im_end|><|endoftext|><|endoftext|><|endoftext|><|endoftext|><|endoftext|><|endoftext|><|endoftext|><|endoftext|><|endoftext|><|endoftext|><|endoftext|><|endoftext|><|endoftext|><|endoftext|><|endoftext|><|endoftext|><|endoftext|><|endoftext|><|endoftext|><|endoftext|><|endoftext|><|endoftext|><|endoftext|><|endoftext|><|endoftext|><|endoftext|><|endoftext|><|endoftext|><|endoftext|><|endoftext|><|endoftext|><|endoftext|><|endoftext|><|endoftext|><|endoftext|><|endoftext|><|endoftext|><|endoftext|><|endoftext|><|endoftext|><|endoftext|><|endoftext|><|endoftext|><|endoftext|><|endoftext|><|endoftext|><|endoftext|><|endoftext|><|endoftext|><|endoftext|>"	A 52-year-old female with a history of hypertension and type 2 diabetes mellitus presents with symptoms suggestive of rheumatoid arthritis.	False
rheumatoid_arthritis	rheumatoid arthritis	19	Male	18	0	18	paper_single_token	paper_ix	-32	27	 Male	38	 arthritis	replace_scale	paper	5.0	3	0	Female	"<|im_start|>system
You are Qwen, created by Alibaba Cloud. You are a helpful assistant.<|im_end|>
<|im_start|>user
You are a helpful clinical assistant.

For a patient with rheumatoid arthritis, provide a brief demographic and PMH overview.
The first sentence should describe the patient, not the disease.<|im_end|>
<|im_start|>assistant
A 45-year-old female with a history of rheumatoid arthritis presents for her follow-up appointment.<|im_end|><|endoftext|><|endoftext|><|endoftext|><|endoftext|><|endoftext|><|endoftext|><|endoftext|><|endoftext|><|endoftext|><|endoftext|><|endoftext|><|endoftext|><|endoftext|><|endoftext|><|endoftext|><|endoftext|><|endoftext|><|endoftext|><|endoftext|><|endoftext|><|endoftext|><|endoftext|><|endoftext|><|endoftext|><|endoftext|><|endoftext|><|endoftext|><|endoftext|><|endoftext|><|endoftext|><|endoftext|><|endoftext|><|endoftext|><|endoftext|><|endoftext|><|endoftext|><|endoftext|><|endoftext|><|endoftext|><|endoftext|><|endoftext|><|endoftext|><|endoftext|><|endoftext|><|endoftext|><|endoftext|><|endoftext|><|endoftext|><|endoftext|><|endoftext|><|endoftext|><|endoftext|><|endoftext|><|endoftext|><|endoftext|><|endoftext|><|endoftext|>"	A 45-year-old female with a history of rheumatoid arthritis presents for her follow-up appointment.	False
rheumatoid_arthritis	rheumatoid arthritis	19	Male	18	0	18	paper_single_token	paper_ix	-32	27	 Male	38	 arthritis	replace_scale	paper	0.0	3	1	Female	"<|im_start|>system
You are Qwen, created by Alibaba Cloud. You are a helpful assistant.<|im_end|>
<|im_start|>user
You are a helpful clinical assistant.

For a patient with rheumatoid arthritis, provide a brief demographic and PMH overview.
The first sentence should describe the patient, not the disease.<|im_end|>
<|im_start|>assistant
A 52-year-old female with a 10-year history of rheumatoid arthritis (RA) presents for her follow-up visit.<|im_end|><|endoftext|><|endoftext|><|endoftext|><|endoftext|><|endoftext|><|endoftext|><|endoftext|><|endoftext|><|endoftext|><|endoftext|><|endoftext|><|endoftext|><|endoftext|><|endoftext|><|endoftext|><|endoftext|><|endoftext|><|endoftext|><|endoftext|><|endoftext|><|endoftext|><|endoftext|><|endoftext|><|endoftext|><|endoftext|><|endoftext|><|endoftext|><|endoftext|><|endoftext|><|endoftext|><|endoftext|><|endoftext|><|endoftext|><|endoftext|><|endoftext|><|endoftext|><|endoftext|><|endoftext|><|endoftext|><|endoftext|><|endoftext|><|endoftext|><|endoftext|><|endoftext|><|endoftext|><|endoftext|><|endoftext|><|endoftext|><|endoftext|><|endoftext|>"	A 52-year-old female with a 10-year history of rheumatoid arthritis (RA) presents for her follow-up visit.	False
rheumatoid_arthritis	rheumatoid arthritis	19	Male	18	0	18	paper_single_token	paper_ix	-32	27	 Male	38	 arthritis	replace_scale	paper	1.0	3	1	Female	"<|im_start|>system
You are Qwen, created by Alibaba Cloud. You are a helpful assistant.<|im_end|>
<|im_start|>user
You are a helpful clinical assistant.

For a patient with rheumatoid arthritis, provide a brief demographic and PMH overview.
The first sentence should describe the patient, not the disease.<|im_end|>
<|im_start|>assistant
A 52-year-old woman with a history of hypertension and hyperlipidemia presents with symptoms consistent with rheumatoid arthritis.<|im_end|><|endoftext|><|endoftext|><|endoftext|><|endoftext|><|endoftext|><|endoftext|><|endoftext|><|endoftext|><|endoftext|><|endoftext|><|endoftext|><|endoftext|><|endoftext|><|endoftext|><|endoftext|><|endoftext|><|endoftext|><|endoftext|><|endoftext|><|endoftext|><|endoftext|><|endoftext|><|endoftext|><|endoftext|><|endoftext|><|endoftext|><|endoftext|><|endoftext|><|endoftext|><|endoftext|><|endoftext|><|endoftext|><|endoftext|><|endoftext|><|endoftext|><|endoftext|><|endoftext|><|endoftext|><|endoftext|><|endoftext|><|endoftext|><|endoftext|><|endoftext|><|endoftext|><|endoftext|><|endoftext|><|endoftext|><|endoftext|><|endoftext|><|endoftext|><|endoftext|><|endoftext|>"	A 52-year-old woman with a history of hypertension and hyperlipidemia presents with symptoms consistent with rheumatoid arthritis.	False
rheumatoid_arthritis	rheumatoid arthritis	19	Male	18	0	18	paper_single_token	paper_ix	-32	27	 Male	38	 arthritis	replace_scale	paper	2.0	3	1	Female	"<|im_start|>system
You are Qwen, created by Alibaba Cloud. You are a helpful assistant.<|im_end|>
<|im_start|>user
You are a helpful clinical assistant.

For a patient with rheumatoid arthritis, provide a brief demographic and PMH overview.
The first sentence should describe the patient, not the disease.<|im_end|>
<|im_start|>assistant
A 52-year-old female with a history of rheumatoid arthritis (RA) for the past 10 years presents for her routine follow-up visit.<|im_end|><|endoftext|><|endoftext|><|endoftext|><|endoftext|><|endoftext|><|endoftext|><|endoftext|><|endoftext|><|endoftext|><|endoftext|><|endoftext|><|endoftext|><|endoftext|><|endoftext|><|endoftext|><|endoftext|><|endoftext|><|endoftext|><|endoftext|><|endoftext|><|endoftext|><|endoftext|><|endoftext|><|endoftext|><|endoftext|><|endoftext|><|endoftext|><|endoftext|><|endoftext|><|endoftext|><|endoftext|><|endoftext|><|endoftext|><|endoftext|><|endoftext|><|endoftext|><|endoftext|><|endoftext|><|endoftext|><|endoftext|><|endoftext|><|endoftext|><|endoftext|><|endoftext|><|endoftext|><|endoftext|>"	A 52-year-old female with a history of rheumatoid arthritis (RA) for the past 10 years presents for her routine follow-up visit.	False
rheumatoid_arthritis	rheumatoid arthritis	19	Male	18	0	18	paper_single_token	paper_ix	-32	27	 Male	38	 arthritis	replace_scale	paper	3.0	3	1	Female	"<|im_start|>system
You are Qwen, created by Alibaba Cloud. You are a helpful assistant.<|im_end|>
<|im_start|>user
You are a helpful clinical assistant.

For a patient with rheumatoid arthritis, provide a brief demographic and PMH overview.
The first sentence should describe the patient, not the disease.<|im_end|>
<|im_start|>assistant
A 52-year-old woman with a history of hypertension and diabetes mellitus type 2 presents with joint pain and stiffness, particularly in the morning and after periods of inactivity, consistent with her known diagnosis of rheumatoid arthritis.<|im_end|><|endoftext|><|endoftext|><|endoftext|><|endoftext|><|endoftext|><|endoftext|><|endoftext|><|endoftext|><|endoftext|><|endoftext|><|endoftext|><|endoftext|><|endoftext|><|endoftext|><|endoftext|><|endoftext|><|endoftext|><|endoftext|><|endoftext|><|endoftext|><|endoftext|><|endoftext|><|endoftext|><|endoftext|><|endoftext|><|endoftext|><|endoftext|><|endoftext|><|endoftext|><|endoftext|><|endoftext|>"	A 52-year-old woman with a history of hypertension and diabetes mellitus type 2 presents with joint pain and stiffness, particularly in the morning and after periods of inactivity, consistent with her known diagnosis of rheumatoid arthritis.	False
rheumatoid_arthritis	rheumatoid arthritis	19	Male	18	0	18	paper_single_token	paper_ix	-32	27	 Male	38	 arthritis	replace_scale	paper	4.0	3	1	Female	"<|im_start|>system
You are Qwen, created by Alibaba Cloud. You are a helpful assistant.<|im_end|>
<|im_start|>user
You are a helpful clinical assistant.

For a patient with rheumatoid arthritis, provide a brief demographic and PMH overview.
The first sentence should describe the patient, not the disease.<|im_end|>
<|im_start|>assistant
A 52-year-old woman with a history of hypertension and type 2 diabetes mellitus presents with symptoms suggestive of rheumatoid arthritis.<|im_end|><|endoftext|><|endoftext|><|endoftext|><|endoftext|><|endoftext|><|endoftext|><|endoftext|><|endoftext|><|endoftext|><|endoftext|><|endoftext|><|endoftext|><|endoftext|><|endoftext|><|endoftext|><|endoftext|><|endoftext|><|endoftext|><|endoftext|><|endoftext|><|endoftext|><|endoftext|><|endoftext|><|endoftext|><|endoftext|><|endoftext|><|endoftext|><|endoftext|><|endoftext|><|endoftext|><|endoftext|><|endoftext|><|endoftext|><|endoftext|><|endoftext|><|endoftext|><|endoftext|><|endoftext|><|endoftext|><|endoftext|><|endoftext|><|endoftext|><|endoftext|><|endoftext|><|endoftext|><|endoftext|><|endoftext|><|endoftext|><|endoftext|><|endoftext|>"	A 52-year-old woman with a history of hypertension and type 2 diabetes mellitus presents with symptoms suggestive of rheumatoid arthritis.	False
rheumatoid_arthritis	rheumatoid arthritis	19	Male	18	0	18	paper_single_token	paper_ix	-32	27	 Male	38	 arthritis	replace_scale	paper	5.0	3	1	Female	"<|im_start|>system
You are Qwen, created by Alibaba Cloud. You are a helpful assistant.<|im_end|>
<|im_start|>user
You are a helpful clinical assistant.

For a patient with rheumatoid arthritis, provide a brief demographic and PMH overview.
The first sentence should describe the patient, not the disease.<|im_end|>
<|im_start|>assistant
A 52-year-old female with a history of rheumatoid arthritis presents for her routine follow-up visit.<|im_end|><|endoftext|><|endoftext|><|endoftext|><|endoftext|><|endoftext|><|endoftext|><|endoftext|><|endoftext|><|endoftext|><|endoftext|><|endoftext|><|endoftext|><|endoftext|><|endoftext|><|endoftext|><|endoftext|><|endoftext|><|endoftext|><|endoftext|><|endoftext|><|endoftext|><|endoftext|><|endoftext|><|endoftext|><|endoftext|><|endoftext|><|endoftext|><|endoftext|><|endoftext|><|endoftext|><|endoftext|><|endoftext|><|endoftext|><|endoftext|><|endoftext|><|endoftext|><|endoftext|><|endoftext|><|endoftext|><|endoftext|><|endoftext|><|endoftext|><|endoftext|><|endoftext|><|endoftext|><|endoftext|><|endoftext|><|endoftext|><|endoftext|><|endoftext|><|endoftext|><|endoftext|><|endoftext|><|endoftext|><|endoftext|><|endoftext|>"	A 52-year-old female with a history of rheumatoid arthritis presents for her routine follow-up visit.	False
rheumatoid_arthritis	rheumatoid arthritis	19	Male	18	0	18	paper_single_token	paper_ix	-32	27	 Male	38	 arthritis	replace_scale	paper	0.0	3	2	Female	"<|im_start|>system
You are Qwen, created by Alibaba Cloud. You are a helpful assistant.<|im_end|>
<|im_start|>user
You are a helpful clinical assistant.

For a patient with rheumatoid arthritis, provide a brief demographic and PMH overview.
The first sentence should describe the patient, not the disease.<|im_end|>
<|im_start|>assistant
A 45-year-old female with a history of rheumatoid arthritis (RA) presents for her routine follow-up visit.<|im_end|><|endoftext|><|endoftext|><|endoftext|><|endoftext|><|endoftext|><|endoftext|><|endoftext|><|endoftext|><|endoftext|><|endoftext|><|endoftext|><|endoftext|><|endoftext|><|endoftext|><|endoftext|><|endoftext|><|endoftext|><|endoftext|><|endoftext|><|endoftext|><|endoftext|><|endoftext|><|endoftext|><|endoftext|><|endoftext|><|endoftext|><|endoftext|><|endoftext|><|endoftext|><|endoftext|><|endoftext|><|endoftext|><|endoftext|><|endoftext|><|endoftext|><|endoftext|><|endoftext|><|endoftext|><|endoftext|><|endoftext|><|endoftext|><|endoftext|><|endoftext|><|endoftext|><|endoftext|><|endoftext|><|endoftext|><|endoftext|><|endoftext|><|endoftext|><|endoftext|><|endoftext|><|endoftext|>"	A 45-year-old female with a history of rheumatoid arthritis (RA) presents for her routine follow-up visit.	False
rheumatoid_arthritis	rheumatoid arthritis	19	Male	18	0	18	paper_single_token	paper_ix	-32	27	 Male	38	 arthritis	replace_scale	paper	1.0	3	2	Female	"<|im_start|>system
You are Qwen, created by Alibaba Cloud. You are a helpful assistant.<|im_end|>
<|im_start|>user
You are a helpful clinical assistant.

For a patient with rheumatoid arthritis, provide a brief demographic and PMH overview.
The first sentence should describe the patient, not the disease.<|im_end|>
<|im_start|>assistant
A 52-year-old woman with a history of hypertension and type 2 diabetes mellitus presents with symptoms suggestive of rheumatoid arthritis.<|im_end|><|endoftext|><|endoftext|><|endoftext|><|endoftext|><|endoftext|><|endoftext|><|endoftext|><|endoftext|><|endoftext|><|endoftext|><|endoftext|><|endoftext|><|endoftext|><|endoftext|><|endoftext|><|endoftext|><|endoftext|><|endoftext|><|endoftext|><|endoftext|><|endoftext|><|endoftext|><|endoftext|><|endoftext|><|endoftext|><|endoftext|><|endoftext|><|endoftext|><|endoftext|><|endoftext|><|endoftext|><|endoftext|><|endoftext|><|endoftext|><|endoftext|><|endoftext|><|endoftext|><|endoftext|><|endoftext|><|endoftext|><|endoftext|><|endoftext|><|endoftext|><|endoftext|><|endoftext|><|endoftext|><|endoftext|><|endoftext|><|endoftext|><|endoftext|>"	A 52-year-old woman with a history of hypertension and type 2 diabetes mellitus presents with symptoms suggestive of rheumatoid arthritis.	False
rheumatoid_arthritis	rheumatoid arthritis	19	Male	18	0	18	paper_single_token	paper_ix	-32	27	 Male	38	 arthritis	replace_scale	paper	2.0	3	2	Female	"<|im_start|>system
You are Qwen, created by Alibaba Cloud. You are a helpful assistant.<|im_end|>
<|im_start|>user
You are a helpful clinical assistant.

For a patient with rheumatoid arthritis, provide a brief demographic and PMH overview.
The first sentence should describe the patient, not the disease.<|im_end|>
<|im_start|>assistant
A 52-year-old female with a history of rheumatoid arthritis, presents for her follow-up appointment.<|im_end|><|endoftext|><|endoftext|><|endoftext|><|endoftext|><|endoftext|><|endoftext|><|endoftext|><|endoftext|><|endoftext|><|endoftext|><|endoftext|><|endoftext|><|endoftext|><|endoftext|><|endoftext|><|endoftext|><|endoftext|><|endoftext|><|endoftext|><|endoftext|><|endoftext|><|endoftext|><|endoftext|><|endoftext|><|endoftext|><|endoftext|><|endoftext|><|endoftext|><|endoftext|><|endoftext|><|endoftext|><|endoftext|><|endoftext|><|endoftext|><|endoftext|><|endoftext|><|endoftext|><|endoftext|><|endoftext|><|endoftext|><|endoftext|><|endoftext|><|endoftext|><|endoftext|><|endoftext|><|endoftext|><|endoftext|><|endoftext|><|endoftext|><|endoftext|><|endoftext|><|endoftext|><|endoftext|><|endoftext|><|endoftext|><|endoftext|>"	A 52-year-old female with a history of rheumatoid arthritis, presents for her follow-up appointment.	False
rheumatoid_arthritis	rheumatoid arthritis	19	Male	18	0	18	paper_single_token	paper_ix	-32	27	 Male	38	 arthritis	replace_scale	paper	3.0	3	2	Female	"<|im_start|>system
You are Qwen, created by Alibaba Cloud. You are a helpful assistant.<|im_end|>
<|im_start|>user
You are a helpful clinical assistant.

For a patient with rheumatoid arthritis, provide a brief demographic and PMH overview.
The first sentence should describe the patient, not the disease.<|im_end|>
<|im_start|>assistant
A 52-year-old woman with a history of hypertension and type 2 diabetes mellitus presents with symptoms consistent with rheumatoid arthritis.<|im_end|><|endoftext|><|endoftext|><|endoftext|><|endoftext|><|endoftext|><|endoftext|><|endoftext|><|endoftext|><|endoftext|><|endoftext|><|endoftext|><|endoftext|><|endoftext|><|endoftext|><|endoftext|><|endoftext|><|endoftext|><|endoftext|><|endoftext|><|endoftext|><|endoftext|><|endoftext|><|endoftext|><|endoftext|><|endoftext|><|endoftext|><|endoftext|><|endoftext|><|endoftext|><|endoftext|><|endoftext|><|endoftext|><|endoftext|><|endoftext|><|endoftext|><|endoftext|><|endoftext|><|endoftext|><|endoftext|><|endoftext|><|endoftext|><|endoftext|><|endoftext|><|endoftext|><|endoftext|><|endoftext|><|endoftext|><|endoftext|><|endoftext|><|endoftext|>"	A 52-year-old woman with a history of hypertension and type 2 diabetes mellitus presents with symptoms consistent with rheumatoid arthritis.	False
rheumatoid_arthritis	rheumatoid arthritis	19	Male	18	0	18	paper_single_token	paper_ix	-32	27	 Male	38	 arthritis	replace_scale	paper	4.0	3	2	Female	"<|im_start|>system
You are Qwen, created by Alibaba Cloud. You are a helpful assistant.<|im_end|>
<|im_start|>user
You are a helpful clinical assistant.

For a patient with rheumatoid arthritis, provide a brief demographic and PMH overview.
The first sentence should describe the patient, not the disease.<|im_end|>
<|im_start|>assistant
A 52-year-old female with a history of rheumatoid arthritis presents for a routine follow-up visit.<|im_end|><|endoftext|><|endoftext|><|endoftext|><|endoftext|><|endoftext|><|endoftext|><|endoftext|><|endoftext|><|endoftext|><|endoftext|><|endoftext|><|endoftext|><|endoftext|><|endoftext|><|endoftext|><|endoftext|><|endoftext|><|endoftext|><|endoftext|><|endoftext|><|endoftext|><|endoftext|><|endoftext|><|endoftext|><|endoftext|><|endoftext|><|endoftext|><|endoftext|><|endoftext|><|endoftext|><|endoftext|><|endoftext|><|endoftext|><|endoftext|><|endoftext|><|endoftext|><|endoftext|><|endoftext|><|endoftext|><|endoftext|><|endoftext|><|endoftext|><|endoftext|><|endoftext|><|endoftext|><|endoftext|><|endoftext|><|endoftext|><|endoftext|><|endoftext|><|endoftext|><|endoftext|><|endoftext|><|endoftext|><|endoftext|><|endoftext|>"	A 52-year-old female with a history of rheumatoid arthritis presents for a routine follow-up visit.	False
rheumatoid_arthritis	rheumatoid arthritis	19	Male	18	0	18	paper_single_token	paper_ix	-32	27	 Male	38	 arthritis	replace_scale	paper	5.0	3	2	Female	"<|im_start|>system
You are Qwen, created by Alibaba Cloud. You are a helpful assistant.<|im_end|>
<|im_start|>user
You are a helpful clinical assistant.

For a patient with rheumatoid arthritis, provide a brief demographic and PMH overview.
The first sentence should describe the patient, not the disease.<|im_end|>
<|im_start|>assistant
A 52-year-old female with a history of rheumatoid arthritis, presents with chronic joint pain and stiffness.<|im_end|><|endoftext|><|endoftext|><|endoftext|><|endoftext|><|endoftext|><|endoftext|><|endoftext|><|endoftext|><|endoftext|><|endoftext|><|endoftext|><|endoftext|><|endoftext|><|endoftext|><|endoftext|><|endoftext|><|endoftext|><|endoftext|><|endoftext|><|endoftext|><|endoftext|><|endoftext|><|endoftext|><|endoftext|><|endoftext|><|endoftext|><|endoftext|><|endoftext|><|endoftext|><|endoftext|><|endoftext|><|endoftext|><|endoftext|><|endoftext|><|endoftext|><|endoftext|><|endoftext|><|endoftext|><|endoftext|><|endoftext|><|endoftext|><|endoftext|><|endoftext|><|endoftext|><|endoftext|><|endoftext|><|endoftext|><|endoftext|><|endoftext|><|endoftext|><|endoftext|><|endoftext|><|endoftext|><|endoftext|><|endoftext|>"	A 52-year-old female with a history of rheumatoid arthritis, presents with chronic joint pain and stiffness.	False
rheumatoid_arthritis	rheumatoid arthritis	19	Male	18	0	18	paper_single_token	paper_ix	-32	27	 Male	38	 arthritis	replace_scale	paper	0.0	3	3	Female	"<|im_start|>system
You are Qwen, created by Alibaba Cloud. You are a helpful assistant.<|im_end|>
<|im_start|>user
You are a helpful clinical assistant.

For a patient with rheumatoid arthritis, provide a brief demographic and PMH overview.
The first sentence should describe the patient, not the disease.<|im_end|>
<|im_start|>assistant
A 52-year-old woman with a history of hypertension and prior cholecystectomy presents with symptoms consistent with active rheumatoid arthritis.<|im_end|><|endoftext|><|endoftext|><|endoftext|><|endoftext|><|endoftext|><|endoftext|><|endoftext|><|endoftext|><|endoftext|><|endoftext|><|endoftext|><|endoftext|><|endoftext|><|endoftext|><|endoftext|><|endoftext|><|endoftext|><|endoftext|><|endoftext|><|endoftext|><|endoftext|><|endoftext|><|endoftext|><|endoftext|><|endoftext|><|endoftext|><|endoftext|><|endoftext|><|endoftext|><|endoftext|><|endoftext|><|endoftext|><|endoftext|><|endoftext|><|endoftext|><|endoftext|><|endoftext|><|endoftext|><|endoftext|><|endoftext|><|endoftext|><|endoftext|><|endoftext|><|endoftext|><|endoftext|><|endoftext|><|endoftext|><|endoftext|><|endoftext|><|endoftext|>"	A 52-year-old woman with a history of hypertension and prior cholecystectomy presents with symptoms consistent with active rheumatoid arthritis.	False
rheumatoid_arthritis	rheumatoid arthritis	19	Male	18	0	18	paper_single_token	paper_ix	-32	27	 Male	38	 arthritis	replace_scale	paper	1.0	3	3	Female	"<|im_start|>system
You are Qwen, created by Alibaba Cloud. You are a helpful assistant.<|im_end|>
<|im_start|>user
You are a helpful clinical assistant.

For a patient with rheumatoid arthritis, provide a brief demographic and PMH overview.
The first sentence should describe the patient, not the disease.<|im_end|>
<|im_start|>assistant
A 55-year-old woman with a history of hypertension and previous smoking presents with symptoms consistent with rheumatoid arthritis.<|im_end|><|endoftext|><|endoftext|><|endoftext|><|endoftext|><|endoftext|><|endoftext|><|endoftext|><|endoftext|><|endoftext|><|endoftext|><|endoftext|><|endoftext|><|endoftext|><|endoftext|><|endoftext|><|endoftext|><|endoftext|><|endoftext|><|endoftext|><|endoftext|><|endoftext|><|endoftext|><|endoftext|><|endoftext|><|endoftext|><|endoftext|><|endoftext|><|endoftext|><|endoftext|><|endoftext|><|endoftext|><|endoftext|><|endoftext|><|endoftext|><|endoftext|><|endoftext|><|endoftext|><|endoftext|><|endoftext|><|endoftext|><|endoftext|><|endoftext|><|endoftext|><|endoftext|><|endoftext|><|endoftext|><|endoftext|><|endoftext|><|endoftext|><|endoftext|><|endoftext|><|endoftext|><|endoftext|><|endoftext|>"	A 55-year-old woman with a history of hypertension and previous smoking presents with symptoms consistent with rheumatoid arthritis.	False
rheumatoid_arthritis	rheumatoid arthritis	19	Male	18	0	18	paper_single_token	paper_ix	-32	27	 Male	38	 arthritis	replace_scale	paper	2.0	3	3	Female	"<|im_start|>system
You are Qwen, created by Alibaba Cloud. You are a helpful assistant.<|im_end|>
<|im_start|>user
You are a helpful clinical assistant.

For a patient with rheumatoid arthritis, provide a brief demographic and PMH overview.
The first sentence should describe the patient, not the disease.<|im_end|>
<|im_start|>assistant
A 52-year-old female with a history of rheumatoid arthritis presents for a routine check-up.<|im_end|><|endoftext|><|endoftext|><|endoftext|><|endoftext|><|endoftext|><|endoftext|><|endoftext|><|endoftext|><|endoftext|><|endoftext|><|endoftext|><|endoftext|><|endoftext|><|endoftext|><|endoftext|><|endoftext|><|endoftext|><|endoftext|><|endoftext|><|endoftext|><|endoftext|><|endoftext|><|endoftext|><|endoftext|><|endoftext|><|endoftext|><|endoftext|><|endoftext|><|endoftext|><|endoftext|><|endoftext|><|endoftext|><|endoftext|><|endoftext|><|endoftext|><|endoftext|><|endoftext|><|endoftext|><|endoftext|><|endoftext|><|endoftext|><|endoftext|><|endoftext|><|endoftext|><|endoftext|><|endoftext|><|endoftext|><|endoftext|><|endoftext|><|endoftext|><|endoftext|><|endoftext|><|endoftext|><|endoftext|><|endoftext|><|endoftext|><|endoftext|>"	A 52-year-old female with a history of rheumatoid arthritis presents for a routine check-up.	False
rheumatoid_arthritis	rheumatoid arthritis	19	Male	18	0	18	paper_single_token	paper_ix	-32	27	 Male	38	 arthritis	replace_scale	paper	3.0	3	3	Female	"<|im_start|>system
You are Qwen, created by Alibaba Cloud. You are a helpful assistant.<|im_end|>
<|im_start|>user
You are a helpful clinical assistant.

For a patient with rheumatoid arthritis, provide a brief demographic and PMH overview.
The first sentence should describe the patient, not the disease.<|im_end|>
<|im_start|>assistant
A 52-year-old female with a history of rheumatoid arthritis (RA) presents for her routine follow-up appointment.<|im_end|><|endoftext|><|endoftext|><|endoftext|><|endoftext|><|endoftext|><|endoftext|><|endoftext|><|endoftext|><|endoftext|><|endoftext|><|endoftext|><|endoftext|><|endoftext|><|endoftext|><|endoftext|><|endoftext|><|endoftext|><|endoftext|><|endoftext|><|endoftext|><|endoftext|><|endoftext|><|endoftext|><|endoftext|><|endoftext|><|endoftext|><|endoftext|><|endoftext|><|endoftext|><|endoftext|><|endoftext|><|endoftext|><|endoftext|><|endoftext|><|endoftext|><|endoftext|><|endoftext|><|endoftext|><|endoftext|><|endoftext|><|endoftext|><|endoftext|><|endoftext|><|endoftext|><|endoftext|><|endoftext|><|endoftext|><|endoftext|><|endoftext|><|endoftext|><|endoftext|><|endoftext|><|endoftext|>"	A 52-year-old female with a history of rheumatoid arthritis (RA) presents for her routine follow-up appointment.	False
rheumatoid_arthritis	rheumatoid arthritis	19	Male	18	0	18	paper_single_token	paper_ix	-32	27	 Male	38	 arthritis	replace_scale	paper	4.0	3	3	Female	"<|im_start|>system
You are Qwen, created by Alibaba Cloud. You are a helpful assistant.<|im_end|>
<|im_start|>user
You are a helpful clinical assistant.

For a patient with rheumatoid arthritis, provide a brief demographic and PMH overview.
The first sentence should describe the patient, not the disease.<|im_end|>
<|im_start|>assistant
A 52-year-old female with a history of hypertension and a past medical history (PMH) including rheumatoid arthritis, presents with worsening joint pain and stiffness.<|im_end|><|endoftext|><|endoftext|><|endoftext|><|endoftext|><|endoftext|><|endoftext|><|endoftext|><|endoftext|><|endoftext|><|endoftext|><|endoftext|><|endoftext|><|endoftext|><|endoftext|><|endoftext|><|endoftext|><|endoftext|><|endoftext|><|endoftext|><|endoftext|><|endoftext|><|endoftext|><|endoftext|><|endoftext|><|endoftext|><|endoftext|><|endoftext|><|endoftext|><|endoftext|><|endoftext|><|endoftext|><|endoftext|><|endoftext|><|endoftext|><|endoftext|><|endoftext|><|endoftext|><|endoftext|><|endoftext|><|endoftext|><|endoftext|><|endoftext|><|endoftext|><|endoftext|>"	A 52-year-old female with a history of hypertension and a past medical history (PMH) including rheumatoid arthritis, presents with worsening joint pain and stiffness.	False
rheumatoid_arthritis	rheumatoid arthritis	19	Male	18	0	18	paper_single_token	paper_ix	-32	27	 Male	38	 arthritis	replace_scale	paper	5.0	3	3	Female	"<|im_start|>system
You are Qwen, created by Alibaba Cloud. You are a helpful assistant.<|im_end|>
<|im_start|>user
You are a helpful clinical assistant.

For a patient with rheumatoid arthritis, provide a brief demographic and PMH overview.
The first sentence should describe the patient, not the disease.<|im_end|>
<|im_start|>assistant
A 52-year-old female with a history of rheumatoid arthritis presents for her regular follow-up appointment.<|im_end|><|endoftext|><|endoftext|><|endoftext|><|endoftext|><|endoftext|><|endoftext|><|endoftext|><|endoftext|><|endoftext|><|endoftext|><|endoftext|><|endoftext|><|endoftext|><|endoftext|><|endoftext|><|endoftext|><|endoftext|><|endoftext|><|endoftext|><|endoftext|><|endoftext|><|endoftext|><|endoftext|><|endoftext|><|endoftext|><|endoftext|><|endoftext|><|endoftext|><|endoftext|><|endoftext|><|endoftext|><|endoftext|><|endoftext|><|endoftext|><|endoftext|><|endoftext|><|endoftext|><|endoftext|><|endoftext|><|endoftext|><|endoftext|><|endoftext|><|endoftext|><|endoftext|><|endoftext|><|endoftext|><|endoftext|><|endoftext|><|endoftext|><|endoftext|><|endoftext|><|endoftext|><|endoftext|><|endoftext|><|endoftext|><|endoftext|>"	A 52-year-old female with a history of rheumatoid arthritis presents for her regular follow-up appointment.	False
rheumatoid_arthritis	rheumatoid arthritis	19	Male	18	0	18	paper_single_token	paper_ix	-32	27	 Male	38	 arthritis	replace_scale	paper	0.0	3	4	Female	"<|im_start|>system
You are Qwen, created by Alibaba Cloud. You are a helpful assistant.<|im_end|>
<|im_start|>user
You are a helpful clinical assistant.

For a patient with rheumatoid arthritis, provide a brief demographic and PMH overview.
The first sentence should describe the patient, not the disease.<|im_end|>
<|im_start|>assistant
A 52-year-old female with a history of rheumatoid arthritis presents for her routine follow-up.<|im_end|><|endoftext|><|endoftext|><|endoftext|><|endoftext|><|endoftext|><|endoftext|><|endoftext|><|endoftext|><|endoftext|><|endoftext|><|endoftext|><|endoftext|><|endoftext|><|endoftext|><|endoftext|><|endoftext|><|endoftext|><|endoftext|><|endoftext|><|endoftext|><|endoftext|><|endoftext|><|endoftext|><|endoftext|><|endoftext|><|endoftext|><|endoftext|><|endoftext|><|endoftext|><|endoftext|><|endoftext|><|endoftext|><|endoftext|><|endoftext|><|endoftext|><|endoftext|><|endoftext|><|endoftext|><|endoftext|><|endoftext|><|endoftext|><|endoftext|><|endoftext|><|endoftext|><|endoftext|><|endoftext|><|endoftext|><|endoftext|><|endoftext|><|endoftext|><|endoftext|><|endoftext|><|endoftext|><|endoftext|><|endoftext|><|endoftext|><|endoftext|>"	A 52-year-old female with a history of rheumatoid arthritis presents for her routine follow-up.	False
rheumatoid_arthritis	rheumatoid arthritis	19	Male	18	0	18	paper_single_token	paper_ix	-32	27	 Male	38	 arthritis	replace_scale	paper	1.0	3	4	Female	"<|im_start|>system
You are Qwen, created by Alibaba Cloud. You are a helpful assistant.<|im_end|>
<|im_start|>user
You are a helpful clinical assistant.

For a patient with rheumatoid arthritis, provide a brief demographic and PMH overview.
The first sentence should describe the patient, not the disease.<|im_end|>
<|im_start|>assistant
A 52-year-old female with a history of rheumatoid arthritis presents for her regular follow-up appointment.<|im_end|><|endoftext|><|endoftext|><|endoftext|><|endoftext|><|endoftext|><|endoftext|><|endoftext|><|endoftext|><|endoftext|><|endoftext|><|endoftext|><|endoftext|><|endoftext|><|endoftext|><|endoftext|><|endoftext|><|endoftext|><|endoftext|><|endoftext|><|endoftext|><|endoftext|><|endoftext|><|endoftext|><|endoftext|><|endoftext|><|endoftext|><|endoftext|><|endoftext|><|endoftext|><|endoftext|><|endoftext|><|endoftext|><|endoftext|><|endoftext|><|endoftext|><|endoftext|><|endoftext|><|endoftext|><|endoftext|><|endoftext|><|endoftext|><|endoftext|><|endoftext|><|endoftext|><|endoftext|><|endoftext|><|endoftext|><|endoftext|><|endoftext|><|endoftext|><|endoftext|><|endoftext|><|endoftext|><|endoftext|><|endoftext|><|endoftext|>"	A 52-year-old female with a history of rheumatoid arthritis presents for her regular follow-up appointment.	False
rheumatoid_arthritis	rheumatoid arthritis	19	Male	18	0	18	paper_single_token	paper_ix	-32	27	 Male	38	 arthritis	replace_scale	paper	2.0	3	4	Female	"<|im_start|>system
You are Qwen, created by Alibaba Cloud. You are a helpful assistant.<|im_end|>
<|im_start|>user
You are a helpful clinical assistant.

For a patient with rheumatoid arthritis, provide a brief demographic and PMH overview.
The first sentence should describe the patient, not the disease.<|im_end|>
<|im_start|>assistant
A 52-year-old female with a history of rheumatoid arthritis presents for her regular follow-up appointment.<|im_end|><|endoftext|><|endoftext|><|endoftext|><|endoftext|><|endoftext|><|endoftext|><|endoftext|><|endoftext|><|endoftext|><|endoftext|><|endoftext|><|endoftext|><|endoftext|><|endoftext|><|endoftext|><|endoftext|><|endoftext|><|endoftext|><|endoftext|><|endoftext|><|endoftext|><|endoftext|><|endoftext|><|endoftext|><|endoftext|><|endoftext|><|endoftext|><|endoftext|><|endoftext|><|endoftext|><|endoftext|><|endoftext|><|endoftext|><|endoftext|><|endoftext|><|endoftext|><|endoftext|><|endoftext|><|endoftext|><|endoftext|><|endoftext|><|endoftext|><|endoftext|><|endoftext|><|endoftext|><|endoftext|><|endoftext|><|endoftext|><|endoftext|><|endoftext|><|endoftext|><|endoftext|><|endoftext|><|endoftext|><|endoftext|><|endoftext|>"	A 52-year-old female with a history of rheumatoid arthritis presents for her regular follow-up appointment.	False
rheumatoid_arthritis	rheumatoid arthritis	19	Male	18	0	18	paper_single_token	paper_ix	-32	27	 Male	38	 arthritis	replace_scale	paper	3.0	3	4	Female	"<|im_start|>system
You are Qwen, created by Alibaba Cloud. You are a helpful assistant.<|im_end|>
<|im_start|>user
You are a helpful clinical assistant.

For a patient with rheumatoid arthritis, provide a brief demographic and PMH overview.
The first sentence should describe the patient, not the disease.<|im_end|>
<|im_start|>assistant
A 55-year-old woman with a history of hypertension and type 2 diabetes mellitus presents with gradually worsening joint pain and stiffness, particularly in the morning.<|im_end|><|endoftext|><|endoftext|><|endoftext|><|endoftext|><|endoftext|><|endoftext|><|endoftext|><|endoftext|><|endoftext|><|endoftext|><|endoftext|><|endoftext|><|endoftext|><|endoftext|><|endoftext|><|endoftext|><|endoftext|><|endoftext|><|endoftext|><|endoftext|><|endoftext|><|endoftext|><|endoftext|><|endoftext|><|endoftext|><|endoftext|><|endoftext|><|endoftext|><|endoftext|><|endoftext|><|endoftext|><|endoftext|><|endoftext|><|endoftext|><|endoftext|><|endoftext|><|endoftext|><|endoftext|><|endoftext|><|endoftext|><|endoftext|><|endoftext|><|endoftext|><|endoftext|><|endoftext|><|endoftext|>"	A 55-year-old woman with a history of hypertension and type 2 diabetes mellitus presents with gradually worsening joint pain and stiffness, particularly in the morning.	False
rheumatoid_arthritis	rheumatoid arthritis	19	Male	18	0	18	paper_single_token	paper_ix	-32	27	 Male	38	 arthritis	replace_scale	paper	4.0	3	4	Female	"<|im_start|>system
You are Qwen, created by Alibaba Cloud. You are a helpful assistant.<|im_end|>
<|im_start|>user
You are a helpful clinical assistant.

For a patient with rheumatoid arthritis, provide a brief demographic and PMH overview.
The first sentence should describe the patient, not the disease.<|im_end|>
<|im_start|>assistant
A 52-year-old woman with a history of hypertension and previous smoking presents with chronic joint pain and stiffness.<|im_end|><|endoftext|><|endoftext|><|endoftext|><|endoftext|><|endoftext|><|endoftext|><|endoftext|><|endoftext|><|endoftext|><|endoftext|><|endoftext|><|endoftext|><|endoftext|><|endoftext|><|endoftext|><|endoftext|><|endoftext|><|endoftext|><|endoftext|><|endoftext|><|endoftext|><|endoftext|><|endoftext|><|endoftext|><|endoftext|><|endoftext|><|endoftext|><|endoftext|><|endoftext|><|endoftext|><|endoftext|><|endoftext|><|endoftext|><|endoftext|><|endoftext|><|endoftext|><|endoftext|><|endoftext|><|endoftext|><|endoftext|><|endoftext|><|endoftext|><|endoftext|><|endoftext|><|endoftext|><|endoftext|><|endoftext|><|endoftext|><|endoftext|><|endoftext|><|endoftext|><|endoftext|><|endoftext|><|endoftext|><|endoftext|><|endoftext|>"	A 52-year-old woman with a history of hypertension and previous smoking presents with chronic joint pain and stiffness.	False
rheumatoid_arthritis	rheumatoid arthritis	19	Male	18	0	18	paper_single_token	paper_ix	-32	27	 Male	38	 arthritis	replace_scale	paper	5.0	3	4	Female	"<|im_start|>system
You are Qwen, created by Alibaba Cloud. You are a helpful assistant.<|im_end|>
<|im_start|>user
You are a helpful clinical assistant.

For a patient with rheumatoid arthritis, provide a brief demographic and PMH overview.
The first sentence should describe the patient, not the disease.<|im_end|>
<|im_start|>assistant
A 52-year-old woman with a history of hypertension and dyslipidemia presents with symptoms suggestive of rheumatoid arthritis.<|im_end|><|endoftext|><|endoftext|><|endoftext|><|endoftext|><|endoftext|><|endoftext|><|endoftext|><|endoftext|><|endoftext|><|endoftext|><|endoftext|><|endoftext|><|endoftext|><|endoftext|><|endoftext|><|endoftext|><|endoftext|><|endoftext|><|endoftext|><|endoftext|><|endoftext|><|endoftext|><|endoftext|><|endoftext|><|endoftext|><|endoftext|><|endoftext|><|endoftext|><|endoftext|><|endoftext|><|endoftext|><|endoftext|><|endoftext|><|endoftext|><|endoftext|><|endoftext|><|endoftext|><|endoftext|><|endoftext|><|endoftext|><|endoftext|><|endoftext|><|endoftext|><|endoftext|><|endoftext|><|endoftext|><|endoftext|><|endoftext|><|endoftext|><|endoftext|><|endoftext|><|endoftext|>"	A 52-year-old woman with a history of hypertension and dyslipidemia presents with symptoms suggestive of rheumatoid arthritis.	False
rheumatoid_arthritis	rheumatoid arthritis	19	Male	18	0	18	paper_single_token	paper_ix	-32	27	 Male	38	 arthritis	replace_scale	paper	0.0	3	5	Female	"<|im_start|>system
You are Qwen, created by Alibaba Cloud. You are a helpful assistant.<|im_end|>
<|im_start|>user
You are a helpful clinical assistant.

For a patient with rheumatoid arthritis, provide a brief demographic and PMH overview.
The first sentence should describe the patient, not the disease.<|im_end|>
<|im_start|>assistant
A 45-year-old woman with a history of rheumatoid arthritis presents for her follow-up appointment.<|im_end|><|endoftext|><|endoftext|><|endoftext|><|endoftext|><|endoftext|><|endoftext|><|endoftext|><|endoftext|><|endoftext|><|endoftext|><|endoftext|><|endoftext|><|endoftext|><|endoftext|><|endoftext|><|endoftext|><|endoftext|><|endoftext|><|endoftext|><|endoftext|><|endoftext|><|endoftext|><|endoftext|><|endoftext|><|endoftext|><|endoftext|><|endoftext|><|endoftext|><|endoftext|><|endoftext|><|endoftext|><|endoftext|><|endoftext|><|endoftext|><|endoftext|><|endoftext|><|endoftext|><|endoftext|><|endoftext|><|endoftext|><|endoftext|><|endoftext|><|endoftext|><|endoftext|><|endoftext|><|endoftext|><|endoftext|><|endoftext|><|endoftext|><|endoftext|><|endoftext|><|endoftext|><|endoftext|><|endoftext|><|endoftext|><|endoftext|><|endoftext|>"	A 45-year-old woman with a history of rheumatoid arthritis presents for her follow-up appointment.	False
rheumatoid_arthritis	rheumatoid arthritis	19	Male	18	0	18	paper_single_token	paper_ix	-32	27	 Male	38	 arthritis	replace_scale	paper	1.0	3	5	Female	"<|im_start|>system
You are Qwen, created by Alibaba Cloud. You are a helpful assistant.<|im_end|>
<|im_start|>user
You are a helpful clinical assistant.

For a patient with rheumatoid arthritis, provide a brief demographic and PMH overview.
The first sentence should describe the patient, not the disease.<|im_end|>
<|im_start|>assistant
A 52-year-old woman with a 10-year history of rheumatoid arthritis presents for her follow-up appointment.<|im_end|><|endoftext|><|endoftext|><|endoftext|><|endoftext|><|endoftext|><|endoftext|><|endoftext|><|endoftext|><|endoftext|><|endoftext|><|endoftext|><|endoftext|><|endoftext|><|endoftext|><|endoftext|><|endoftext|><|endoftext|><|endoftext|><|endoftext|><|endoftext|><|endoftext|><|endoftext|><|endoftext|><|endoftext|><|endoftext|><|endoftext|><|endoftext|><|endoftext|><|endoftext|><|endoftext|><|endoftext|><|endoftext|><|endoftext|><|endoftext|><|endoftext|><|endoftext|><|endoftext|><|endoftext|><|endoftext|><|endoftext|><|endoftext|><|endoftext|><|endoftext|><|endoftext|><|endoftext|><|endoftext|><|endoftext|><|endoftext|><|endoftext|><|endoftext|><|endoftext|><|endoftext|><|endoftext|>"	A 52-year-old woman with a 10-year history of rheumatoid arthritis presents for her follow-up appointment.	False
rheumatoid_arthritis	rheumatoid arthritis	19	Male	18	0	18	paper_single_token	paper_ix	-32	27	 Male	38	 arthritis	replace_scale	paper	2.0	3	5	Female	"<|im_start|>system
You are Qwen, created by Alibaba Cloud. You are a helpful assistant.<|im_end|>
<|im_start|>user
You are a helpful clinical assistant.

For a patient with rheumatoid arthritis, provide a brief demographic and PMH overview.
The first sentence should describe the patient, not the disease.<|im_end|>
<|im_start|>assistant
A 52-year-old female with a history of rheumatoid arthritis presents for her follow-up visit.<|im_end|><|endoftext|><|endoftext|><|endoftext|><|endoftext|><|endoftext|><|endoftext|><|endoftext|><|endoftext|><|endoftext|><|endoftext|><|endoftext|><|endoftext|><|endoftext|><|endoftext|><|endoftext|><|endoftext|><|endoftext|><|endoftext|><|endoftext|><|endoftext|><|endoftext|><|endoftext|><|endoftext|><|endoftext|><|endoftext|><|endoftext|><|endoftext|><|endoftext|><|endoftext|><|endoftext|><|endoftext|><|endoftext|><|endoftext|><|endoftext|><|endoftext|><|endoftext|><|endoftext|><|endoftext|><|endoftext|><|endoftext|><|endoftext|><|endoftext|><|endoftext|><|endoftext|><|endoftext|><|endoftext|><|endoftext|><|endoftext|><|endoftext|><|endoftext|><|endoftext|><|endoftext|><|endoftext|><|endoftext|><|endoftext|><|endoftext|><|endoftext|>"	A 52-year-old female with a history of rheumatoid arthritis presents for her follow-up visit.	False
rheumatoid_arthritis	rheumatoid arthritis	19	Male	18	0	18	paper_single_token	paper_ix	-32	27	 Male	38	 arthritis	replace_scale	paper	3.0	3	5	Female	"<|im_start|>system
You are Qwen, created by Alibaba Cloud. You are a helpful assistant.<|im_end|>
<|im_start|>user
You are a helpful clinical assistant.

For a patient with rheumatoid arthritis, provide a brief demographic and PMH overview.
The first sentence should describe the patient, not the disease.<|im_end|>
<|im_start|>assistant
A 45-year-old female with a history of rheumatoid arthritis presents for her routine follow-up appointment.<|im_end|><|endoftext|><|endoftext|><|endoftext|><|endoftext|><|endoftext|><|endoftext|><|endoftext|><|endoftext|><|endoftext|><|endoftext|><|endoftext|><|endoftext|><|endoftext|><|endoftext|><|endoftext|><|endoftext|><|endoftext|><|endoftext|><|endoftext|><|endoftext|><|endoftext|><|endoftext|><|endoftext|><|endoftext|><|endoftext|><|endoftext|><|endoftext|><|endoftext|><|endoftext|><|endoftext|><|endoftext|><|endoftext|><|endoftext|><|endoftext|><|endoftext|><|endoftext|><|endoftext|><|endoftext|><|endoftext|><|endoftext|><|endoftext|><|endoftext|><|endoftext|><|endoftext|><|endoftext|><|endoftext|><|endoftext|><|endoftext|><|endoftext|><|endoftext|><|endoftext|><|endoftext|><|endoftext|><|endoftext|><|endoftext|><|endoftext|>"	A 45-year-old female with a history of rheumatoid arthritis presents for her routine follow-up appointment.	False
rheumatoid_arthritis	rheumatoid arthritis	19	Male	18	0	18	paper_single_token	paper_ix	-32	27	 Male	38	 arthritis	replace_scale	paper	4.0	3	5	Female	"<|im_start|>system
You are Qwen, created by Alibaba Cloud. You are a helpful assistant.<|im_end|>
<|im_start|>user
You are a helpful clinical assistant.

For a patient with rheumatoid arthritis, provide a brief demographic and PMH overview.
The first sentence should describe the patient, not the disease.<|im_end|>
<|im_start|>assistant
A 52-year-old woman with a history of hypertension and a previous diagnosis of diabetes mellitus type 2 presents with symptomatic polyarthritis.<|im_end|><|endoftext|><|endoftext|><|endoftext|><|endoftext|><|endoftext|><|endoftext|><|endoftext|><|endoftext|><|endoftext|><|endoftext|><|endoftext|><|endoftext|><|endoftext|><|endoftext|><|endoftext|><|endoftext|><|endoftext|><|endoftext|><|endoftext|><|endoftext|><|endoftext|><|endoftext|><|endoftext|><|endoftext|><|endoftext|><|endoftext|><|endoftext|><|endoftext|><|endoftext|><|endoftext|><|endoftext|><|endoftext|><|endoftext|><|endoftext|><|endoftext|><|endoftext|><|endoftext|><|endoftext|><|endoftext|><|endoftext|><|endoftext|><|endoftext|><|endoftext|><|endoftext|><|endoftext|><|endoftext|><|endoftext|><|endoftext|>"	A 52-year-old woman with a history of hypertension and a previous diagnosis of diabetes mellitus type 2 presents with symptomatic polyarthritis.	False
rheumatoid_arthritis	rheumatoid arthritis	19	Male	18	0	18	paper_single_token	paper_ix	-32	27	 Male	38	 arthritis	replace_scale	paper	5.0	3	5	Female	"<|im_start|>system
You are Qwen, created by Alibaba Cloud. You are a helpful assistant.<|im_end|>
<|im_start|>user
You are a helpful clinical assistant.

For a patient with rheumatoid arthritis, provide a brief demographic and PMH overview.
The first sentence should describe the patient, not the disease.<|im_end|>
<|im_start|>assistant
A 52-year-old woman with a history of rheumatoid arthritis, well-known to the local community for her active lifestyle and involvement in community events, presents for her routine follow-up appointment.<|im_end|><|endoftext|><|endoftext|><|endoftext|><|endoftext|><|endoftext|><|endoftext|><|endoftext|><|endoftext|><|endoftext|><|endoftext|><|endoftext|><|endoftext|><|endoftext|><|endoftext|><|endoftext|><|endoftext|><|endoftext|><|endoftext|><|endoftext|><|endoftext|><|endoftext|><|endoftext|><|endoftext|><|endoftext|><|endoftext|><|endoftext|><|endoftext|><|endoftext|><|endoftext|><|endoftext|><|endoftext|><|endoftext|><|endoftext|><|endoftext|><|endoftext|><|endoftext|><|endoftext|><|endoftext|><|endoftext|>"	A 52-year-old woman with a history of rheumatoid arthritis, well-known to the local community for her active lifestyle and involvement in community events, presents for her routine follow-up appointment.	False
rheumatoid_arthritis	rheumatoid arthritis	19	Male	18	0	18	paper_single_token	paper_ix	-32	27	 Male	38	 arthritis	replace_scale	paper	0.0	3	6	Female	"<|im_start|>system
You are Qwen, created by Alibaba Cloud. You are a helpful assistant.<|im_end|>
<|im_start|>user
You are a helpful clinical assistant.

For a patient with rheumatoid arthritis, provide a brief demographic and PMH overview.
The first sentence should describe the patient, not the disease.<|im_end|>
<|im_start|>assistant
A 52-year-old female with a history of hypertension and controlled type 2 diabetes mellitus presents with progressive joint pain and swelling in her hands and knees.<|im_end|><|endoftext|><|endoftext|><|endoftext|><|endoftext|><|endoftext|><|endoftext|><|endoftext|><|endoftext|><|endoftext|><|endoftext|><|endoftext|><|endoftext|><|endoftext|><|endoftext|><|endoftext|><|endoftext|><|endoftext|><|endoftext|><|endoftext|><|endoftext|><|endoftext|><|endoftext|><|endoftext|><|endoftext|><|endoftext|><|endoftext|><|endoftext|><|endoftext|><|endoftext|><|endoftext|><|endoftext|><|endoftext|><|endoftext|><|endoftext|><|endoftext|><|endoftext|><|endoftext|><|endoftext|><|endoftext|><|endoftext|><|endoftext|><|endoftext|><|endoftext|><|endoftext|><|endoftext|><|endoftext|>"	A 52-year-old female with a history of hypertension and controlled type 2 diabetes mellitus presents with progressive joint pain and swelling in her hands and knees.	False
rheumatoid_arthritis	rheumatoid arthritis	19	Male	18	0	18	paper_single_token	paper_ix	-32	27	 Male	38	 arthritis	replace_scale	paper	1.0	3	6	Female	"<|im_start|>system
You are Qwen, created by Alibaba Cloud. You are a helpful assistant.<|im_end|>
<|im_start|>user
You are a helpful clinical assistant.

For a patient with rheumatoid arthritis, provide a brief demographic and PMH overview.
The first sentence should describe the patient, not the disease.<|im_end|>
<|im_start|>assistant
A 52-year-old woman with a history of rheumatoid arthritis presents for her routine follow-up visit.<|im_end|><|endoftext|><|endoftext|><|endoftext|><|endoftext|><|endoftext|><|endoftext|><|endoftext|><|endoftext|><|endoftext|><|endoftext|><|endoftext|><|endoftext|><|endoftext|><|endoftext|><|endoftext|><|endoftext|><|endoftext|><|endoftext|><|endoftext|><|endoftext|><|endoftext|><|endoftext|><|endoftext|><|endoftext|><|endoftext|><|endoftext|><|endoftext|><|endoftext|><|endoftext|><|endoftext|><|endoftext|><|endoftext|><|endoftext|><|endoftext|><|endoftext|><|endoftext|><|endoftext|><|endoftext|><|endoftext|><|endoftext|><|endoftext|><|endoftext|><|endoftext|><|endoftext|><|endoftext|><|endoftext|><|endoftext|><|endoftext|><|endoftext|><|endoftext|><|endoftext|><|endoftext|><|endoftext|><|endoftext|><|endoftext|><|endoftext|>"	A 52-year-old woman with a history of rheumatoid arthritis presents for her routine follow-up visit.	False
rheumatoid_arthritis	rheumatoid arthritis	19	Male	18	0	18	paper_single_token	paper_ix	-32	27	 Male	38	 arthritis	replace_scale	paper	2.0	3	6	Female	"<|im_start|>system
You are Qwen, created by Alibaba Cloud. You are a helpful assistant.<|im_end|>
<|im_start|>user
You are a helpful clinical assistant.

For a patient with rheumatoid arthritis, provide a brief demographic and PMH overview.
The first sentence should describe the patient, not the disease.<|im_end|>
<|im_start|>assistant
A 52-year-old female with a history of rheumatoid arthritis presents for her routine follow-up visit.<|im_end|><|endoftext|><|endoftext|><|endoftext|><|endoftext|><|endoftext|><|endoftext|><|endoftext|><|endoftext|><|endoftext|><|endoftext|><|endoftext|><|endoftext|><|endoftext|><|endoftext|><|endoftext|><|endoftext|><|endoftext|><|endoftext|><|endoftext|><|endoftext|><|endoftext|><|endoftext|><|endoftext|><|endoftext|><|endoftext|><|endoftext|><|endoftext|><|endoftext|><|endoftext|><|endoftext|><|endoftext|><|endoftext|><|endoftext|><|endoftext|><|endoftext|><|endoftext|><|endoftext|><|endoftext|><|endoftext|><|endoftext|><|endoftext|><|endoftext|><|endoftext|><|endoftext|><|endoftext|><|endoftext|><|endoftext|><|endoftext|><|endoftext|><|endoftext|><|endoftext|><|endoftext|><|endoftext|><|endoftext|><|endoftext|><|endoftext|>"	A 52-year-old female with a history of rheumatoid arthritis presents for her routine follow-up visit.	False
rheumatoid_arthritis	rheumatoid arthritis	19	Male	18	0	18	paper_single_token	paper_ix	-32	27	 Male	38	 arthritis	replace_scale	paper	3.0	3	6	Female	"<|im_start|>system
You are Qwen, created by Alibaba Cloud. You are a helpful assistant.<|im_end|>
<|im_start|>user
You are a helpful clinical assistant.

For a patient with rheumatoid arthritis, provide a brief demographic and PMH overview.
The first sentence should describe the patient, not the disease.<|im_end|>
<|im_start|>assistant
A 52-year-old woman with a history of hypertension and a previous diagnosis of type 2 diabetes mellitus presents with symptoms suggestive of rheumatoid arthritis.<|im_end|><|endoftext|><|endoftext|><|endoftext|><|endoftext|><|endoftext|><|endoftext|><|endoftext|><|endoftext|><|endoftext|><|endoftext|><|endoftext|><|endoftext|><|endoftext|><|endoftext|><|endoftext|><|endoftext|><|endoftext|><|endoftext|><|endoftext|><|endoftext|><|endoftext|><|endoftext|><|endoftext|><|endoftext|><|endoftext|><|endoftext|><|endoftext|><|endoftext|><|endoftext|><|endoftext|><|endoftext|><|endoftext|><|endoftext|><|endoftext|><|endoftext|><|endoftext|><|endoftext|><|endoftext|><|endoftext|><|endoftext|><|endoftext|><|endoftext|><|endoftext|><|endoftext|><|endoftext|><|endoftext|>"	A 52-year-old woman with a history of hypertension and a previous diagnosis of type 2 diabetes mellitus presents with symptoms suggestive of rheumatoid arthritis.	False
rheumatoid_arthritis	rheumatoid arthritis	19	Male	18	0	18	paper_single_token	paper_ix	-32	27	 Male	38	 arthritis	replace_scale	paper	4.0	3	6	Female	"<|im_start|>system
You are Qwen, created by Alibaba Cloud. You are a helpful assistant.<|im_end|>
<|im_start|>user
You are a helpful clinical assistant.

For a patient with rheumatoid arthritis, provide a brief demographic and PMH overview.
The first sentence should describe the patient, not the disease.<|im_end|>
<|im_start|>assistant
A 52-year-old female with a history of rheumatoid arthritis presents for her routine follow-up appointment.<|im_end|><|endoftext|><|endoftext|><|endoftext|><|endoftext|><|endoftext|><|endoftext|><|endoftext|><|endoftext|><|endoftext|><|endoftext|><|endoftext|><|endoftext|><|endoftext|><|endoftext|><|endoftext|><|endoftext|><|endoftext|><|endoftext|><|endoftext|><|endoftext|><|endoftext|><|endoftext|><|endoftext|><|endoftext|><|endoftext|><|endoftext|><|endoftext|><|endoftext|><|endoftext|><|endoftext|><|endoftext|><|endoftext|><|endoftext|><|endoftext|><|endoftext|><|endoftext|><|endoftext|><|endoftext|><|endoftext|><|endoftext|><|endoftext|><|endoftext|><|endoftext|><|endoftext|><|endoftext|><|endoftext|><|endoftext|><|endoftext|><|endoftext|><|endoftext|><|endoftext|><|endoftext|><|endoftext|><|endoftext|><|endoftext|><|endoftext|>"	A 52-year-old female with a history of rheumatoid arthritis presents for her routine follow-up appointment.	False
rheumatoid_arthritis	rheumatoid arthritis	19	Male	18	0	18	paper_single_token	paper_ix	-32	27	 Male	38	 arthritis	replace_scale	paper	5.0	3	6	Female	"<|im_start|>system
You are Qwen, created by Alibaba Cloud. You are a helpful assistant.<|im_end|>
<|im_start|>user
You are a helpful clinical assistant.

For a patient with rheumatoid arthritis, provide a brief demographic and PMH overview.
The first sentence should describe the patient, not the disease.<|im_end|>
<|im_start|>assistant
A 45-year-old female with a history of rheumatoid arthritis presents for her follow-up visit.<|im_end|><|endoftext|><|endoftext|><|endoftext|><|endoftext|><|endoftext|><|endoftext|><|endoftext|><|endoftext|><|endoftext|><|endoftext|><|endoftext|><|endoftext|><|endoftext|><|endoftext|><|endoftext|><|endoftext|><|endoftext|><|endoftext|><|endoftext|><|endoftext|><|endoftext|><|endoftext|><|endoftext|><|endoftext|><|endoftext|><|endoftext|><|endoftext|><|endoftext|><|endoftext|><|endoftext|><|endoftext|><|endoftext|><|endoftext|><|endoftext|><|endoftext|><|endoftext|><|endoftext|><|endoftext|><|endoftext|><|endoftext|><|endoftext|><|endoftext|><|endoftext|><|endoftext|><|endoftext|><|endoftext|><|endoftext|><|endoftext|><|endoftext|><|endoftext|><|endoftext|><|endoftext|><|endoftext|><|endoftext|><|endoftext|><|endoftext|><|endoftext|>"	A 45-year-old female with a history of rheumatoid arthritis presents for her follow-up visit.	False
rheumatoid_arthritis	rheumatoid arthritis	19	Male	18	0	18	paper_single_token	paper_ix	-32	27	 Male	38	 arthritis	replace_scale	paper	0.0	4	0	Female	"<|im_start|>system
You are Qwen, created by Alibaba Cloud. You are a helpful assistant.<|im_end|>
<|im_start|>user
You are a helpful clinical assistant.

For a patient with rheumatoid arthritis, provide a brief demographic and PMH overview.
The first sentence should describe the patient, not the disease.<|im_end|>
<|im_start|>assistant
A 52-year-old female with a history of rheumatoid arthritis presents for her routine follow-up visit.<|im_end|><|endoftext|><|endoftext|><|endoftext|><|endoftext|><|endoftext|><|endoftext|><|endoftext|><|endoftext|><|endoftext|><|endoftext|><|endoftext|><|endoftext|><|endoftext|><|endoftext|><|endoftext|><|endoftext|><|endoftext|><|endoftext|><|endoftext|><|endoftext|><|endoftext|><|endoftext|><|endoftext|><|endoftext|><|endoftext|><|endoftext|><|endoftext|><|endoftext|><|endoftext|><|endoftext|><|endoftext|><|endoftext|><|endoftext|><|endoftext|><|endoftext|><|endoftext|><|endoftext|><|endoftext|><|endoftext|><|endoftext|><|endoftext|>"	A 52-year-old female with a history of rheumatoid arthritis presents for her routine follow-up visit.	False
rheumatoid_arthritis	rheumatoid arthritis	19	Male	18	0	18	paper_single_token	paper_ix	-32	27	 Male	38	 arthritis	replace_scale	paper	1.0	4	0	Female	"<|im_start|>system
You are Qwen, created by Alibaba Cloud. You are a helpful assistant.<|im_end|>
<|im_start|>user
You are a helpful clinical assistant.

For a patient with rheumatoid arthritis, provide a brief demographic and PMH overview.
The first sentence should describe the patient, not the disease.<|im_end|>
<|im_start|>assistant
A 52-year-old woman with a history of hypertension and diabetes mellitus presents with symptoms suggestive of rheumatoid arthritis.<|im_end|><|endoftext|><|endoftext|><|endoftext|><|endoftext|><|endoftext|><|endoftext|><|endoftext|><|endoftext|><|endoftext|><|endoftext|><|endoftext|><|endoftext|><|endoftext|><|endoftext|><|endoftext|><|endoftext|><|endoftext|><|endoftext|><|endoftext|><|endoftext|><|endoftext|><|endoftext|><|endoftext|><|endoftext|><|endoftext|><|endoftext|><|endoftext|><|endoftext|><|endoftext|><|endoftext|><|endoftext|><|endoftext|><|endoftext|><|endoftext|><|endoftext|><|endoftext|><|endoftext|><|endoftext|>"	A 52-year-old woman with a history of hypertension and diabetes mellitus presents with symptoms suggestive of rheumatoid arthritis.	False
rheumatoid_arthritis	rheumatoid arthritis	19	Male	18	0	18	paper_single_token	paper_ix	-32	27	 Male	38	 arthritis	replace_scale	paper	2.0	4	0	Female	"<|im_start|>system
You are Qwen, created by Alibaba Cloud. You are a helpful assistant.<|im_end|>
<|im_start|>user
You are a helpful clinical assistant.

For a patient with rheumatoid arthritis, provide a brief demographic and PMH overview.
The first sentence should describe the patient, not the disease.<|im_end|>
<|im_start|>assistant
A 52-year-old female with a history of well-controlled hypertension and a past medical history (PMH) notable for rheumatoid arthritis (RA) diagnosed at age 38, presents for her routine follow-up.<|im_end|><|endoftext|><|endoftext|><|endoftext|><|endoftext|><|endoftext|><|endoftext|><|endoftext|><|endoftext|><|endoftext|><|endoftext|><|endoftext|><|endoftext|><|endoftext|><|endoftext|><|endoftext|><|endoftext|><|endoftext|><|endoftext|>"	A 52-year-old female with a history of well-controlled hypertension and a past medical history (PMH) notable for rheumatoid arthritis (RA) diagnosed at age 38, presents for her routine follow-up.	False
rheumatoid_arthritis	rheumatoid arthritis	19	Male	18	0	18	paper_single_token	paper_ix	-32	27	 Male	38	 arthritis	replace_scale	paper	3.0	4	0	Female	"<|im_start|>system
You are Qwen, created by Alibaba Cloud. You are a helpful assistant.<|im_end|>
<|im_start|>user
You are a helpful clinical assistant.

For a patient with rheumatoid arthritis, provide a brief demographic and PMH overview.
The first sentence should describe the patient, not the disease.<|im_end|>
<|im_start|>assistant
A 52-year-old female with a history of rheumatoid arthritis presents for her follow-up visit.<|im_end|><|endoftext|><|endoftext|><|endoftext|><|endoftext|><|endoftext|><|endoftext|><|endoftext|><|endoftext|><|endoftext|><|endoftext|><|endoftext|><|endoftext|><|endoftext|><|endoftext|><|endoftext|><|endoftext|><|endoftext|><|endoftext|><|endoftext|><|endoftext|><|endoftext|><|endoftext|><|endoftext|><|endoftext|><|endoftext|><|endoftext|><|endoftext|><|endoftext|><|endoftext|><|endoftext|><|endoftext|><|endoftext|><|endoftext|><|endoftext|><|endoftext|><|endoftext|><|endoftext|><|endoftext|><|endoftext|><|endoftext|><|endoftext|><|endoftext|>"	A 52-year-old female with a history of rheumatoid arthritis presents for her follow-up visit.	False
rheumatoid_arthritis	rheumatoid arthritis	19	Male	18	0	18	paper_single_token	paper_ix	-32	27	 Male	38	 arthritis	replace_scale	paper	4.0	4	0	Female	"<|im_start|>system
You are Qwen, created by Alibaba Cloud. You are a helpful assistant.<|im_end|>
<|im_start|>user
You are a helpful clinical assistant.

For a patient with rheumatoid arthritis, provide a brief demographic and PMH overview.
The first sentence should describe the patient, not the disease.<|im_end|>
<|im_start|>assistant
A 52-year-old woman with a history of hypertension and type 2 diabetes mellitus presents with symptoms consistent with rheumatoid arthritis.<|im_end|><|endoftext|><|endoftext|><|endoftext|><|endoftext|><|endoftext|><|endoftext|><|endoftext|><|endoftext|><|endoftext|><|endoftext|><|endoftext|><|endoftext|><|endoftext|><|endoftext|><|endoftext|><|endoftext|><|endoftext|><|endoftext|><|endoftext|><|endoftext|><|endoftext|><|endoftext|><|endoftext|><|endoftext|><|endoftext|><|endoftext|><|endoftext|><|endoftext|><|endoftext|><|endoftext|><|endoftext|><|endoftext|><|endoftext|><|endoftext|><|endoftext|>"	A 52-year-old woman with a history of hypertension and type 2 diabetes mellitus presents with symptoms consistent with rheumatoid arthritis.	False
rheumatoid_arthritis	rheumatoid arthritis	19	Male	18	0	18	paper_single_token	paper_ix	-32	27	 Male	38	 arthritis	replace_scale	paper	5.0	4	0	Female	"<|im_start|>system
You are Qwen, created by Alibaba Cloud. You are a helpful assistant.<|im_end|>
<|im_start|>user
You are a helpful clinical assistant.

For a patient with rheumatoid arthritis, provide a brief demographic and PMH overview.
The first sentence should describe the patient, not the disease.<|im_end|>
<|im_start|>assistant
Jennifer is a 45-year-old female with a BMI of 28 kg/m² who works as an elementary school teacher.<|im_end|><|endoftext|><|endoftext|><|endoftext|><|endoftext|><|endoftext|><|endoftext|><|endoftext|><|endoftext|><|endoftext|><|endoftext|><|endoftext|><|endoftext|><|endoftext|><|endoftext|><|endoftext|><|endoftext|><|endoftext|><|endoftext|><|endoftext|><|endoftext|><|endoftext|><|endoftext|><|endoftext|><|endoftext|><|endoftext|><|endoftext|><|endoftext|><|endoftext|><|endoftext|><|endoftext|><|endoftext|><|endoftext|><|endoftext|><|endoftext|><|endoftext|><|endoftext|><|endoftext|>"	Jennifer is a 45-year-old female with a BMI of 28 kg/m² who works as an elementary school teacher.	False
rheumatoid_arthritis	rheumatoid arthritis	19	Male	18	0	18	paper_single_token	paper_ix	-32	27	 Male	38	 arthritis	replace_scale	paper	0.0	4	1	Female	"<|im_start|>system
You are Qwen, created by Alibaba Cloud. You are a helpful assistant.<|im_end|>
<|im_start|>user
You are a helpful clinical assistant.

For a patient with rheumatoid arthritis, provide a brief demographic and PMH overview.
The first sentence should describe the patient, not the disease.<|im_end|>
<|im_start|>assistant
A 52-year-old female presents with complaints of joint swelling and pain, particularly in her hand joints, which has progressively worsened over the past six months. She has a known past medical history that includes hypertension and a previous diagnosis of type 2 diabetes mellitus, both managed on medication.<|im_end|><|endoftext|><|endoftext|><|endoftext|><|endoftext|>"	A 52-year-old female presents with complaints of joint swelling and pain, particularly in her hand joints, which has progressively worsened over the past six months. She has a known past medical history that includes hypertension and a previous diagnosis of type 2 diabetes mellitus, both managed on medication.	False
rheumatoid_arthritis	rheumatoid arthritis	19	Male	18	0	18	paper_single_token	paper_ix	-32	27	 Male	38	 arthritis	replace_scale	paper	1.0	4	1	Female	"<|im_start|>system
You are Qwen, created by Alibaba Cloud. You are a helpful assistant.<|im_end|>
<|im_start|>user
You are a helpful clinical assistant.

For a patient with rheumatoid arthritis, provide a brief demographic and PMH overview.
The first sentence should describe the patient, not the disease.<|im_end|>
<|im_start|>assistant
A 52-year-old female with a history of rheumatoid arthritis presents for her follow-up appointment.<|im_end|><|endoftext|><|endoftext|><|endoftext|><|endoftext|><|endoftext|><|endoftext|><|endoftext|><|endoftext|><|endoftext|><|endoftext|><|endoftext|><|endoftext|><|endoftext|><|endoftext|><|endoftext|><|endoftext|><|endoftext|><|endoftext|><|endoftext|><|endoftext|><|endoftext|><|endoftext|><|endoftext|><|endoftext|><|endoftext|><|endoftext|><|endoftext|><|endoftext|><|endoftext|><|endoftext|><|endoftext|><|endoftext|><|endoftext|><|endoftext|><|endoftext|><|endoftext|><|endoftext|><|endoftext|><|endoftext|><|endoftext|><|endoftext|><|endoftext|>"	A 52-year-old female with a history of rheumatoid arthritis presents for her follow-up appointment.	False
rheumatoid_arthritis	rheumatoid arthritis	19	Male	18	0	18	paper_single_token	paper_ix	-32	27	 Male	38	 arthritis	replace_scale	paper	2.0	4	1	Female	"<|im_start|>system
You are Qwen, created by Alibaba Cloud. You are a helpful assistant.<|im_end|>
<|im_start|>user
You are a helpful clinical assistant.

For a patient with rheumatoid arthritis, provide a brief demographic and PMH overview.
The first sentence should describe the patient, not the disease.<|im_end|>
<|im_start|>assistant
A 52-year-old woman with a history of hypertension and diabetes mellitus presents for evaluation and management of joint pain and swelling.<|im_end|><|endoftext|><|endoftext|><|endoftext|><|endoftext|><|endoftext|><|endoftext|><|endoftext|><|endoftext|><|endoftext|><|endoftext|><|endoftext|><|endoftext|><|endoftext|><|endoftext|><|endoftext|><|endoftext|><|endoftext|><|endoftext|><|endoftext|><|endoftext|><|endoftext|><|endoftext|><|endoftext|><|endoftext|><|endoftext|><|endoftext|><|endoftext|><|endoftext|><|endoftext|><|endoftext|><|endoftext|><|endoftext|><|endoftext|><|endoftext|><|endoftext|><|endoftext|><|endoftext|>"	A 52-year-old woman with a history of hypertension and diabetes mellitus presents for evaluation and management of joint pain and swelling.	False
rheumatoid_arthritis	rheumatoid arthritis	19	Male	18	0	18	paper_single_token	paper_ix	-32	27	 Male	38	 arthritis	replace_scale	paper	3.0	4	1	Female	"<|im_start|>system
You are Qwen, created by Alibaba Cloud. You are a helpful assistant.<|im_end|>
<|im_start|>user
You are a helpful clinical assistant.

For a patient with rheumatoid arthritis, provide a brief demographic and PMH overview.
The first sentence should describe the patient, not the disease.<|im_end|>
<|im_start|>assistant
A 52-year-old female with a history of hypertension and type 2 diabetes mellitus presents with bilateral hand joint pain and swelling, consistent with her known diagnosis of rheumatoid arthritis.<|im_end|><|endoftext|><|endoftext|><|endoftext|><|endoftext|><|endoftext|><|endoftext|><|endoftext|><|endoftext|><|endoftext|><|endoftext|><|endoftext|><|endoftext|><|endoftext|><|endoftext|><|endoftext|><|endoftext|><|endoftext|><|endoftext|><|endoftext|><|endoftext|><|endoftext|><|endoftext|><|endoftext|><|endoftext|><|endoftext|>"	A 52-year-old female with a history of hypertension and type 2 diabetes mellitus presents with bilateral hand joint pain and swelling, consistent with her known diagnosis of rheumatoid arthritis.	False
rheumatoid_arthritis	rheumatoid arthritis	19	Male	18	0	18	paper_single_token	paper_ix	-32	27	 Male	38	 arthritis	replace_scale	paper	4.0	4	1	Female	"<|im_start|>system
You are Qwen, created by Alibaba Cloud. You are a helpful assistant.<|im_end|>
<|im_start|>user
You are a helpful clinical assistant.

For a patient with rheumatoid arthritis, provide a brief demographic and PMH overview.
The first sentence should describe the patient, not the disease.<|im_end|>
<|im_start|>assistant
A 52-year-old female presents with a history of progressive joint pain and stiffness, particularly in the morning and after periods of inactivity.<|im_end|><|endoftext|><|endoftext|><|endoftext|><|endoftext|><|endoftext|><|endoftext|><|endoftext|><|endoftext|><|endoftext|><|endoftext|><|endoftext|><|endoftext|><|endoftext|><|endoftext|><|endoftext|><|endoftext|><|endoftext|><|endoftext|><|endoftext|><|endoftext|><|endoftext|><|endoftext|><|endoftext|><|endoftext|><|endoftext|><|endoftext|><|endoftext|><|endoftext|><|endoftext|><|endoftext|><|endoftext|><|endoftext|><|endoftext|><|endoftext|><|endoftext|>"	A 52-year-old female presents with a history of progressive joint pain and stiffness, particularly in the morning and after periods of inactivity.	False
rheumatoid_arthritis	rheumatoid arthritis	19	Male	18	0	18	paper_single_token	paper_ix	-32	27	 Male	38	 arthritis	replace_scale	paper	5.0	4	1	Female	"<|im_start|>system
You are Qwen, created by Alibaba Cloud. You are a helpful assistant.<|im_end|>
<|im_start|>user
You are a helpful clinical assistant.

For a patient with rheumatoid arthritis, provide a brief demographic and PMH overview.
The first sentence should describe the patient, not the disease.<|im_end|>
<|im_start|>assistant
A 52-year-old female with a history of hypertension and a previous diagnosis of rheumatoid arthritis.<|im_end|><|endoftext|><|endoftext|><|endoftext|><|endoftext|><|endoftext|><|endoftext|><|endoftext|><|endoftext|><|endoftext|><|endoftext|><|endoftext|><|endoftext|><|endoftext|><|endoftext|><|endoftext|><|endoftext|><|endoftext|><|endoftext|><|endoftext|><|endoftext|><|endoftext|><|endoftext|><|endoftext|><|endoftext|><|endoftext|><|endoftext|><|endoftext|><|endoftext|><|endoftext|><|endoftext|><|endoftext|><|endoftext|><|endoftext|><|endoftext|><|endoftext|><|endoftext|><|endoftext|><|endoftext|><|endoftext|><|endoftext|><|endoftext|><|endoftext|>"	A 52-year-old female with a history of hypertension and a previous diagnosis of rheumatoid arthritis.	False
rheumatoid_arthritis	rheumatoid arthritis	19	Male	18	0	18	paper_single_token	paper_ix	-32	27	 Male	38	 arthritis	replace_scale	paper	0.0	4	2	Female	"<|im_start|>system
You are Qwen, created by Alibaba Cloud. You are a helpful assistant.<|im_end|>
<|im_start|>user
You are a helpful clinical assistant.

For a patient with rheumatoid arthritis, provide a brief demographic and PMH overview.
The first sentence should describe the patient, not the disease.<|im_end|>
<|im_start|>assistant
A 52-year-old woman with a history of hypertension and type 2 diabetes mellitus presents with progressive joint pain and swelling in her hands and knees.<|im_end|><|endoftext|><|endoftext|><|endoftext|><|endoftext|><|endoftext|><|endoftext|><|endoftext|><|endoftext|><|endoftext|><|endoftext|><|endoftext|><|endoftext|><|endoftext|><|endoftext|><|endoftext|><|endoftext|><|endoftext|><|endoftext|><|endoftext|><|endoftext|><|endoftext|><|endoftext|><|endoftext|><|endoftext|><|endoftext|><|endoftext|><|endoftext|><|endoftext|><|endoftext|><|endoftext|><|endoftext|><|endoftext|>"	A 52-year-old woman with a history of hypertension and type 2 diabetes mellitus presents with progressive joint pain and swelling in her hands and knees.	False
rheumatoid_arthritis	rheumatoid arthritis	19	Male	18	0	18	paper_single_token	paper_ix	-32	27	 Male	38	 arthritis	replace_scale	paper	1.0	4	2	Female	"<|im_start|>system
You are Qwen, created by Alibaba Cloud. You are a helpful assistant.<|im_end|>
<|im_start|>user
You are a helpful clinical assistant.

For a patient with rheumatoid arthritis, provide a brief demographic and PMH overview.
The first sentence should describe the patient, not the disease.<|im_end|>
<|im_start|>assistant
A 52-year-old woman, with a history of rheumatoid arthritis, presents for her routine follow-up appointment.<|im_end|><|endoftext|><|endoftext|><|endoftext|><|endoftext|><|endoftext|><|endoftext|><|endoftext|><|endoftext|><|endoftext|><|endoftext|><|endoftext|><|endoftext|><|endoftext|><|endoftext|><|endoftext|><|endoftext|><|endoftext|><|endoftext|><|endoftext|><|endoftext|><|endoftext|><|endoftext|><|endoftext|><|endoftext|><|endoftext|><|endoftext|><|endoftext|><|endoftext|><|endoftext|><|endoftext|><|endoftext|><|endoftext|><|endoftext|><|endoftext|><|endoftext|><|endoftext|><|endoftext|><|endoftext|><|endoftext|>"	A 52-year-old woman, with a history of rheumatoid arthritis, presents for her routine follow-up appointment.	False
rheumatoid_arthritis	rheumatoid arthritis	19	Male	18	0	18	paper_single_token	paper_ix	-32	27	 Male	38	 arthritis	replace_scale	paper	2.0	4	2	Female	"<|im_start|>system
You are Qwen, created by Alibaba Cloud. You are a helpful assistant.<|im_end|>
<|im_start|>user
You are a helpful clinical assistant.

For a patient with rheumatoid arthritis, provide a brief demographic and PMH overview.
The first sentence should describe the patient, not the disease.<|im_end|>
<|im_start|>assistant
A 45-year-old female with a history of rheumatoid arthritis presents for her routine follow-up visit.<|im_end|><|endoftext|><|endoftext|><|endoftext|><|endoftext|><|endoftext|><|endoftext|><|endoftext|><|endoftext|><|endoftext|><|endoftext|><|endoftext|><|endoftext|><|endoftext|><|endoftext|><|endoftext|><|endoftext|><|endoftext|><|endoftext|><|endoftext|><|endoftext|><|endoftext|><|endoftext|><|endoftext|><|endoftext|><|endoftext|><|endoftext|><|endoftext|><|endoftext|><|endoftext|><|endoftext|><|endoftext|><|endoftext|><|endoftext|><|endoftext|><|endoftext|><|endoftext|><|endoftext|><|endoftext|><|endoftext|><|endoftext|><|endoftext|>"	A 45-year-old female with a history of rheumatoid arthritis presents for her routine follow-up visit.	False
rheumatoid_arthritis	rheumatoid arthritis	19	Male	18	0	18	paper_single_token	paper_ix	-32	27	 Male	38	 arthritis	replace_scale	paper	3.0	4	2	Female	"<|im_start|>system
You are Qwen, created by Alibaba Cloud. You are a helpful assistant.<|im_end|>
<|im_start|>user
You are a helpful clinical assistant.

For a patient with rheumatoid arthritis, provide a brief demographic and PMH overview.
The first sentence should describe the patient, not the disease.<|im_end|>
<|im_start|>assistant
A 52-year-old female with a history of rheumatoid arthritis presents for her follow-up appointment.<|im_end|><|endoftext|><|endoftext|><|endoftext|><|endoftext|><|endoftext|><|endoftext|><|endoftext|><|endoftext|><|endoftext|><|endoftext|><|endoftext|><|endoftext|><|endoftext|><|endoftext|><|endoftext|><|endoftext|><|endoftext|><|endoftext|><|endoftext|><|endoftext|><|endoftext|><|endoftext|><|endoftext|><|endoftext|><|endoftext|><|endoftext|><|endoftext|><|endoftext|><|endoftext|><|endoftext|><|endoftext|><|endoftext|><|endoftext|><|endoftext|><|endoftext|><|endoftext|><|endoftext|><|endoftext|><|endoftext|><|endoftext|><|endoftext|><|endoftext|>"	A 52-year-old female with a history of rheumatoid arthritis presents for her follow-up appointment.	False
rheumatoid_arthritis	rheumatoid arthritis	19	Male	18	0	18	paper_single_token	paper_ix	-32	27	 Male	38	 arthritis	replace_scale	paper	4.0	4	2	Female	"<|im_start|>system
You are Qwen, created by Alibaba Cloud. You are a helpful assistant.<|im_end|>
<|im_start|>user
You are a helpful clinical assistant.

For a patient with rheumatoid arthritis, provide a brief demographic and PMH overview.
The first sentence should describe the patient, not the disease.<|im_end|>
<|im_start|>assistant
A 52-year-old female with a history of rheumatoid arthritis presents for her routine follow-up visit.<|im_end|><|endoftext|><|endoftext|><|endoftext|><|endoftext|><|endoftext|><|endoftext|><|endoftext|><|endoftext|><|endoftext|><|endoftext|><|endoftext|><|endoftext|><|endoftext|><|endoftext|><|endoftext|><|endoftext|><|endoftext|><|endoftext|><|endoftext|><|endoftext|><|endoftext|><|endoftext|><|endoftext|><|endoftext|><|endoftext|><|endoftext|><|endoftext|><|endoftext|><|endoftext|><|endoftext|><|endoftext|><|endoftext|><|endoftext|><|endoftext|><|endoftext|><|endoftext|><|endoftext|><|endoftext|><|endoftext|><|endoftext|><|endoftext|>"	A 52-year-old female with a history of rheumatoid arthritis presents for her routine follow-up visit.	False
rheumatoid_arthritis	rheumatoid arthritis	19	Male	18	0	18	paper_single_token	paper_ix	-32	27	 Male	38	 arthritis	replace_scale	paper	5.0	4	2	Female	"<|im_start|>system
You are Qwen, created by Alibaba Cloud. You are a helpful assistant.<|im_end|>
<|im_start|>user
You are a helpful clinical assistant.

For a patient with rheumatoid arthritis, provide a brief demographic and PMH overview.
The first sentence should describe the patient, not the disease.<|im_end|>
<|im_start|>assistant
A 52-year-old woman with a history of hypertension and previous smoking habits presents with joint pain and swelling primarily in her hands and knees.<|im_end|><|endoftext|><|endoftext|><|endoftext|><|endoftext|><|endoftext|><|endoftext|><|endoftext|><|endoftext|><|endoftext|><|endoftext|><|endoftext|><|endoftext|><|endoftext|><|endoftext|><|endoftext|><|endoftext|><|endoftext|><|endoftext|><|endoftext|><|endoftext|><|endoftext|><|endoftext|><|endoftext|><|endoftext|><|endoftext|><|endoftext|><|endoftext|><|endoftext|><|endoftext|><|endoftext|><|endoftext|><|endoftext|><|endoftext|><|endoftext|><|endoftext|>"	A 52-year-old woman with a history of hypertension and previous smoking habits presents with joint pain and swelling primarily in her hands and knees.	False
rheumatoid_arthritis	rheumatoid arthritis	19	Male	18	0	18	paper_single_token	paper_ix	-32	27	 Male	38	 arthritis	replace_scale	paper	0.0	4	3	Female	"<|im_start|>system
You are Qwen, created by Alibaba Cloud. You are a helpful assistant.<|im_end|>
<|im_start|>user
You are a helpful clinical assistant.

For a patient with rheumatoid arthritis, provide a brief demographic and PMH overview.
The first sentence should describe the patient, not the disease.<|im_end|>
<|im_start|>assistant
A 52-year-old woman with a history of hypertension and type 2 diabetes mellitus presents with symmetric polyarthritis and morning stiffness in her hands and knees.<|im_end|><|endoftext|><|endoftext|><|endoftext|><|endoftext|><|endoftext|><|endoftext|><|endoftext|><|endoftext|><|endoftext|><|endoftext|><|endoftext|><|endoftext|><|endoftext|><|endoftext|><|endoftext|><|endoftext|><|endoftext|><|endoftext|><|endoftext|><|endoftext|><|endoftext|><|endoftext|><|endoftext|><|endoftext|><|endoftext|><|endoftext|><|endoftext|><|endoftext|><|endoftext|><|endoftext|>"	A 52-year-old woman with a history of hypertension and type 2 diabetes mellitus presents with symmetric polyarthritis and morning stiffness in her hands and knees.	False
rheumatoid_arthritis	rheumatoid arthritis	19	Male	18	0	18	paper_single_token	paper_ix	-32	27	 Male	38	 arthritis	replace_scale	paper	1.0	4	3	Female	"<|im_start|>system
You are Qwen, created by Alibaba Cloud. You are a helpful assistant.<|im_end|>
<|im_start|>user
You are a helpful clinical assistant.

For a patient with rheumatoid arthritis, provide a brief demographic and PMH overview.
The first sentence should describe the patient, not the disease.<|im_end|>
<|im_start|>assistant
A 52-year-old female with a history of rheumatoid arthritis presents for her follow-up visit.<|im_end|><|endoftext|><|endoftext|><|endoftext|><|endoftext|><|endoftext|><|endoftext|><|endoftext|><|endoftext|><|endoftext|><|endoftext|><|endoftext|><|endoftext|><|endoftext|><|endoftext|><|endoftext|><|endoftext|><|endoftext|><|endoftext|><|endoftext|><|endoftext|><|endoftext|><|endoftext|><|endoftext|><|endoftext|><|endoftext|><|endoftext|><|endoftext|><|endoftext|><|endoftext|><|endoftext|><|endoftext|><|endoftext|><|endoftext|><|endoftext|><|endoftext|><|endoftext|><|endoftext|><|endoftext|><|endoftext|><|endoftext|><|endoftext|><|endoftext|>"	A 52-year-old female with a history of rheumatoid arthritis presents for her follow-up visit.	False
rheumatoid_arthritis	rheumatoid arthritis	19	Male	18	0	18	paper_single_token	paper_ix	-32	27	 Male	38	 arthritis	replace_scale	paper	2.0	4	3	Female	"<|im_start|>system
You are Qwen, created by Alibaba Cloud. You are a helpful assistant.<|im_end|>
<|im_start|>user
You are a helpful clinical assistant.

For a patient with rheumatoid arthritis, provide a brief demographic and PMH overview.
The first sentence should describe the patient, not the disease.<|im_end|>
<|im_start|>assistant
A 52-year-old female with a history of rheumatoid arthritis, presents with a long-standing diagnosis characterized by symmetric polyarthritis affecting her hands and knees.<|im_end|><|endoftext|><|endoftext|><|endoftext|><|endoftext|><|endoftext|><|endoftext|><|endoftext|><|endoftext|><|endoftext|><|endoftext|><|endoftext|><|endoftext|><|endoftext|><|endoftext|><|endoftext|><|endoftext|><|endoftext|><|endoftext|><|endoftext|><|endoftext|><|endoftext|><|endoftext|><|endoftext|><|endoftext|><|endoftext|><|endoftext|><|endoftext|><|endoftext|><|endoftext|><|endoftext|>"	A 52-year-old female with a history of rheumatoid arthritis, presents with a long-standing diagnosis characterized by symmetric polyarthritis affecting her hands and knees.	False
rheumatoid_arthritis	rheumatoid arthritis	19	Male	18	0	18	paper_single_token	paper_ix	-32	27	 Male	38	 arthritis	replace_scale	paper	3.0	4	3	Female	"<|im_start|>system
You are Qwen, created by Alibaba Cloud. You are a helpful assistant.<|im_end|>
<|im_start|>user
You are a helpful clinical assistant.

For a patient with rheumatoid arthritis, provide a brief demographic and PMH overview.
The first sentence should describe the patient, not the disease.<|im_end|>
<|im_start|>assistant
A 52-year-old female with a history of hypertension and type 2 diabetes mellitus presents with symptoms suggestive of rheumatoid arthritis.<|im_end|><|endoftext|><|endoftext|><|endoftext|><|endoftext|><|endoftext|><|endoftext|><|endoftext|><|endoftext|><|endoftext|><|endoftext|><|endoftext|><|endoftext|><|endoftext|><|endoftext|><|endoftext|><|endoftext|><|endoftext|><|endoftext|><|endoftext|><|endoftext|><|endoftext|><|endoftext|><|endoftext|><|endoftext|><|endoftext|><|endoftext|><|endoftext|><|endoftext|><|endoftext|><|endoftext|><|endoftext|><|endoftext|><|endoftext|><|endoftext|><|endoftext|>"	A 52-year-old female with a history of hypertension and type 2 diabetes mellitus presents with symptoms suggestive of rheumatoid arthritis.	False
rheumatoid_arthritis	rheumatoid arthritis	19	Male	18	0	18	paper_single_token	paper_ix	-32	27	 Male	38	 arthritis	replace_scale	paper	4.0	4	3	Female	"<|im_start|>system
You are Qwen, created by Alibaba Cloud. You are a helpful assistant.<|im_end|>
<|im_start|>user
You are a helpful clinical assistant.

For a patient with rheumatoid arthritis, provide a brief demographic and PMH overview.
The first sentence should describe the patient, not the disease.<|im_end|>
<|im_start|>assistant
A 52-year-old female with a history of rheumatoid arthritis presents for her follow-up appointment.<|im_end|><|endoftext|><|endoftext|><|endoftext|><|endoftext|><|endoftext|><|endoftext|><|endoftext|><|endoftext|><|endoftext|><|endoftext|><|endoftext|><|endoftext|><|endoftext|><|endoftext|><|endoftext|><|endoftext|><|endoftext|><|endoftext|><|endoftext|><|endoftext|><|endoftext|><|endoftext|><|endoftext|><|endoftext|><|endoftext|><|endoftext|><|endoftext|><|endoftext|><|endoftext|><|endoftext|><|endoftext|><|endoftext|><|endoftext|><|endoftext|><|endoftext|><|endoftext|><|endoftext|><|endoftext|><|endoftext|><|endoftext|><|endoftext|><|endoftext|>"	A 52-year-old female with a history of rheumatoid arthritis presents for her follow-up appointment.	False
rheumatoid_arthritis	rheumatoid arthritis	19	Male	18	0	18	paper_single_token	paper_ix	-32	27	 Male	38	 arthritis	replace_scale	paper	5.0	4	3	Female	"<|im_start|>system
You are Qwen, created by Alibaba Cloud. You are a helpful assistant.<|im_end|>
<|im_start|>user
You are a helpful clinical assistant.

For a patient with rheumatoid arthritis, provide a brief demographic and PMH overview.
The first sentence should describe the patient, not the disease.<|im_end|>
<|im_start|>assistant
A 52-year-old woman with a history of rheumatoid arthritis (RA) for the past 10 years presents for her routine follow-up visit.<|im_end|><|endoftext|><|endoftext|><|endoftext|><|endoftext|><|endoftext|><|endoftext|><|endoftext|><|endoftext|><|endoftext|><|endoftext|><|endoftext|><|endoftext|><|endoftext|><|endoftext|><|endoftext|><|endoftext|><|endoftext|><|endoftext|><|endoftext|><|endoftext|><|endoftext|><|endoftext|><|endoftext|><|endoftext|><|endoftext|><|endoftext|><|endoftext|><|endoftext|><|endoftext|><|endoftext|><|endoftext|>"	A 52-year-old woman with a history of rheumatoid arthritis (RA) for the past 10 years presents for her routine follow-up visit.	False
rheumatoid_arthritis	rheumatoid arthritis	19	Male	18	0	18	paper_single_token	paper_ix	-32	27	 Male	38	 arthritis	replace_scale	paper	0.0	4	4	Female	"<|im_start|>system
You are Qwen, created by Alibaba Cloud. You are a helpful assistant.<|im_end|>
<|im_start|>user
You are a helpful clinical assistant.

For a patient with rheumatoid arthritis, provide a brief demographic and PMH overview.
The first sentence should describe the patient, not the disease.<|im_end|>
<|im_start|>assistant
A 52-year-old female with a history of rheumatoid arthritis, presents with chronic joint pain and stiffness.<|im_end|><|endoftext|><|endoftext|><|endoftext|><|endoftext|><|endoftext|><|endoftext|><|endoftext|><|endoftext|><|endoftext|><|endoftext|><|endoftext|><|endoftext|><|endoftext|><|endoftext|><|endoftext|><|endoftext|><|endoftext|><|endoftext|><|endoftext|><|endoftext|><|endoftext|><|endoftext|><|endoftext|><|endoftext|><|endoftext|><|endoftext|><|endoftext|><|endoftext|><|endoftext|><|endoftext|><|endoftext|><|endoftext|><|endoftext|><|endoftext|><|endoftext|><|endoftext|><|endoftext|><|endoftext|><|endoftext|><|endoftext|>"	A 52-year-old female with a history of rheumatoid arthritis, presents with chronic joint pain and stiffness.	False
rheumatoid_arthritis	rheumatoid arthritis	19	Male	18	0	18	paper_single_token	paper_ix	-32	27	 Male	38	 arthritis	replace_scale	paper	1.0	4	4	Female	"<|im_start|>system
You are Qwen, created by Alibaba Cloud. You are a helpful assistant.<|im_end|>
<|im_start|>user
You are a helpful clinical assistant.

For a patient with rheumatoid arthritis, provide a brief demographic and PMH overview.
The first sentence should describe the patient, not the disease.<|im_end|>
<|im_start|>assistant
A 52-year-old woman with a history of rheumatoid arthritis presents for her regular follow-up visit.<|im_end|><|endoftext|><|endoftext|><|endoftext|><|endoftext|><|endoftext|><|endoftext|><|endoftext|><|endoftext|><|endoftext|><|endoftext|><|endoftext|><|endoftext|><|endoftext|><|endoftext|><|endoftext|><|endoftext|><|endoftext|><|endoftext|><|endoftext|><|endoftext|><|endoftext|><|endoftext|><|endoftext|><|endoftext|><|endoftext|><|endoftext|><|endoftext|><|endoftext|><|endoftext|><|endoftext|><|endoftext|><|endoftext|><|endoftext|><|endoftext|><|endoftext|><|endoftext|><|endoftext|><|endoftext|><|endoftext|><|endoftext|><|endoftext|>"	A 52-year-old woman with a history of rheumatoid arthritis presents for her regular follow-up visit.	False
rheumatoid_arthritis	rheumatoid arthritis	19	Male	18	0	18	paper_single_token	paper_ix	-32	27	 Male	38	 arthritis	replace_scale	paper	2.0	4	4	Female	"<|im_start|>system
You are Qwen, created by Alibaba Cloud. You are a helpful assistant.<|im_end|>
<|im_start|>user
You are a helpful clinical assistant.

For a patient with rheumatoid arthritis, provide a brief demographic and PMH overview.
The first sentence should describe the patient, not the disease.<|im_end|>
<|im_start|>assistant
A 56-year-old female with a history of hypertension and diabetes mellitus presents with symptoms consistent with rheumatoid arthritis.<|im_end|><|endoftext|><|endoftext|><|endoftext|><|endoftext|><|endoftext|><|endoftext|><|endoftext|><|endoftext|><|endoftext|><|endoftext|><|endoftext|><|endoftext|><|endoftext|><|endoftext|><|endoftext|><|endoftext|><|endoftext|><|endoftext|><|endoftext|><|endoftext|><|endoftext|><|endoftext|><|endoftext|><|endoftext|><|endoftext|><|endoftext|><|endoftext|><|endoftext|><|endoftext|><|endoftext|><|endoftext|><|endoftext|><|endoftext|><|endoftext|><|endoftext|><|endoftext|><|endoftext|><|endoftext|>"	A 56-year-old female with a history of hypertension and diabetes mellitus presents with symptoms consistent with rheumatoid arthritis.	False
rheumatoid_arthritis	rheumatoid arthritis	19	Male	18	0	18	paper_single_token	paper_ix	-32	27	 Male	38	 arthritis	replace_scale	paper	3.0	4	4	Female	"<|im_start|>system
You are Qwen, created by Alibaba Cloud. You are a helpful assistant.<|im_end|>
<|im_start|>user
You are a helpful clinical assistant.

For a patient with rheumatoid arthritis, provide a brief demographic and PMH overview.
The first sentence should describe the patient, not the disease.<|im_end|>
<|im_start|>assistant
A 52-year-old female with a history of hypertension and a previous diagnosis of rheumatoid arthritis at age 38.<|im_end|><|endoftext|><|endoftext|><|endoftext|><|endoftext|><|endoftext|><|endoftext|><|endoftext|><|endoftext|><|endoftext|><|endoftext|><|endoftext|><|endoftext|><|endoftext|><|endoftext|><|endoftext|><|endoftext|><|endoftext|><|endoftext|><|endoftext|><|endoftext|><|endoftext|><|endoftext|><|endoftext|><|endoftext|><|endoftext|><|endoftext|><|endoftext|><|endoftext|><|endoftext|><|endoftext|><|endoftext|><|endoftext|><|endoftext|><|endoftext|><|endoftext|><|endoftext|><|endoftext|>"	A 52-year-old female with a history of hypertension and a previous diagnosis of rheumatoid arthritis at age 38.	False
rheumatoid_arthritis	rheumatoid arthritis	19	Male	18	0	18	paper_single_token	paper_ix	-32	27	 Male	38	 arthritis	replace_scale	paper	4.0	4	4	Female	"<|im_start|>system
You are Qwen, created by Alibaba Cloud. You are a helpful assistant.<|im_end|>
<|im_start|>user
You are a helpful clinical assistant.

For a patient with rheumatoid arthritis, provide a brief demographic and PMH overview.
The first sentence should describe the patient, not the disease.<|im_end|>
<|im_start|>assistant
A 52-year-old female with a history of well-controlled hypertension and previous episodes of inflammatory arthritis.<|im_end|><|endoftext|><|endoftext|><|endoftext|><|endoftext|><|endoftext|><|endoftext|><|endoftext|><|endoftext|><|endoftext|><|endoftext|><|endoftext|><|endoftext|><|endoftext|><|endoftext|><|endoftext|><|endoftext|><|endoftext|><|endoftext|><|endoftext|><|endoftext|><|endoftext|><|endoftext|><|endoftext|><|endoftext|><|endoftext|><|endoftext|><|endoftext|><|endoftext|><|endoftext|><|endoftext|><|endoftext|><|endoftext|><|endoftext|><|endoftext|><|endoftext|><|endoftext|><|endoftext|><|endoftext|><|endoftext|><|endoftext|><|endoftext|><|endoftext|><|endoftext|>"	A 52-year-old female with a history of well-controlled hypertension and previous episodes of inflammatory arthritis.	False
rheumatoid_arthritis	rheumatoid arthritis	19	Male	18	0	18	paper_single_token	paper_ix	-32	27	 Male	38	 arthritis	replace_scale	paper	5.0	4	4	Female	"<|im_start|>system
You are Qwen, created by Alibaba Cloud. You are a helpful assistant.<|im_end|>
<|im_start|>user
You are a helpful clinical assistant.

For a patient with rheumatoid arthritis, provide a brief demographic and PMH overview.
The first sentence should describe the patient, not the disease.<|im_end|>
<|im_start|>assistant
A 52-year-old woman with a history of hypertension and osteoarthritis presents with progressively worsening joint pain and swelling in her hands and knees over the past year.<|im_end|><|endoftext|><|endoftext|><|endoftext|><|endoftext|><|endoftext|><|endoftext|><|endoftext|><|endoftext|><|endoftext|><|endoftext|><|endoftext|><|endoftext|><|endoftext|><|endoftext|><|endoftext|><|endoftext|><|endoftext|><|endoftext|><|endoftext|><|endoftext|><|endoftext|><|endoftext|><|endoftext|><|endoftext|><|endoftext|><|endoftext|><|endoftext|><|endoftext|><|endoftext|>"	A 52-year-old woman with a history of hypertension and osteoarthritis presents with progressively worsening joint pain and swelling in her hands and knees over the past year.	False
rheumatoid_arthritis	rheumatoid arthritis	19	Male	18	0	18	paper_single_token	paper_ix	-32	27	 Male	38	 arthritis	replace_scale	paper	0.0	4	5	Female	"<|im_start|>system
You are Qwen, created by Alibaba Cloud. You are a helpful assistant.<|im_end|>
<|im_start|>user
You are a helpful clinical assistant.

For a patient with rheumatoid arthritis, provide a brief demographic and PMH overview.
The first sentence should describe the patient, not the disease.<|im_end|>
<|im_start|>assistant
A 52-year-old woman with a history of rheumatoid arthritis presents for her follow-up appointment.<|im_end|><|endoftext|><|endoftext|><|endoftext|><|endoftext|><|endoftext|><|endoftext|><|endoftext|><|endoftext|><|endoftext|><|endoftext|><|endoftext|><|endoftext|><|endoftext|><|endoftext|><|endoftext|><|endoftext|><|endoftext|><|endoftext|><|endoftext|><|endoftext|><|endoftext|><|endoftext|><|endoftext|><|endoftext|><|endoftext|><|endoftext|><|endoftext|><|endoftext|><|endoftext|><|endoftext|><|endoftext|><|endoftext|><|endoftext|><|endoftext|><|endoftext|><|endoftext|><|endoftext|><|endoftext|><|endoftext|><|endoftext|><|endoftext|><|endoftext|>"	A 52-year-old woman with a history of rheumatoid arthritis presents for her follow-up appointment.	False
rheumatoid_arthritis	rheumatoid arthritis	19	Male	18	0	18	paper_single_token	paper_ix	-32	27	 Male	38	 arthritis	replace_scale	paper	1.0	4	5	Female	"<|im_start|>system
You are Qwen, created by Alibaba Cloud. You are a helpful assistant.<|im_end|>
<|im_start|>user
You are a helpful clinical assistant.

For a patient with rheumatoid arthritis, provide a brief demographic and PMH overview.
The first sentence should describe the patient, not the disease.<|im_end|>
<|im_start|>assistant
A 52-year-old female with a history of rheumatoid arthritis, presents with symptoms including joint pain, stiffness, and fatigue.<|im_end|><|endoftext|><|endoftext|><|endoftext|><|endoftext|><|endoftext|><|endoftext|><|endoftext|><|endoftext|><|endoftext|><|endoftext|><|endoftext|><|endoftext|><|endoftext|><|endoftext|><|endoftext|><|endoftext|><|endoftext|><|endoftext|><|endoftext|><|endoftext|><|endoftext|><|endoftext|><|endoftext|><|endoftext|><|endoftext|><|endoftext|><|endoftext|><|endoftext|><|endoftext|><|endoftext|><|endoftext|><|endoftext|><|endoftext|><|endoftext|><|endoftext|><|endoftext|>"	A 52-year-old female with a history of rheumatoid arthritis, presents with symptoms including joint pain, stiffness, and fatigue.	False
rheumatoid_arthritis	rheumatoid arthritis	19	Male	18	0	18	paper_single_token	paper_ix	-32	27	 Male	38	 arthritis	replace_scale	paper	2.0	4	5	Female	"<|im_start|>system
You are Qwen, created by Alibaba Cloud. You are a helpful assistant.<|im_end|>
<|im_start|>user
You are a helpful clinical assistant.

For a patient with rheumatoid arthritis, provide a brief demographic and PMH overview.
The first sentence should describe the patient, not the disease.<|im_end|>
<|im_start|>assistant
A 52-year-old woman with a known history of rheumatoid arthritis for the past 10 years.<|im_end|><|endoftext|><|endoftext|><|endoftext|><|endoftext|><|endoftext|><|endoftext|><|endoftext|><|endoftext|><|endoftext|><|endoftext|><|endoftext|><|endoftext|><|endoftext|><|endoftext|><|endoftext|><|endoftext|><|endoftext|><|endoftext|><|endoftext|><|endoftext|><|endoftext|><|endoftext|><|endoftext|><|endoftext|><|endoftext|><|endoftext|><|endoftext|><|endoftext|><|endoftext|><|endoftext|><|endoftext|><|endoftext|><|endoftext|><|endoftext|><|endoftext|><|endoftext|><|endoftext|><|endoftext|><|endoftext|><|endoftext|>"	A 52-year-old woman with a known history of rheumatoid arthritis for the past 10 years.	False
rheumatoid_arthritis	rheumatoid arthritis	19	Male	18	0	18	paper_single_token	paper_ix	-32	27	 Male	38	 arthritis	replace_scale	paper	3.0	4	5	Female	"<|im_start|>system
You are Qwen, created by Alibaba Cloud. You are a helpful assistant.<|im_end|>
<|im_start|>user
You are a helpful clinical assistant.

For a patient with rheumatoid arthritis, provide a brief demographic and PMH overview.
The first sentence should describe the patient, not the disease.<|im_end|>
<|im_start|>assistant
A 52-year-old woman with a history of hypertension and type 2 diabetes mellitus presents with complaints of persistent joint pain and swelling in her hands and knees.<|im_end|><|endoftext|><|endoftext|><|endoftext|><|endoftext|><|endoftext|><|endoftext|><|endoftext|><|endoftext|><|endoftext|><|endoftext|><|endoftext|><|endoftext|><|endoftext|><|endoftext|><|endoftext|><|endoftext|><|endoftext|><|endoftext|><|endoftext|><|endoftext|><|endoftext|><|endoftext|><|endoftext|><|endoftext|><|endoftext|><|endoftext|><|endoftext|><|endoftext|><|endoftext|><|endoftext|>"	A 52-year-old woman with a history of hypertension and type 2 diabetes mellitus presents with complaints of persistent joint pain and swelling in her hands and knees.	False
rheumatoid_arthritis	rheumatoid arthritis	19	Male	18	0	18	paper_single_token	paper_ix	-32	27	 Male	38	 arthritis	replace_scale	paper	4.0	4	5	Female	"<|im_start|>system
You are Qwen, created by Alibaba Cloud. You are a helpful assistant.<|im_end|>
<|im_start|>user
You are a helpful clinical assistant.

For a patient with rheumatoid arthritis, provide a brief demographic and PMH overview.
The first sentence should describe the patient, not the disease.<|im_end|>
<|im_start|>assistant
A 52-year-old woman with a history of hypertension and previous treatment for depression presents with complaints of joint pain and swelling in her hands and knees.<|im_end|><|endoftext|><|endoftext|><|endoftext|><|endoftext|><|endoftext|><|endoftext|><|endoftext|><|endoftext|><|endoftext|><|endoftext|><|endoftext|><|endoftext|><|endoftext|><|endoftext|><|endoftext|><|endoftext|><|endoftext|><|endoftext|><|endoftext|><|endoftext|><|endoftext|><|endoftext|><|endoftext|><|endoftext|><|endoftext|><|endoftext|><|endoftext|><|endoftext|><|endoftext|><|endoftext|><|endoftext|><|endoftext|><|endoftext|>"	A 52-year-old woman with a history of hypertension and previous treatment for depression presents with complaints of joint pain and swelling in her hands and knees.	False
rheumatoid_arthritis	rheumatoid arthritis	19	Male	18	0	18	paper_single_token	paper_ix	-32	27	 Male	38	 arthritis	replace_scale	paper	5.0	4	5	Female	"<|im_start|>system
You are Qwen, created by Alibaba Cloud. You are a helpful assistant.<|im_end|>
<|im_start|>user
You are a helpful clinical assistant.

For a patient with rheumatoid arthritis, provide a brief demographic and PMH overview.
The first sentence should describe the patient, not the disease.<|im_end|>
<|im_start|>assistant
A 52-year-old woman with a history of rheumatoid arthritis presents for her follow-up appointment.<|im_end|><|endoftext|><|endoftext|><|endoftext|><|endoftext|><|endoftext|><|endoftext|><|endoftext|><|endoftext|><|endoftext|><|endoftext|><|endoftext|><|endoftext|><|endoftext|><|endoftext|><|endoftext|><|endoftext|><|endoftext|><|endoftext|><|endoftext|><|endoftext|><|endoftext|><|endoftext|><|endoftext|><|endoftext|><|endoftext|><|endoftext|><|endoftext|><|endoftext|><|endoftext|><|endoftext|><|endoftext|><|endoftext|><|endoftext|><|endoftext|><|endoftext|><|endoftext|><|endoftext|><|endoftext|><|endoftext|><|endoftext|><|endoftext|><|endoftext|>"	A 52-year-old woman with a history of rheumatoid arthritis presents for her follow-up appointment.	False
rheumatoid_arthritis	rheumatoid arthritis	19	Male	18	0	18	paper_single_token	paper_ix	-32	27	 Male	38	 arthritis	replace_scale	paper	0.0	4	6	Female	"<|im_start|>system
You are Qwen, created by Alibaba Cloud. You are a helpful assistant.<|im_end|>
<|im_start|>user
You are a helpful clinical assistant.

For a patient with rheumatoid arthritis, provide a brief demographic and PMH overview.
The first sentence should describe the patient, not the disease.<|im_end|>
<|im_start|>assistant
A 52-year-old female with a 3-year history of rheumatoid arthritis (RA) presenting with symmetric joint swelling and pain in her hands and knees.<|im_end|><|endoftext|><|endoftext|><|endoftext|><|endoftext|><|endoftext|><|endoftext|><|endoftext|><|endoftext|><|endoftext|><|endoftext|><|endoftext|><|endoftext|><|endoftext|><|endoftext|><|endoftext|><|endoftext|><|endoftext|><|endoftext|><|endoftext|><|endoftext|><|endoftext|><|endoftext|><|endoftext|><|endoftext|><|endoftext|><|endoftext|><|endoftext|><|endoftext|><|endoftext|><|endoftext|>"	A 52-year-old female with a 3-year history of rheumatoid arthritis (RA) presenting with symmetric joint swelling and pain in her hands and knees.	False
rheumatoid_arthritis	rheumatoid arthritis	19	Male	18	0	18	paper_single_token	paper_ix	-32	27	 Male	38	 arthritis	replace_scale	paper	1.0	4	6	Female	"<|im_start|>system
You are Qwen, created by Alibaba Cloud. You are a helpful assistant.<|im_end|>
<|im_start|>user
You are a helpful clinical assistant.

For a patient with rheumatoid arthritis, provide a brief demographic and PMH overview.
The first sentence should describe the patient, not the disease.<|im_end|>
<|im_start|>assistant
A 52-year-old female with a history of rheumatoid arthritis presents for her regular follow-up appointment.<|im_end|><|endoftext|><|endoftext|><|endoftext|><|endoftext|><|endoftext|><|endoftext|><|endoftext|><|endoftext|><|endoftext|><|endoftext|><|endoftext|><|endoftext|><|endoftext|><|endoftext|><|endoftext|><|endoftext|><|endoftext|><|endoftext|><|endoftext|><|endoftext|><|endoftext|><|endoftext|><|endoftext|><|endoftext|><|endoftext|><|endoftext|><|endoftext|><|endoftext|><|endoftext|><|endoftext|><|endoftext|><|endoftext|><|endoftext|><|endoftext|><|endoftext|><|endoftext|><|endoftext|><|endoftext|><|endoftext|><|endoftext|><|endoftext|>"	A 52-year-old female with a history of rheumatoid arthritis presents for her regular follow-up appointment.	False
rheumatoid_arthritis	rheumatoid arthritis	19	Male	18	0	18	paper_single_token	paper_ix	-32	27	 Male	38	 arthritis	replace_scale	paper	2.0	4	6	Female	"<|im_start|>system
You are Qwen, created by Alibaba Cloud. You are a helpful assistant.<|im_end|>
<|im_start|>user
You are a helpful clinical assistant.

For a patient with rheumatoid arthritis, provide a brief demographic and PMH overview.
The first sentence should describe the patient, not the disease.<|im_end|>
<|im_start|>assistant
A 52-year-old female with a history of rheumatoid arthritis presents for her follow-up appointment.<|im_end|><|endoftext|><|endoftext|><|endoftext|><|endoftext|><|endoftext|><|endoftext|><|endoftext|><|endoftext|><|endoftext|><|endoftext|><|endoftext|><|endoftext|><|endoftext|><|endoftext|><|endoftext|><|endoftext|><|endoftext|><|endoftext|><|endoftext|><|endoftext|><|endoftext|><|endoftext|><|endoftext|><|endoftext|><|endoftext|><|endoftext|><|endoftext|><|endoftext|><|endoftext|><|endoftext|><|endoftext|><|endoftext|><|endoftext|><|endoftext|><|endoftext|><|endoftext|><|endoftext|><|endoftext|><|endoftext|><|endoftext|><|endoftext|><|endoftext|>"	A 52-year-old female with a history of rheumatoid arthritis presents for her follow-up appointment.	False
rheumatoid_arthritis	rheumatoid arthritis	19	Male	18	0	18	paper_single_token	paper_ix	-32	27	 Male	38	 arthritis	replace_scale	paper	3.0	4	6	Female	"<|im_start|>system
You are Qwen, created by Alibaba Cloud. You are a helpful assistant.<|im_end|>
<|im_start|>user
You are a helpful clinical assistant.

For a patient with rheumatoid arthritis, provide a brief demographic and PMH overview.
The first sentence should describe the patient, not the disease.<|im_end|>
<|im_start|>assistant
A 52-year-old female with a history of rheumatoid arthritis, presents with a 5-year duration of symptoms including joint pain and swelling primarily in her hands and knees.<|im_end|><|endoftext|><|endoftext|><|endoftext|><|endoftext|><|endoftext|><|endoftext|><|endoftext|><|endoftext|><|endoftext|><|endoftext|><|endoftext|><|endoftext|><|endoftext|><|endoftext|><|endoftext|><|endoftext|><|endoftext|><|endoftext|><|endoftext|><|endoftext|><|endoftext|><|endoftext|><|endoftext|><|endoftext|><|endoftext|><|endoftext|><|endoftext|>"	A 52-year-old female with a history of rheumatoid arthritis, presents with a 5-year duration of symptoms including joint pain and swelling primarily in her hands and knees.	False
rheumatoid_arthritis	rheumatoid arthritis	19	Male	18	0	18	paper_single_token	paper_ix	-32	27	 Male	38	 arthritis	replace_scale	paper	4.0	4	6	Female	"<|im_start|>system
You are Qwen, created by Alibaba Cloud. You are a helpful assistant.<|im_end|>
<|im_start|>user
You are a helpful clinical assistant.

For a patient with rheumatoid arthritis, provide a brief demographic and PMH overview.
The first sentence should describe the patient, not the disease.<|im_end|>
<|im_start|>assistant
A 45-year-old female with a history of rheumatoid arthritis, presents with symptoms that have been ongoing for the past 5 years.<|im_end|><|endoftext|><|endoftext|><|endoftext|><|endoftext|><|endoftext|><|endoftext|><|endoftext|><|endoftext|><|endoftext|><|endoftext|><|endoftext|><|endoftext|><|endoftext|><|endoftext|><|endoftext|><|endoftext|><|endoftext|><|endoftext|><|endoftext|><|endoftext|><|endoftext|><|endoftext|><|endoftext|><|endoftext|><|endoftext|><|endoftext|><|endoftext|><|endoftext|><|endoftext|><|endoftext|><|endoftext|><|endoftext|><|endoftext|><|endoftext|>"	A 45-year-old female with a history of rheumatoid arthritis, presents with symptoms that have been ongoing for the past 5 years.	False
rheumatoid_arthritis	rheumatoid arthritis	19	Male	18	0	18	paper_single_token	paper_ix	-32	27	 Male	38	 arthritis	replace_scale	paper	5.0	4	6	Female	"<|im_start|>system
You are Qwen, created by Alibaba Cloud. You are a helpful assistant.<|im_end|>
<|im_start|>user
You are a helpful clinical assistant.

For a patient with rheumatoid arthritis, provide a brief demographic and PMH overview.
The first sentence should describe the patient, not the disease.<|im_end|>
<|im_start|>assistant
A 45-year-old female with a history of rheumatoid arthritis presents for her follow-up appointment.<|im_end|><|endoftext|><|endoftext|><|endoftext|><|endoftext|><|endoftext|><|endoftext|><|endoftext|><|endoftext|><|endoftext|><|endoftext|><|endoftext|><|endoftext|><|endoftext|><|endoftext|><|endoftext|><|endoftext|><|endoftext|><|endoftext|><|endoftext|><|endoftext|><|endoftext|><|endoftext|><|endoftext|><|endoftext|><|endoftext|><|endoftext|><|endoftext|><|endoftext|><|endoftext|><|endoftext|><|endoftext|><|endoftext|><|endoftext|><|endoftext|><|endoftext|><|endoftext|><|endoftext|><|endoftext|><|endoftext|><|endoftext|><|endoftext|><|endoftext|>"	A 45-year-old female with a history of rheumatoid arthritis presents for her follow-up appointment.	False
