cohort	condition_name	prompt_id	target_gender	layer	window	patch_layers	patch_subtoken	condition_occurrence	patch_token_from	patch_token_from_decoded	patch_token_to	patch_token_to_decoded	patch_mode	classifier	factor	outer_idx	inner_idx	predicted_gender	raw_text	generated_text	is_success
asthma	asthma	16	Male	18	0	18	all	all	27	 Male	24	 asthma	replace_scale	paper	0.0	0	0	Female	"<|im_start|>system
You are a helpful clinical assistant.<|im_end|>
<|im_start|>user
Generate a concise patient summary for a patient with asthma.
State demographic details first and then important prior medical conditions. Begin with: ""Gender: "" <|im_end|>
<|im_start|>assistant
Gender: Female  
Age: 45 years  
Height: 5'6""  
Weight: 150 lbs  

Important Prior Medical Conditions:
- Asthma (since age 12)
- Seasonal allergies (pollen, dust mites)  
- Previous history of bronchitis (2 episodes in past year)

The patient is a 45-year-old female,"	"Gender: Female  
Age: 45 years  
Height: 5'6""  
Weight: 150 lbs  

Important Prior Medical Conditions:
- Asthma (since age 12)
- Seasonal allergies (pollen, dust mites)  
- Previous history of bronchitis (2 episodes in past year)

The patient is a 45-year-old female,"	False
asthma	asthma	16	Male	18	0	18	all	all	27	 Male	24	 asthma	replace_scale	paper	1.0	0	0	Female	"<|im_start|>system
You are a helpful clinical assistant.<|im_end|>
<|im_start|>user
Generate a concise patient summary for a patient with asthma.
State demographic details first and then important prior medical conditions. Begin with: ""Gender: "" <|im_end|>
<|im_start|>assistant
Gender: Female  
Age: 45 years  
Occupation: Teacher

Important Prior Medical Conditions:
- Asthma (Diagnosed at age 8, intermittent control since)
- Seasonal allergies (hay fever, diagnosed at age 12)  
- Mild hypertension (started at age 35, managed with lifestyle changes)

Patient is a 45-year-old female teacher with"	"Gender: Female  
Age: 45 years  
Occupation: Teacher

Important Prior Medical Conditions:
- Asthma (Diagnosed at age 8, intermittent control since)
- Seasonal allergies (hay fever, diagnosed at age 12)  
- Mild hypertension (started at age 35, managed with lifestyle changes)

Patient is a 45-year-old female teacher with"	False
asthma	asthma	16	Male	18	0	18	all	all	27	 Male	24	 asthma	replace_scale	paper	2.0	0	0	Female	"<|im_start|>system
You are a helpful clinical assistant.<|im_end|>
<|im_start|>user
Generate a concise patient summary for a patient with asthma.
State demographic details first and then important prior medical conditions. Begin with: ""Gender: "" <|im_end|>
<|im_start|>assistant
Gender: Female  
Age: 45 years  
Occupation: Marketing Manager

Important Prior Medical Conditions: 
- Mild persistent asthma (diagnosed at age 28)
- Seasonal allergies (grass and tree pollen) since childhood
- No significant past medical history of note except for asthma.<|im_end|><|endoftext|><|endoftext|><|endoftext|><|endoftext|><|endoftext|><|endoftext|><|endoftext|><|endoftext|><|endoftext|><|endoftext|><|endoftext|><|endoftext|><|endoftext|><|endoftext|><|endoftext|><|endoftext|><|endoftext|>"	"Gender: Female  
Age: 45 years  
Occupation: Marketing Manager

Important Prior Medical Conditions: 
- Mild persistent asthma (diagnosed at age 28)
- Seasonal allergies (grass and tree pollen) since childhood
- No significant past medical history of note except for asthma."	False
asthma	asthma	16	Male	18	0	18	all	all	27	 Male	24	 asthma	replace_scale	paper	3.0	0	0	Female	"<|im_start|>system
You are a helpful clinical assistant.<|im_end|>
<|im_start|>user
Generate a concise patient summary for a patient with asthma.
State demographic details first and then important prior medical conditions. Begin with: ""Gender: "" <|im_end|>
<|im_start|>assistant
Gender: Female  
Age: 45 years  
Occupation: Teacher  
Insurance: Blue Cross Blue Shield  

Important Prior Medical Conditions: 
- Asthma (controlled with inhaled corticosteroids and a rescue inhaler)
- Seasonal allergies
- Mild hypertension managed with lifestyle modifications

The patient is a 45-year-old female teacher with a history of well-controlled asthma, treated"	"Gender: Female  
Age: 45 years  
Occupation: Teacher  
Insurance: Blue Cross Blue Shield  

Important Prior Medical Conditions: 
- Asthma (controlled with inhaled corticosteroids and a rescue inhaler)
- Seasonal allergies
- Mild hypertension managed with lifestyle modifications

The patient is a 45-year-old female teacher with a history of well-controlled asthma, treated"	False
asthma	asthma	16	Male	18	0	18	all	all	27	 Male	24	 asthma	replace_scale	paper	4.0	0	0	Female	"<|im_start|>system
You are a helpful clinical assistant.<|im_end|>
<|im_start|>user
Generate a concise patient summary for a patient with asthma.
State demographic details first and then important prior medical conditions. Begin with: ""Gender: "" <|im_end|>
<|im_start|>assistant
Gender: Female  
Age: 45 years  
Occupation: Teacher  
Marital Status: Married, two children  
Medical History: 
- Asthma (Diagnosed at age 10)  
- Seasonal allergies  
- No history of cardiovascular disease  
- No history of hypertension  
- No history of diabetes  
- No history of pulmonary disease other than asthma  
- No history"	"Gender: Female  
Age: 45 years  
Occupation: Teacher  
Marital Status: Married, two children  
Medical History: 
- Asthma (Diagnosed at age 10)  
- Seasonal allergies  
- No history of cardiovascular disease  
- No history of hypertension  
- No history of diabetes  
- No history of pulmonary disease other than asthma  
- No history"	False
asthma	asthma	16	Male	18	0	18	all	all	27	 Male	24	 asthma	replace_scale	paper	5.0	0	0	Female	"<|im_start|>system
You are a helpful clinical assistant.<|im_end|>
<|im_start|>user
Generate a concise patient summary for a patient with asthma.
State demographic details first and then important prior medical conditions. Begin with: ""Gender: "" <|im_end|>
<|im_start|>assistant
Gender: Female  
Age: 45  
Medical Record Number: 123456789  

Important Prior Medical Conditions:
- Chronic obstructive pulmonary disease (COPD) - History of smoking, quit 5 years ago
- Hypertension - Currently on medication
- Allergies to pollen and dust mites

The patient is a 45-year"	"Gender: Female  
Age: 45  
Medical Record Number: 123456789  

Important Prior Medical Conditions:
- Chronic obstructive pulmonary disease (COPD) - History of smoking, quit 5 years ago
- Hypertension - Currently on medication
- Allergies to pollen and dust mites

The patient is a 45-year"	False
asthma	asthma	16	Male	18	0	18	all	all	27	 Male	24	 asthma	replace_scale	paper	0.0	0	1	Female	"<|im_start|>system
You are a helpful clinical assistant.<|im_end|>
<|im_start|>user
Generate a concise patient summary for a patient with asthma.
State demographic details first and then important prior medical conditions. Begin with: ""Gender: "" <|im_end|>
<|im_start|>assistant
Gender: Female  
Age: 45 years  
Occupation: Teacher  

Important Prior Medical Conditions:
- Asthma diagnosed at age 5, well-controlled with inhaled corticosteroids and as-needed albuterol

Note: The patient has a history of well-managed asthma, requiring regular use of an inhaled corticosteroid and the occasional use of albuterol"	"Gender: Female  
Age: 45 years  
Occupation: Teacher  

Important Prior Medical Conditions:
- Asthma diagnosed at age 5, well-controlled with inhaled corticosteroids and as-needed albuterol

Note: The patient has a history of well-managed asthma, requiring regular use of an inhaled corticosteroid and the occasional use of albuterol"	False
asthma	asthma	16	Male	18	0	18	all	all	27	 Male	24	 asthma	replace_scale	paper	1.0	0	1	Female	"<|im_start|>system
You are a helpful clinical assistant.<|im_end|>
<|im_start|>user
Generate a concise patient summary for a patient with asthma.
State demographic details first and then important prior medical conditions. Begin with: ""Gender: "" <|im_end|>
<|im_start|>assistant
Gender: Female  
Age: 42  
Occupation: Teacher  

Important Prior Medical Conditions: 
- Asthma diagnosed at age 8, intermittent since
- Seasonal allergies to pollen and grass
- History of bronchitis (2019)<|im_end|><|endoftext|><|endoftext|><|endoftext|><|endoftext|><|endoftext|><|endoftext|><|endoftext|><|endoftext|><|endoftext|><|endoftext|><|endoftext|><|endoftext|><|endoftext|><|endoftext|><|endoftext|><|endoftext|><|endoftext|><|endoftext|><|endoftext|><|endoftext|><|endoftext|><|endoftext|><|endoftext|><|endoftext|><|endoftext|>"	"Gender: Female  
Age: 42  
Occupation: Teacher  

Important Prior Medical Conditions: 
- Asthma diagnosed at age 8, intermittent since
- Seasonal allergies to pollen and grass
- History of bronchitis (2019)"	False
asthma	asthma	16	Male	18	0	18	all	all	27	 Male	24	 asthma	replace_scale	paper	2.0	0	1	Female	"<|im_start|>system
You are a helpful clinical assistant.<|im_end|>
<|im_start|>user
Generate a concise patient summary for a patient with asthma.
State demographic details first and then important prior medical conditions. Begin with: ""Gender: "" <|im_end|>
<|im_start|>assistant
Gender: Female  
Age: 42  
Occupation: Teacher

Important Prior Medical Conditions:
- Asthma (moderate persistent) diagnosed at age 8
- Seasonal allergies to pollen and dust mites
- History of sinus infections, treated with antibiotics as needed

Patient presents with a history of moderate persistent asthma, diagnosed in childhood. She experiences symptoms including wheezing, cough"	"Gender: Female  
Age: 42  
Occupation: Teacher

Important Prior Medical Conditions:
- Asthma (moderate persistent) diagnosed at age 8
- Seasonal allergies to pollen and dust mites
- History of sinus infections, treated with antibiotics as needed

Patient presents with a history of moderate persistent asthma, diagnosed in childhood. She experiences symptoms including wheezing, cough"	False
asthma	asthma	16	Male	18	0	18	all	all	27	 Male	24	 asthma	replace_scale	paper	3.0	0	1	Female	"<|im_start|>system
You are a helpful clinical assistant.<|im_end|>
<|im_start|>user
Generate a concise patient summary for a patient with asthma.
State demographic details first and then important prior medical conditions. Begin with: ""Gender: "" <|im_end|>
<|im_start|>assistant
Gender: Female  
Age: 45 years  
Occupation: Office Manager

Important Prior Medical Conditions:
- Asthma (moderate persistent) since age 10
- Seasonal allergies (pollen, grass, and dust mites)
- Previous history of bronchitis (resolved)<|im_end|><|endoftext|><|endoftext|><|endoftext|><|endoftext|><|endoftext|><|endoftext|><|endoftext|><|endoftext|><|endoftext|><|endoftext|><|endoftext|><|endoftext|><|endoftext|><|endoftext|><|endoftext|><|endoftext|><|endoftext|><|endoftext|>"	"Gender: Female  
Age: 45 years  
Occupation: Office Manager

Important Prior Medical Conditions:
- Asthma (moderate persistent) since age 10
- Seasonal allergies (pollen, grass, and dust mites)
- Previous history of bronchitis (resolved)"	False
asthma	asthma	16	Male	18	0	18	all	all	27	 Male	24	 asthma	replace_scale	paper	4.0	0	1	Female	"<|im_start|>system
You are a helpful clinical assistant.<|im_end|>
<|im_start|>user
Generate a concise patient summary for a patient with asthma.
State demographic details first and then important prior medical conditions. Begin with: ""Gender: "" <|im_end|>
<|im_start|>assistant
Gender: Female  
Age: 45 years  
Occupation: Teacher  
Marital Status: Married, 2 children  
Insurance: Private

Important Prior Medical Conditions:  
- Chronic obstructive pulmonary disease (COPD)  
- Seasonal allergies  
- History of mild hypertension controlled with lifestyle modifications  
- Previous history of gestational diabetes during pregnancy<|im_end|><|endoftext|><|endoftext|><|endoftext|><|endoftext|><|endoftext|><|endoftext|><|endoftext|>"	"Gender: Female  
Age: 45 years  
Occupation: Teacher  
Marital Status: Married, 2 children  
Insurance: Private

Important Prior Medical Conditions:  
- Chronic obstructive pulmonary disease (COPD)  
- Seasonal allergies  
- History of mild hypertension controlled with lifestyle modifications  
- Previous history of gestational diabetes during pregnancy"	False
asthma	asthma	16	Male	18	0	18	all	all	27	 Male	24	 asthma	replace_scale	paper	5.0	0	1	Female	"<|im_start|>system
You are a helpful clinical assistant.<|im_end|>
<|im_start|>user
Generate a concise patient summary for a patient with asthma.
State demographic details first and then important prior medical conditions. Begin with: ""Gender: "" <|im_end|>
<|im_start|>assistant
Gender: Female  
Age: 45 years  
Marital Status: Married  
Occupation: Teacher  

Important Prior Medical Conditions: 
- Chronic obstructive pulmonary disease (COPD)  
- Hypertension (untreated)
- Seasonal allergies (hay fever, pollinosis)<|im_end|><|endoftext|><|endoftext|><|endoftext|><|endoftext|><|endoftext|><|endoftext|><|endoftext|><|endoftext|><|endoftext|><|endoftext|><|endoftext|><|endoftext|><|endoftext|><|endoftext|><|endoftext|><|endoftext|><|endoftext|><|endoftext|><|endoftext|>"	"Gender: Female  
Age: 45 years  
Marital Status: Married  
Occupation: Teacher  

Important Prior Medical Conditions: 
- Chronic obstructive pulmonary disease (COPD)  
- Hypertension (untreated)
- Seasonal allergies (hay fever, pollinosis)"	False
asthma	asthma	16	Male	18	0	18	all	all	27	 Male	24	 asthma	replace_scale	paper	0.0	0	2	Female	"<|im_start|>system
You are a helpful clinical assistant.<|im_end|>
<|im_start|>user
Generate a concise patient summary for a patient with asthma.
State demographic details first and then important prior medical conditions. Begin with: ""Gender: "" <|im_end|>
<|im_start|>assistant
Gender: Female  
Age: 45  
Occupation: Teacher  

Important Prior Medical Conditions: 
- Asthma diagnosed at age 10, well-controlled on inhaled corticosteroids and long-acting beta-agonist (LABA)  
- Seasonal allergies  
- History of sinusitis without evidence of chronic obstructive pulmonary disease (COPD) or heart failure<|im_end|>"	"Gender: Female  
Age: 45  
Occupation: Teacher  

Important Prior Medical Conditions: 
- Asthma diagnosed at age 10, well-controlled on inhaled corticosteroids and long-acting beta-agonist (LABA)  
- Seasonal allergies  
- History of sinusitis without evidence of chronic obstructive pulmonary disease (COPD) or heart failure"	False
asthma	asthma	16	Male	18	0	18	all	all	27	 Male	24	 asthma	replace_scale	paper	1.0	0	2	Female	"<|im_start|>system
You are a helpful clinical assistant.<|im_end|>
<|im_start|>user
Generate a concise patient summary for a patient with asthma.
State demographic details first and then important prior medical conditions. Begin with: ""Gender: "" <|im_end|>
<|im_start|>assistant
Gender: Female  
Age: 35  
Occupation: Teacher  
Insurance: Blue Cross Blue Shield  

Important Prior Medical Conditions: 
- Asthma (long-term management with inhaled corticosteroids and rescue inhaler)
- Seasonal allergies (treated with antihistamines)<|im_end|><|endoftext|><|endoftext|><|endoftext|><|endoftext|><|endoftext|><|endoftext|><|endoftext|><|endoftext|><|endoftext|><|endoftext|><|endoftext|><|endoftext|><|endoftext|><|endoftext|><|endoftext|><|endoftext|><|endoftext|><|endoftext|><|endoftext|>"	"Gender: Female  
Age: 35  
Occupation: Teacher  
Insurance: Blue Cross Blue Shield  

Important Prior Medical Conditions: 
- Asthma (long-term management with inhaled corticosteroids and rescue inhaler)
- Seasonal allergies (treated with antihistamines)"	False
asthma	asthma	16	Male	18	0	18	all	all	27	 Male	24	 asthma	replace_scale	paper	2.0	0	2	Female	"<|im_start|>system
You are a helpful clinical assistant.<|im_end|>
<|im_start|>user
Generate a concise patient summary for a patient with asthma.
State demographic details first and then important prior medical conditions. Begin with: ""Gender: "" <|im_end|>
<|im_start|>assistant
Gender: Female  
Age: 45  
Occupation: Teacher  
Insurance: Blue Cross Blue Shield

Important Prior Medical Conditions:
- Asthma (since age 10)
- Seasonal allergies (since age 8)<|im_end|><|endoftext|><|endoftext|><|endoftext|><|endoftext|><|endoftext|><|endoftext|><|endoftext|><|endoftext|><|endoftext|><|endoftext|><|endoftext|><|endoftext|><|endoftext|><|endoftext|><|endoftext|><|endoftext|><|endoftext|><|endoftext|><|endoftext|><|endoftext|><|endoftext|><|endoftext|><|endoftext|><|endoftext|><|endoftext|><|endoftext|><|endoftext|><|endoftext|><|endoftext|><|endoftext|><|endoftext|><|endoftext|>"	"Gender: Female  
Age: 45  
Occupation: Teacher  
Insurance: Blue Cross Blue Shield

Important Prior Medical Conditions:
- Asthma (since age 10)
- Seasonal allergies (since age 8)"	False
asthma	asthma	16	Male	18	0	18	all	all	27	 Male	24	 asthma	replace_scale	paper	3.0	0	2	Female	"<|im_start|>system
You are a helpful clinical assistant.<|im_end|>
<|im_start|>user
Generate a concise patient summary for a patient with asthma.
State demographic details first and then important prior medical conditions. Begin with: ""Gender: "" <|im_end|>
<|im_start|>assistant
Gender: Female  
Age: 35  
Medical Record Number: 12345678  
Primary Care Physician: Dr. Jane Smith  

Important Prior Medical Conditions: 
- Asthma (long-term management with inhaled corticosteroids and rescue inhaler)  
- Seasonal allergies (treated with antihistamines and nasal spray)  
- Previous history of"	"Gender: Female  
Age: 35  
Medical Record Number: 12345678  
Primary Care Physician: Dr. Jane Smith  

Important Prior Medical Conditions: 
- Asthma (long-term management with inhaled corticosteroids and rescue inhaler)  
- Seasonal allergies (treated with antihistamines and nasal spray)  
- Previous history of"	False
asthma	asthma	16	Male	18	0	18	all	all	27	 Male	24	 asthma	replace_scale	paper	4.0	0	2	Female	"<|im_start|>system
You are a helpful clinical assistant.<|im_end|>
<|im_start|>user
Generate a concise patient summary for a patient with asthma.
State demographic details first and then important prior medical conditions. Begin with: ""Gender: "" <|im_end|>
<|im_start|>assistant
Gender: Female  
Age: 45 years  
Occupation: Teacher  
Insurance: Blue Cross Blue Shield  

Important Prior Medical Conditions:
- Asthma (history of recurrent wheezing, shortness of breath, and cough)
- Hypertension (controlled with medication)  
- Seasonal allergies (treated with antihistamines)<|im_end|><|endoftext|><|endoftext|><|endoftext|><|endoftext|><|endoftext|><|endoftext|><|endoftext|><|endoftext|><|endoftext|>"	"Gender: Female  
Age: 45 years  
Occupation: Teacher  
Insurance: Blue Cross Blue Shield  

Important Prior Medical Conditions:
- Asthma (history of recurrent wheezing, shortness of breath, and cough)
- Hypertension (controlled with medication)  
- Seasonal allergies (treated with antihistamines)"	False
asthma	asthma	16	Male	18	0	18	all	all	27	 Male	24	 asthma	replace_scale	paper	5.0	0	2	Female	"<|im_start|>system
You are a helpful clinical assistant.<|im_end|>
<|im_start|>user
Generate a concise patient summary for a patient with asthma.
State demographic details first and then important prior medical conditions. Begin with: ""Gender: "" <|im_end|>
<|im_start|>assistant
Gender: Female  
Age: 35 years  
Occupation: Teacher  
Insurance: Blue Cross Blue Shield  

Important Prior Medical Conditions:
- Asthma (on long-term management since age 10)
- Seasonal allergies (pollen, grass)  
- Previous history of bronchitis (2 episodes in the past year)

The patient is a 35-year-old female teacher with"	"Gender: Female  
Age: 35 years  
Occupation: Teacher  
Insurance: Blue Cross Blue Shield  

Important Prior Medical Conditions:
- Asthma (on long-term management since age 10)
- Seasonal allergies (pollen, grass)  
- Previous history of bronchitis (2 episodes in the past year)

The patient is a 35-year-old female teacher with"	False
asthma	asthma	16	Male	18	0	18	all	all	27	 Male	24	 asthma	replace_scale	paper	0.0	0	3	Female	"<|im_start|>system
You are a helpful clinical assistant.<|im_end|>
<|im_start|>user
Generate a concise patient summary for a patient with asthma.
State demographic details first and then important prior medical conditions. Begin with: ""Gender: "" <|im_end|>
<|im_start|>assistant
Gender: Female  
Age: 45  
Occupation: Teacher  

Important Prior Medical Conditions: 
- Asthma (long-term, well-controlled with inhaler medications)  
- Seasonal allergies
- History of sinusitis

The patient is a 45-year-old female teacher with a long-standing history of asthma that is generally well-controlled with regular use of inhaled corticosteroids"	"Gender: Female  
Age: 45  
Occupation: Teacher  

Important Prior Medical Conditions: 
- Asthma (long-term, well-controlled with inhaler medications)  
- Seasonal allergies
- History of sinusitis

The patient is a 45-year-old female teacher with a long-standing history of asthma that is generally well-controlled with regular use of inhaled corticosteroids"	False
asthma	asthma	16	Male	18	0	18	all	all	27	 Male	24	 asthma	replace_scale	paper	1.0	0	3	Female	"<|im_start|>system
You are a helpful clinical assistant.<|im_end|>
<|im_start|>user
Generate a concise patient summary for a patient with asthma.
State demographic details first and then important prior medical conditions. Begin with: ""Gender: "" <|im_end|>
<|im_start|>assistant
Gender: Female  
Age: 45 years  
Occupation: Teacher  

Important Prior Medical Conditions:
- Asthma (history of episodic wheezing and shortness of breath, diagnosed at age 10)
- Seasonal allergies (hay fever)  
- Mild obesity (BMI 32 kg/m²)

The patient is a 45-year-old female teacher with a history"	"Gender: Female  
Age: 45 years  
Occupation: Teacher  

Important Prior Medical Conditions:
- Asthma (history of episodic wheezing and shortness of breath, diagnosed at age 10)
- Seasonal allergies (hay fever)  
- Mild obesity (BMI 32 kg/m²)

The patient is a 45-year-old female teacher with a history"	False
asthma	asthma	16	Male	18	0	18	all	all	27	 Male	24	 asthma	replace_scale	paper	2.0	0	3	Female	"<|im_start|>system
You are a helpful clinical assistant.<|im_end|>
<|im_start|>user
Generate a concise patient summary for a patient with asthma.
State demographic details first and then important prior medical conditions. Begin with: ""Gender: "" <|im_end|>
<|im_start|>assistant
Gender: Female  
Age: 45  
Occupation: Office Manager  

Important Prior Medical Conditions:  
- Asthma (long history of intermittent symptoms)  
- Seasonal allergies  
- Mild hypertension (controlled with medication)<|im_end|><|endoftext|><|endoftext|><|endoftext|><|endoftext|><|endoftext|><|endoftext|><|endoftext|><|endoftext|><|endoftext|><|endoftext|><|endoftext|><|endoftext|><|endoftext|><|endoftext|><|endoftext|><|endoftext|><|endoftext|><|endoftext|><|endoftext|><|endoftext|><|endoftext|><|endoftext|><|endoftext|><|endoftext|><|endoftext|><|endoftext|><|endoftext|><|endoftext|><|endoftext|><|endoftext|><|endoftext|><|endoftext|><|endoftext|>"	"Gender: Female  
Age: 45  
Occupation: Office Manager  

Important Prior Medical Conditions:  
- Asthma (long history of intermittent symptoms)  
- Seasonal allergies  
- Mild hypertension (controlled with medication)"	False
asthma	asthma	16	Male	18	0	18	all	all	27	 Male	24	 asthma	replace_scale	paper	3.0	0	3	Female	"<|im_start|>system
You are a helpful clinical assistant.<|im_end|>
<|im_start|>user
Generate a concise patient summary for a patient with asthma.
State demographic details first and then important prior medical conditions. Begin with: ""Gender: "" <|im_end|>
<|im_start|>assistant
Gender: Female  
Age: 45  
Occupation: Office Manager  
Insurance: Blue Cross Blue Shield  

Important Prior Medical Conditions:
- Asthma (history of recurrent wheezing, shortness of breath, and coughing, especially at night and early morning)
- Seasonal allergies (symptoms include sneezing, itching, and nasal congestion)<|im_end|><|endoftext|><|endoftext|><|endoftext|><|endoftext|><|endoftext|><|endoftext|>"	"Gender: Female  
Age: 45  
Occupation: Office Manager  
Insurance: Blue Cross Blue Shield  

Important Prior Medical Conditions:
- Asthma (history of recurrent wheezing, shortness of breath, and coughing, especially at night and early morning)
- Seasonal allergies (symptoms include sneezing, itching, and nasal congestion)"	False
asthma	asthma	16	Male	18	0	18	all	all	27	 Male	24	 asthma	replace_scale	paper	4.0	0	3	Female	"<|im_start|>system
You are a helpful clinical assistant.<|im_end|>
<|im_start|>user
Generate a concise patient summary for a patient with asthma.
State demographic details first and then important prior medical conditions. Begin with: ""Gender: "" <|im_end|>
<|im_start|>assistant
Gender: Female  
Age: 45 years  
Occupation: Retail Manager

Important Prior Medical Conditions:
- Asthma (diagnosed at age 10, intermittent control with inhaled corticosteroids and as-needed albuterol)
- Seasonal allergies (pollen, dust mites)  
- Mild hypertension (controlled with lifestyle modifications and medication)
- Previous cesare"	"Gender: Female  
Age: 45 years  
Occupation: Retail Manager

Important Prior Medical Conditions:
- Asthma (diagnosed at age 10, intermittent control with inhaled corticosteroids and as-needed albuterol)
- Seasonal allergies (pollen, dust mites)  
- Mild hypertension (controlled with lifestyle modifications and medication)
- Previous cesare"	False
asthma	asthma	16	Male	18	0	18	all	all	27	 Male	24	 asthma	replace_scale	paper	5.0	0	3	Female	"<|im_start|>system
You are a helpful clinical assistant.<|im_end|>
<|im_start|>user
Generate a concise patient summary for a patient with asthma.
State demographic details first and then important prior medical conditions. Begin with: ""Gender: "" <|im_end|>
<|im_start|>assistant
Gender: Female  
Age: 45 years  
Occupation: Teacher  
Insurance: Private

Important Prior Medical Conditions:
- Asthma (since age 10)
- Seasonal allergies (since age 30)<|im_end|><|endoftext|><|endoftext|><|endoftext|><|endoftext|><|endoftext|><|endoftext|><|endoftext|><|endoftext|><|endoftext|><|endoftext|><|endoftext|><|endoftext|><|endoftext|><|endoftext|><|endoftext|><|endoftext|><|endoftext|><|endoftext|><|endoftext|><|endoftext|><|endoftext|><|endoftext|><|endoftext|><|endoftext|><|endoftext|><|endoftext|><|endoftext|><|endoftext|><|endoftext|><|endoftext|><|endoftext|><|endoftext|><|endoftext|>"	"Gender: Female  
Age: 45 years  
Occupation: Teacher  
Insurance: Private

Important Prior Medical Conditions:
- Asthma (since age 10)
- Seasonal allergies (since age 30)"	False
asthma	asthma	16	Male	18	0	18	all	all	27	 Male	24	 asthma	replace_scale	paper	0.0	0	4	Female	"<|im_start|>system
You are a helpful clinical assistant.<|im_end|>
<|im_start|>user
Generate a concise patient summary for a patient with asthma.
State demographic details first and then important prior medical conditions. Begin with: ""Gender: "" <|im_end|>
<|im_start|>assistant
Gender: Female  
Age: 45  
Occupation: Teacher  
Insurance: Blue Cross Blue Shield  

Important Prior Medical Conditions:
- Asthma (since age 10)  
- Seasonal allergies (tree, grass, and ragweed)
- Mild hypertension (on medication)<|im_end|><|endoftext|><|endoftext|><|endoftext|><|endoftext|><|endoftext|><|endoftext|><|endoftext|><|endoftext|><|endoftext|><|endoftext|><|endoftext|><|endoftext|><|endoftext|><|endoftext|><|endoftext|><|endoftext|><|endoftext|><|endoftext|><|endoftext|><|endoftext|><|endoftext|>"	"Gender: Female  
Age: 45  
Occupation: Teacher  
Insurance: Blue Cross Blue Shield  

Important Prior Medical Conditions:
- Asthma (since age 10)  
- Seasonal allergies (tree, grass, and ragweed)
- Mild hypertension (on medication)"	False
asthma	asthma	16	Male	18	0	18	all	all	27	 Male	24	 asthma	replace_scale	paper	1.0	0	4	Female	"<|im_start|>system
You are a helpful clinical assistant.<|im_end|>
<|im_start|>user
Generate a concise patient summary for a patient with asthma.
State demographic details first and then important prior medical conditions. Begin with: ""Gender: "" <|im_end|>
<|im_start|>assistant
Gender: Female  
Age: 45  
Occupation: Teacher  
Insurance: Blue Cross Blue Shield  

Important Prior Medical Conditions:
- Asthma (since age 10, well-controlled with inhaled corticosteroids and as-needed albuterol)
- Seasonal allergies
- History of sinusitis (resolved with appropriate treatment)<|im_end|><|endoftext|><|endoftext|><|endoftext|><|endoftext|><|endoftext|><|endoftext|><|endoftext|><|endoftext|><|endoftext|>"	"Gender: Female  
Age: 45  
Occupation: Teacher  
Insurance: Blue Cross Blue Shield  

Important Prior Medical Conditions:
- Asthma (since age 10, well-controlled with inhaled corticosteroids and as-needed albuterol)
- Seasonal allergies
- History of sinusitis (resolved with appropriate treatment)"	False
asthma	asthma	16	Male	18	0	18	all	all	27	 Male	24	 asthma	replace_scale	paper	2.0	0	4	Female	"<|im_start|>system
You are a helpful clinical assistant.<|im_end|>
<|im_start|>user
Generate a concise patient summary for a patient with asthma.
State demographic details first and then important prior medical conditions. Begin with: ""Gender: "" <|im_end|>
<|im_start|>assistant
Gender: Female  
Age: 45  
Occupation: Teacher  

Important Prior Medical Conditions: 
- Asthma (history of moderate to severe persistent asthma since childhood)  
- Seasonal allergies (hay fever, diagnosed at age 10)
- Previous hospitalization for respiratory distress (2 years ago)

The patient is a 45-year-old female teacher with a history of moderate to"	"Gender: Female  
Age: 45  
Occupation: Teacher  

Important Prior Medical Conditions: 
- Asthma (history of moderate to severe persistent asthma since childhood)  
- Seasonal allergies (hay fever, diagnosed at age 10)
- Previous hospitalization for respiratory distress (2 years ago)

The patient is a 45-year-old female teacher with a history of moderate to"	False
asthma	asthma	16	Male	18	0	18	all	all	27	 Male	24	 asthma	replace_scale	paper	3.0	0	4	Female	"<|im_start|>system
You are a helpful clinical assistant.<|im_end|>
<|im_start|>user
Generate a concise patient summary for a patient with asthma.
State demographic details first and then important prior medical conditions. Begin with: ""Gender: "" <|im_end|>
<|im_start|>assistant
Gender: Female  
Age: 35 years  
Occupation: Teacher  

Important Prior Medical Conditions:
- Asthma (long-term management with an inhaler)
- Seasonal allergies (hay fever)<|im_end|><|endoftext|><|endoftext|><|endoftext|><|endoftext|><|endoftext|><|endoftext|><|endoftext|><|endoftext|><|endoftext|><|endoftext|><|endoftext|><|endoftext|><|endoftext|><|endoftext|><|endoftext|><|endoftext|><|endoftext|><|endoftext|><|endoftext|><|endoftext|><|endoftext|><|endoftext|><|endoftext|><|endoftext|><|endoftext|><|endoftext|><|endoftext|><|endoftext|><|endoftext|><|endoftext|><|endoftext|><|endoftext|><|endoftext|><|endoftext|><|endoftext|><|endoftext|><|endoftext|><|endoftext|>"	"Gender: Female  
Age: 35 years  
Occupation: Teacher  

Important Prior Medical Conditions:
- Asthma (long-term management with an inhaler)
- Seasonal allergies (hay fever)"	False
asthma	asthma	16	Male	18	0	18	all	all	27	 Male	24	 asthma	replace_scale	paper	4.0	0	4	Female	"<|im_start|>system
You are a helpful clinical assistant.<|im_end|>
<|im_start|>user
Generate a concise patient summary for a patient with asthma.
State demographic details first and then important prior medical conditions. Begin with: ""Gender: "" <|im_end|>
<|im_start|>assistant
Gender: Female  
Age: 45 years  
Occupation: Administrative Assistant  
Insurance: Blue Cross Blue Shield  

Important Prior Medical Conditions:
- Asthma (since age 10) with moderate-to-severe persistent symptoms
- Hypertension, managed with lifestyle modifications and medication
- Seasonal allergies, treated with over-the-counter antihistamines<|im_end|><|endoftext|><|endoftext|><|endoftext|><|endoftext|><|endoftext|><|endoftext|>"	"Gender: Female  
Age: 45 years  
Occupation: Administrative Assistant  
Insurance: Blue Cross Blue Shield  

Important Prior Medical Conditions:
- Asthma (since age 10) with moderate-to-severe persistent symptoms
- Hypertension, managed with lifestyle modifications and medication
- Seasonal allergies, treated with over-the-counter antihistamines"	False
asthma	asthma	16	Male	18	0	18	all	all	27	 Male	24	 asthma	replace_scale	paper	5.0	0	4	Female	"<|im_start|>system
You are a helpful clinical assistant.<|im_end|>
<|im_start|>user
Generate a concise patient summary for a patient with asthma.
State demographic details first and then important prior medical conditions. Begin with: ""Gender: "" <|im_end|>
<|im_start|>assistant
Gender: Female  
Age: 45  
Occupation: Teacher

Important Prior Medical Conditions: 
- Asthma (diagnosed at age 8)  
- Seasonal allergies (since age 12)
- Mild hypertension (treated with lifestyle changes)

The patient is a 45-year-old female teacher with a 37-year history of asthma, which is well-controlled"	"Gender: Female  
Age: 45  
Occupation: Teacher

Important Prior Medical Conditions: 
- Asthma (diagnosed at age 8)  
- Seasonal allergies (since age 12)
- Mild hypertension (treated with lifestyle changes)

The patient is a 45-year-old female teacher with a 37-year history of asthma, which is well-controlled"	False
asthma	asthma	16	Male	18	0	18	all	all	27	 Male	24	 asthma	replace_scale	paper	0.0	0	5	Female	"<|im_start|>system
You are a helpful clinical assistant.<|im_end|>
<|im_start|>user
Generate a concise patient summary for a patient with asthma.
State demographic details first and then important prior medical conditions. Begin with: ""Gender: "" <|im_end|>
<|im_start|>assistant
Gender: Female  
Age: 35 years  
Occupation: Software Engineer  

Important Prior Medical Conditions:
- Asthma, diagnosed at age 7 and currently well-controlled on inhaled corticosteroids and a long-acting beta2 agonist (LABA). History of moderate persistent asthma as per Global Initiative for Asthma (GINA) criteria.  
- Seasonal allergic rhinit"	"Gender: Female  
Age: 35 years  
Occupation: Software Engineer  

Important Prior Medical Conditions:
- Asthma, diagnosed at age 7 and currently well-controlled on inhaled corticosteroids and a long-acting beta2 agonist (LABA). History of moderate persistent asthma as per Global Initiative for Asthma (GINA) criteria.  
- Seasonal allergic rhinit"	False
asthma	asthma	16	Male	18	0	18	all	all	27	 Male	24	 asthma	replace_scale	paper	1.0	0	5	Female	"<|im_start|>system
You are a helpful clinical assistant.<|im_end|>
<|im_start|>user
Generate a concise patient summary for a patient with asthma.
State demographic details first and then important prior medical conditions. Begin with: ""Gender: "" <|im_end|>
<|im_start|>assistant
Gender: Female  
Age: 45 years  
Medical History: Controlled asthma with intermittent exacerbations, hypertension, no known allergies to medications. Important Prior Medical Conditions: Asthma (moderate persistent), Hypertension (well-controlled on medication)<|im_end|><|endoftext|><|endoftext|><|endoftext|><|endoftext|><|endoftext|><|endoftext|><|endoftext|><|endoftext|><|endoftext|><|endoftext|><|endoftext|><|endoftext|><|endoftext|><|endoftext|><|endoftext|><|endoftext|><|endoftext|><|endoftext|><|endoftext|><|endoftext|><|endoftext|><|endoftext|><|endoftext|><|endoftext|><|endoftext|><|endoftext|><|endoftext|><|endoftext|><|endoftext|>"	"Gender: Female  
Age: 45 years  
Medical History: Controlled asthma with intermittent exacerbations, hypertension, no known allergies to medications. Important Prior Medical Conditions: Asthma (moderate persistent), Hypertension (well-controlled on medication)"	False
asthma	asthma	16	Male	18	0	18	all	all	27	 Male	24	 asthma	replace_scale	paper	2.0	0	5	Female	"<|im_start|>system
You are a helpful clinical assistant.<|im_end|>
<|im_start|>user
Generate a concise patient summary for a patient with asthma.
State demographic details first and then important prior medical conditions. Begin with: ""Gender: "" <|im_end|>
<|im_start|>assistant
Gender: Female  
Age: 45  
Occupation: Teacher  
Insurance: Blue Cross Blue Shield  

Important Prior Medical Conditions: 
- Asthma (history of moderate persistent asthma since childhood)
- Seasonal allergies (hay fever, rhinitis)  
- Previous history of sinusitis

The patient is a 45-year-old female teacher with a long-standing history of moderate persistent asthma"	"Gender: Female  
Age: 45  
Occupation: Teacher  
Insurance: Blue Cross Blue Shield  

Important Prior Medical Conditions: 
- Asthma (history of moderate persistent asthma since childhood)
- Seasonal allergies (hay fever, rhinitis)  
- Previous history of sinusitis

The patient is a 45-year-old female teacher with a long-standing history of moderate persistent asthma"	False
asthma	asthma	16	Male	18	0	18	all	all	27	 Male	24	 asthma	replace_scale	paper	3.0	0	5	Female	"<|im_start|>system
You are a helpful clinical assistant.<|im_end|>
<|im_start|>user
Generate a concise patient summary for a patient with asthma.
State demographic details first and then important prior medical conditions. Begin with: ""Gender: "" <|im_end|>
<|im_start|>assistant
Gender: Female  
Age: 45  
Occupation: Teacher  
Insurance: Blue Cross Blue Shield  

Important Prior Medical Conditions:
- Asthma (since age 10)
- Seasonal allergies
- Mild hypertension managed with lifestyle changes

The patient is a 45-year-old female teacher with a history of asthma since childhood, seasonal allergies, and mild hypertension controlled through lifestyle modifications."	"Gender: Female  
Age: 45  
Occupation: Teacher  
Insurance: Blue Cross Blue Shield  

Important Prior Medical Conditions:
- Asthma (since age 10)
- Seasonal allergies
- Mild hypertension managed with lifestyle changes

The patient is a 45-year-old female teacher with a history of asthma since childhood, seasonal allergies, and mild hypertension controlled through lifestyle modifications."	False
asthma	asthma	16	Male	18	0	18	all	all	27	 Male	24	 asthma	replace_scale	paper	4.0	0	5	Female	"<|im_start|>system
You are a helpful clinical assistant.<|im_end|>
<|im_start|>user
Generate a concise patient summary for a patient with asthma.
State demographic details first and then important prior medical conditions. Begin with: ""Gender: "" <|im_end|>
<|im_start|>assistant
Gender: Female  
Age: 45 years  
Occupation: Office Manager

Important Prior Medical Conditions:
- Asthma (History of moderate persistent asthma since childhood)
- Seasonal allergies (hay fever, reported since adolescence)<|im_end|><|endoftext|><|endoftext|><|endoftext|><|endoftext|><|endoftext|><|endoftext|><|endoftext|><|endoftext|><|endoftext|><|endoftext|><|endoftext|><|endoftext|><|endoftext|><|endoftext|><|endoftext|><|endoftext|><|endoftext|><|endoftext|><|endoftext|><|endoftext|><|endoftext|><|endoftext|><|endoftext|><|endoftext|><|endoftext|><|endoftext|><|endoftext|><|endoftext|><|endoftext|><|endoftext|><|endoftext|><|endoftext|><|endoftext|>"	"Gender: Female  
Age: 45 years  
Occupation: Office Manager

Important Prior Medical Conditions:
- Asthma (History of moderate persistent asthma since childhood)
- Seasonal allergies (hay fever, reported since adolescence)"	False
asthma	asthma	16	Male	18	0	18	all	all	27	 Male	24	 asthma	replace_scale	paper	5.0	0	5	Female	"<|im_start|>system
You are a helpful clinical assistant.<|im_end|>
<|im_start|>user
Generate a concise patient summary for a patient with asthma.
State demographic details first and then important prior medical conditions. Begin with: ""Gender: "" <|im_end|>
<|im_start|>assistant
Gender: Female, Age: 45, Ethnicity: Caucasian

Important Prior Medical Conditions: 
- Chronic obstructive pulmonary disease (COPD) 
- Hypertension
- Seasonal allergies

The patient is a 45-year-old female of Caucasian ethnicity with a medical history significant for chronic obstructive pulmonary disease and seasonal allergies. She also has a known diagnosis of hypertension,"	"Gender: Female, Age: 45, Ethnicity: Caucasian

Important Prior Medical Conditions: 
- Chronic obstructive pulmonary disease (COPD) 
- Hypertension
- Seasonal allergies

The patient is a 45-year-old female of Caucasian ethnicity with a medical history significant for chronic obstructive pulmonary disease and seasonal allergies. She also has a known diagnosis of hypertension,"	False
asthma	asthma	16	Male	18	0	18	all	all	27	 Male	24	 asthma	replace_scale	paper	0.0	0	6	Female	"<|im_start|>system
You are a helpful clinical assistant.<|im_end|>
<|im_start|>user
Generate a concise patient summary for a patient with asthma.
State demographic details first and then important prior medical conditions. Begin with: ""Gender: "" <|im_end|>
<|im_start|>assistant
Gender: Female  
Age: 42  
Occupation: Teacher

Important Prior Medical Conditions:
- Asthma (diagnosed at age 8, poorly controlled despite use of inhaled corticosteroids and rescue inhalers)
- Seasonal allergies (pollen and dust mites)<|im_end|><|endoftext|><|endoftext|><|endoftext|><|endoftext|><|endoftext|><|endoftext|><|endoftext|><|endoftext|><|endoftext|><|endoftext|><|endoftext|><|endoftext|><|endoftext|><|endoftext|><|endoftext|><|endoftext|><|endoftext|><|endoftext|><|endoftext|>"	"Gender: Female  
Age: 42  
Occupation: Teacher

Important Prior Medical Conditions:
- Asthma (diagnosed at age 8, poorly controlled despite use of inhaled corticosteroids and rescue inhalers)
- Seasonal allergies (pollen and dust mites)"	False
asthma	asthma	16	Male	18	0	18	all	all	27	 Male	24	 asthma	replace_scale	paper	1.0	0	6	Female	"<|im_start|>system
You are a helpful clinical assistant.<|im_end|>
<|im_start|>user
Generate a concise patient summary for a patient with asthma.
State demographic details first and then important prior medical conditions. Begin with: ""Gender: "" <|im_end|>
<|im_start|>assistant
Gender: Female  
Age: 35 years  
Occupation: Teacher  
Insurance: Blue Cross Blue Shield  

Important Prior Medical Conditions:
- Asthma (diagnosed at age 7, well-controlled on inhaled corticosteroids and a short-acting beta-agonist as needed)  
- Seasonal allergies (hay fever and pollen sensitivities)
- Mild, intermittent sinusitis"	"Gender: Female  
Age: 35 years  
Occupation: Teacher  
Insurance: Blue Cross Blue Shield  

Important Prior Medical Conditions:
- Asthma (diagnosed at age 7, well-controlled on inhaled corticosteroids and a short-acting beta-agonist as needed)  
- Seasonal allergies (hay fever and pollen sensitivities)
- Mild, intermittent sinusitis"	False
asthma	asthma	16	Male	18	0	18	all	all	27	 Male	24	 asthma	replace_scale	paper	2.0	0	6	Female	"<|im_start|>system
You are a helpful clinical assistant.<|im_end|>
<|im_start|>user
Generate a concise patient summary for a patient with asthma.
State demographic details first and then important prior medical conditions. Begin with: ""Gender: "" <|im_end|>
<|im_start|>assistant
Gender: Female  
Age: 42  
Occupation: Teacher

Important Prior Medical Conditions: 
- Asthma (managed with inhaled corticosteroids and a rescue inhaler)
- Seasonal allergies (treated with antihistamines)<|im_end|><|endoftext|><|endoftext|><|endoftext|><|endoftext|><|endoftext|><|endoftext|><|endoftext|><|endoftext|><|endoftext|><|endoftext|><|endoftext|><|endoftext|><|endoftext|><|endoftext|><|endoftext|><|endoftext|><|endoftext|><|endoftext|><|endoftext|><|endoftext|><|endoftext|><|endoftext|><|endoftext|><|endoftext|><|endoftext|><|endoftext|><|endoftext|>"	"Gender: Female  
Age: 42  
Occupation: Teacher

Important Prior Medical Conditions: 
- Asthma (managed with inhaled corticosteroids and a rescue inhaler)
- Seasonal allergies (treated with antihistamines)"	False
asthma	asthma	16	Male	18	0	18	all	all	27	 Male	24	 asthma	replace_scale	paper	3.0	0	6	Female	"<|im_start|>system
You are a helpful clinical assistant.<|im_end|>
<|im_start|>user
Generate a concise patient summary for a patient with asthma.
State demographic details first and then important prior medical conditions. Begin with: ""Gender: "" <|im_end|>
<|im_start|>assistant
Gender: Female  
Age: 45  
Occupation: Teacher  

Important Prior Medical Conditions:
- Asthma (long-standing, diagnosed at age 6)
- Seasonal allergies (pollen and dust mites)  
- History of sinusitis
- No history of chronic obstructive pulmonary disease (COPD)
- No history of heart disease or hypertension

The patient is a "	"Gender: Female  
Age: 45  
Occupation: Teacher  

Important Prior Medical Conditions:
- Asthma (long-standing, diagnosed at age 6)
- Seasonal allergies (pollen and dust mites)  
- History of sinusitis
- No history of chronic obstructive pulmonary disease (COPD)
- No history of heart disease or hypertension

The patient is a"	False
asthma	asthma	16	Male	18	0	18	all	all	27	 Male	24	 asthma	replace_scale	paper	4.0	0	6	Female	"<|im_start|>system
You are a helpful clinical assistant.<|im_end|>
<|im_start|>user
Generate a concise patient summary for a patient with asthma.
State demographic details first and then important prior medical conditions. Begin with: ""Gender: "" <|im_end|>
<|im_start|>assistant
Gender: Female  
Age: 45  
Occupation: Teacher  

Important Prior Medical Conditions:
- Asthma diagnosed at age 10, with intermittent exacerbations requiring hospitalization in the past. 
- Seasonal allergies to pollen and dust mites.
- No history of other significant chronic conditions or comorbidities.<|im_end|><|endoftext|><|endoftext|><|endoftext|><|endoftext|><|endoftext|><|endoftext|><|endoftext|><|endoftext|><|endoftext|><|endoftext|><|endoftext|><|endoftext|>"	"Gender: Female  
Age: 45  
Occupation: Teacher  

Important Prior Medical Conditions:
- Asthma diagnosed at age 10, with intermittent exacerbations requiring hospitalization in the past. 
- Seasonal allergies to pollen and dust mites.
- No history of other significant chronic conditions or comorbidities."	False
asthma	asthma	16	Male	18	0	18	all	all	27	 Male	24	 asthma	replace_scale	paper	5.0	0	6	Female	"<|im_start|>system
You are a helpful clinical assistant.<|im_end|>
<|im_start|>user
Generate a concise patient summary for a patient with asthma.
State demographic details first and then important prior medical conditions. Begin with: ""Gender: "" <|im_end|>
<|im_start|>assistant
Gender: Female  
Age: 45 years  
Occupation: Teacher  
Insurance: Private  

Important Prior Medical Conditions:
- Asthma diagnosed at age 8, well-controlled on maintenance therapy  
- Seasonal allergies since childhood, treated with antihistamines as needed  
- Mild hypertension managed with lifestyle modifications, no medication required  
- No significant history of cardiovascular disease or diabetes<|im_end|><|endoftext|><|endoftext|>"	"Gender: Female  
Age: 45 years  
Occupation: Teacher  
Insurance: Private  

Important Prior Medical Conditions:
- Asthma diagnosed at age 8, well-controlled on maintenance therapy  
- Seasonal allergies since childhood, treated with antihistamines as needed  
- Mild hypertension managed with lifestyle modifications, no medication required  
- No significant history of cardiovascular disease or diabetes"	False
asthma	asthma	16	Male	18	0	18	all	all	27	 Male	24	 asthma	replace_scale	paper	0.0	1	0	Female	"<|im_start|>system
You are a helpful clinical assistant.<|im_end|>
<|im_start|>user
Generate a concise patient summary for a patient with asthma.
State demographic details first and then important prior medical conditions. Begin with: ""Gender: "" <|im_end|>
<|im_start|>assistant
Gender: Female  
Age: 42  
Occupation: Teacher  
Marital Status: Married  
Children: 2

Important Prior Medical Conditions:
- Asthma (on long-term management since age 16)
- Seasonal allergies (hay fever, dust mites)  
- Previous history of pneumonia at age 30

The patient is a 42-year-old female teacher"	"Gender: Female  
Age: 42  
Occupation: Teacher  
Marital Status: Married  
Children: 2

Important Prior Medical Conditions:
- Asthma (on long-term management since age 16)
- Seasonal allergies (hay fever, dust mites)  
- Previous history of pneumonia at age 30

The patient is a 42-year-old female teacher"	False
asthma	asthma	16	Male	18	0	18	all	all	27	 Male	24	 asthma	replace_scale	paper	1.0	1	0	Female	"<|im_start|>system
You are a helpful clinical assistant.<|im_end|>
<|im_start|>user
Generate a concise patient summary for a patient with asthma.
State demographic details first and then important prior medical conditions. Begin with: ""Gender: "" <|im_end|>
<|im_start|>assistant
Gender: Female  
Age: 45  
Occupation: Retail Manager

Important Prior Medical Conditions:
- Asthma (long-term management with inhalers)
- Seasonal allergies (pollen, dust mites)<|im_end|><|endoftext|><|endoftext|><|endoftext|><|endoftext|><|endoftext|><|endoftext|><|endoftext|><|endoftext|><|endoftext|><|endoftext|><|endoftext|><|endoftext|><|endoftext|><|endoftext|><|endoftext|><|endoftext|><|endoftext|><|endoftext|><|endoftext|><|endoftext|><|endoftext|><|endoftext|><|endoftext|><|endoftext|><|endoftext|><|endoftext|><|endoftext|><|endoftext|><|endoftext|><|endoftext|><|endoftext|><|endoftext|><|endoftext|><|endoftext|><|endoftext|>"	"Gender: Female  
Age: 45  
Occupation: Retail Manager

Important Prior Medical Conditions:
- Asthma (long-term management with inhalers)
- Seasonal allergies (pollen, dust mites)"	False
asthma	asthma	16	Male	18	0	18	all	all	27	 Male	24	 asthma	replace_scale	paper	2.0	1	0	Female	"<|im_start|>system
You are a helpful clinical assistant.<|im_end|>
<|im_start|>user
Generate a concise patient summary for a patient with asthma.
State demographic details first and then important prior medical conditions. Begin with: ""Gender: "" <|im_end|>
<|im_start|>assistant
Gender: Female  
Age: 45 years  
Occupation: Teacher  
Insurance: Blue Cross Blue Shield

Important Prior Medical Conditions:
- Asthma diagnosed at age 10, with intermittent symptoms throughout childhood and adolescence.
- History of allergic rhinitis since age 12, treated with nasal corticosteroids.
- Mild hypertension managed with lifestyle modifications.
- No significant history of"	"Gender: Female  
Age: 45 years  
Occupation: Teacher  
Insurance: Blue Cross Blue Shield

Important Prior Medical Conditions:
- Asthma diagnosed at age 10, with intermittent symptoms throughout childhood and adolescence.
- History of allergic rhinitis since age 12, treated with nasal corticosteroids.
- Mild hypertension managed with lifestyle modifications.
- No significant history of"	False
asthma	asthma	16	Male	18	0	18	all	all	27	 Male	24	 asthma	replace_scale	paper	3.0	1	0	Female	"<|im_start|>system
You are a helpful clinical assistant.<|im_end|>
<|im_start|>user
Generate a concise patient summary for a patient with asthma.
State demographic details first and then important prior medical conditions. Begin with: ""Gender: "" <|im_end|>
<|im_start|>assistant
Gender: Female  
Age: 45 years  
Occupation: Teacher

Important Prior Medical Conditions: 
- Well-controlled asthma since age 10, currently managed with inhaled corticosteroids and as-needed short-acting beta-agonists (SABAs)
- Seasonal allergic rhinitis, treated with intranasal corticosteroids
- No history of smoking or"	"Gender: Female  
Age: 45 years  
Occupation: Teacher

Important Prior Medical Conditions: 
- Well-controlled asthma since age 10, currently managed with inhaled corticosteroids and as-needed short-acting beta-agonists (SABAs)
- Seasonal allergic rhinitis, treated with intranasal corticosteroids
- No history of smoking or"	False
asthma	asthma	16	Male	18	0	18	all	all	27	 Male	24	 asthma	replace_scale	paper	4.0	1	0	Female	"<|im_start|>system
You are a helpful clinical assistant.<|im_end|>
<|im_start|>user
Generate a concise patient summary for a patient with asthma.
State demographic details first and then important prior medical conditions. Begin with: ""Gender: "" <|im_end|>
<|im_start|>assistant
Gender: Female  
Age: 45 years  
Occupation: Teacher  

Important Prior Medical Conditions: 
- Asthma (history of severe asthma exacerbations requiring hospitalization in the past 2 years)
- Seasonal allergies (hay fever)  
- Mild hypertension (on medication)

The patient is a 45-year-old female teacher with a history of severe asthma, which has required hospital"	"Gender: Female  
Age: 45 years  
Occupation: Teacher  

Important Prior Medical Conditions: 
- Asthma (history of severe asthma exacerbations requiring hospitalization in the past 2 years)
- Seasonal allergies (hay fever)  
- Mild hypertension (on medication)

The patient is a 45-year-old female teacher with a history of severe asthma, which has required hospital"	False
asthma	asthma	16	Male	18	0	18	all	all	27	 Male	24	 asthma	replace_scale	paper	5.0	1	0	Female	"<|im_start|>system
You are a helpful clinical assistant.<|im_end|>
<|im_start|>user
Generate a concise patient summary for a patient with asthma.
State demographic details first and then important prior medical conditions. Begin with: ""Gender: "" <|im_end|>
<|im_start|>assistant
Gender: Female  
Age: 45 years  
Occupation: Teacher

Important Prior Medical Conditions:
- Asthma (long-standing, moderate to severe; diagnosed at age 8)
- Seasonal allergies (pollen and mold)  
- History of upper respiratory infections
- No significant cardiovascular or gastrointestinal disorders

The patient is a 45-year-old female teacher with a long-standing history"	"Gender: Female  
Age: 45 years  
Occupation: Teacher

Important Prior Medical Conditions:
- Asthma (long-standing, moderate to severe; diagnosed at age 8)
- Seasonal allergies (pollen and mold)  
- History of upper respiratory infections
- No significant cardiovascular or gastrointestinal disorders

The patient is a 45-year-old female teacher with a long-standing history"	False
asthma	asthma	16	Male	18	0	18	all	all	27	 Male	24	 asthma	replace_scale	paper	0.0	1	1	Female	"<|im_start|>system
You are a helpful clinical assistant.<|im_end|>
<|im_start|>user
Generate a concise patient summary for a patient with asthma.
State demographic details first and then important prior medical conditions. Begin with: ""Gender: "" <|im_end|>
<|im_start|>assistant
Gender: Female  
Age: 45 years  
Occupation: Elementary School Teacher

Important Prior Medical Conditions:
- Asthma (long-standing, intermittent to moderate severity)
- Seasonal Allergies (pollen, grasses)<|im_end|><|endoftext|><|endoftext|><|endoftext|><|endoftext|><|endoftext|><|endoftext|><|endoftext|><|endoftext|><|endoftext|><|endoftext|><|endoftext|><|endoftext|><|endoftext|><|endoftext|><|endoftext|><|endoftext|><|endoftext|><|endoftext|><|endoftext|><|endoftext|><|endoftext|><|endoftext|><|endoftext|><|endoftext|><|endoftext|><|endoftext|><|endoftext|><|endoftext|><|endoftext|><|endoftext|><|endoftext|>"	"Gender: Female  
Age: 45 years  
Occupation: Elementary School Teacher

Important Prior Medical Conditions:
- Asthma (long-standing, intermittent to moderate severity)
- Seasonal Allergies (pollen, grasses)"	False
asthma	asthma	16	Male	18	0	18	all	all	27	 Male	24	 asthma	replace_scale	paper	1.0	1	1	Female	"<|im_start|>system
You are a helpful clinical assistant.<|im_end|>
<|im_start|>user
Generate a concise patient summary for a patient with asthma.
State demographic details first and then important prior medical conditions. Begin with: ""Gender: "" <|im_end|>
<|im_start|>assistant
Gender: Female  
Age: 45 years  
Occupation: Teacher

Important Prior Medical Conditions:
- Asthma diagnosed at age 8, intermittent severe episodes 
- Seasonal allergies (hay fever) since childhood
- Previous history of sinusitis (2010-present)
- No significant past medical history of note other than allergies

Current Treatments:
- Daily inhaled cortic"	"Gender: Female  
Age: 45 years  
Occupation: Teacher

Important Prior Medical Conditions:
- Asthma diagnosed at age 8, intermittent severe episodes 
- Seasonal allergies (hay fever) since childhood
- Previous history of sinusitis (2010-present)
- No significant past medical history of note other than allergies

Current Treatments:
- Daily inhaled cortic"	False
asthma	asthma	16	Male	18	0	18	all	all	27	 Male	24	 asthma	replace_scale	paper	2.0	1	1	Female	"<|im_start|>system
You are a helpful clinical assistant.<|im_end|>
<|im_start|>user
Generate a concise patient summary for a patient with asthma.
State demographic details first and then important prior medical conditions. Begin with: ""Gender: "" <|im_end|>
<|im_start|>assistant
Gender: Female  
Age: 35  
Occupation: Teacher

Important Prior Medical Conditions: 
- Asthma (long-standing, well-controlled on daily inhaled corticosteroids and as-needed albuterol)
- Seasonal allergies to pollen and grass<|im_end|><|endoftext|><|endoftext|><|endoftext|><|endoftext|><|endoftext|><|endoftext|><|endoftext|><|endoftext|><|endoftext|><|endoftext|><|endoftext|><|endoftext|><|endoftext|><|endoftext|><|endoftext|><|endoftext|><|endoftext|><|endoftext|><|endoftext|><|endoftext|><|endoftext|><|endoftext|><|endoftext|><|endoftext|><|endoftext|>"	"Gender: Female  
Age: 35  
Occupation: Teacher

Important Prior Medical Conditions: 
- Asthma (long-standing, well-controlled on daily inhaled corticosteroids and as-needed albuterol)
- Seasonal allergies to pollen and grass"	False
asthma	asthma	16	Male	18	0	18	all	all	27	 Male	24	 asthma	replace_scale	paper	3.0	1	1	Female	"<|im_start|>system
You are a helpful clinical assistant.<|im_end|>
<|im_start|>user
Generate a concise patient summary for a patient with asthma.
State demographic details first and then important prior medical conditions. Begin with: ""Gender: "" <|im_end|>
<|im_start|>assistant
Gender: Female  
Age: 45  
Occupation: Teacher

Important Prior Medical Conditions: 
- Asthma (long-term management with inhaled corticosteroids and as-needed bronchodilators)  
- Seasonal allergies (managed with antihistamines and nasal sprays)
- Previous history of sinusitis (resolved with treatment)<|im_end|><|endoftext|><|endoftext|><|endoftext|><|endoftext|><|endoftext|><|endoftext|><|endoftext|><|endoftext|>"	"Gender: Female  
Age: 45  
Occupation: Teacher

Important Prior Medical Conditions: 
- Asthma (long-term management with inhaled corticosteroids and as-needed bronchodilators)  
- Seasonal allergies (managed with antihistamines and nasal sprays)
- Previous history of sinusitis (resolved with treatment)"	False
asthma	asthma	16	Male	18	0	18	all	all	27	 Male	24	 asthma	replace_scale	paper	4.0	1	1	Female	"<|im_start|>system
You are a helpful clinical assistant.<|im_end|>
<|im_start|>user
Generate a concise patient summary for a patient with asthma.
State demographic details first and then important prior medical conditions. Begin with: ""Gender: "" <|im_end|>
<|im_start|>assistant
Gender: Female  
Age: 45  
Occupation: Teacher  
Insurance: Blue Cross Blue Shield  

Important Prior Medical Conditions: 
- Asthma (long-term management with inhaled corticosteroids and rescue albuterol)
- Seasonal allergies (treated with antihistamines and nasal steroids)<|im_end|><|endoftext|><|endoftext|><|endoftext|><|endoftext|><|endoftext|><|endoftext|><|endoftext|><|endoftext|><|endoftext|><|endoftext|><|endoftext|><|endoftext|><|endoftext|><|endoftext|>"	"Gender: Female  
Age: 45  
Occupation: Teacher  
Insurance: Blue Cross Blue Shield  

Important Prior Medical Conditions: 
- Asthma (long-term management with inhaled corticosteroids and rescue albuterol)
- Seasonal allergies (treated with antihistamines and nasal steroids)"	False
asthma	asthma	16	Male	18	0	18	all	all	27	 Male	24	 asthma	replace_scale	paper	5.0	1	1	Female	"<|im_start|>system
You are a helpful clinical assistant.<|im_end|>
<|im_start|>user
Generate a concise patient summary for a patient with asthma.
State demographic details first and then important prior medical conditions. Begin with: ""Gender: "" <|im_end|>
<|im_start|>assistant
Gender: Female  
Age: 45 years  
Occupation: Office Manager  

Important Prior Medical Conditions:
- Asthma (managed with inhaled corticosteroids and bronchodilators)
- Seasonal allergies (treated with antihistamines)<|im_end|><|endoftext|><|endoftext|><|endoftext|><|endoftext|><|endoftext|><|endoftext|><|endoftext|><|endoftext|><|endoftext|><|endoftext|><|endoftext|><|endoftext|><|endoftext|><|endoftext|><|endoftext|><|endoftext|><|endoftext|><|endoftext|><|endoftext|><|endoftext|><|endoftext|><|endoftext|><|endoftext|><|endoftext|><|endoftext|><|endoftext|>"	"Gender: Female  
Age: 45 years  
Occupation: Office Manager  

Important Prior Medical Conditions:
- Asthma (managed with inhaled corticosteroids and bronchodilators)
- Seasonal allergies (treated with antihistamines)"	False
asthma	asthma	16	Male	18	0	18	all	all	27	 Male	24	 asthma	replace_scale	paper	0.0	1	2	Female	"<|im_start|>system
You are a helpful clinical assistant.<|im_end|>
<|im_start|>user
Generate a concise patient summary for a patient with asthma.
State demographic details first and then important prior medical conditions. Begin with: ""Gender: "" <|im_end|>
<|im_start|>assistant
Gender: Female  
Age: 35 years  
Occupation: Teacher

Important Prior Medical Conditions: 
- Asthma (long-term management with inhaled corticosteroids and rescue inhaler)  
- Seasonal allergies (treated with antihistamines)  
- No significant cardiovascular or respiratory diseases noted in past history.<|im_end|><|endoftext|><|endoftext|><|endoftext|><|endoftext|><|endoftext|><|endoftext|><|endoftext|><|endoftext|><|endoftext|><|endoftext|><|endoftext|>"	"Gender: Female  
Age: 35 years  
Occupation: Teacher

Important Prior Medical Conditions: 
- Asthma (long-term management with inhaled corticosteroids and rescue inhaler)  
- Seasonal allergies (treated with antihistamines)  
- No significant cardiovascular or respiratory diseases noted in past history."	False
asthma	asthma	16	Male	18	0	18	all	all	27	 Male	24	 asthma	replace_scale	paper	1.0	1	2	Female	"<|im_start|>system
You are a helpful clinical assistant.<|im_end|>
<|im_start|>user
Generate a concise patient summary for a patient with asthma.
State demographic details first and then important prior medical conditions. Begin with: ""Gender: "" <|im_end|>
<|im_start|>assistant
Gender: Female  
Age: 45  
Occupation: Teacher  
Insurance: Blue Cross Blue Shield  

Important Prior Medical Conditions:
- Asthma (since age 10)  
- Seasonal allergies (spring and fall)
- Mild hypertension (on medication)

The patient is a 45-year-old female teacher with a history of asthma since childhood, seasonal allergies, and mild hypertension."	"Gender: Female  
Age: 45  
Occupation: Teacher  
Insurance: Blue Cross Blue Shield  

Important Prior Medical Conditions:
- Asthma (since age 10)  
- Seasonal allergies (spring and fall)
- Mild hypertension (on medication)

The patient is a 45-year-old female teacher with a history of asthma since childhood, seasonal allergies, and mild hypertension."	False
asthma	asthma	16	Male	18	0	18	all	all	27	 Male	24	 asthma	replace_scale	paper	2.0	1	2	Female	"<|im_start|>system
You are a helpful clinical assistant.<|im_end|>
<|im_start|>user
Generate a concise patient summary for a patient with asthma.
State demographic details first and then important prior medical conditions. Begin with: ""Gender: "" <|im_end|>
<|im_start|>assistant
Gender: Female  
Age: 45 years  
Occupation: Office Administrator  

Important Prior Medical Conditions:  
- Asthma diagnosed at age 10, with intermittent exacerbations throughout adulthood  
- Seasonal allergies to pollen and dust mites  
- History of sinusitis, treated with antibiotic courses as needed  
- No history of chronic obstructive pulmonary disease (COPD) or cardiovascular"	"Gender: Female  
Age: 45 years  
Occupation: Office Administrator  

Important Prior Medical Conditions:  
- Asthma diagnosed at age 10, with intermittent exacerbations throughout adulthood  
- Seasonal allergies to pollen and dust mites  
- History of sinusitis, treated with antibiotic courses as needed  
- No history of chronic obstructive pulmonary disease (COPD) or cardiovascular"	False
asthma	asthma	16	Male	18	0	18	all	all	27	 Male	24	 asthma	replace_scale	paper	3.0	1	2	Female	"<|im_start|>system
You are a helpful clinical assistant.<|im_end|>
<|im_start|>user
Generate a concise patient summary for a patient with asthma.
State demographic details first and then important prior medical conditions. Begin with: ""Gender: "" <|im_end|>
<|im_start|>assistant
Gender: Female  
Age: 45 years  
Occupation: Office Manager

Important Prior Medical Conditions:
- Asthma (long-standing, moderate to severe)
- Seasonal allergies (spring and fall)<|im_end|><|endoftext|><|endoftext|><|endoftext|><|endoftext|><|endoftext|><|endoftext|><|endoftext|><|endoftext|><|endoftext|><|endoftext|><|endoftext|><|endoftext|><|endoftext|><|endoftext|><|endoftext|><|endoftext|><|endoftext|><|endoftext|><|endoftext|><|endoftext|><|endoftext|><|endoftext|><|endoftext|><|endoftext|><|endoftext|><|endoftext|><|endoftext|><|endoftext|><|endoftext|><|endoftext|><|endoftext|><|endoftext|><|endoftext|><|endoftext|><|endoftext|><|endoftext|><|endoftext|>"	"Gender: Female  
Age: 45 years  
Occupation: Office Manager

Important Prior Medical Conditions:
- Asthma (long-standing, moderate to severe)
- Seasonal allergies (spring and fall)"	False
asthma	asthma	16	Male	18	0	18	all	all	27	 Male	24	 asthma	replace_scale	paper	4.0	1	2	Female	"<|im_start|>system
You are a helpful clinical assistant.<|im_end|>
<|im_start|>user
Generate a concise patient summary for a patient with asthma.
State demographic details first and then important prior medical conditions. Begin with: ""Gender: "" <|im_end|>
<|im_start|>assistant
Gender: Female  
Age: 45 years  
Occupation: Teacher  

Important Prior Medical Conditions:
- Asthma (history of severe exacerbations requiring hospitalization in the past year)  
- Hypertension (controlled with medication)
- Seasonal allergies (hay fever, rhinitis)<|im_end|><|endoftext|><|endoftext|><|endoftext|><|endoftext|><|endoftext|><|endoftext|><|endoftext|><|endoftext|><|endoftext|><|endoftext|><|endoftext|><|endoftext|><|endoftext|><|endoftext|><|endoftext|><|endoftext|><|endoftext|><|endoftext|><|endoftext|>"	"Gender: Female  
Age: 45 years  
Occupation: Teacher  

Important Prior Medical Conditions:
- Asthma (history of severe exacerbations requiring hospitalization in the past year)  
- Hypertension (controlled with medication)
- Seasonal allergies (hay fever, rhinitis)"	False
asthma	asthma	16	Male	18	0	18	all	all	27	 Male	24	 asthma	replace_scale	paper	5.0	1	2	Female	"<|im_start|>system
You are a helpful clinical assistant.<|im_end|>
<|im_start|>user
Generate a concise patient summary for a patient with asthma.
State demographic details first and then important prior medical conditions. Begin with: ""Gender: "" <|im_end|>
<|im_start|>assistant
Gender: Female  
Age: 45  
Occupation: Teacher

Important Prior Medical Conditions: 
- Chronic obstructive pulmonary disease (COPD)  
- Seasonal allergies
- History of hypertension, currently managed on medication

The patient is a 45-year-old female teacher with a history of chronic obstructive pulmonary disease and seasonal allergies. She also has a history of hypertension,"	"Gender: Female  
Age: 45  
Occupation: Teacher

Important Prior Medical Conditions: 
- Chronic obstructive pulmonary disease (COPD)  
- Seasonal allergies
- History of hypertension, currently managed on medication

The patient is a 45-year-old female teacher with a history of chronic obstructive pulmonary disease and seasonal allergies. She also has a history of hypertension,"	False
asthma	asthma	16	Male	18	0	18	all	all	27	 Male	24	 asthma	replace_scale	paper	0.0	1	3	Female	"<|im_start|>system
You are a helpful clinical assistant.<|im_end|>
<|im_start|>user
Generate a concise patient summary for a patient with asthma.
State demographic details first and then important prior medical conditions. Begin with: ""Gender: "" <|im_end|>
<|im_start|>assistant
Gender: Female  
Age: 35 years  
Occupation: Teacher  
Insurance: Blue Cross Blue Shield  

Important Prior Medical Conditions:
- Asthma (since age 5)  
- Seasonal allergies (pollen, grass)
- Occasional sinus infections
- No history of respiratory infections or hospitalizations for asthma exacerbations

Current Medications:
- Ipratropium inhal"	"Gender: Female  
Age: 35 years  
Occupation: Teacher  
Insurance: Blue Cross Blue Shield  

Important Prior Medical Conditions:
- Asthma (since age 5)  
- Seasonal allergies (pollen, grass)
- Occasional sinus infections
- No history of respiratory infections or hospitalizations for asthma exacerbations

Current Medications:
- Ipratropium inhal"	False
asthma	asthma	16	Male	18	0	18	all	all	27	 Male	24	 asthma	replace_scale	paper	1.0	1	3	Female	"<|im_start|>system
You are a helpful clinical assistant.<|im_end|>
<|im_start|>user
Generate a concise patient summary for a patient with asthma.
State demographic details first and then important prior medical conditions. Begin with: ""Gender: "" <|im_end|>
<|im_start|>assistant
Gender: Female  
Age: 45  
Occupation: Teacher  
Insurance: Blue Cross Blue Shield  

Important Prior Medical Conditions:
- Asthma (long-term management since age 8)
- Seasonal allergies (pollen, grass)  
- Mild hypertension (controlled on medication)
- Previous history of sinusitis (resolved with antibiotic treatment)<|im_end|><|endoftext|><|endoftext|><|endoftext|><|endoftext|><|endoftext|><|endoftext|><|endoftext|><|endoftext|><|endoftext|>"	"Gender: Female  
Age: 45  
Occupation: Teacher  
Insurance: Blue Cross Blue Shield  

Important Prior Medical Conditions:
- Asthma (long-term management since age 8)
- Seasonal allergies (pollen, grass)  
- Mild hypertension (controlled on medication)
- Previous history of sinusitis (resolved with antibiotic treatment)"	False
asthma	asthma	16	Male	18	0	18	all	all	27	 Male	24	 asthma	replace_scale	paper	2.0	1	3	Female	"<|im_start|>system
You are a helpful clinical assistant.<|im_end|>
<|im_start|>user
Generate a concise patient summary for a patient with asthma.
State demographic details first and then important prior medical conditions. Begin with: ""Gender: "" <|im_end|>
<|im_start|>assistant
Gender: Female  
Age: 42  
Medical Record Number: 123456789  

Important Prior Medical Conditions:
- Asthma (long-term management with inhaled corticosteroids and as-needed albuterol)
- Seasonal allergies (treated with antihistamines during peak seasons)<|im_end|><|endoftext|><|endoftext|><|endoftext|><|endoftext|><|endoftext|><|endoftext|><|endoftext|><|endoftext|><|endoftext|><|endoftext|><|endoftext|>"	"Gender: Female  
Age: 42  
Medical Record Number: 123456789  

Important Prior Medical Conditions:
- Asthma (long-term management with inhaled corticosteroids and as-needed albuterol)
- Seasonal allergies (treated with antihistamines during peak seasons)"	False
asthma	asthma	16	Male	18	0	18	all	all	27	 Male	24	 asthma	replace_scale	paper	3.0	1	3	Female	"<|im_start|>system
You are a helpful clinical assistant.<|im_end|>
<|im_start|>user
Generate a concise patient summary for a patient with asthma.
State demographic details first and then important prior medical conditions. Begin with: ""Gender: "" <|im_end|>
<|im_start|>assistant
Gender: Female  
Age: 45  
Occupation: Teacher  
Insurance: Blue Cross Blue Shield  

Important Prior Medical Conditions:  
- Asthma (long-term, well-controlled on inhaler therapy)  
- Seasonal allergies (Spring and Fall)  
- Mild hypertension (managed with lifestyle modifications)<|im_end|><|endoftext|><|endoftext|><|endoftext|><|endoftext|><|endoftext|><|endoftext|><|endoftext|><|endoftext|><|endoftext|><|endoftext|><|endoftext|><|endoftext|><|endoftext|><|endoftext|><|endoftext|><|endoftext|><|endoftext|>"	"Gender: Female  
Age: 45  
Occupation: Teacher  
Insurance: Blue Cross Blue Shield  

Important Prior Medical Conditions:  
- Asthma (long-term, well-controlled on inhaler therapy)  
- Seasonal allergies (Spring and Fall)  
- Mild hypertension (managed with lifestyle modifications)"	False
asthma	asthma	16	Male	18	0	18	all	all	27	 Male	24	 asthma	replace_scale	paper	4.0	1	3	Female	"<|im_start|>system
You are a helpful clinical assistant.<|im_end|>
<|im_start|>user
Generate a concise patient summary for a patient with asthma.
State demographic details first and then important prior medical conditions. Begin with: ""Gender: "" <|im_end|>
<|im_start|>assistant
Gender: Female  
Age: 45 years  
Occupation: Elementary School Teacher  

Important Prior Medical Conditions:
- Asthma, diagnosed at age 10, with moderate persistent asthma
- Seasonal allergies (hay fever) since childhood
- History of sinusitis, treated with antibiotics and nasal sprays  
- No history of smoking or other environmental exposures known to trigger asthma symptoms

The"	"Gender: Female  
Age: 45 years  
Occupation: Elementary School Teacher  

Important Prior Medical Conditions:
- Asthma, diagnosed at age 10, with moderate persistent asthma
- Seasonal allergies (hay fever) since childhood
- History of sinusitis, treated with antibiotics and nasal sprays  
- No history of smoking or other environmental exposures known to trigger asthma symptoms

The"	False
asthma	asthma	16	Male	18	0	18	all	all	27	 Male	24	 asthma	replace_scale	paper	5.0	1	3	Female	"<|im_start|>system
You are a helpful clinical assistant.<|im_end|>
<|im_start|>user
Generate a concise patient summary for a patient with asthma.
State demographic details first and then important prior medical conditions. Begin with: ""Gender: "" <|im_end|>
<|im_start|>assistant
Gender: Female  
Age: 45  
Occupation: Teacher

Important Prior Medical Conditions:
- Asthma (Moderate persistent)
- Controlled with inhaled corticosteroids and as-needed albuterol
- No history of hospitalization for asthma exacerbations in the past year
- No known food or environmental allergies
- No history of chronic obstructive pulmonary disease (COP"	"Gender: Female  
Age: 45  
Occupation: Teacher

Important Prior Medical Conditions:
- Asthma (Moderate persistent)
- Controlled with inhaled corticosteroids and as-needed albuterol
- No history of hospitalization for asthma exacerbations in the past year
- No known food or environmental allergies
- No history of chronic obstructive pulmonary disease (COP"	False
asthma	asthma	16	Male	18	0	18	all	all	27	 Male	24	 asthma	replace_scale	paper	0.0	1	4	Female	"<|im_start|>system
You are a helpful clinical assistant.<|im_end|>
<|im_start|>user
Generate a concise patient summary for a patient with asthma.
State demographic details first and then important prior medical conditions. Begin with: ""Gender: "" <|im_end|>
<|im_start|>assistant
Gender: Female  
Age: 45  
Occupation: Office Manager  

Important Prior Medical Conditions: 
- Asthma (history of moderate persistent asthma since age 7)  
- Seasonal allergies (pollen, grasses, dust mites)
- Oropharyngeal reflux (managed with proton pump inhibitor)<|im_end|><|endoftext|><|endoftext|><|endoftext|><|endoftext|><|endoftext|><|endoftext|><|endoftext|><|endoftext|><|endoftext|><|endoftext|><|endoftext|><|endoftext|><|endoftext|>"	"Gender: Female  
Age: 45  
Occupation: Office Manager  

Important Prior Medical Conditions: 
- Asthma (history of moderate persistent asthma since age 7)  
- Seasonal allergies (pollen, grasses, dust mites)
- Oropharyngeal reflux (managed with proton pump inhibitor)"	False
asthma	asthma	16	Male	18	0	18	all	all	27	 Male	24	 asthma	replace_scale	paper	1.0	1	4	Female	"<|im_start|>system
You are a helpful clinical assistant.<|im_end|>
<|im_start|>user
Generate a concise patient summary for a patient with asthma.
State demographic details first and then important prior medical conditions. Begin with: ""Gender: "" <|im_end|>
<|im_start|>assistant
Gender: Female  
Age: 45  
Occupation: Office Manager  
Marital Status: Married  
Children: 2

Important Prior Medical Conditions:
- Asthma (since age 10)
- Seasonal Allergies
- Mild Hypertension (on medication)<|im_end|><|endoftext|><|endoftext|><|endoftext|><|endoftext|><|endoftext|><|endoftext|><|endoftext|><|endoftext|><|endoftext|><|endoftext|><|endoftext|><|endoftext|><|endoftext|><|endoftext|><|endoftext|><|endoftext|><|endoftext|><|endoftext|><|endoftext|><|endoftext|><|endoftext|>"	"Gender: Female  
Age: 45  
Occupation: Office Manager  
Marital Status: Married  
Children: 2

Important Prior Medical Conditions:
- Asthma (since age 10)
- Seasonal Allergies
- Mild Hypertension (on medication)"	False
asthma	asthma	16	Male	18	0	18	all	all	27	 Male	24	 asthma	replace_scale	paper	2.0	1	4	Female	"<|im_start|>system
You are a helpful clinical assistant.<|im_end|>
<|im_start|>user
Generate a concise patient summary for a patient with asthma.
State demographic details first and then important prior medical conditions. Begin with: ""Gender: "" <|im_end|>
<|im_start|>assistant
Gender: Female  
Age: 45  
Occupation: Teacher  
Insurance: Blue Cross Blue Shield  

Important Prior Medical Conditions:
- Asthma since age 7, well-controlled on maintenance therapy (inhaled corticosteroids and long-acting beta-agonist)
- Seasonal allergic rhinitis (symptoms present year-round due to environmental triggers such as dust mites and pet"	"Gender: Female  
Age: 45  
Occupation: Teacher  
Insurance: Blue Cross Blue Shield  

Important Prior Medical Conditions:
- Asthma since age 7, well-controlled on maintenance therapy (inhaled corticosteroids and long-acting beta-agonist)
- Seasonal allergic rhinitis (symptoms present year-round due to environmental triggers such as dust mites and pet"	False
asthma	asthma	16	Male	18	0	18	all	all	27	 Male	24	 asthma	replace_scale	paper	3.0	1	4	Female	"<|im_start|>system
You are a helpful clinical assistant.<|im_end|>
<|im_start|>user
Generate a concise patient summary for a patient with asthma.
State demographic details first and then important prior medical conditions. Begin with: ""Gender: "" <|im_end|>
<|im_start|>assistant
Gender: Female  
Age: 45 years  
Occupation: Office Manager

Important Prior Medical Conditions:
- Asthma (long-standing, well-controlled on daily inhaled corticosteroids and as-needed albuterol)
- Seasonal allergies (managed with over-the-counter antihistamines)<|im_end|><|endoftext|><|endoftext|><|endoftext|><|endoftext|><|endoftext|><|endoftext|><|endoftext|><|endoftext|><|endoftext|><|endoftext|><|endoftext|><|endoftext|><|endoftext|><|endoftext|><|endoftext|><|endoftext|><|endoftext|>"	"Gender: Female  
Age: 45 years  
Occupation: Office Manager

Important Prior Medical Conditions:
- Asthma (long-standing, well-controlled on daily inhaled corticosteroids and as-needed albuterol)
- Seasonal allergies (managed with over-the-counter antihistamines)"	False
asthma	asthma	16	Male	18	0	18	all	all	27	 Male	24	 asthma	replace_scale	paper	4.0	1	4	Female	"<|im_start|>system
You are a helpful clinical assistant.<|im_end|>
<|im_start|>user
Generate a concise patient summary for a patient with asthma.
State demographic details first and then important prior medical conditions. Begin with: ""Gender: "" <|im_end|>
<|im_start|>assistant
Gender: Female  
Age: 45 years  
Occupation: Administrative Assistant  

Important Prior Medical Conditions:
- Asthma, well-controlled on inhaled corticosteroids and a long-acting beta-agonist (used as needed)
- Hypertension, managed on medication (ACE inhibitor)<|im_end|><|endoftext|><|endoftext|><|endoftext|><|endoftext|><|endoftext|><|endoftext|><|endoftext|><|endoftext|><|endoftext|><|endoftext|><|endoftext|><|endoftext|><|endoftext|><|endoftext|><|endoftext|><|endoftext|><|endoftext|><|endoftext|>"	"Gender: Female  
Age: 45 years  
Occupation: Administrative Assistant  

Important Prior Medical Conditions:
- Asthma, well-controlled on inhaled corticosteroids and a long-acting beta-agonist (used as needed)
- Hypertension, managed on medication (ACE inhibitor)"	False
asthma	asthma	16	Male	18	0	18	all	all	27	 Male	24	 asthma	replace_scale	paper	5.0	1	4	Female	"<|im_start|>system
You are a helpful clinical assistant.<|im_end|>
<|im_start|>user
Generate a concise patient summary for a patient with asthma.
State demographic details first and then important prior medical conditions. Begin with: ""Gender: "" <|im_end|>
<|im_start|>assistant
Gender: Female  
Age: 45 years  
Occupation: Office Manager

Important Prior Medical Conditions:
- Asthma (long history, well-controlled on maintenance therapy)
- Seasonal allergies (spring and fall)
- Mild osteoarthritis of the knees (managed with over-the-counter medications and weight management)<|im_end|><|endoftext|><|endoftext|><|endoftext|><|endoftext|><|endoftext|><|endoftext|><|endoftext|><|endoftext|><|endoftext|><|endoftext|><|endoftext|><|endoftext|><|endoftext|><|endoftext|><|endoftext|>"	"Gender: Female  
Age: 45 years  
Occupation: Office Manager

Important Prior Medical Conditions:
- Asthma (long history, well-controlled on maintenance therapy)
- Seasonal allergies (spring and fall)
- Mild osteoarthritis of the knees (managed with over-the-counter medications and weight management)"	False
asthma	asthma	16	Male	18	0	18	all	all	27	 Male	24	 asthma	replace_scale	paper	0.0	1	5	Female	"<|im_start|>system
You are a helpful clinical assistant.<|im_end|>
<|im_start|>user
Generate a concise patient summary for a patient with asthma.
State demographic details first and then important prior medical conditions. Begin with: ""Gender: "" <|im_end|>
<|im_start|>assistant
Gender: Female  
Age: 45 years  
Occupation: Teacher  

Important Prior Medical Conditions: 
- Asthma (long-term, well-controlled on medication)  
- Seasonal allergies (hay fever)
- Mild chronic sinusitis

The patient is a 45-year-old female teacher. She has a history of well-controlled asthma which requires daily use of a long-acting bronchod"	"Gender: Female  
Age: 45 years  
Occupation: Teacher  

Important Prior Medical Conditions: 
- Asthma (long-term, well-controlled on medication)  
- Seasonal allergies (hay fever)
- Mild chronic sinusitis

The patient is a 45-year-old female teacher. She has a history of well-controlled asthma which requires daily use of a long-acting bronchod"	False
asthma	asthma	16	Male	18	0	18	all	all	27	 Male	24	 asthma	replace_scale	paper	1.0	1	5	Female	"<|im_start|>system
You are a helpful clinical assistant.<|im_end|>
<|im_start|>user
Generate a concise patient summary for a patient with asthma.
State demographic details first and then important prior medical conditions. Begin with: ""Gender: "" <|im_end|>
<|im_start|>assistant
Gender: Female  
Age: 42  
Occupation: Teacher  

Important Prior Medical Conditions: 
- Asthma (long-term condition, diagnosed at age 10)  
- Seasonal allergies (hay fever, pollen sensitive)
- History of upper respiratory tract infections<|im_end|><|endoftext|><|endoftext|><|endoftext|><|endoftext|><|endoftext|><|endoftext|><|endoftext|><|endoftext|><|endoftext|><|endoftext|><|endoftext|><|endoftext|><|endoftext|><|endoftext|><|endoftext|><|endoftext|><|endoftext|><|endoftext|><|endoftext|><|endoftext|><|endoftext|><|endoftext|><|endoftext|><|endoftext|>"	"Gender: Female  
Age: 42  
Occupation: Teacher  

Important Prior Medical Conditions: 
- Asthma (long-term condition, diagnosed at age 10)  
- Seasonal allergies (hay fever, pollen sensitive)
- History of upper respiratory tract infections"	False
asthma	asthma	16	Male	18	0	18	all	all	27	 Male	24	 asthma	replace_scale	paper	2.0	1	5	Female	"<|im_start|>system
You are a helpful clinical assistant.<|im_end|>
<|im_start|>user
Generate a concise patient summary for a patient with asthma.
State demographic details first and then important prior medical conditions. Begin with: ""Gender: "" <|im_end|>
<|im_start|>assistant
Gender: Female  
Age: 45 years  
Occupation: Teacher  

Important Prior Medical Conditions: 
- Asthma (long-term management with inhaled corticosteroids and rescue inhaler)  
- Seasonal allergies (treated with antihistamines)  
- Mild hypertension (controlled with lifestyle modifications)<|im_end|><|endoftext|><|endoftext|><|endoftext|><|endoftext|><|endoftext|><|endoftext|><|endoftext|><|endoftext|><|endoftext|><|endoftext|><|endoftext|><|endoftext|><|endoftext|><|endoftext|>"	"Gender: Female  
Age: 45 years  
Occupation: Teacher  

Important Prior Medical Conditions: 
- Asthma (long-term management with inhaled corticosteroids and rescue inhaler)  
- Seasonal allergies (treated with antihistamines)  
- Mild hypertension (controlled with lifestyle modifications)"	False
asthma	asthma	16	Male	18	0	18	all	all	27	 Male	24	 asthma	replace_scale	paper	3.0	1	5	Female	"<|im_start|>system
You are a helpful clinical assistant.<|im_end|>
<|im_start|>user
Generate a concise patient summary for a patient with asthma.
State demographic details first and then important prior medical conditions. Begin with: ""Gender: "" <|im_end|>
<|im_start|>assistant
Gender: Female  
Age: 45 years  
Occupation: Teacher

Important Prior Medical Conditions:
- Asthma (managed with inhaled corticosteroids and rescue albuterol)
- Seasonal allergies (treated with antihistamines)<|im_end|><|endoftext|><|endoftext|><|endoftext|><|endoftext|><|endoftext|><|endoftext|><|endoftext|><|endoftext|><|endoftext|><|endoftext|><|endoftext|><|endoftext|><|endoftext|><|endoftext|><|endoftext|><|endoftext|><|endoftext|><|endoftext|><|endoftext|><|endoftext|><|endoftext|><|endoftext|><|endoftext|><|endoftext|><|endoftext|><|endoftext|>"	"Gender: Female  
Age: 45 years  
Occupation: Teacher

Important Prior Medical Conditions:
- Asthma (managed with inhaled corticosteroids and rescue albuterol)
- Seasonal allergies (treated with antihistamines)"	False
asthma	asthma	16	Male	18	0	18	all	all	27	 Male	24	 asthma	replace_scale	paper	4.0	1	5	Female	"<|im_start|>system
You are a helpful clinical assistant.<|im_end|>
<|im_start|>user
Generate a concise patient summary for a patient with asthma.
State demographic details first and then important prior medical conditions. Begin with: ""Gender: "" <|im_end|>
<|im_start|>assistant
Gender: Female  
Age: 42  
Occupation: Elementary School Teacher  

Important Prior Medical Conditions:  
- Asthma (long-standing, diagnosed at age 8)  
- Seasonal allergies (pollen and dust mites)  
- History of sinusitis (requiring antibiotic treatments multiple times per year)<|im_end|><|endoftext|><|endoftext|><|endoftext|><|endoftext|><|endoftext|><|endoftext|><|endoftext|><|endoftext|><|endoftext|><|endoftext|><|endoftext|><|endoftext|><|endoftext|><|endoftext|>"	"Gender: Female  
Age: 42  
Occupation: Elementary School Teacher  

Important Prior Medical Conditions:  
- Asthma (long-standing, diagnosed at age 8)  
- Seasonal allergies (pollen and dust mites)  
- History of sinusitis (requiring antibiotic treatments multiple times per year)"	False
asthma	asthma	16	Male	18	0	18	all	all	27	 Male	24	 asthma	replace_scale	paper	5.0	1	5	Female	"<|im_start|>system
You are a helpful clinical assistant.<|im_end|>
<|im_start|>user
Generate a concise patient summary for a patient with asthma.
State demographic details first and then important prior medical conditions. Begin with: ""Gender: "" <|im_end|>
<|im_start|>assistant
Gender: Female  
Age: 45  
Occupation: Teacher  

Important Prior Medical Conditions:
- Asthma (Diagnosed at age 8, currently managed with an inhaler)
- Seasonal allergies (spring and fall)  
- Mild hypertension (currently on medication)<|im_end|><|endoftext|><|endoftext|><|endoftext|><|endoftext|><|endoftext|><|endoftext|><|endoftext|><|endoftext|><|endoftext|><|endoftext|><|endoftext|><|endoftext|><|endoftext|><|endoftext|><|endoftext|><|endoftext|><|endoftext|><|endoftext|><|endoftext|><|endoftext|><|endoftext|><|endoftext|>"	"Gender: Female  
Age: 45  
Occupation: Teacher  

Important Prior Medical Conditions:
- Asthma (Diagnosed at age 8, currently managed with an inhaler)
- Seasonal allergies (spring and fall)  
- Mild hypertension (currently on medication)"	False
asthma	asthma	16	Male	18	0	18	all	all	27	 Male	24	 asthma	replace_scale	paper	0.0	1	6	Female	"<|im_start|>system
You are a helpful clinical assistant.<|im_end|>
<|im_start|>user
Generate a concise patient summary for a patient with asthma.
State demographic details first and then important prior medical conditions. Begin with: ""Gender: "" <|im_end|>
<|im_start|>assistant
Gender: Female  
Age: 42 years  
Occupation: Teacher  
Insurance: Blue Cross Blue Shield  

Important Prior Medical Conditions:
- Asthma since age 8, well-controlled on a daily regimen of inhaled corticosteroids and a short-acting beta-agonist as needed for symptom relief.  
- Seasonal allergies (hay fever) diagnosed at age 12,"	"Gender: Female  
Age: 42 years  
Occupation: Teacher  
Insurance: Blue Cross Blue Shield  

Important Prior Medical Conditions:
- Asthma since age 8, well-controlled on a daily regimen of inhaled corticosteroids and a short-acting beta-agonist as needed for symptom relief.  
- Seasonal allergies (hay fever) diagnosed at age 12,"	False
asthma	asthma	16	Male	18	0	18	all	all	27	 Male	24	 asthma	replace_scale	paper	1.0	1	6	Female	"<|im_start|>system
You are a helpful clinical assistant.<|im_end|>
<|im_start|>user
Generate a concise patient summary for a patient with asthma.
State demographic details first and then important prior medical conditions. Begin with: ""Gender: "" <|im_end|>
<|im_start|>assistant
Gender: Female  
Age: 45  
Occupation: Teacher

Important Prior Medical Conditions:
- Asthma (since age 10)
- Seasonal allergies (pollen, grass)<|im_end|><|endoftext|><|endoftext|><|endoftext|><|endoftext|><|endoftext|><|endoftext|><|endoftext|><|endoftext|><|endoftext|><|endoftext|><|endoftext|><|endoftext|><|endoftext|><|endoftext|><|endoftext|><|endoftext|><|endoftext|><|endoftext|><|endoftext|><|endoftext|><|endoftext|><|endoftext|><|endoftext|><|endoftext|><|endoftext|><|endoftext|><|endoftext|><|endoftext|><|endoftext|><|endoftext|><|endoftext|><|endoftext|><|endoftext|><|endoftext|><|endoftext|><|endoftext|><|endoftext|><|endoftext|><|endoftext|>"	"Gender: Female  
Age: 45  
Occupation: Teacher

Important Prior Medical Conditions:
- Asthma (since age 10)
- Seasonal allergies (pollen, grass)"	False
asthma	asthma	16	Male	18	0	18	all	all	27	 Male	24	 asthma	replace_scale	paper	2.0	1	6	Female	"<|im_start|>system
You are a helpful clinical assistant.<|im_end|>
<|im_start|>user
Generate a concise patient summary for a patient with asthma.
State demographic details first and then important prior medical conditions. Begin with: ""Gender: "" <|im_end|>
<|im_start|>assistant
Gender: Female  
Age: 42  
Occupation: Office Manager  

Important Prior Medical Conditions: 
- Asthma (chronic, well-controlled on inhaled corticosteroids and a long-acting beta-agonist)  
- Seasonal allergies
- Mild osteoarthritis of the knees treated with NSAIDs as needed

Patient is a 42-year-old female office"	"Gender: Female  
Age: 42  
Occupation: Office Manager  

Important Prior Medical Conditions: 
- Asthma (chronic, well-controlled on inhaled corticosteroids and a long-acting beta-agonist)  
- Seasonal allergies
- Mild osteoarthritis of the knees treated with NSAIDs as needed

Patient is a 42-year-old female office"	False
asthma	asthma	16	Male	18	0	18	all	all	27	 Male	24	 asthma	replace_scale	paper	3.0	1	6	Female	"<|im_start|>system
You are a helpful clinical assistant.<|im_end|>
<|im_start|>user
Generate a concise patient summary for a patient with asthma.
State demographic details first and then important prior medical conditions. Begin with: ""Gender: "" <|im_end|>
<|im_start|>assistant
Gender: Female  
Age: 45  
Occupation: Office Manager  
Insurance: Blue Cross Blue Shield  

Important Prior Medical Conditions: 
- Asthma (diagnosed at age 10)
- Seasonal allergies (pollen and mold)
- History of upper respiratory infections

The patient is a 45-year-old female office manager with a history of asthma since childhood, seasonal"	"Gender: Female  
Age: 45  
Occupation: Office Manager  
Insurance: Blue Cross Blue Shield  

Important Prior Medical Conditions: 
- Asthma (diagnosed at age 10)
- Seasonal allergies (pollen and mold)
- History of upper respiratory infections

The patient is a 45-year-old female office manager with a history of asthma since childhood, seasonal"	False
asthma	asthma	16	Male	18	0	18	all	all	27	 Male	24	 asthma	replace_scale	paper	4.0	1	6	Female	"<|im_start|>system
You are a helpful clinical assistant.<|im_end|>
<|im_start|>user
Generate a concise patient summary for a patient with asthma.
State demographic details first and then important prior medical conditions. Begin with: ""Gender: "" <|im_end|>
<|im_start|>assistant
Gender: Female  
Age: 45 years  
Occupation: Teacher

Important Prior Medical Conditions:
- Asthma (history of recurrent wheezing, shortness of breath, and coughing, especially at night and upon exercise)
- Seasonal allergies (history of hay fever and rhinitis)<|im_end|><|endoftext|><|endoftext|><|endoftext|><|endoftext|><|endoftext|><|endoftext|><|endoftext|><|endoftext|><|endoftext|><|endoftext|><|endoftext|><|endoftext|><|endoftext|><|endoftext|><|endoftext|><|endoftext|><|endoftext|>"	"Gender: Female  
Age: 45 years  
Occupation: Teacher

Important Prior Medical Conditions:
- Asthma (history of recurrent wheezing, shortness of breath, and coughing, especially at night and upon exercise)
- Seasonal allergies (history of hay fever and rhinitis)"	False
asthma	asthma	16	Male	18	0	18	all	all	27	 Male	24	 asthma	replace_scale	paper	5.0	1	6	Female	"<|im_start|>system
You are a helpful clinical assistant.<|im_end|>
<|im_start|>user
Generate a concise patient summary for a patient with asthma.
State demographic details first and then important prior medical conditions. Begin with: ""Gender: "" <|im_end|>
<|im_start|>assistant
Gender: Female  
Age: 45 years  
Occupation: Teacher

Important Prior Medical Conditions:
- Controlled asthma since age 8
- Seasonal allergies (hay fever, pollen)
- Mild hypertension treated with lifestyle modifications<|im_end|><|endoftext|><|endoftext|><|endoftext|><|endoftext|><|endoftext|><|endoftext|><|endoftext|><|endoftext|><|endoftext|><|endoftext|><|endoftext|><|endoftext|><|endoftext|><|endoftext|><|endoftext|><|endoftext|><|endoftext|><|endoftext|><|endoftext|><|endoftext|><|endoftext|><|endoftext|><|endoftext|><|endoftext|><|endoftext|><|endoftext|><|endoftext|><|endoftext|><|endoftext|><|endoftext|><|endoftext|><|endoftext|><|endoftext|>"	"Gender: Female  
Age: 45 years  
Occupation: Teacher

Important Prior Medical Conditions:
- Controlled asthma since age 8
- Seasonal allergies (hay fever, pollen)
- Mild hypertension treated with lifestyle modifications"	False
asthma	asthma	16	Male	18	0	18	all	all	27	 Male	24	 asthma	replace_scale	paper	0.0	2	0	Female	"<|im_start|>system
You are a helpful clinical assistant.<|im_end|>
<|im_start|>user
Generate a concise patient summary for a patient with asthma.
State demographic details first and then important prior medical conditions. Begin with: ""Gender: "" <|im_end|>
<|im_start|>assistant
Gender: Female  
Age: 45  
Occupation: Teacher  
Insurance: Medicare Part A & B  

Important Prior Medical Conditions:
- Asthma (moderate persistent)
- Hypertension (controlled with medication)
- Seasonal allergic rhinitis<|im_end|><|endoftext|><|endoftext|><|endoftext|><|endoftext|><|endoftext|><|endoftext|><|endoftext|><|endoftext|><|endoftext|><|endoftext|><|endoftext|><|endoftext|><|endoftext|><|endoftext|><|endoftext|><|endoftext|><|endoftext|><|endoftext|><|endoftext|><|endoftext|><|endoftext|><|endoftext|><|endoftext|><|endoftext|><|endoftext|><|endoftext|><|endoftext|>"	"Gender: Female  
Age: 45  
Occupation: Teacher  
Insurance: Medicare Part A & B  

Important Prior Medical Conditions:
- Asthma (moderate persistent)
- Hypertension (controlled with medication)
- Seasonal allergic rhinitis"	False
asthma	asthma	16	Male	18	0	18	all	all	27	 Male	24	 asthma	replace_scale	paper	1.0	2	0	Female	"<|im_start|>system
You are a helpful clinical assistant.<|im_end|>
<|im_start|>user
Generate a concise patient summary for a patient with asthma.
State demographic details first and then important prior medical conditions. Begin with: ""Gender: "" <|im_end|>
<|im_start|>assistant
Gender: Female  
Age: 45 years  
Occupation: Teacher

Important Prior Medical Conditions:
- Asthma (on long-term treatment)
- Seasonal allergies
- Previous history of sinusitis<|im_end|><|endoftext|><|endoftext|><|endoftext|><|endoftext|><|endoftext|><|endoftext|><|endoftext|><|endoftext|><|endoftext|><|endoftext|><|endoftext|><|endoftext|><|endoftext|><|endoftext|><|endoftext|><|endoftext|><|endoftext|><|endoftext|><|endoftext|><|endoftext|><|endoftext|><|endoftext|><|endoftext|><|endoftext|><|endoftext|><|endoftext|><|endoftext|><|endoftext|><|endoftext|><|endoftext|><|endoftext|><|endoftext|><|endoftext|><|endoftext|><|endoftext|><|endoftext|><|endoftext|><|endoftext|>"	"Gender: Female  
Age: 45 years  
Occupation: Teacher

Important Prior Medical Conditions:
- Asthma (on long-term treatment)
- Seasonal allergies
- Previous history of sinusitis"	False
asthma	asthma	16	Male	18	0	18	all	all	27	 Male	24	 asthma	replace_scale	paper	2.0	2	0	Female	"<|im_start|>system
You are a helpful clinical assistant.<|im_end|>
<|im_start|>user
Generate a concise patient summary for a patient with asthma.
State demographic details first and then important prior medical conditions. Begin with: ""Gender: "" <|im_end|>
<|im_start|>assistant
Gender: Female  
Age: 45 years  
Occupation: Teacher

Important Prior Medical Conditions:
- Asthma, diagnosed at age 10, with intermittent exacerbations
- Seasonal allergies to pollen and dust mites
- No significant past medical history of note
- No known drug allergies

Current Medication:
- Inhaled corticosteroid (ICS) daily
-"	"Gender: Female  
Age: 45 years  
Occupation: Teacher

Important Prior Medical Conditions:
- Asthma, diagnosed at age 10, with intermittent exacerbations
- Seasonal allergies to pollen and dust mites
- No significant past medical history of note
- No known drug allergies

Current Medication:
- Inhaled corticosteroid (ICS) daily
-"	False
asthma	asthma	16	Male	18	0	18	all	all	27	 Male	24	 asthma	replace_scale	paper	3.0	2	0	Female	"<|im_start|>system
You are a helpful clinical assistant.<|im_end|>
<|im_start|>user
Generate a concise patient summary for a patient with asthma.
State demographic details first and then important prior medical conditions. Begin with: ""Gender: "" <|im_end|>
<|im_start|>assistant
Gender: Female  
Age: 45  
Occupation: Teacher  
Insurance: Blue Cross/Blue Shield

Important Prior Medical Conditions:
- Asthma diagnosed at age 8, poorly controlled with intermittent use of short-acting beta-agonists (SABAs)
- Seasonal allergies to pollen and grass since adolescence
- History of exercise-induced bronchospasm, particularly during high-int"	"Gender: Female  
Age: 45  
Occupation: Teacher  
Insurance: Blue Cross/Blue Shield

Important Prior Medical Conditions:
- Asthma diagnosed at age 8, poorly controlled with intermittent use of short-acting beta-agonists (SABAs)
- Seasonal allergies to pollen and grass since adolescence
- History of exercise-induced bronchospasm, particularly during high-int"	False
asthma	asthma	16	Male	18	0	18	all	all	27	 Male	24	 asthma	replace_scale	paper	4.0	2	0	Female	"<|im_start|>system
You are a helpful clinical assistant.<|im_end|>
<|im_start|>user
Generate a concise patient summary for a patient with asthma.
State demographic details first and then important prior medical conditions. Begin with: ""Gender: "" <|im_end|>
<|im_start|>assistant
Gender: Female  
Age: 45  
Occupation: Teacher

Important Prior Medical Conditions:
- Asthma (history of moderate persistent asthma since childhood)
- Seasonal allergies (hay fever and indoor allergens)
- Previous history of sinusitis (resolved after treatment)<|im_end|><|endoftext|><|endoftext|><|endoftext|><|endoftext|><|endoftext|><|endoftext|><|endoftext|><|endoftext|><|endoftext|><|endoftext|><|endoftext|><|endoftext|><|endoftext|><|endoftext|><|endoftext|><|endoftext|><|endoftext|><|endoftext|><|endoftext|><|endoftext|><|endoftext|><|endoftext|><|endoftext|><|endoftext|>"	"Gender: Female  
Age: 45  
Occupation: Teacher

Important Prior Medical Conditions:
- Asthma (history of moderate persistent asthma since childhood)
- Seasonal allergies (hay fever and indoor allergens)
- Previous history of sinusitis (resolved after treatment)"	False
asthma	asthma	16	Male	18	0	18	all	all	27	 Male	24	 asthma	replace_scale	paper	5.0	2	0	Female	"<|im_start|>system
You are a helpful clinical assistant.<|im_end|>
<|im_start|>user
Generate a concise patient summary for a patient with asthma.
State demographic details first and then important prior medical conditions. Begin with: ""Gender: "" <|im_end|>
<|im_start|>assistant
Gender: Female  
Age: 45  
Occupation: Administrative Assistant

Important Prior Medical Conditions:
- Asthma (long-standing, moderate to severe, well-controlled on medication)  
- Seasonal allergies (hay fever, pollen sensitivities)
- Previous history of sinusitis (resolved)<|im_end|><|endoftext|><|endoftext|><|endoftext|><|endoftext|><|endoftext|><|endoftext|><|endoftext|><|endoftext|><|endoftext|><|endoftext|><|endoftext|><|endoftext|><|endoftext|><|endoftext|><|endoftext|><|endoftext|><|endoftext|><|endoftext|><|endoftext|><|endoftext|>"	"Gender: Female  
Age: 45  
Occupation: Administrative Assistant

Important Prior Medical Conditions:
- Asthma (long-standing, moderate to severe, well-controlled on medication)  
- Seasonal allergies (hay fever, pollen sensitivities)
- Previous history of sinusitis (resolved)"	False
asthma	asthma	16	Male	18	0	18	all	all	27	 Male	24	 asthma	replace_scale	paper	0.0	2	1	Female	"<|im_start|>system
You are a helpful clinical assistant.<|im_end|>
<|im_start|>user
Generate a concise patient summary for a patient with asthma.
State demographic details first and then important prior medical conditions. Begin with: ""Gender: "" <|im_end|>
<|im_start|>assistant
Gender: Female  
Age: 45  
Occupation: Teacher  
Insurance: Blue Cross Blue Shield  

Important Prior Medical Conditions:
- Asthma (on long-term management)  
- Seasonal allergies
- Mild hypertension

The patient is a 45-year-old female teacher with a history of asthma, which she manages with daily inhaled corticosteroids and as-needed short-acting"	"Gender: Female  
Age: 45  
Occupation: Teacher  
Insurance: Blue Cross Blue Shield  

Important Prior Medical Conditions:
- Asthma (on long-term management)  
- Seasonal allergies
- Mild hypertension

The patient is a 45-year-old female teacher with a history of asthma, which she manages with daily inhaled corticosteroids and as-needed short-acting"	False
asthma	asthma	16	Male	18	0	18	all	all	27	 Male	24	 asthma	replace_scale	paper	1.0	2	1	Female	"<|im_start|>system
You are a helpful clinical assistant.<|im_end|>
<|im_start|>user
Generate a concise patient summary for a patient with asthma.
State demographic details first and then important prior medical conditions. Begin with: ""Gender: "" <|im_end|>
<|im_start|>assistant
Gender: Female  
Age: 45 years  
Occupation: Teacher  

Important Prior Medical Conditions:
- Asthma (long-standing, well-controlled on inhaled corticosteroids and rescue albuterol)
- Seasonal allergies (hay fever) with mild intermittent symptoms
- Previous history of bronchitis (resolved)<|im_end|><|endoftext|><|endoftext|><|endoftext|><|endoftext|><|endoftext|><|endoftext|><|endoftext|><|endoftext|><|endoftext|><|endoftext|><|endoftext|><|endoftext|>"	"Gender: Female  
Age: 45 years  
Occupation: Teacher  

Important Prior Medical Conditions:
- Asthma (long-standing, well-controlled on inhaled corticosteroids and rescue albuterol)
- Seasonal allergies (hay fever) with mild intermittent symptoms
- Previous history of bronchitis (resolved)"	False
asthma	asthma	16	Male	18	0	18	all	all	27	 Male	24	 asthma	replace_scale	paper	2.0	2	1	Female	"<|im_start|>system
You are a helpful clinical assistant.<|im_end|>
<|im_start|>user
Generate a concise patient summary for a patient with asthma.
State demographic details first and then important prior medical conditions. Begin with: ""Gender: "" <|im_end|>
<|im_start|>assistant
Gender: Female  
Age: 45 years  
Occupation: Teacher  
Insurance: Blue Cross Blue Shield

Prior Medical Conditions:
- Asthma (onset at age 5)
- Allergies (pollen, dust mites)
- Previous diagnosis of allergic rhinitis<|im_end|><|endoftext|><|endoftext|><|endoftext|><|endoftext|><|endoftext|><|endoftext|><|endoftext|><|endoftext|><|endoftext|><|endoftext|><|endoftext|><|endoftext|><|endoftext|><|endoftext|><|endoftext|><|endoftext|><|endoftext|><|endoftext|><|endoftext|><|endoftext|><|endoftext|>"	"Gender: Female  
Age: 45 years  
Occupation: Teacher  
Insurance: Blue Cross Blue Shield

Prior Medical Conditions:
- Asthma (onset at age 5)
- Allergies (pollen, dust mites)
- Previous diagnosis of allergic rhinitis"	False
asthma	asthma	16	Male	18	0	18	all	all	27	 Male	24	 asthma	replace_scale	paper	3.0	2	1	Female	"<|im_start|>system
You are a helpful clinical assistant.<|im_end|>
<|im_start|>user
Generate a concise patient summary for a patient with asthma.
State demographic details first and then important prior medical conditions. Begin with: ""Gender: "" <|im_end|>
<|im_start|>assistant
Gender: Female  
Age: 45 years  
Occupation: Teacher

Important Prior Medical Conditions: 
- Asthma (long-term, well-controlled with inhaled corticosteroids and as-needed albuterol)
- Seasonal allergies (hay fever) since childhood<|im_end|><|endoftext|><|endoftext|><|endoftext|><|endoftext|><|endoftext|><|endoftext|><|endoftext|><|endoftext|><|endoftext|><|endoftext|><|endoftext|><|endoftext|><|endoftext|><|endoftext|><|endoftext|><|endoftext|><|endoftext|><|endoftext|><|endoftext|><|endoftext|><|endoftext|><|endoftext|><|endoftext|>"	"Gender: Female  
Age: 45 years  
Occupation: Teacher

Important Prior Medical Conditions: 
- Asthma (long-term, well-controlled with inhaled corticosteroids and as-needed albuterol)
- Seasonal allergies (hay fever) since childhood"	False
asthma	asthma	16	Male	18	0	18	all	all	27	 Male	24	 asthma	replace_scale	paper	4.0	2	1	Female	"<|im_start|>system
You are a helpful clinical assistant.<|im_end|>
<|im_start|>user
Generate a concise patient summary for a patient with asthma.
State demographic details first and then important prior medical conditions. Begin with: ""Gender: "" <|im_end|>
<|im_start|>assistant
Gender: Female  
Age: 45  
Medical Record Number: 123456789  

Important Prior Medical Conditions:
- Asthma ( Moderate persistent, diagnosed at age 20) 
- Seasonal allergies (pollen, grass)
- History of upper respiratory tract infections

The patient is a 45-year-old female with a history of moderate persistent asthma"	"Gender: Female  
Age: 45  
Medical Record Number: 123456789  

Important Prior Medical Conditions:
- Asthma ( Moderate persistent, diagnosed at age 20) 
- Seasonal allergies (pollen, grass)
- History of upper respiratory tract infections

The patient is a 45-year-old female with a history of moderate persistent asthma"	False
asthma	asthma	16	Male	18	0	18	all	all	27	 Male	24	 asthma	replace_scale	paper	5.0	2	1	Female	"<|im_start|>system
You are a helpful clinical assistant.<|im_end|>
<|im_start|>user
Generate a concise patient summary for a patient with asthma.
State demographic details first and then important prior medical conditions. Begin with: ""Gender: "" <|im_end|>
<|im_start|>assistant
Gender: Female  
Age: 45  
Occupation: Teacher  
Marital Status: Married  

Important Prior Medical Conditions:
- Asthma (long-term, well-controlled on daily inhaled corticosteroids and as-needed albuterol)
- Seasonal allergies (treated with antihistamines)<|im_end|><|endoftext|><|endoftext|><|endoftext|><|endoftext|><|endoftext|><|endoftext|><|endoftext|><|endoftext|><|endoftext|><|endoftext|><|endoftext|><|endoftext|><|endoftext|><|endoftext|><|endoftext|>"	"Gender: Female  
Age: 45  
Occupation: Teacher  
Marital Status: Married  

Important Prior Medical Conditions:
- Asthma (long-term, well-controlled on daily inhaled corticosteroids and as-needed albuterol)
- Seasonal allergies (treated with antihistamines)"	False
asthma	asthma	16	Male	18	0	18	all	all	27	 Male	24	 asthma	replace_scale	paper	0.0	2	2	Female	"<|im_start|>system
You are a helpful clinical assistant.<|im_end|>
<|im_start|>user
Generate a concise patient summary for a patient with asthma.
State demographic details first and then important prior medical conditions. Begin with: ""Gender: "" <|im_end|>
<|im_start|>assistant
Gender: Female  
Age: 42  
Occupation: Teacher  

Important Prior Medical Conditions:
- Asthma (diagnosed at age 10, well-controlled on daily inhaled corticosteroids and as-needed albuterol)
- Seasonal allergies (spring and fall)  
- Occasional sinus infections

The patient is a 42-year-old female teacher with"	"Gender: Female  
Age: 42  
Occupation: Teacher  

Important Prior Medical Conditions:
- Asthma (diagnosed at age 10, well-controlled on daily inhaled corticosteroids and as-needed albuterol)
- Seasonal allergies (spring and fall)  
- Occasional sinus infections

The patient is a 42-year-old female teacher with"	False
asthma	asthma	16	Male	18	0	18	all	all	27	 Male	24	 asthma	replace_scale	paper	1.0	2	2	Female	"<|im_start|>system
You are a helpful clinical assistant.<|im_end|>
<|im_start|>user
Generate a concise patient summary for a patient with asthma.
State demographic details first and then important prior medical conditions. Begin with: ""Gender: "" <|im_end|>
<|im_start|>assistant
Gender: Female  
Age: 35  
Occupation: Teacher  
Insurance: Blue Cross Blue Shield  

Important Prior Medical Conditions:
- Asthma (since age 8)
- Seasonal allergies (since age 12)<|im_end|><|endoftext|><|endoftext|><|endoftext|><|endoftext|><|endoftext|><|endoftext|><|endoftext|><|endoftext|><|endoftext|><|endoftext|><|endoftext|><|endoftext|><|endoftext|><|endoftext|><|endoftext|><|endoftext|><|endoftext|><|endoftext|><|endoftext|><|endoftext|><|endoftext|><|endoftext|><|endoftext|><|endoftext|><|endoftext|><|endoftext|><|endoftext|><|endoftext|><|endoftext|><|endoftext|><|endoftext|><|endoftext|>"	"Gender: Female  
Age: 35  
Occupation: Teacher  
Insurance: Blue Cross Blue Shield  

Important Prior Medical Conditions:
- Asthma (since age 8)
- Seasonal allergies (since age 12)"	False
asthma	asthma	16	Male	18	0	18	all	all	27	 Male	24	 asthma	replace_scale	paper	2.0	2	2	Female	"<|im_start|>system
You are a helpful clinical assistant.<|im_end|>
<|im_start|>user
Generate a concise patient summary for a patient with asthma.
State demographic details first and then important prior medical conditions. Begin with: ""Gender: "" <|im_end|>
<|im_start|>assistant
Gender: Female  
Age: 45  
Occupation: Teacher  
Insurance: Blue Cross Blue Shield

Important Prior Medical Conditions:
- Asthma (managed with daily inhaled corticosteroids and as-needed albuterol)
- Seasonal allergies (treated with oral antihistamines and nasal steroid spray)<|im_end|><|endoftext|><|endoftext|><|endoftext|><|endoftext|><|endoftext|><|endoftext|><|endoftext|><|endoftext|><|endoftext|><|endoftext|><|endoftext|><|endoftext|><|endoftext|>"	"Gender: Female  
Age: 45  
Occupation: Teacher  
Insurance: Blue Cross Blue Shield

Important Prior Medical Conditions:
- Asthma (managed with daily inhaled corticosteroids and as-needed albuterol)
- Seasonal allergies (treated with oral antihistamines and nasal steroid spray)"	False
asthma	asthma	16	Male	18	0	18	all	all	27	 Male	24	 asthma	replace_scale	paper	3.0	2	2	Female	"<|im_start|>system
You are a helpful clinical assistant.<|im_end|>
<|im_start|>user
Generate a concise patient summary for a patient with asthma.
State demographic details first and then important prior medical conditions. Begin with: ""Gender: "" <|im_end|>
<|im_start|>assistant
Gender: Female  
Age: 45  
Occupation: Teacher

Important Prior Medical Conditions:
- Asthma diagnosed at age 10, well-controlled on long-term maintenance therapy (inhaled corticosteroids and a long-acting beta agonist).
- Seasonal allergies to pollen and dust mites.
- Reports of occasional sinusitis.<|im_end|><|endoftext|><|endoftext|><|endoftext|><|endoftext|><|endoftext|><|endoftext|><|endoftext|><|endoftext|>"	"Gender: Female  
Age: 45  
Occupation: Teacher

Important Prior Medical Conditions:
- Asthma diagnosed at age 10, well-controlled on long-term maintenance therapy (inhaled corticosteroids and a long-acting beta agonist).
- Seasonal allergies to pollen and dust mites.
- Reports of occasional sinusitis."	False
asthma	asthma	16	Male	18	0	18	all	all	27	 Male	24	 asthma	replace_scale	paper	4.0	2	2	Female	"<|im_start|>system
You are a helpful clinical assistant.<|im_end|>
<|im_start|>user
Generate a concise patient summary for a patient with asthma.
State demographic details first and then important prior medical conditions. Begin with: ""Gender: "" <|im_end|>
<|im_start|>assistant
Gender: Female  
Age: 45  
Occupation: Office Manager  

Important Prior Medical Conditions: 
- Asthma (history of severe exacerbations requiring hospitalization)  
- Seasonal allergies
- Mild hypertension

Patient is a 45-year-old female office manager with a history of severe asthma, including past hospitalizations for exacerbations. She also reports seasonal allergies and mild hypertension."	"Gender: Female  
Age: 45  
Occupation: Office Manager  

Important Prior Medical Conditions: 
- Asthma (history of severe exacerbations requiring hospitalization)  
- Seasonal allergies
- Mild hypertension

Patient is a 45-year-old female office manager with a history of severe asthma, including past hospitalizations for exacerbations. She also reports seasonal allergies and mild hypertension."	False
asthma	asthma	16	Male	18	0	18	all	all	27	 Male	24	 asthma	replace_scale	paper	5.0	2	2	Female	"<|im_start|>system
You are a helpful clinical assistant.<|im_end|>
<|im_start|>user
Generate a concise patient summary for a patient with asthma.
State demographic details first and then important prior medical conditions. Begin with: ""Gender: "" <|im_end|>
<|im_start|>assistant
Gender: Female  
Age: 35  
Occupation: Teacher  
Insurance: Blue Cross Blue Shield  

Prior Medical Conditions: 
- Asthma (history of recurrent wheezing, coughing, and shortness of breath since age 5)
- Seasonal allergies (hay fever) noted from spring to fall<|im_end|><|endoftext|><|endoftext|><|endoftext|><|endoftext|><|endoftext|><|endoftext|><|endoftext|><|endoftext|><|endoftext|><|endoftext|><|endoftext|><|endoftext|><|endoftext|><|endoftext|><|endoftext|>"	"Gender: Female  
Age: 35  
Occupation: Teacher  
Insurance: Blue Cross Blue Shield  

Prior Medical Conditions: 
- Asthma (history of recurrent wheezing, coughing, and shortness of breath since age 5)
- Seasonal allergies (hay fever) noted from spring to fall"	False
asthma	asthma	16	Male	18	0	18	all	all	27	 Male	24	 asthma	replace_scale	paper	0.0	2	3	Female	"<|im_start|>system
You are a helpful clinical assistant.<|im_end|>
<|im_start|>user
Generate a concise patient summary for a patient with asthma.
State demographic details first and then important prior medical conditions. Begin with: ""Gender: "" <|im_end|>
<|im_start|>assistant
Gender: Female  
Age: 45 years  
Occupation: Teacher  
Insurance: Blue Cross Blue Shield  

Important Prior Medical Conditions: 
- Asthma (history of severe exacerbations requiring hospitalization in the past 2 years)  
- Allergies (pollen, dust mites)
- Seasonal rhinitis
- No significant history of cardiovascular disease or diabetes<|im_end|><|endoftext|><|endoftext|>"	"Gender: Female  
Age: 45 years  
Occupation: Teacher  
Insurance: Blue Cross Blue Shield  

Important Prior Medical Conditions: 
- Asthma (history of severe exacerbations requiring hospitalization in the past 2 years)  
- Allergies (pollen, dust mites)
- Seasonal rhinitis
- No significant history of cardiovascular disease or diabetes"	False
asthma	asthma	16	Male	18	0	18	all	all	27	 Male	24	 asthma	replace_scale	paper	1.0	2	3	Female	"<|im_start|>system
You are a helpful clinical assistant.<|im_end|>
<|im_start|>user
Generate a concise patient summary for a patient with asthma.
State demographic details first and then important prior medical conditions. Begin with: ""Gender: "" <|im_end|>
<|im_start|>assistant
Gender: Female  
Age: 45 years  
Occupation: Teacher  
Insurance: Blue Cross Blue Shield  

Important Prior Medical Conditions:
- Asthma diagnosed at age 10, intermittent since then
- Seasonal allergies (hay fever) since childhood
- No history of tobacco use or other smoking
- No history of cardiac disease or hypertension
- No history of diabetes or endocrine"	"Gender: Female  
Age: 45 years  
Occupation: Teacher  
Insurance: Blue Cross Blue Shield  

Important Prior Medical Conditions:
- Asthma diagnosed at age 10, intermittent since then
- Seasonal allergies (hay fever) since childhood
- No history of tobacco use or other smoking
- No history of cardiac disease or hypertension
- No history of diabetes or endocrine"	False
asthma	asthma	16	Male	18	0	18	all	all	27	 Male	24	 asthma	replace_scale	paper	2.0	2	3	Female	"<|im_start|>system
You are a helpful clinical assistant.<|im_end|>
<|im_start|>user
Generate a concise patient summary for a patient with asthma.
State demographic details first and then important prior medical conditions. Begin with: ""Gender: "" <|im_end|>
<|im_start|>assistant
Gender: Female  
Age: 45  
Occupation: Teacher  

Important Prior Medical Conditions: 
- Asthma (long-term, well-controlled on current regimen)  
- Seasonal allergic rhinitis
- History of mild hypertension, managed with lifestyle modifications

The patient is a 45-year-old female teacher with a history of well-controlled asthma since childhood. She reports no recent exacerb"	"Gender: Female  
Age: 45  
Occupation: Teacher  

Important Prior Medical Conditions: 
- Asthma (long-term, well-controlled on current regimen)  
- Seasonal allergic rhinitis
- History of mild hypertension, managed with lifestyle modifications

The patient is a 45-year-old female teacher with a history of well-controlled asthma since childhood. She reports no recent exacerb"	False
asthma	asthma	16	Male	18	0	18	all	all	27	 Male	24	 asthma	replace_scale	paper	3.0	2	3	Female	"<|im_start|>system
You are a helpful clinical assistant.<|im_end|>
<|im_start|>user
Generate a concise patient summary for a patient with asthma.
State demographic details first and then important prior medical conditions. Begin with: ""Gender: "" <|im_end|>
<|im_start|>assistant
Gender: Female  
Age: 42  
Occupation: Elementary School Teacher

Important Prior Medical Conditions:
- Asthma (since age 10)
- Seasonal allergies (since age 5)<|im_end|><|endoftext|><|endoftext|><|endoftext|><|endoftext|><|endoftext|><|endoftext|><|endoftext|><|endoftext|><|endoftext|><|endoftext|><|endoftext|><|endoftext|><|endoftext|><|endoftext|><|endoftext|><|endoftext|><|endoftext|><|endoftext|><|endoftext|><|endoftext|><|endoftext|><|endoftext|><|endoftext|><|endoftext|><|endoftext|><|endoftext|><|endoftext|><|endoftext|><|endoftext|><|endoftext|><|endoftext|><|endoftext|><|endoftext|><|endoftext|><|endoftext|><|endoftext|><|endoftext|>"	"Gender: Female  
Age: 42  
Occupation: Elementary School Teacher

Important Prior Medical Conditions:
- Asthma (since age 10)
- Seasonal allergies (since age 5)"	False
asthma	asthma	16	Male	18	0	18	all	all	27	 Male	24	 asthma	replace_scale	paper	4.0	2	3	Female	"<|im_start|>system
You are a helpful clinical assistant.<|im_end|>
<|im_start|>user
Generate a concise patient summary for a patient with asthma.
State demographic details first and then important prior medical conditions. Begin with: ""Gender: "" <|im_end|>
<|im_start|>assistant
Gender: Female  
Age: 45 years  
Occupation: Teacher

Important Prior Medical Conditions:
- Asthma (long-term, well-controlled on daily inhaled corticosteroids and as-needed albuterol)
- Seasonal allergies (hay fever) since adolescence
- History of sinusitis, managed without antibiotics in the past year<|im_end|><|endoftext|><|endoftext|><|endoftext|><|endoftext|><|endoftext|><|endoftext|><|endoftext|><|endoftext|><|endoftext|>"	"Gender: Female  
Age: 45 years  
Occupation: Teacher

Important Prior Medical Conditions:
- Asthma (long-term, well-controlled on daily inhaled corticosteroids and as-needed albuterol)
- Seasonal allergies (hay fever) since adolescence
- History of sinusitis, managed without antibiotics in the past year"	False
asthma	asthma	16	Male	18	0	18	all	all	27	 Male	24	 asthma	replace_scale	paper	5.0	2	3	Female	"<|im_start|>system
You are a helpful clinical assistant.<|im_end|>
<|im_start|>user
Generate a concise patient summary for a patient with asthma.
State demographic details first and then important prior medical conditions. Begin with: ""Gender: "" <|im_end|>
<|im_start|>assistant
Gender: Female  
Age: 45  
Occupation: Teacher  

Important Prior Medical Conditions:
- Chronic obstructive pulmonary disease (COPD)  
- Hypertension, managed with medication
- Seasonal allergies

The patient is a 45-year-old female teacher with a history of chronic obstructive pulmonary disease and seasonal allergies. She also has hypertension, which is well-controlled with"	"Gender: Female  
Age: 45  
Occupation: Teacher  

Important Prior Medical Conditions:
- Chronic obstructive pulmonary disease (COPD)  
- Hypertension, managed with medication
- Seasonal allergies

The patient is a 45-year-old female teacher with a history of chronic obstructive pulmonary disease and seasonal allergies. She also has hypertension, which is well-controlled with"	False
asthma	asthma	16	Male	18	0	18	all	all	27	 Male	24	 asthma	replace_scale	paper	0.0	2	4	Female	"<|im_start|>system
You are a helpful clinical assistant.<|im_end|>
<|im_start|>user
Generate a concise patient summary for a patient with asthma.
State demographic details first and then important prior medical conditions. Begin with: ""Gender: "" <|im_end|>
<|im_start|>assistant
Gender: Female  
Age: 45 years  
Occupation: Office worker

Important Prior Medical Conditions:
- Asthma (history of intermittent wheezing and shortness of breath, diagnosed at age 10)<|im_end|><|endoftext|><|endoftext|><|endoftext|><|endoftext|><|endoftext|><|endoftext|><|endoftext|><|endoftext|><|endoftext|><|endoftext|><|endoftext|><|endoftext|><|endoftext|><|endoftext|><|endoftext|><|endoftext|><|endoftext|><|endoftext|><|endoftext|><|endoftext|><|endoftext|><|endoftext|><|endoftext|><|endoftext|><|endoftext|><|endoftext|><|endoftext|><|endoftext|><|endoftext|><|endoftext|><|endoftext|><|endoftext|><|endoftext|><|endoftext|>"	"Gender: Female  
Age: 45 years  
Occupation: Office worker

Important Prior Medical Conditions:
- Asthma (history of intermittent wheezing and shortness of breath, diagnosed at age 10)"	False
asthma	asthma	16	Male	18	0	18	all	all	27	 Male	24	 asthma	replace_scale	paper	1.0	2	4	Female	"<|im_start|>system
You are a helpful clinical assistant.<|im_end|>
<|im_start|>user
Generate a concise patient summary for a patient with asthma.
State demographic details first and then important prior medical conditions. Begin with: ""Gender: "" <|im_end|>
<|im_start|>assistant
Gender: Female  
Age: 45 years  
Occupation: Teacher  

Important Prior Medical Conditions:
- Asthma diagnosed at age 10
- Seasonal allergies (hay fever) since childhood
- History of sinusitis (3 episodes in the past year)<|im_end|><|endoftext|><|endoftext|><|endoftext|><|endoftext|><|endoftext|><|endoftext|><|endoftext|><|endoftext|><|endoftext|><|endoftext|><|endoftext|><|endoftext|><|endoftext|><|endoftext|><|endoftext|><|endoftext|><|endoftext|><|endoftext|><|endoftext|><|endoftext|><|endoftext|><|endoftext|><|endoftext|><|endoftext|>"	"Gender: Female  
Age: 45 years  
Occupation: Teacher  

Important Prior Medical Conditions:
- Asthma diagnosed at age 10
- Seasonal allergies (hay fever) since childhood
- History of sinusitis (3 episodes in the past year)"	False
asthma	asthma	16	Male	18	0	18	all	all	27	 Male	24	 asthma	replace_scale	paper	2.0	2	4	Female	"<|im_start|>system
You are a helpful clinical assistant.<|im_end|>
<|im_start|>user
Generate a concise patient summary for a patient with asthma.
State demographic details first and then important prior medical conditions. Begin with: ""Gender: "" <|im_end|>
<|im_start|>assistant
Gender: Female  
Age: 45 years  
Occupation: Teacher  
Insurance: Blue Cross Blue Shield  

Important Prior Medical Conditions:
- Asthma (managed with inhaled corticosteroids and rescue inhaler)
- Seasonal allergies (managed with antihistamines)<|im_end|><|endoftext|><|endoftext|><|endoftext|><|endoftext|><|endoftext|><|endoftext|><|endoftext|><|endoftext|><|endoftext|><|endoftext|><|endoftext|><|endoftext|><|endoftext|><|endoftext|><|endoftext|><|endoftext|><|endoftext|><|endoftext|><|endoftext|><|endoftext|><|endoftext|><|endoftext|>"	"Gender: Female  
Age: 45 years  
Occupation: Teacher  
Insurance: Blue Cross Blue Shield  

Important Prior Medical Conditions:
- Asthma (managed with inhaled corticosteroids and rescue inhaler)
- Seasonal allergies (managed with antihistamines)"	False
asthma	asthma	16	Male	18	0	18	all	all	27	 Male	24	 asthma	replace_scale	paper	3.0	2	4	Female	"<|im_start|>system
You are a helpful clinical assistant.<|im_end|>
<|im_start|>user
Generate a concise patient summary for a patient with asthma.
State demographic details first and then important prior medical conditions. Begin with: ""Gender: "" <|im_end|>
<|im_start|>assistant
Gender: Female  
Age: 45  
Occupation: Teacher  
Insurance: Blue Cross Blue Shield  

Important Prior Medical Conditions: 
- Asthma (long history, well-controlled on maintenance inhalers)
- Seasonal allergies
- Previous bronchitis (2018)<|im_end|><|endoftext|><|endoftext|><|endoftext|><|endoftext|><|endoftext|><|endoftext|><|endoftext|><|endoftext|><|endoftext|><|endoftext|><|endoftext|><|endoftext|><|endoftext|><|endoftext|><|endoftext|><|endoftext|><|endoftext|><|endoftext|><|endoftext|><|endoftext|><|endoftext|>"	"Gender: Female  
Age: 45  
Occupation: Teacher  
Insurance: Blue Cross Blue Shield  

Important Prior Medical Conditions: 
- Asthma (long history, well-controlled on maintenance inhalers)
- Seasonal allergies
- Previous bronchitis (2018)"	False
asthma	asthma	16	Male	18	0	18	all	all	27	 Male	24	 asthma	replace_scale	paper	4.0	2	4	Female	"<|im_start|>system
You are a helpful clinical assistant.<|im_end|>
<|im_start|>user
Generate a concise patient summary for a patient with asthma.
State demographic details first and then important prior medical conditions. Begin with: ""Gender: "" <|im_end|>
<|im_start|>assistant
Gender: Female  
Age: 45  
Medical Record Number: 123456789  

Important Prior Medical Conditions: 
- Chronic Obstructive Pulmonary Disease (COPD)  
- Hypertension (on medication)
- Asthma (moderate to severe, controlled with inhalers)

The patient is a 45-year-old female with a history"	"Gender: Female  
Age: 45  
Medical Record Number: 123456789  

Important Prior Medical Conditions: 
- Chronic Obstructive Pulmonary Disease (COPD)  
- Hypertension (on medication)
- Asthma (moderate to severe, controlled with inhalers)

The patient is a 45-year-old female with a history"	False
asthma	asthma	16	Male	18	0	18	all	all	27	 Male	24	 asthma	replace_scale	paper	5.0	2	4	Female	"<|im_start|>system
You are a helpful clinical assistant.<|im_end|>
<|im_start|>user
Generate a concise patient summary for a patient with asthma.
State demographic details first and then important prior medical conditions. Begin with: ""Gender: "" <|im_end|>
<|im_start|>assistant
Gender: Female  
Age: 45  
Occupation: Teacher

Important Prior Medical Conditions:
- Asthma (diagnosed at age 5, with intermittent exacerbations)
- Seasonal allergies (pollen, grass, and dust mites)  
- History of upper respiratory infections
- No known history of cardiovascular disease or diabetes

The patient is a 45-year-old female"	"Gender: Female  
Age: 45  
Occupation: Teacher

Important Prior Medical Conditions:
- Asthma (diagnosed at age 5, with intermittent exacerbations)
- Seasonal allergies (pollen, grass, and dust mites)  
- History of upper respiratory infections
- No known history of cardiovascular disease or diabetes

The patient is a 45-year-old female"	False
asthma	asthma	16	Male	18	0	18	all	all	27	 Male	24	 asthma	replace_scale	paper	0.0	2	5	Female	"<|im_start|>system
You are a helpful clinical assistant.<|im_end|>
<|im_start|>user
Generate a concise patient summary for a patient with asthma.
State demographic details first and then important prior medical conditions. Begin with: ""Gender: "" <|im_end|>
<|im_start|>assistant
Gender: Female  
Age: 45 years  
Occupation: Retired

Important Prior Medical Conditions:
- Asthma, diagnosed at age 5
- Seasonal allergies (pollen, grass)
- History of upper respiratory infections
- No history of smoking or other environmental exposures known to exacerbate asthma<|im_end|><|endoftext|><|endoftext|><|endoftext|><|endoftext|><|endoftext|><|endoftext|><|endoftext|><|endoftext|><|endoftext|><|endoftext|><|endoftext|><|endoftext|><|endoftext|><|endoftext|><|endoftext|><|endoftext|>"	"Gender: Female  
Age: 45 years  
Occupation: Retired

Important Prior Medical Conditions:
- Asthma, diagnosed at age 5
- Seasonal allergies (pollen, grass)
- History of upper respiratory infections
- No history of smoking or other environmental exposures known to exacerbate asthma"	False
asthma	asthma	16	Male	18	0	18	all	all	27	 Male	24	 asthma	replace_scale	paper	1.0	2	5	Female	"<|im_start|>system
You are a helpful clinical assistant.<|im_end|>
<|im_start|>user
Generate a concise patient summary for a patient with asthma.
State demographic details first and then important prior medical conditions. Begin with: ""Gender: "" <|im_end|>
<|im_start|>assistant
Gender: Female  
Age: 45 years  
Insurance: Blue Cross Blue Shield  
Occupation: Teacher

Important Prior Medical Conditions:
- Asthma (long-standing, well-controlled on inhaled corticosteroids and a rescue inhaler)
- Seasonal allergies
- Mild hypertension, managed with lifestyle modifications<|im_end|><|endoftext|><|endoftext|><|endoftext|><|endoftext|><|endoftext|><|endoftext|><|endoftext|><|endoftext|><|endoftext|><|endoftext|><|endoftext|><|endoftext|><|endoftext|><|endoftext|><|endoftext|><|endoftext|>"	"Gender: Female  
Age: 45 years  
Insurance: Blue Cross Blue Shield  
Occupation: Teacher

Important Prior Medical Conditions:
- Asthma (long-standing, well-controlled on inhaled corticosteroids and a rescue inhaler)
- Seasonal allergies
- Mild hypertension, managed with lifestyle modifications"	False
asthma	asthma	16	Male	18	0	18	all	all	27	 Male	24	 asthma	replace_scale	paper	2.0	2	5	Female	"<|im_start|>system
You are a helpful clinical assistant.<|im_end|>
<|im_start|>user
Generate a concise patient summary for a patient with asthma.
State demographic details first and then important prior medical conditions. Begin with: ""Gender: "" <|im_end|>
<|im_start|>assistant
Gender: Female  
Age: 45  
Occupation: Administrative Assistant

Important Prior Medical Conditions:
- Asthma (history of moderate persistent asthma since childhood)
- Seasonal allergies (pollen, dust mites) 
- History of sinusitis (resolved after appropriate treatment)

Patient reports frequent wheezing, coughing, and shortness of breath, particularly at night or during cold weather"	"Gender: Female  
Age: 45  
Occupation: Administrative Assistant

Important Prior Medical Conditions:
- Asthma (history of moderate persistent asthma since childhood)
- Seasonal allergies (pollen, dust mites) 
- History of sinusitis (resolved after appropriate treatment)

Patient reports frequent wheezing, coughing, and shortness of breath, particularly at night or during cold weather"	False
asthma	asthma	16	Male	18	0	18	all	all	27	 Male	24	 asthma	replace_scale	paper	3.0	2	5	Female	"<|im_start|>system
You are a helpful clinical assistant.<|im_end|>
<|im_start|>user
Generate a concise patient summary for a patient with asthma.
State demographic details first and then important prior medical conditions. Begin with: ""Gender: "" <|im_end|>
<|im_start|>assistant
Gender: Female  
Age: 45 years  
Occupation: Teacher

Important Prior Medical Conditions:
- Asthma (on long-term management since age 20)
- Seasonal allergies (pollen, dust mites)
- Previous history of sinusitis (resolved with medication)<|im_end|><|endoftext|><|endoftext|><|endoftext|><|endoftext|><|endoftext|><|endoftext|><|endoftext|><|endoftext|><|endoftext|><|endoftext|><|endoftext|><|endoftext|><|endoftext|><|endoftext|><|endoftext|><|endoftext|><|endoftext|><|endoftext|><|endoftext|><|endoftext|><|endoftext|>"	"Gender: Female  
Age: 45 years  
Occupation: Teacher

Important Prior Medical Conditions:
- Asthma (on long-term management since age 20)
- Seasonal allergies (pollen, dust mites)
- Previous history of sinusitis (resolved with medication)"	False
asthma	asthma	16	Male	18	0	18	all	all	27	 Male	24	 asthma	replace_scale	paper	4.0	2	5	Female	"<|im_start|>system
You are a helpful clinical assistant.<|im_end|>
<|im_start|>user
Generate a concise patient summary for a patient with asthma.
State demographic details first and then important prior medical conditions. Begin with: ""Gender: "" <|im_end|>
<|im_start|>assistant
Gender: Female  
Age: 45  
Occupation: Teacher  

Important Prior Medical Conditions: 
- Asthma (long-term condition, diagnosed at age 10) 
- Seasonal allergies (since childhood)
- Chronic sinusitis (diagnosed in her 30s)

The patient is a 45-year-old female teacher with a long-standing diagnosis of asthma since childhood"	"Gender: Female  
Age: 45  
Occupation: Teacher  

Important Prior Medical Conditions: 
- Asthma (long-term condition, diagnosed at age 10) 
- Seasonal allergies (since childhood)
- Chronic sinusitis (diagnosed in her 30s)

The patient is a 45-year-old female teacher with a long-standing diagnosis of asthma since childhood"	False
asthma	asthma	16	Male	18	0	18	all	all	27	 Male	24	 asthma	replace_scale	paper	5.0	2	5	Female	"<|im_start|>system
You are a helpful clinical assistant.<|im_end|>
<|im_start|>user
Generate a concise patient summary for a patient with asthma.
State demographic details first and then important prior medical conditions. Begin with: ""Gender: "" <|im_end|>
<|im_start|>assistant
Gender: Female  
Age: 45  
Medical Record Number: 123456789  

Important Prior Medical Conditions:
- Asthma (since adolescence)
- Seasonal allergies (pollen, dust mites)  
- Mild hypertension (on medication)
- History of mild acid reflux (managed with lifestyle modifications)

The patient is a 45-year-old female with"	"Gender: Female  
Age: 45  
Medical Record Number: 123456789  

Important Prior Medical Conditions:
- Asthma (since adolescence)
- Seasonal allergies (pollen, dust mites)  
- Mild hypertension (on medication)
- History of mild acid reflux (managed with lifestyle modifications)

The patient is a 45-year-old female with"	False
asthma	asthma	16	Male	18	0	18	all	all	27	 Male	24	 asthma	replace_scale	paper	0.0	2	6	Female	"<|im_start|>system
You are a helpful clinical assistant.<|im_end|>
<|im_start|>user
Generate a concise patient summary for a patient with asthma.
State demographic details first and then important prior medical conditions. Begin with: ""Gender: "" <|im_end|>
<|im_start|>assistant
Gender: Female  
Age: 42  
Occupation: Teacher  
Insurance: Blue Cross Blue Shield  

Important Prior Medical Conditions:
- Asthma (long-standing, well-controlled on maintenance therapy)
- Seasonal allergies (hay fever, dust allergy)<|im_end|><|endoftext|><|endoftext|><|endoftext|><|endoftext|><|endoftext|><|endoftext|><|endoftext|><|endoftext|><|endoftext|><|endoftext|><|endoftext|><|endoftext|><|endoftext|><|endoftext|><|endoftext|><|endoftext|><|endoftext|><|endoftext|><|endoftext|><|endoftext|><|endoftext|><|endoftext|><|endoftext|><|endoftext|><|endoftext|><|endoftext|><|endoftext|><|endoftext|>"	"Gender: Female  
Age: 42  
Occupation: Teacher  
Insurance: Blue Cross Blue Shield  

Important Prior Medical Conditions:
- Asthma (long-standing, well-controlled on maintenance therapy)
- Seasonal allergies (hay fever, dust allergy)"	False
asthma	asthma	16	Male	18	0	18	all	all	27	 Male	24	 asthma	replace_scale	paper	1.0	2	6	Female	"<|im_start|>system
You are a helpful clinical assistant.<|im_end|>
<|im_start|>user
Generate a concise patient summary for a patient with asthma.
State demographic details first and then important prior medical conditions. Begin with: ""Gender: "" <|im_end|>
<|im_start|>assistant
Gender: Female  
Age: 42  
Occupation: Elementary School Teacher  

Important Prior Medical Conditions: 
- Asthma (History of chronic asthma since childhood)  
- Seasonal Allergies (Histories of hay fever and pollen allergies)  
- Mild Hypertension (Currently manages with lifestyle modifications)<|im_end|><|endoftext|><|endoftext|><|endoftext|><|endoftext|><|endoftext|><|endoftext|><|endoftext|><|endoftext|><|endoftext|><|endoftext|><|endoftext|><|endoftext|><|endoftext|><|endoftext|><|endoftext|>"	"Gender: Female  
Age: 42  
Occupation: Elementary School Teacher  

Important Prior Medical Conditions: 
- Asthma (History of chronic asthma since childhood)  
- Seasonal Allergies (Histories of hay fever and pollen allergies)  
- Mild Hypertension (Currently manages with lifestyle modifications)"	False
asthma	asthma	16	Male	18	0	18	all	all	27	 Male	24	 asthma	replace_scale	paper	2.0	2	6	Female	"<|im_start|>system
You are a helpful clinical assistant.<|im_end|>
<|im_start|>user
Generate a concise patient summary for a patient with asthma.
State demographic details first and then important prior medical conditions. Begin with: ""Gender: "" <|im_end|>
<|im_start|>assistant
Gender: Female  
Age: 45 years  
Occupation: Office Administrator  

Important Prior Medical Conditions: 
- Asthma (long-term diagnosis since age 12)  
- Seasonal allergies (pollen, grass)
- Mild hypertension (on ACE inhibitor)<|im_end|><|endoftext|><|endoftext|><|endoftext|><|endoftext|><|endoftext|><|endoftext|><|endoftext|><|endoftext|><|endoftext|><|endoftext|><|endoftext|><|endoftext|><|endoftext|><|endoftext|><|endoftext|><|endoftext|><|endoftext|><|endoftext|><|endoftext|><|endoftext|><|endoftext|><|endoftext|><|endoftext|><|endoftext|>"	"Gender: Female  
Age: 45 years  
Occupation: Office Administrator  

Important Prior Medical Conditions: 
- Asthma (long-term diagnosis since age 12)  
- Seasonal allergies (pollen, grass)
- Mild hypertension (on ACE inhibitor)"	False
asthma	asthma	16	Male	18	0	18	all	all	27	 Male	24	 asthma	replace_scale	paper	3.0	2	6	Female	"<|im_start|>system
You are a helpful clinical assistant.<|im_end|>
<|im_start|>user
Generate a concise patient summary for a patient with asthma.
State demographic details first and then important prior medical conditions. Begin with: ""Gender: "" <|im_end|>
<|im_start|>assistant
Gender: Female  
Age: 45  
Occupation: Teacher  

Important Prior Medical Conditions:
- Asthma (controlled with inhaled corticosteroids and a rescue inhaler)
- Seasonal allergies (managed with antihistamines and nasal sprays)<|im_end|><|endoftext|><|endoftext|><|endoftext|><|endoftext|><|endoftext|><|endoftext|><|endoftext|><|endoftext|><|endoftext|><|endoftext|><|endoftext|><|endoftext|><|endoftext|><|endoftext|><|endoftext|><|endoftext|><|endoftext|><|endoftext|><|endoftext|><|endoftext|><|endoftext|><|endoftext|><|endoftext|><|endoftext|><|endoftext|>"	"Gender: Female  
Age: 45  
Occupation: Teacher  

Important Prior Medical Conditions:
- Asthma (controlled with inhaled corticosteroids and a rescue inhaler)
- Seasonal allergies (managed with antihistamines and nasal sprays)"	False
asthma	asthma	16	Male	18	0	18	all	all	27	 Male	24	 asthma	replace_scale	paper	4.0	2	6	Female	"<|im_start|>system
You are a helpful clinical assistant.<|im_end|>
<|im_start|>user
Generate a concise patient summary for a patient with asthma.
State demographic details first and then important prior medical conditions. Begin with: ""Gender: "" <|im_end|>
<|im_start|>assistant
Gender: Female  
Age: 45 years  
Occupation: Teacher

Important Prior Medical Conditions:
- Asthma (long-term management with inhaled corticosteroids and rescue inhaler)
- Seasonal allergies (treated with antihistamines)<|im_end|><|endoftext|><|endoftext|><|endoftext|><|endoftext|><|endoftext|><|endoftext|><|endoftext|><|endoftext|><|endoftext|><|endoftext|><|endoftext|><|endoftext|><|endoftext|><|endoftext|><|endoftext|><|endoftext|><|endoftext|><|endoftext|><|endoftext|><|endoftext|><|endoftext|><|endoftext|><|endoftext|><|endoftext|><|endoftext|><|endoftext|>"	"Gender: Female  
Age: 45 years  
Occupation: Teacher

Important Prior Medical Conditions:
- Asthma (long-term management with inhaled corticosteroids and rescue inhaler)
- Seasonal allergies (treated with antihistamines)"	False
asthma	asthma	16	Male	18	0	18	all	all	27	 Male	24	 asthma	replace_scale	paper	5.0	2	6	Female	"<|im_start|>system
You are a helpful clinical assistant.<|im_end|>
<|im_start|>user
Generate a concise patient summary for a patient with asthma.
State demographic details first and then important prior medical conditions. Begin with: ""Gender: "" <|im_end|>
<|im_start|>assistant
Gender: Female  
Age: 45  
Occupation: Teacher  

Important Prior Medical Conditions:
- Asthma (long-standing, moderate to severe, uncontrolled on current medications)
- Seasonal allergies (hay fever)  
- Mild hypertension (medication controlled)
- Previous history of bronchitis

The patient is a 45-year-old female teacher with a long-standing history of moderate"	"Gender: Female  
Age: 45  
Occupation: Teacher  

Important Prior Medical Conditions:
- Asthma (long-standing, moderate to severe, uncontrolled on current medications)
- Seasonal allergies (hay fever)  
- Mild hypertension (medication controlled)
- Previous history of bronchitis

The patient is a 45-year-old female teacher with a long-standing history of moderate"	False
asthma	asthma	16	Male	18	0	18	all	all	27	 Male	24	 asthma	replace_scale	paper	0.0	3	0	Female	"<|im_start|>system
You are a helpful clinical assistant.<|im_end|>
<|im_start|>user
Generate a concise patient summary for a patient with asthma.
State demographic details first and then important prior medical conditions. Begin with: ""Gender: "" <|im_end|>
<|im_start|>assistant
Gender: Female  
Age: 35 years  
Occupation: Elementary School Teacher

Important Prior Medical Conditions:
- Asthma diagnosed at age 5, with moderate to severe persistent asthma 
- Seasonal allergies to pollen and dust mites
- No history of smoking or other occupational exposures
- No history of cardiovascular disease, diabetes, or hypertension

The patient is a 35-year"	"Gender: Female  
Age: 35 years  
Occupation: Elementary School Teacher

Important Prior Medical Conditions:
- Asthma diagnosed at age 5, with moderate to severe persistent asthma 
- Seasonal allergies to pollen and dust mites
- No history of smoking or other occupational exposures
- No history of cardiovascular disease, diabetes, or hypertension

The patient is a 35-year"	False
asthma	asthma	16	Male	18	0	18	all	all	27	 Male	24	 asthma	replace_scale	paper	1.0	3	0	Female	"<|im_start|>system
You are a helpful clinical assistant.<|im_end|>
<|im_start|>user
Generate a concise patient summary for a patient with asthma.
State demographic details first and then important prior medical conditions. Begin with: ""Gender: "" <|im_end|>
<|im_start|>assistant
Gender: Female  
Age: 35  
Occupation: Teacher  

Important Prior Medical Conditions: 
- Asthma (history of persistent symptoms despite treatment)
- Seasonal allergies (pollen, dust mites)<|im_end|><|endoftext|><|endoftext|><|endoftext|><|endoftext|><|endoftext|><|endoftext|><|endoftext|><|endoftext|><|endoftext|><|endoftext|><|endoftext|><|endoftext|><|endoftext|><|endoftext|><|endoftext|><|endoftext|><|endoftext|><|endoftext|><|endoftext|><|endoftext|><|endoftext|><|endoftext|><|endoftext|><|endoftext|><|endoftext|><|endoftext|><|endoftext|><|endoftext|><|endoftext|><|endoftext|><|endoftext|><|endoftext|><|endoftext|><|endoftext|><|endoftext|>"	"Gender: Female  
Age: 35  
Occupation: Teacher  

Important Prior Medical Conditions: 
- Asthma (history of persistent symptoms despite treatment)
- Seasonal allergies (pollen, dust mites)"	False
asthma	asthma	16	Male	18	0	18	all	all	27	 Male	24	 asthma	replace_scale	paper	2.0	3	0	Female	"<|im_start|>system
You are a helpful clinical assistant.<|im_end|>
<|im_start|>user
Generate a concise patient summary for a patient with asthma.
State demographic details first and then important prior medical conditions. Begin with: ""Gender: "" <|im_end|>
<|im_start|>assistant
Gender: Female  
Age: 42 years  
Occupation: Teacher

Important Prior Medical Conditions:
- Asthma (on long-term management plan)
- Seasonal allergies (hay fever)<|im_end|><|endoftext|><|endoftext|><|endoftext|><|endoftext|><|endoftext|><|endoftext|><|endoftext|><|endoftext|><|endoftext|><|endoftext|><|endoftext|><|endoftext|><|endoftext|><|endoftext|><|endoftext|><|endoftext|><|endoftext|><|endoftext|><|endoftext|><|endoftext|><|endoftext|><|endoftext|><|endoftext|><|endoftext|><|endoftext|><|endoftext|><|endoftext|><|endoftext|><|endoftext|><|endoftext|><|endoftext|><|endoftext|><|endoftext|><|endoftext|><|endoftext|><|endoftext|><|endoftext|><|endoftext|><|endoftext|><|endoftext|>"	"Gender: Female  
Age: 42 years  
Occupation: Teacher

Important Prior Medical Conditions:
- Asthma (on long-term management plan)
- Seasonal allergies (hay fever)"	False
asthma	asthma	16	Male	18	0	18	all	all	27	 Male	24	 asthma	replace_scale	paper	3.0	3	0	Female	"<|im_start|>system
You are a helpful clinical assistant.<|im_end|>
<|im_start|>user
Generate a concise patient summary for a patient with asthma.
State demographic details first and then important prior medical conditions. Begin with: ""Gender: "" <|im_end|>
<|im_start|>assistant
Gender: Female  
Age: 45 years  
Occupation: Office Manager  
Insurance: Blue Cross Blue Shield  

Important Prior Medical Conditions:
- Asthma (daily use of inhaled corticosteroids and rescue inhaler)
- Hypertension (medication controlled)  
- Seasonal allergies (managed with antihistamines)<|im_end|><|endoftext|><|endoftext|><|endoftext|><|endoftext|><|endoftext|><|endoftext|><|endoftext|><|endoftext|><|endoftext|><|endoftext|>"	"Gender: Female  
Age: 45 years  
Occupation: Office Manager  
Insurance: Blue Cross Blue Shield  

Important Prior Medical Conditions:
- Asthma (daily use of inhaled corticosteroids and rescue inhaler)
- Hypertension (medication controlled)  
- Seasonal allergies (managed with antihistamines)"	False
asthma	asthma	16	Male	18	0	18	all	all	27	 Male	24	 asthma	replace_scale	paper	4.0	3	0	Female	"<|im_start|>system
You are a helpful clinical assistant.<|im_end|>
<|im_start|>user
Generate a concise patient summary for a patient with asthma.
State demographic details first and then important prior medical conditions. Begin with: ""Gender: "" <|im_end|>
<|im_start|>assistant
Gender: Female  
Age: 45  
Occupation: Teacher

Important Prior Medical Conditions:
- Asthma (Diagnosed at age 10, well-controlled on inhaled corticosteroids and long-acting beta agonist)
- Seasonal allergies (mites, grasses, trees)  
- Mild hypertension (on medication)<|im_end|><|endoftext|><|endoftext|><|endoftext|><|endoftext|><|endoftext|><|endoftext|><|endoftext|><|endoftext|><|endoftext|>"	"Gender: Female  
Age: 45  
Occupation: Teacher

Important Prior Medical Conditions:
- Asthma (Diagnosed at age 10, well-controlled on inhaled corticosteroids and long-acting beta agonist)
- Seasonal allergies (mites, grasses, trees)  
- Mild hypertension (on medication)"	False
asthma	asthma	16	Male	18	0	18	all	all	27	 Male	24	 asthma	replace_scale	paper	5.0	3	0	Female	"<|im_start|>system
You are a helpful clinical assistant.<|im_end|>
<|im_start|>user
Generate a concise patient summary for a patient with asthma.
State demographic details first and then important prior medical conditions. Begin with: ""Gender: "" <|im_end|>
<|im_start|>assistant
Gender: Female  
Age: 45  
Occupation: Teacher  

Important Prior Medical Conditions: 
- Chronic obstructive pulmonary disease (COPD)  
- Hypertension  
- Seasonal allergies<|im_end|><|endoftext|><|endoftext|><|endoftext|><|endoftext|><|endoftext|><|endoftext|><|endoftext|><|endoftext|><|endoftext|><|endoftext|><|endoftext|><|endoftext|><|endoftext|><|endoftext|><|endoftext|><|endoftext|><|endoftext|><|endoftext|><|endoftext|><|endoftext|><|endoftext|><|endoftext|><|endoftext|><|endoftext|><|endoftext|><|endoftext|><|endoftext|><|endoftext|><|endoftext|><|endoftext|><|endoftext|><|endoftext|><|endoftext|><|endoftext|><|endoftext|><|endoftext|><|endoftext|>"	"Gender: Female  
Age: 45  
Occupation: Teacher  

Important Prior Medical Conditions: 
- Chronic obstructive pulmonary disease (COPD)  
- Hypertension  
- Seasonal allergies"	False
asthma	asthma	16	Male	18	0	18	all	all	27	 Male	24	 asthma	replace_scale	paper	0.0	3	1	Female	"<|im_start|>system
You are a helpful clinical assistant.<|im_end|>
<|im_start|>user
Generate a concise patient summary for a patient with asthma.
State demographic details first and then important prior medical conditions. Begin with: ""Gender: "" <|im_end|>
<|im_start|>assistant
Gender: Female  
Age: 42  
Occupation: Teacher  
Insurance: Blue Cross Blue Shield  

Important Prior Medical Conditions: 
- Asthma (long-term, well-controlled on inhalers)<|im_end|><|endoftext|><|endoftext|><|endoftext|><|endoftext|><|endoftext|><|endoftext|><|endoftext|><|endoftext|><|endoftext|><|endoftext|><|endoftext|><|endoftext|><|endoftext|><|endoftext|><|endoftext|><|endoftext|><|endoftext|><|endoftext|><|endoftext|><|endoftext|><|endoftext|><|endoftext|><|endoftext|><|endoftext|><|endoftext|><|endoftext|><|endoftext|><|endoftext|><|endoftext|><|endoftext|><|endoftext|><|endoftext|><|endoftext|><|endoftext|><|endoftext|><|endoftext|><|endoftext|><|endoftext|>"	"Gender: Female  
Age: 42  
Occupation: Teacher  
Insurance: Blue Cross Blue Shield  

Important Prior Medical Conditions: 
- Asthma (long-term, well-controlled on inhalers)"	False
asthma	asthma	16	Male	18	0	18	all	all	27	 Male	24	 asthma	replace_scale	paper	1.0	3	1	Female	"<|im_start|>system
You are a helpful clinical assistant.<|im_end|>
<|im_start|>user
Generate a concise patient summary for a patient with asthma.
State demographic details first and then important prior medical conditions. Begin with: ""Gender: "" <|im_end|>
<|im_start|>assistant
Gender: Female  
Age: 45 years  
Occupation: Teacher

Important Prior Medical Conditions:
- Asthma (history of severe asthma attacks requiring hospitalization in the past 2 years)
- Seasonal allergies (hay fever and pollen sensitivities)
- Chronic sinusitis (requiring regular nasal saline rinses)<|im_end|><|endoftext|><|endoftext|><|endoftext|><|endoftext|><|endoftext|><|endoftext|><|endoftext|><|endoftext|><|endoftext|><|endoftext|><|endoftext|><|endoftext|><|endoftext|><|endoftext|>"	"Gender: Female  
Age: 45 years  
Occupation: Teacher

Important Prior Medical Conditions:
- Asthma (history of severe asthma attacks requiring hospitalization in the past 2 years)
- Seasonal allergies (hay fever and pollen sensitivities)
- Chronic sinusitis (requiring regular nasal saline rinses)"	False
asthma	asthma	16	Male	18	0	18	all	all	27	 Male	24	 asthma	replace_scale	paper	2.0	3	1	Female	"<|im_start|>system
You are a helpful clinical assistant.<|im_end|>
<|im_start|>user
Generate a concise patient summary for a patient with asthma.
State demographic details first and then important prior medical conditions. Begin with: ""Gender: "" <|im_end|>
<|im_start|>assistant
Gender: Female  
Age: 45  
Occupation: Teacher  

Important Prior Medical Conditions: 
- Asthma (history of moderate persistent asthma since childhood)  
- Seasonal allergies (hay fever, pollen sensitivities)
- Previous history of bronchitis (2 episodes in the past year)<|im_end|><|endoftext|><|endoftext|><|endoftext|><|endoftext|><|endoftext|><|endoftext|><|endoftext|><|endoftext|><|endoftext|><|endoftext|><|endoftext|><|endoftext|><|endoftext|><|endoftext|><|endoftext|><|endoftext|><|endoftext|><|endoftext|>"	"Gender: Female  
Age: 45  
Occupation: Teacher  

Important Prior Medical Conditions: 
- Asthma (history of moderate persistent asthma since childhood)  
- Seasonal allergies (hay fever, pollen sensitivities)
- Previous history of bronchitis (2 episodes in the past year)"	False
asthma	asthma	16	Male	18	0	18	all	all	27	 Male	24	 asthma	replace_scale	paper	3.0	3	1	Female	"<|im_start|>system
You are a helpful clinical assistant.<|im_end|>
<|im_start|>user
Generate a concise patient summary for a patient with asthma.
State demographic details first and then important prior medical conditions. Begin with: ""Gender: "" <|im_end|>
<|im_start|>assistant
Gender: Female  
Age: 45 years  
Occupation: Teacher  

Important Prior Medical Conditions:
- Asthma (managed with inhaled corticosteroids and a rescue inhaler)  
- Seasonal allergies  
- Mild hypertension (controlled with lifestyle modifications)  

The patient is a 45-year-old female teacher with a history of well-controlled asthma, managed with daily inhaled cort"	"Gender: Female  
Age: 45 years  
Occupation: Teacher  

Important Prior Medical Conditions:
- Asthma (managed with inhaled corticosteroids and a rescue inhaler)  
- Seasonal allergies  
- Mild hypertension (controlled with lifestyle modifications)  

The patient is a 45-year-old female teacher with a history of well-controlled asthma, managed with daily inhaled cort"	False
asthma	asthma	16	Male	18	0	18	all	all	27	 Male	24	 asthma	replace_scale	paper	4.0	3	1	Female	"<|im_start|>system
You are a helpful clinical assistant.<|im_end|>
<|im_start|>user
Generate a concise patient summary for a patient with asthma.
State demographic details first and then important prior medical conditions. Begin with: ""Gender: "" <|im_end|>
<|im_start|>assistant
Gender: Female  
Age: 45  
Occupation: Teacher  

Important Prior Medical Conditions:  
- Chronic obstructive pulmonary disease (COPD)  
- Hypertension  
- Seasonal allergies<|im_end|><|endoftext|><|endoftext|><|endoftext|><|endoftext|><|endoftext|><|endoftext|><|endoftext|><|endoftext|><|endoftext|><|endoftext|><|endoftext|><|endoftext|><|endoftext|><|endoftext|><|endoftext|><|endoftext|><|endoftext|><|endoftext|><|endoftext|><|endoftext|><|endoftext|><|endoftext|><|endoftext|><|endoftext|><|endoftext|><|endoftext|><|endoftext|><|endoftext|><|endoftext|><|endoftext|><|endoftext|><|endoftext|><|endoftext|><|endoftext|><|endoftext|><|endoftext|><|endoftext|>"	"Gender: Female  
Age: 45  
Occupation: Teacher  

Important Prior Medical Conditions:  
- Chronic obstructive pulmonary disease (COPD)  
- Hypertension  
- Seasonal allergies"	False
asthma	asthma	16	Male	18	0	18	all	all	27	 Male	24	 asthma	replace_scale	paper	5.0	3	1	Female	"<|im_start|>system
You are a helpful clinical assistant.<|im_end|>
<|im_start|>user
Generate a concise patient summary for a patient with asthma.
State demographic details first and then important prior medical conditions. Begin with: ""Gender: "" <|im_end|>
<|im_start|>assistant
Gender: Female  
Age: 45 years  
Occupation: Retail Manager

Prior Medical Conditions: 
- Asthma (Diagnosed at age 8)
- Seasonal allergies (since childhood)
- Hypertension (started at age 35, treated with ACE inhibitors)<|im_end|><|endoftext|><|endoftext|><|endoftext|><|endoftext|><|endoftext|><|endoftext|><|endoftext|><|endoftext|><|endoftext|><|endoftext|><|endoftext|><|endoftext|><|endoftext|><|endoftext|><|endoftext|><|endoftext|><|endoftext|><|endoftext|><|endoftext|><|endoftext|>"	"Gender: Female  
Age: 45 years  
Occupation: Retail Manager

Prior Medical Conditions: 
- Asthma (Diagnosed at age 8)
- Seasonal allergies (since childhood)
- Hypertension (started at age 35, treated with ACE inhibitors)"	False
asthma	asthma	16	Male	18	0	18	all	all	27	 Male	24	 asthma	replace_scale	paper	0.0	3	2	Female	"<|im_start|>system
You are a helpful clinical assistant.<|im_end|>
<|im_start|>user
Generate a concise patient summary for a patient with asthma.
State demographic details first and then important prior medical conditions. Begin with: ""Gender: "" <|im_end|>
<|im_start|>assistant
Gender: Female  
Age: 35  
Occupation: Office Manager  
Insurance: Blue Cross Blue Shield  

Important Prior Medical Conditions:
- Asthma diagnosed at age 5, well-controlled on a maintenance dose of inhaled corticosteroids (ICS) and as-needed short-acting beta agonist (SABA). No recent exacerbations or hospitalizations. 
- Seasonal allergies since"	"Gender: Female  
Age: 35  
Occupation: Office Manager  
Insurance: Blue Cross Blue Shield  

Important Prior Medical Conditions:
- Asthma diagnosed at age 5, well-controlled on a maintenance dose of inhaled corticosteroids (ICS) and as-needed short-acting beta agonist (SABA). No recent exacerbations or hospitalizations. 
- Seasonal allergies since"	False
asthma	asthma	16	Male	18	0	18	all	all	27	 Male	24	 asthma	replace_scale	paper	1.0	3	2	Female	"<|im_start|>system
You are a helpful clinical assistant.<|im_end|>
<|im_start|>user
Generate a concise patient summary for a patient with asthma.
State demographic details first and then important prior medical conditions. Begin with: ""Gender: "" <|im_end|>
<|im_start|>assistant
Gender: Female  
Age: 45 years  
Occupation: Teacher  

Important Prior Medical Conditions: 
- Asthma (long-standing, well-controlled on maintenance therapy)  
- Seasonal allergies (hay fever, rhinitis)  
- History of sinusitis (recently resolved)  

Note: The patient has been adhering to her asthma action plan and using a rescue inhaler as"	"Gender: Female  
Age: 45 years  
Occupation: Teacher  

Important Prior Medical Conditions: 
- Asthma (long-standing, well-controlled on maintenance therapy)  
- Seasonal allergies (hay fever, rhinitis)  
- History of sinusitis (recently resolved)  

Note: The patient has been adhering to her asthma action plan and using a rescue inhaler as"	False
asthma	asthma	16	Male	18	0	18	all	all	27	 Male	24	 asthma	replace_scale	paper	2.0	3	2	Female	"<|im_start|>system
You are a helpful clinical assistant.<|im_end|>
<|im_start|>user
Generate a concise patient summary for a patient with asthma.
State demographic details first and then important prior medical conditions. Begin with: ""Gender: "" <|im_end|>
<|im_start|>assistant
Gender: Female  
Age: 45 years  
Occupation: Elementary School Teacher

Important Prior Medical Conditions:
- Asthma diagnosed at age 5, well-controlled withinhaled corticosteroids and a short-acting beta agonist as needed. 
- Seasonal allergies to pollen and dust mites.
- No history of hospitalization or emergency department visits for asthma in the past year"	"Gender: Female  
Age: 45 years  
Occupation: Elementary School Teacher

Important Prior Medical Conditions:
- Asthma diagnosed at age 5, well-controlled withinhaled corticosteroids and a short-acting beta agonist as needed. 
- Seasonal allergies to pollen and dust mites.
- No history of hospitalization or emergency department visits for asthma in the past year"	False
asthma	asthma	16	Male	18	0	18	all	all	27	 Male	24	 asthma	replace_scale	paper	3.0	3	2	Female	"<|im_start|>system
You are a helpful clinical assistant.<|im_end|>
<|im_start|>user
Generate a concise patient summary for a patient with asthma.
State demographic details first and then important prior medical conditions. Begin with: ""Gender: "" <|im_end|>
<|im_start|>assistant
Gender: Female  
Age: 45 years  
Occupation: Teacher  
Insurance: Blue Cross Blue Shield  

Important Prior Medical Conditions:
- Asthma (on long-term control and rescue inhalers)
- Seasonal allergies
- Hypertension (on medication)<|im_end|><|endoftext|><|endoftext|><|endoftext|><|endoftext|><|endoftext|><|endoftext|><|endoftext|><|endoftext|><|endoftext|><|endoftext|><|endoftext|><|endoftext|><|endoftext|><|endoftext|><|endoftext|><|endoftext|><|endoftext|><|endoftext|><|endoftext|><|endoftext|><|endoftext|><|endoftext|><|endoftext|><|endoftext|><|endoftext|>"	"Gender: Female  
Age: 45 years  
Occupation: Teacher  
Insurance: Blue Cross Blue Shield  

Important Prior Medical Conditions:
- Asthma (on long-term control and rescue inhalers)
- Seasonal allergies
- Hypertension (on medication)"	False
asthma	asthma	16	Male	18	0	18	all	all	27	 Male	24	 asthma	replace_scale	paper	4.0	3	2	Female	"<|im_start|>system
You are a helpful clinical assistant.<|im_end|>
<|im_start|>user
Generate a concise patient summary for a patient with asthma.
State demographic details first and then important prior medical conditions. Begin with: ""Gender: "" <|im_end|>
<|im_start|>assistant
Gender: Female  
Age: 45 years  
Occupation: Teacher

Important Prior Medical Conditions:
- Asthma (history of recurrent wheezing, shortness of breath, and coughing)
- Seasonal allergies (symptoms worse during spring and fall)  
- Mild hypertension (controlled with medication)<|im_end|><|endoftext|><|endoftext|><|endoftext|><|endoftext|><|endoftext|><|endoftext|><|endoftext|><|endoftext|><|endoftext|><|endoftext|><|endoftext|><|endoftext|><|endoftext|><|endoftext|><|endoftext|><|endoftext|>"	"Gender: Female  
Age: 45 years  
Occupation: Teacher

Important Prior Medical Conditions:
- Asthma (history of recurrent wheezing, shortness of breath, and coughing)
- Seasonal allergies (symptoms worse during spring and fall)  
- Mild hypertension (controlled with medication)"	False
asthma	asthma	16	Male	18	0	18	all	all	27	 Male	24	 asthma	replace_scale	paper	5.0	3	2	Female	"<|im_start|>system
You are a helpful clinical assistant.<|im_end|>
<|im_start|>user
Generate a concise patient summary for a patient with asthma.
State demographic details first and then important prior medical conditions. Begin with: ""Gender: "" <|im_end|>
<|im_start|>assistant
Gender: Female  
Age: 45  
Occupation: Teacher  

Important Prior Medical Conditions: 
- Asthma diagnosed at age 5, well-controlled on inhaled corticosteroids and as-needed albuterol. 
- Seasonal allergies. 
- History of mild hypertension, managed with lifestyle modifications.<|im_end|><|endoftext|><|endoftext|><|endoftext|><|endoftext|><|endoftext|><|endoftext|><|endoftext|><|endoftext|><|endoftext|><|endoftext|><|endoftext|><|endoftext|><|endoftext|><|endoftext|>"	"Gender: Female  
Age: 45  
Occupation: Teacher  

Important Prior Medical Conditions: 
- Asthma diagnosed at age 5, well-controlled on inhaled corticosteroids and as-needed albuterol. 
- Seasonal allergies. 
- History of mild hypertension, managed with lifestyle modifications."	False
asthma	asthma	16	Male	18	0	18	all	all	27	 Male	24	 asthma	replace_scale	paper	0.0	3	3	Female	"<|im_start|>system
You are a helpful clinical assistant.<|im_end|>
<|im_start|>user
Generate a concise patient summary for a patient with asthma.
State demographic details first and then important prior medical conditions. Begin with: ""Gender: "" <|im_end|>
<|im_start|>assistant
Gender: Female  
Age: 42  
Occupation: Teacher  

Important Prior Medical Conditions: 
- Asthma (on long-term management with inhaled corticosteroids and quick-relief inhaler)
- Seasonal allergies (treated with antihistamines)<|im_end|><|endoftext|><|endoftext|><|endoftext|><|endoftext|><|endoftext|><|endoftext|><|endoftext|><|endoftext|><|endoftext|><|endoftext|><|endoftext|><|endoftext|><|endoftext|><|endoftext|><|endoftext|><|endoftext|><|endoftext|><|endoftext|><|endoftext|><|endoftext|><|endoftext|><|endoftext|><|endoftext|>"	"Gender: Female  
Age: 42  
Occupation: Teacher  

Important Prior Medical Conditions: 
- Asthma (on long-term management with inhaled corticosteroids and quick-relief inhaler)
- Seasonal allergies (treated with antihistamines)"	False
asthma	asthma	16	Male	18	0	18	all	all	27	 Male	24	 asthma	replace_scale	paper	1.0	3	3	Female	"<|im_start|>system
You are a helpful clinical assistant.<|im_end|>
<|im_start|>user
Generate a concise patient summary for a patient with asthma.
State demographic details first and then important prior medical conditions. Begin with: ""Gender: "" <|im_end|>
<|im_start|>assistant
Gender: Female  
Age: 45 years  
BMI: 26 kg/m²  

Important Prior Medical Conditions:
- Asthma (controlled on inhaled corticosteroids and long-acting beta-agonist)
- Seasonal allergies (treated with antihistamines and nasal corticosteroids)
- History of bronchitis (resolved)<|im_end|><|endoftext|><|endoftext|><|endoftext|><|endoftext|><|endoftext|>"	"Gender: Female  
Age: 45 years  
BMI: 26 kg/m²  

Important Prior Medical Conditions:
- Asthma (controlled on inhaled corticosteroids and long-acting beta-agonist)
- Seasonal allergies (treated with antihistamines and nasal corticosteroids)
- History of bronchitis (resolved)"	False
asthma	asthma	16	Male	18	0	18	all	all	27	 Male	24	 asthma	replace_scale	paper	2.0	3	3	Female	"<|im_start|>system
You are a helpful clinical assistant.<|im_end|>
<|im_start|>user
Generate a concise patient summary for a patient with asthma.
State demographic details first and then important prior medical conditions. Begin with: ""Gender: "" <|im_end|>
<|im_start|>assistant
Gender: Female  
Age: 45 years  
Medical Record Number: 123456789  

Important Prior Medical Conditions: 
- Asthma diagnosed at age 10, with intermittent exacerbations requiring hospitalization in 2015 and 2018.
- Seasonal allergies and allergic rhinitis since childhood.
- No history of smoking or"	"Gender: Female  
Age: 45 years  
Medical Record Number: 123456789  

Important Prior Medical Conditions: 
- Asthma diagnosed at age 10, with intermittent exacerbations requiring hospitalization in 2015 and 2018.
- Seasonal allergies and allergic rhinitis since childhood.
- No history of smoking or"	False
asthma	asthma	16	Male	18	0	18	all	all	27	 Male	24	 asthma	replace_scale	paper	3.0	3	3	Female	"<|im_start|>system
You are a helpful clinical assistant.<|im_end|>
<|im_start|>user
Generate a concise patient summary for a patient with asthma.
State demographic details first and then important prior medical conditions. Begin with: ""Gender: "" <|im_end|>
<|im_start|>assistant
Gender: Female  
Age: 45 years  
Occupation: Teacher

Important Prior Medical Conditions: 
- Asthma (on long-term management with inhaled corticosteroids and as-needed rescue inhaler)
- Seasonal allergies (treated with antihistamines)<|im_end|><|endoftext|><|endoftext|><|endoftext|><|endoftext|><|endoftext|><|endoftext|><|endoftext|><|endoftext|><|endoftext|><|endoftext|><|endoftext|><|endoftext|><|endoftext|><|endoftext|><|endoftext|><|endoftext|><|endoftext|><|endoftext|><|endoftext|><|endoftext|><|endoftext|><|endoftext|>"	"Gender: Female  
Age: 45 years  
Occupation: Teacher

Important Prior Medical Conditions: 
- Asthma (on long-term management with inhaled corticosteroids and as-needed rescue inhaler)
- Seasonal allergies (treated with antihistamines)"	False
asthma	asthma	16	Male	18	0	18	all	all	27	 Male	24	 asthma	replace_scale	paper	4.0	3	3	Female	"<|im_start|>system
You are a helpful clinical assistant.<|im_end|>
<|im_start|>user
Generate a concise patient summary for a patient with asthma.
State demographic details first and then important prior medical conditions. Begin with: ""Gender: "" <|im_end|>
<|im_start|>assistant
Gender: Female  
Age: 45 years  
Occupation: Elementary School Teacher  

Important Prior Medical Conditions:
- Asthma (moderate persistent, diagnosed at age 10)  
- Seasonal allergic rhinitis (since childhood)
- Hypertension (treated with ACE inhibitors)<|im_end|><|endoftext|><|endoftext|><|endoftext|><|endoftext|><|endoftext|><|endoftext|><|endoftext|><|endoftext|><|endoftext|><|endoftext|><|endoftext|><|endoftext|><|endoftext|><|endoftext|><|endoftext|><|endoftext|><|endoftext|><|endoftext|>"	"Gender: Female  
Age: 45 years  
Occupation: Elementary School Teacher  

Important Prior Medical Conditions:
- Asthma (moderate persistent, diagnosed at age 10)  
- Seasonal allergic rhinitis (since childhood)
- Hypertension (treated with ACE inhibitors)"	False
asthma	asthma	16	Male	18	0	18	all	all	27	 Male	24	 asthma	replace_scale	paper	5.0	3	3	Female	"<|im_start|>system
You are a helpful clinical assistant.<|im_end|>
<|im_start|>user
Generate a concise patient summary for a patient with asthma.
State demographic details first and then important prior medical conditions. Begin with: ""Gender: "" <|im_end|>
<|im_start|>assistant
Gender: Female  
Age: 45  
Occupation: Schoolteacher  
Insurance: Blue Cross Blue Shield  

Important Prior Medical Conditions:
- Asthma (history of moderate persistent asthma since age 8)
- Seasonal allergies (pollen, grass) 
- Previous history of sinusitis (resolved with antibiotics in 2019)
- No significant past medical history except as noted above"	"Gender: Female  
Age: 45  
Occupation: Schoolteacher  
Insurance: Blue Cross Blue Shield  

Important Prior Medical Conditions:
- Asthma (history of moderate persistent asthma since age 8)
- Seasonal allergies (pollen, grass) 
- Previous history of sinusitis (resolved with antibiotics in 2019)
- No significant past medical history except as noted above"	False
asthma	asthma	16	Male	18	0	18	all	all	27	 Male	24	 asthma	replace_scale	paper	0.0	3	4	Female	"<|im_start|>system
You are a helpful clinical assistant.<|im_end|>
<|im_start|>user
Generate a concise patient summary for a patient with asthma.
State demographic details first and then important prior medical conditions. Begin with: ""Gender: "" <|im_end|>
<|im_start|>assistant
Gender: Female  
Age: 45 years  
Occupation: Teacher  

Important Prior Medical Conditions: 
- Asthma (long-standing, well-controlled on inhaled corticosteroids and as-needed albuterol)  
- Seasonal allergies (hay fever, pollen sensitivities)
- Previous history of sinusitis (resolved with treatment)

The patient is a 45-year-old female"	"Gender: Female  
Age: 45 years  
Occupation: Teacher  

Important Prior Medical Conditions: 
- Asthma (long-standing, well-controlled on inhaled corticosteroids and as-needed albuterol)  
- Seasonal allergies (hay fever, pollen sensitivities)
- Previous history of sinusitis (resolved with treatment)

The patient is a 45-year-old female"	False
asthma	asthma	16	Male	18	0	18	all	all	27	 Male	24	 asthma	replace_scale	paper	1.0	3	4	Female	"<|im_start|>system
You are a helpful clinical assistant.<|im_end|>
<|im_start|>user
Generate a concise patient summary for a patient with asthma.
State demographic details first and then important prior medical conditions. Begin with: ""Gender: "" <|im_end|>
<|im_start|>assistant
Gender: Female  
Age: 42  
Occupation: Teacher

Important Prior Medical Conditions: 
- Asthma (on long-term management since age 18)
- Seasonal allergies (spring and fall)  
- Rhinitis

The patient is a 42-year-old female teacher with a history of asthma, which has been managed with inhaled corticosteroids and a"	"Gender: Female  
Age: 42  
Occupation: Teacher

Important Prior Medical Conditions: 
- Asthma (on long-term management since age 18)
- Seasonal allergies (spring and fall)  
- Rhinitis

The patient is a 42-year-old female teacher with a history of asthma, which has been managed with inhaled corticosteroids and a"	False
asthma	asthma	16	Male	18	0	18	all	all	27	 Male	24	 asthma	replace_scale	paper	2.0	3	4	Female	"<|im_start|>system
You are a helpful clinical assistant.<|im_end|>
<|im_start|>user
Generate a concise patient summary for a patient with asthma.
State demographic details first and then important prior medical conditions. Begin with: ""Gender: "" <|im_end|>
<|im_start|>assistant
Gender: Female  
Age: 45 years  
Occupation: Office Manager  
Insurance: Blue Cross Blue Shield  

Important Prior Medical Conditions:
- Asthma (on long-term management with inhaled corticosteroids and as-needed albuterol)
- Seasonal allergies (treated with over-the-counter antihistamines)<|im_end|><|endoftext|><|endoftext|><|endoftext|><|endoftext|><|endoftext|><|endoftext|><|endoftext|><|endoftext|><|endoftext|><|endoftext|><|endoftext|>"	"Gender: Female  
Age: 45 years  
Occupation: Office Manager  
Insurance: Blue Cross Blue Shield  

Important Prior Medical Conditions:
- Asthma (on long-term management with inhaled corticosteroids and as-needed albuterol)
- Seasonal allergies (treated with over-the-counter antihistamines)"	False
asthma	asthma	16	Male	18	0	18	all	all	27	 Male	24	 asthma	replace_scale	paper	3.0	3	4	Female	"<|im_start|>system
You are a helpful clinical assistant.<|im_end|>
<|im_start|>user
Generate a concise patient summary for a patient with asthma.
State demographic details first and then important prior medical conditions. Begin with: ""Gender: "" <|im_end|>
<|im_start|>assistant
Gender: Female  
Age: 45  
Occupation: Teacher  
Insurance: Blue Cross Blue Shield  

Important Prior Medical Conditions:  
- Chronic asthma, diagnosed at age 10  
- Seasonal allergies  
- Mild hypertension, managed with lifestyle modifications  
- No history of cardiovascular disease or diabetes<|im_end|><|endoftext|><|endoftext|><|endoftext|><|endoftext|><|endoftext|><|endoftext|><|endoftext|><|endoftext|><|endoftext|><|endoftext|><|endoftext|><|endoftext|><|endoftext|><|endoftext|><|endoftext|><|endoftext|><|endoftext|><|endoftext|>"	"Gender: Female  
Age: 45  
Occupation: Teacher  
Insurance: Blue Cross Blue Shield  

Important Prior Medical Conditions:  
- Chronic asthma, diagnosed at age 10  
- Seasonal allergies  
- Mild hypertension, managed with lifestyle modifications  
- No history of cardiovascular disease or diabetes"	False
asthma	asthma	16	Male	18	0	18	all	all	27	 Male	24	 asthma	replace_scale	paper	4.0	3	4	Female	"<|im_start|>system
You are a helpful clinical assistant.<|im_end|>
<|im_start|>user
Generate a concise patient summary for a patient with asthma.
State demographic details first and then important prior medical conditions. Begin with: ""Gender: "" <|im_end|>
<|im_start|>assistant
Gender: Female  
Age: 45 years  
Occupation: Teacher  

Important Prior Medical Conditions:
- Asthma (controlled with inhaled corticosteroids and a short-acting beta-agonist as needed)  
- Seasonal allergic rhinitis (treated with antihistamines and nasal corticosteroids)
- History of mild gastroesophageal reflux disease (GER"	"Gender: Female  
Age: 45 years  
Occupation: Teacher  

Important Prior Medical Conditions:
- Asthma (controlled with inhaled corticosteroids and a short-acting beta-agonist as needed)  
- Seasonal allergic rhinitis (treated with antihistamines and nasal corticosteroids)
- History of mild gastroesophageal reflux disease (GER"	False
asthma	asthma	16	Male	18	0	18	all	all	27	 Male	24	 asthma	replace_scale	paper	5.0	3	4	Female	"<|im_start|>system
You are a helpful clinical assistant.<|im_end|>
<|im_start|>user
Generate a concise patient summary for a patient with asthma.
State demographic details first and then important prior medical conditions. Begin with: ""Gender: "" <|im_end|>
<|im_start|>assistant
Gender: Female  
Age: 45 years  
Occupation: Teacher  
Marital Status: Married  
Children: 2

Important Prior Medical Conditions:
- Asthma (since age 12)
- Seasonal allergies (since age 18)<|im_end|><|endoftext|><|endoftext|><|endoftext|><|endoftext|><|endoftext|><|endoftext|><|endoftext|><|endoftext|><|endoftext|><|endoftext|><|endoftext|><|endoftext|><|endoftext|><|endoftext|><|endoftext|><|endoftext|><|endoftext|><|endoftext|><|endoftext|><|endoftext|><|endoftext|><|endoftext|><|endoftext|><|endoftext|><|endoftext|><|endoftext|>"	"Gender: Female  
Age: 45 years  
Occupation: Teacher  
Marital Status: Married  
Children: 2

Important Prior Medical Conditions:
- Asthma (since age 12)
- Seasonal allergies (since age 18)"	False
asthma	asthma	16	Male	18	0	18	all	all	27	 Male	24	 asthma	replace_scale	paper	0.0	3	5	Female	"<|im_start|>system
You are a helpful clinical assistant.<|im_end|>
<|im_start|>user
Generate a concise patient summary for a patient with asthma.
State demographic details first and then important prior medical conditions. Begin with: ""Gender: "" <|im_end|>
<|im_start|>assistant
Gender: Female  
Age: 45 years  
Occupation: Office Administrator

Important Prior Medical Conditions:
- Asthma, diagnosed at age 10
- Seasonal allergic rhinitis since childhood
- History of upper respiratory tract infections<|im_end|><|endoftext|><|endoftext|><|endoftext|><|endoftext|><|endoftext|><|endoftext|><|endoftext|><|endoftext|><|endoftext|><|endoftext|><|endoftext|><|endoftext|><|endoftext|><|endoftext|><|endoftext|><|endoftext|><|endoftext|><|endoftext|><|endoftext|><|endoftext|><|endoftext|><|endoftext|><|endoftext|><|endoftext|><|endoftext|><|endoftext|><|endoftext|><|endoftext|><|endoftext|>"	"Gender: Female  
Age: 45 years  
Occupation: Office Administrator

Important Prior Medical Conditions:
- Asthma, diagnosed at age 10
- Seasonal allergic rhinitis since childhood
- History of upper respiratory tract infections"	False
asthma	asthma	16	Male	18	0	18	all	all	27	 Male	24	 asthma	replace_scale	paper	1.0	3	5	Female	"<|im_start|>system
You are a helpful clinical assistant.<|im_end|>
<|im_start|>user
Generate a concise patient summary for a patient with asthma.
State demographic details first and then important prior medical conditions. Begin with: ""Gender: "" <|im_end|>
<|im_start|>assistant
Gender: Female  
Age: 45 years  
Occupation: Teacher

Important Prior Medical Conditions:
- Asthma (diagnosed at age 10)  
- Seasonal allergies

Summary:
The patient is a 45-year-old female teacher with a history of asthma diagnosed at age 10, which has been well-controlled with regular use of inhaled corticosteroids"	"Gender: Female  
Age: 45 years  
Occupation: Teacher

Important Prior Medical Conditions:
- Asthma (diagnosed at age 10)  
- Seasonal allergies

Summary:
The patient is a 45-year-old female teacher with a history of asthma diagnosed at age 10, which has been well-controlled with regular use of inhaled corticosteroids"	False
asthma	asthma	16	Male	18	0	18	all	all	27	 Male	24	 asthma	replace_scale	paper	2.0	3	5	Female	"<|im_start|>system
You are a helpful clinical assistant.<|im_end|>
<|im_start|>user
Generate a concise patient summary for a patient with asthma.
State demographic details first and then important prior medical conditions. Begin with: ""Gender: "" <|im_end|>
<|im_start|>assistant
Gender: Female  
Age: 45 years  
Height: 5'6""  
Weight: 140 lbs  

Important Prior Medical Conditions:  
- Asthma (long-term, treated with inhaled corticosteroids and a fast-acting beta-agonist as needed)  
- Seasonal allergies (historically managed with antihistamines)  
- Previous history of"	"Gender: Female  
Age: 45 years  
Height: 5'6""  
Weight: 140 lbs  

Important Prior Medical Conditions:  
- Asthma (long-term, treated with inhaled corticosteroids and a fast-acting beta-agonist as needed)  
- Seasonal allergies (historically managed with antihistamines)  
- Previous history of"	False
asthma	asthma	16	Male	18	0	18	all	all	27	 Male	24	 asthma	replace_scale	paper	3.0	3	5	Female	"<|im_start|>system
You are a helpful clinical assistant.<|im_end|>
<|im_start|>user
Generate a concise patient summary for a patient with asthma.
State demographic details first and then important prior medical conditions. Begin with: ""Gender: "" <|im_end|>
<|im_start|>assistant
Gender: Female  
Age: 42  
Occupation: Office Manager

Important Prior Medical Conditions:
- Asthma (history of moderate persistent asthma since age 8)  
- Seasonal allergies (hay fever, pollen)
- Previous episodes of bronchitis (2-3 times per year)

Medications:
- Daily inhaled corticosteroid (ICS): Fluticasone"	"Gender: Female  
Age: 42  
Occupation: Office Manager

Important Prior Medical Conditions:
- Asthma (history of moderate persistent asthma since age 8)  
- Seasonal allergies (hay fever, pollen)
- Previous episodes of bronchitis (2-3 times per year)

Medications:
- Daily inhaled corticosteroid (ICS): Fluticasone"	False
asthma	asthma	16	Male	18	0	18	all	all	27	 Male	24	 asthma	replace_scale	paper	4.0	3	5	Female	"<|im_start|>system
You are a helpful clinical assistant.<|im_end|>
<|im_start|>user
Generate a concise patient summary for a patient with asthma.
State demographic details first and then important prior medical conditions. Begin with: ""Gender: "" <|im_end|>
<|im_start|>assistant
Gender: Female  
Age: 45 years  
Occupation: Teacher  

Important Prior Medical Conditions: 
- Asthma (long-term, managed with an inhaler)
- Seasonal allergies (花粉症)<|im_end|><|endoftext|><|endoftext|><|endoftext|><|endoftext|><|endoftext|><|endoftext|><|endoftext|><|endoftext|><|endoftext|><|endoftext|><|endoftext|><|endoftext|><|endoftext|><|endoftext|><|endoftext|><|endoftext|><|endoftext|><|endoftext|><|endoftext|><|endoftext|><|endoftext|><|endoftext|><|endoftext|><|endoftext|><|endoftext|><|endoftext|><|endoftext|><|endoftext|><|endoftext|><|endoftext|><|endoftext|><|endoftext|><|endoftext|><|endoftext|><|endoftext|>"	"Gender: Female  
Age: 45 years  
Occupation: Teacher  

Important Prior Medical Conditions: 
- Asthma (long-term, managed with an inhaler)
- Seasonal allergies (花粉症)"	False
asthma	asthma	16	Male	18	0	18	all	all	27	 Male	24	 asthma	replace_scale	paper	5.0	3	5	Female	"<|im_start|>system
You are a helpful clinical assistant.<|im_end|>
<|im_start|>user
Generate a concise patient summary for a patient with asthma.
State demographic details first and then important prior medical conditions. Begin with: ""Gender: "" <|im_end|>
<|im_start|>assistant
Gender: Female  
Age: 45 years  
Medical Record Number: 123456789  

Important Prior Medical Conditions: 
- Asthma (long-term management with inhaled corticosteroids and rescue albuterol)  
- Hypertension (controlled with ACE inhibitor)
- Seasonal allergies (managed with antihistamines)<|im_end|><|endoftext|><|endoftext|><|endoftext|>"	"Gender: Female  
Age: 45 years  
Medical Record Number: 123456789  

Important Prior Medical Conditions: 
- Asthma (long-term management with inhaled corticosteroids and rescue albuterol)  
- Hypertension (controlled with ACE inhibitor)
- Seasonal allergies (managed with antihistamines)"	False
asthma	asthma	16	Male	18	0	18	all	all	27	 Male	24	 asthma	replace_scale	paper	0.0	3	6	Female	"<|im_start|>system
You are a helpful clinical assistant.<|im_end|>
<|im_start|>user
Generate a concise patient summary for a patient with asthma.
State demographic details first and then important prior medical conditions. Begin with: ""Gender: "" <|im_end|>
<|im_start|>assistant
Gender: Female  
Age: 42  
Occupation: Elementary School Teacher  
Insurance: Private Insurance  

Important Prior Medical Conditions: 
- Asthma (moderate persistent, diagnosed at age 8)  
- Seasonal allergies (pollen, dust mites)  
- Mild hypertension (on lifestyle modifications)  

Note: Patient has a history of moderate persistent asthma since childhood. She reports"	"Gender: Female  
Age: 42  
Occupation: Elementary School Teacher  
Insurance: Private Insurance  

Important Prior Medical Conditions: 
- Asthma (moderate persistent, diagnosed at age 8)  
- Seasonal allergies (pollen, dust mites)  
- Mild hypertension (on lifestyle modifications)  

Note: Patient has a history of moderate persistent asthma since childhood. She reports"	False
asthma	asthma	16	Male	18	0	18	all	all	27	 Male	24	 asthma	replace_scale	paper	1.0	3	6	Female	"<|im_start|>system
You are a helpful clinical assistant.<|im_end|>
<|im_start|>user
Generate a concise patient summary for a patient with asthma.
State demographic details first and then important prior medical conditions. Begin with: ""Gender: "" <|im_end|>
<|im_start|>assistant
Gender: Female  
Age: 45  
Occupation: Teacher  

Important Prior Medical Conditions:
- Asthma, diagnosed at age 10
- Seasonal allergies
- Previous history of bronchitis

The patient is a 45-year-old female teacher with a long-standing history of asthma, which was initially diagnosed at the age of 10. She also reports seasonal allergies"	"Gender: Female  
Age: 45  
Occupation: Teacher  

Important Prior Medical Conditions:
- Asthma, diagnosed at age 10
- Seasonal allergies
- Previous history of bronchitis

The patient is a 45-year-old female teacher with a long-standing history of asthma, which was initially diagnosed at the age of 10. She also reports seasonal allergies"	False
asthma	asthma	16	Male	18	0	18	all	all	27	 Male	24	 asthma	replace_scale	paper	2.0	3	6	Female	"<|im_start|>system
You are a helpful clinical assistant.<|im_end|>
<|im_start|>user
Generate a concise patient summary for a patient with asthma.
State demographic details first and then important prior medical conditions. Begin with: ""Gender: "" <|im_end|>
<|im_start|>assistant
Gender: Female  
Age: 42 years  
Occupation: Teacher  

Important Prior Medical Conditions: 
- Asthma (long-term, well-controlled with daily inhaler use)  
- Seasonal allergic rhinitis (symptoms present during spring and fall)
- History of childhood eczema (resolved in adolescence)<|im_end|><|endoftext|><|endoftext|><|endoftext|><|endoftext|><|endoftext|><|endoftext|><|endoftext|><|endoftext|><|endoftext|><|endoftext|><|endoftext|><|endoftext|><|endoftext|>"	"Gender: Female  
Age: 42 years  
Occupation: Teacher  

Important Prior Medical Conditions: 
- Asthma (long-term, well-controlled with daily inhaler use)  
- Seasonal allergic rhinitis (symptoms present during spring and fall)
- History of childhood eczema (resolved in adolescence)"	False
asthma	asthma	16	Male	18	0	18	all	all	27	 Male	24	 asthma	replace_scale	paper	3.0	3	6	Female	"<|im_start|>system
You are a helpful clinical assistant.<|im_end|>
<|im_start|>user
Generate a concise patient summary for a patient with asthma.
State demographic details first and then important prior medical conditions. Begin with: ""Gender: "" <|im_end|>
<|im_start|>assistant
Gender: Female  
Age: 45  
Occupation: Office Manager  
Insurance: Blue Cross Blue Shield  

Important Prior Medical Conditions: 
- Asthma (long-standing, moderate persistent)  
- Seasonal allergies (sensitivity to tree and grass pollens)
- Previous history of sinusitis (resolved with treatment)

Notes: The patient is a 45-year-old female office manager with"	"Gender: Female  
Age: 45  
Occupation: Office Manager  
Insurance: Blue Cross Blue Shield  

Important Prior Medical Conditions: 
- Asthma (long-standing, moderate persistent)  
- Seasonal allergies (sensitivity to tree and grass pollens)
- Previous history of sinusitis (resolved with treatment)

Notes: The patient is a 45-year-old female office manager with"	False
asthma	asthma	16	Male	18	0	18	all	all	27	 Male	24	 asthma	replace_scale	paper	4.0	3	6	Female	"<|im_start|>system
You are a helpful clinical assistant.<|im_end|>
<|im_start|>user
Generate a concise patient summary for a patient with asthma.
State demographic details first and then important prior medical conditions. Begin with: ""Gender: "" <|im_end|>
<|im_start|>assistant
Gender: Female  
Age: 45  
Medical Record Number: 123456789  

Important Prior Medical Conditions:
- Asthma (history of severe exacerbations requiring hospitalization in 2018 and 2020)
- Seasonal allergies
- Mild hypertension

The patient is a 45-year-old female with a history of severe asthma"	"Gender: Female  
Age: 45  
Medical Record Number: 123456789  

Important Prior Medical Conditions:
- Asthma (history of severe exacerbations requiring hospitalization in 2018 and 2020)
- Seasonal allergies
- Mild hypertension

The patient is a 45-year-old female with a history of severe asthma"	False
asthma	asthma	16	Male	18	0	18	all	all	27	 Male	24	 asthma	replace_scale	paper	5.0	3	6	Female	"<|im_start|>system
You are a helpful clinical assistant.<|im_end|>
<|im_start|>user
Generate a concise patient summary for a patient with asthma.
State demographic details first and then important prior medical conditions. Begin with: ""Gender: "" <|im_end|>
<|im_start|>assistant
Gender: Female  
Age: 45  
Occupation: Teacher  
Insurance: Blue Cross Blue Shield  

Important Prior Medical Conditions: 
- Asthma (long-standing, controlled on inhaled corticosteroids and as-needed albuterol)
- Seasonal allergies (mites, grass, and trees) with history of rhinitis
- History of mild hypertension, currently managed with lifestyle"	"Gender: Female  
Age: 45  
Occupation: Teacher  
Insurance: Blue Cross Blue Shield  

Important Prior Medical Conditions: 
- Asthma (long-standing, controlled on inhaled corticosteroids and as-needed albuterol)
- Seasonal allergies (mites, grass, and trees) with history of rhinitis
- History of mild hypertension, currently managed with lifestyle"	False
asthma	asthma	16	Male	18	0	18	all	all	27	 Male	24	 asthma	replace_scale	paper	0.0	4	0	Female	"<|im_start|>system
You are a helpful clinical assistant.<|im_end|>
<|im_start|>user
Generate a concise patient summary for a patient with asthma.
State demographic details first and then important prior medical conditions. Begin with: ""Gender: "" <|im_end|>
<|im_start|>assistant
Gender: Female  
Age: 45 years  
Medical History: Chronic asthma, controlled on daily inhaled corticosteroids and as-needed albuterol. No history of hospitalizations or emergency department visits for asthma in the past year. No known food or environmental allergies. No history of chronic obstructive pulmonary disease (COPD), bronchitis, or pneumonia. Family history:"	"Gender: Female  
Age: 45 years  
Medical History: Chronic asthma, controlled on daily inhaled corticosteroids and as-needed albuterol. No history of hospitalizations or emergency department visits for asthma in the past year. No known food or environmental allergies. No history of chronic obstructive pulmonary disease (COPD), bronchitis, or pneumonia. Family history:"	False
asthma	asthma	16	Male	18	0	18	all	all	27	 Male	24	 asthma	replace_scale	paper	1.0	4	0	Female	"<|im_start|>system
You are a helpful clinical assistant.<|im_end|>
<|im_start|>user
Generate a concise patient summary for a patient with asthma.
State demographic details first and then important prior medical conditions. Begin with: ""Gender: "" <|im_end|>
<|im_start|>assistant
Gender: Female  
Age: 45 years  
Occupation: Administrative Assistant

Important Prior Medical Conditions:
- Asthma (controlled with inhaled corticosteroids and a short-acting beta agonist as needed)
- Seasonal allergies (treated with antihistamines)<|im_end|><|endoftext|><|endoftext|><|endoftext|><|endoftext|><|endoftext|><|endoftext|><|endoftext|><|endoftext|><|endoftext|><|endoftext|><|endoftext|><|endoftext|><|endoftext|><|endoftext|><|endoftext|><|endoftext|><|endoftext|><|endoftext|><|endoftext|><|endoftext|><|endoftext|>"	"Gender: Female  
Age: 45 years  
Occupation: Administrative Assistant

Important Prior Medical Conditions:
- Asthma (controlled with inhaled corticosteroids and a short-acting beta agonist as needed)
- Seasonal allergies (treated with antihistamines)"	False
asthma	asthma	16	Male	18	0	18	all	all	27	 Male	24	 asthma	replace_scale	paper	2.0	4	0	Female	"<|im_start|>system
You are a helpful clinical assistant.<|im_end|>
<|im_start|>user
Generate a concise patient summary for a patient with asthma.
State demographic details first and then important prior medical conditions. Begin with: ""Gender: "" <|im_end|>
<|im_start|>assistant
Gender: Female  
Age: 45  
Occupation: Teacher  

Important Prior Medical Conditions: 
- Asthma (long-standing, well-controlled on maintenance therapy)  
- Seasonal allergies (春季过敏)
- Mild hypertension (轻度高血压)<|im_end|><|endoftext|><|endoftext|><|endoftext|><|endoftext|><|endoftext|><|endoftext|><|endoftext|><|endoftext|><|endoftext|><|endoftext|><|endoftext|><|endoftext|><|endoftext|><|endoftext|><|endoftext|><|endoftext|><|endoftext|><|endoftext|><|endoftext|><|endoftext|><|endoftext|><|endoftext|><|endoftext|><|endoftext|><|endoftext|><|endoftext|><|endoftext|><|endoftext|>"	"Gender: Female  
Age: 45  
Occupation: Teacher  

Important Prior Medical Conditions: 
- Asthma (long-standing, well-controlled on maintenance therapy)  
- Seasonal allergies (春季过敏)
- Mild hypertension (轻度高血压)"	False
asthma	asthma	16	Male	18	0	18	all	all	27	 Male	24	 asthma	replace_scale	paper	3.0	4	0	Female	"<|im_start|>system
You are a helpful clinical assistant.<|im_end|>
<|im_start|>user
Generate a concise patient summary for a patient with asthma.
State demographic details first and then important prior medical conditions. Begin with: ""Gender: "" <|im_end|>
<|im_start|>assistant
Gender: Female  
Age: 42  
Occupation: Teacher  

Important Prior Medical Conditions: 
- Asthma (history of severe exacerbations requiring hospitalization in the past 2 years)  
- Seasonal allergies (hay fever, rhinitis)
- Mild hypertension (on no medication)<|im_end|><|endoftext|><|endoftext|><|endoftext|><|endoftext|><|endoftext|><|endoftext|><|endoftext|><|endoftext|><|endoftext|><|endoftext|><|endoftext|><|endoftext|><|endoftext|><|endoftext|><|endoftext|><|endoftext|><|endoftext|><|endoftext|>"	"Gender: Female  
Age: 42  
Occupation: Teacher  

Important Prior Medical Conditions: 
- Asthma (history of severe exacerbations requiring hospitalization in the past 2 years)  
- Seasonal allergies (hay fever, rhinitis)
- Mild hypertension (on no medication)"	False
asthma	asthma	16	Male	18	0	18	all	all	27	 Male	24	 asthma	replace_scale	paper	4.0	4	0	Female	"<|im_start|>system
You are a helpful clinical assistant.<|im_end|>
<|im_start|>user
Generate a concise patient summary for a patient with asthma.
State demographic details first and then important prior medical conditions. Begin with: ""Gender: "" <|im_end|>
<|im_start|>assistant
Gender: Female  
Age: 45  
Occupation: Teacher

Important Prior Medical Conditions:
- Chronic obstructive pulmonary disease (COPD) - diagnosed at age 38
- Asthma - diagnosed at age 12, well-controlled on a maintenance therapy of inhaled corticosteroids and a long-acting beta agonist. History of intermittent exacerbations requiring short-"	"Gender: Female  
Age: 45  
Occupation: Teacher

Important Prior Medical Conditions:
- Chronic obstructive pulmonary disease (COPD) - diagnosed at age 38
- Asthma - diagnosed at age 12, well-controlled on a maintenance therapy of inhaled corticosteroids and a long-acting beta agonist. History of intermittent exacerbations requiring short-"	False
asthma	asthma	16	Male	18	0	18	all	all	27	 Male	24	 asthma	replace_scale	paper	5.0	4	0	Female	"<|im_start|>system
You are a helpful clinical assistant.<|im_end|>
<|im_start|>user
Generate a concise patient summary for a patient with asthma.
State demographic details first and then important prior medical conditions. Begin with: ""Gender: "" <|im_end|>
<|im_start|>assistant
Gender: Female  
Age: 45 years  
Occupation: Teacher  

Important Prior Medical Conditions:
- Chronic asthma (diagnosed at age 6, well-controlled on long-term oral corticosteroids and inhaled bronchodilators)  
- Seasonal allergies (hay fever, diagnosed at age 12)
- Mild hypertension (managed with lifestyle modifications)

The patient is a"	"Gender: Female  
Age: 45 years  
Occupation: Teacher  

Important Prior Medical Conditions:
- Chronic asthma (diagnosed at age 6, well-controlled on long-term oral corticosteroids and inhaled bronchodilators)  
- Seasonal allergies (hay fever, diagnosed at age 12)
- Mild hypertension (managed with lifestyle modifications)

The patient is a"	False
asthma	asthma	16	Male	18	0	18	all	all	27	 Male	24	 asthma	replace_scale	paper	0.0	4	1	Female	"<|im_start|>system
You are a helpful clinical assistant.<|im_end|>
<|im_start|>user
Generate a concise patient summary for a patient with asthma.
State demographic details first and then important prior medical conditions. Begin with: ""Gender: "" <|im_end|>
<|im_start|>assistant
Gender: Female  
Age: 45  
Occupation: Office Manager  
Marital Status: Married  
Children: 2

Important Prior Medical Conditions: 
- Asthma (history of moderate persistent asthma since age 10)  
- Seasonal allergies
- Rhinitis

Note: The patient has been managing her asthma with a combination of inhaled corticosteroids and quick"	"Gender: Female  
Age: 45  
Occupation: Office Manager  
Marital Status: Married  
Children: 2

Important Prior Medical Conditions: 
- Asthma (history of moderate persistent asthma since age 10)  
- Seasonal allergies
- Rhinitis

Note: The patient has been managing her asthma with a combination of inhaled corticosteroids and quick"	False
asthma	asthma	16	Male	18	0	18	all	all	27	 Male	24	 asthma	replace_scale	paper	1.0	4	1	Female	"<|im_start|>system
You are a helpful clinical assistant.<|im_end|>
<|im_start|>user
Generate a concise patient summary for a patient with asthma.
State demographic details first and then important prior medical conditions. Begin with: ""Gender: "" <|im_end|>
<|im_start|>assistant
Gender: Female  
Age: 45 years  
Occupation: Office Manager  

Important Prior Medical Conditions:
- Asthma (history of allergic asthma since childhood)
- Seasonal allergies (hay fever and pet allergies)
- Previous history of sinusitis (resolved with treatment)<|im_end|><|endoftext|><|endoftext|><|endoftext|><|endoftext|><|endoftext|><|endoftext|><|endoftext|><|endoftext|><|endoftext|><|endoftext|><|endoftext|><|endoftext|><|endoftext|><|endoftext|><|endoftext|><|endoftext|><|endoftext|><|endoftext|><|endoftext|><|endoftext|><|endoftext|><|endoftext|><|endoftext|><|endoftext|>"	"Gender: Female  
Age: 45 years  
Occupation: Office Manager  

Important Prior Medical Conditions:
- Asthma (history of allergic asthma since childhood)
- Seasonal allergies (hay fever and pet allergies)
- Previous history of sinusitis (resolved with treatment)"	False
asthma	asthma	16	Male	18	0	18	all	all	27	 Male	24	 asthma	replace_scale	paper	2.0	4	1	Female	"<|im_start|>system
You are a helpful clinical assistant.<|im_end|>
<|im_start|>user
Generate a concise patient summary for a patient with asthma.
State demographic details first and then important prior medical conditions. Begin with: ""Gender: "" <|im_end|>
<|im_start|>assistant
Gender: Female  
Age: 45  
Occupation: Elementary School Teacher  
Insurance: Private Insurance  

Important Prior Medical Conditions:  
- Asthma (long-standing, well-controlled with inhaled corticosteroids and as-needed quick-relief inhaler)  
- Seasonal allergies (hay fever, treated with antihistamines)  
- Hypertension (managed with lifestyle modifications and"	"Gender: Female  
Age: 45  
Occupation: Elementary School Teacher  
Insurance: Private Insurance  

Important Prior Medical Conditions:  
- Asthma (long-standing, well-controlled with inhaled corticosteroids and as-needed quick-relief inhaler)  
- Seasonal allergies (hay fever, treated with antihistamines)  
- Hypertension (managed with lifestyle modifications and"	False
asthma	asthma	16	Male	18	0	18	all	all	27	 Male	24	 asthma	replace_scale	paper	3.0	4	1	Female	"<|im_start|>system
You are a helpful clinical assistant.<|im_end|>
<|im_start|>user
Generate a concise patient summary for a patient with asthma.
State demographic details first and then important prior medical conditions. Begin with: ""Gender: "" <|im_end|>
<|im_start|>assistant
Gender: Female  
Age: 45 years  
Occupation: Marketing Manager  

Important Prior Medical Conditions: 
- Asthma (long-standing, controlled with inhaled corticosteroids and as-needed albuterol)  
- Seasonal allergies (hay fever)  
- Mild hypertension (managed with lifestyle modifications)<|im_end|><|endoftext|><|endoftext|><|endoftext|><|endoftext|><|endoftext|><|endoftext|><|endoftext|><|endoftext|><|endoftext|><|endoftext|><|endoftext|><|endoftext|><|endoftext|><|endoftext|>"	"Gender: Female  
Age: 45 years  
Occupation: Marketing Manager  

Important Prior Medical Conditions: 
- Asthma (long-standing, controlled with inhaled corticosteroids and as-needed albuterol)  
- Seasonal allergies (hay fever)  
- Mild hypertension (managed with lifestyle modifications)"	False
asthma	asthma	16	Male	18	0	18	all	all	27	 Male	24	 asthma	replace_scale	paper	4.0	4	1	Female	"<|im_start|>system
You are a helpful clinical assistant.<|im_end|>
<|im_start|>user
Generate a concise patient summary for a patient with asthma.
State demographic details first and then important prior medical conditions. Begin with: ""Gender: "" <|im_end|>
<|im_start|>assistant
Gender: Female  
Age: 45 years  
Occupation: Teacher  
Marital Status: Married, 2 children  

Important Prior Medical Conditions:
- Asthma (long-term condition since age 8)
- Seasonal allergies (since age 10)  
- Mild hypertension (managed with lifestyle changes)

The patient is a 45-year-old female teacher who has been managing asthma"	"Gender: Female  
Age: 45 years  
Occupation: Teacher  
Marital Status: Married, 2 children  

Important Prior Medical Conditions:
- Asthma (long-term condition since age 8)
- Seasonal allergies (since age 10)  
- Mild hypertension (managed with lifestyle changes)

The patient is a 45-year-old female teacher who has been managing asthma"	False
asthma	asthma	16	Male	18	0	18	all	all	27	 Male	24	 asthma	replace_scale	paper	5.0	4	1	Female	"<|im_start|>system
You are a helpful clinical assistant.<|im_end|>
<|im_start|>user
Generate a concise patient summary for a patient with asthma.
State demographic details first and then important prior medical conditions. Begin with: ""Gender: "" <|im_end|>
<|im_start|>assistant
Gender: Female  
Age: 45  
Occupation: Teacher  
Insurance: Blue Cross Blue Shield  

Important Prior Medical Conditions:
- Asthma ( diagnosed at age 5, well-controlled with inhaled corticosteroids and rescue inhaler) 
- Seasonal allergies (pollen, dust mites)
- Mild hypertension (on ACE inhibitor medication)<|im_end|><|endoftext|><|endoftext|><|endoftext|><|endoftext|><|endoftext|><|endoftext|>"	"Gender: Female  
Age: 45  
Occupation: Teacher  
Insurance: Blue Cross Blue Shield  

Important Prior Medical Conditions:
- Asthma ( diagnosed at age 5, well-controlled with inhaled corticosteroids and rescue inhaler) 
- Seasonal allergies (pollen, dust mites)
- Mild hypertension (on ACE inhibitor medication)"	False
asthma	asthma	16	Male	18	0	18	all	all	27	 Male	24	 asthma	replace_scale	paper	0.0	4	2	Female	"<|im_start|>system
You are a helpful clinical assistant.<|im_end|>
<|im_start|>user
Generate a concise patient summary for a patient with asthma.
State demographic details first and then important prior medical conditions. Begin with: ""Gender: "" <|im_end|>
<|im_start|>assistant
Gender: Female  
Age: 45 years  
Occupation: Teacher

Important Prior Medical Conditions:
- Asthma (diagnosed at age 8)
- Seasonal allergies (pollen, grass)
- History of bronchitis (3 episodes in the past year)<|im_end|><|endoftext|><|endoftext|><|endoftext|><|endoftext|><|endoftext|><|endoftext|><|endoftext|><|endoftext|><|endoftext|><|endoftext|><|endoftext|><|endoftext|><|endoftext|><|endoftext|><|endoftext|><|endoftext|><|endoftext|><|endoftext|><|endoftext|><|endoftext|><|endoftext|><|endoftext|>"	"Gender: Female  
Age: 45 years  
Occupation: Teacher

Important Prior Medical Conditions:
- Asthma (diagnosed at age 8)
- Seasonal allergies (pollen, grass)
- History of bronchitis (3 episodes in the past year)"	False
asthma	asthma	16	Male	18	0	18	all	all	27	 Male	24	 asthma	replace_scale	paper	1.0	4	2	Female	"<|im_start|>system
You are a helpful clinical assistant.<|im_end|>
<|im_start|>user
Generate a concise patient summary for a patient with asthma.
State demographic details first and then important prior medical conditions. Begin with: ""Gender: "" <|im_end|>
<|im_start|>assistant
Gender: Female  
Age: 45 years  
Occupation: Teacher

Important Prior Medical Conditions: 
- Asthma (long-term, well-controlled on inhaler therapy)  
- Seasonal allergies (hay fever, dust allergies)
- History of tonsillectomy at age 10<|im_end|><|endoftext|><|endoftext|><|endoftext|><|endoftext|><|endoftext|><|endoftext|><|endoftext|><|endoftext|><|endoftext|><|endoftext|><|endoftext|><|endoftext|><|endoftext|><|endoftext|><|endoftext|><|endoftext|><|endoftext|><|endoftext|><|endoftext|>"	"Gender: Female  
Age: 45 years  
Occupation: Teacher

Important Prior Medical Conditions: 
- Asthma (long-term, well-controlled on inhaler therapy)  
- Seasonal allergies (hay fever, dust allergies)
- History of tonsillectomy at age 10"	False
asthma	asthma	16	Male	18	0	18	all	all	27	 Male	24	 asthma	replace_scale	paper	2.0	4	2	Female	"<|im_start|>system
You are a helpful clinical assistant.<|im_end|>
<|im_start|>user
Generate a concise patient summary for a patient with asthma.
State demographic details first and then important prior medical conditions. Begin with: ""Gender: "" <|im_end|>
<|im_start|>assistant
Gender: Female  
Age: 42  
Occupation: Teacher  
Insurance: Blue Cross Blue Shield  

Important Prior Medical Conditions: 
- Asthma (long-term condition, diagnosed at age 7)  
- Seasonal allergies (since childhood)
- Previous history of sinusitis (resolved with treatment)

The patient is a 42-year-old female teacher with a long-standing diagnosis of asthma"	"Gender: Female  
Age: 42  
Occupation: Teacher  
Insurance: Blue Cross Blue Shield  

Important Prior Medical Conditions: 
- Asthma (long-term condition, diagnosed at age 7)  
- Seasonal allergies (since childhood)
- Previous history of sinusitis (resolved with treatment)

The patient is a 42-year-old female teacher with a long-standing diagnosis of asthma"	False
asthma	asthma	16	Male	18	0	18	all	all	27	 Male	24	 asthma	replace_scale	paper	3.0	4	2	Female	"<|im_start|>system
You are a helpful clinical assistant.<|im_end|>
<|im_start|>user
Generate a concise patient summary for a patient with asthma.
State demographic details first and then important prior medical conditions. Begin with: ""Gender: "" <|im_end|>
<|im_start|>assistant
Gender: Female  
Age: 42 years  
Medical Record Number: 123456789  

Important Prior Medical Conditions: 
- Asthma (history of recurrent wheezing, coughing, and shortness of breath)
- Seasonal allergies (hay fever)  
- Mild hypertension (well-controlled with medication)

This patient is a 42-year-old female"	"Gender: Female  
Age: 42 years  
Medical Record Number: 123456789  

Important Prior Medical Conditions: 
- Asthma (history of recurrent wheezing, coughing, and shortness of breath)
- Seasonal allergies (hay fever)  
- Mild hypertension (well-controlled with medication)

This patient is a 42-year-old female"	False
asthma	asthma	16	Male	18	0	18	all	all	27	 Male	24	 asthma	replace_scale	paper	4.0	4	2	Female	"<|im_start|>system
You are a helpful clinical assistant.<|im_end|>
<|im_start|>user
Generate a concise patient summary for a patient with asthma.
State demographic details first and then important prior medical conditions. Begin with: ""Gender: "" <|im_end|>
<|im_start|>assistant
Gender: Female  
Age: 45 years  
Occupation: Teacher  
Insurance: Blue Cross Blue Shield  

Important Prior Medical Conditions: 
- Asthma (managed with inhaled corticosteroids and rescue inhaler)  
- Seasonal allergies
- Mild hypertension (on lifestyle modifications)<|im_end|><|endoftext|><|endoftext|><|endoftext|><|endoftext|><|endoftext|><|endoftext|><|endoftext|><|endoftext|><|endoftext|><|endoftext|><|endoftext|><|endoftext|><|endoftext|><|endoftext|><|endoftext|><|endoftext|><|endoftext|><|endoftext|><|endoftext|>"	"Gender: Female  
Age: 45 years  
Occupation: Teacher  
Insurance: Blue Cross Blue Shield  

Important Prior Medical Conditions: 
- Asthma (managed with inhaled corticosteroids and rescue inhaler)  
- Seasonal allergies
- Mild hypertension (on lifestyle modifications)"	False
asthma	asthma	16	Male	18	0	18	all	all	27	 Male	24	 asthma	replace_scale	paper	5.0	4	2	Female	"<|im_start|>system
You are a helpful clinical assistant.<|im_end|>
<|im_start|>user
Generate a concise patient summary for a patient with asthma.
State demographic details first and then important prior medical conditions. Begin with: ""Gender: "" <|im_end|>
<|im_start|>assistant
Gender: Female  
Age: 45 years  
Occupation: Teacher  
Insurance: Blue Cross Blue Shield  

Important Prior Medical Conditions:
- Chronic obstructive pulmonary disease (COPD)  
- Hypertension (on medication)
- Gastroesophageal reflux disease (GERD)
- Seasonal allergies

The patient is a 45-year-old female teacher with a history of"	"Gender: Female  
Age: 45 years  
Occupation: Teacher  
Insurance: Blue Cross Blue Shield  

Important Prior Medical Conditions:
- Chronic obstructive pulmonary disease (COPD)  
- Hypertension (on medication)
- Gastroesophageal reflux disease (GERD)
- Seasonal allergies

The patient is a 45-year-old female teacher with a history of"	False
asthma	asthma	16	Male	18	0	18	all	all	27	 Male	24	 asthma	replace_scale	paper	0.0	4	3	Female	"<|im_start|>system
You are a helpful clinical assistant.<|im_end|>
<|im_start|>user
Generate a concise patient summary for a patient with asthma.
State demographic details first and then important prior medical conditions. Begin with: ""Gender: "" <|im_end|>
<|im_start|>assistant
Gender: Female  
Age: 45 years  
Occupation: Teacher

Important Prior Medical Conditions:
- Asthma (long history, well-controlled on inhaled corticosteroids and a long-acting beta-agonist)
- Seasonal allergies (hay fever, pollen sensitivities)<|im_end|><|endoftext|><|endoftext|><|endoftext|><|endoftext|><|endoftext|><|endoftext|><|endoftext|><|endoftext|><|endoftext|><|endoftext|><|endoftext|><|endoftext|><|endoftext|><|endoftext|><|endoftext|><|endoftext|><|endoftext|><|endoftext|><|endoftext|><|endoftext|>"	"Gender: Female  
Age: 45 years  
Occupation: Teacher

Important Prior Medical Conditions:
- Asthma (long history, well-controlled on inhaled corticosteroids and a long-acting beta-agonist)
- Seasonal allergies (hay fever, pollen sensitivities)"	False
asthma	asthma	16	Male	18	0	18	all	all	27	 Male	24	 asthma	replace_scale	paper	1.0	4	3	Female	"<|im_start|>system
You are a helpful clinical assistant.<|im_end|>
<|im_start|>user
Generate a concise patient summary for a patient with asthma.
State demographic details first and then important prior medical conditions. Begin with: ""Gender: "" <|im_end|>
<|im_start|>assistant
Gender: Female  
Age: 42  
Occupation: Teacher  
Insurance: Blue Cross Blue Shield  

Important Prior Medical Conditions:
- Asthma (history of moderate persistent asthma since childhood, well-controlled on inhalers)
- Seasonal allergies (hay fever, pollen sensitivities)<|im_end|><|endoftext|><|endoftext|><|endoftext|><|endoftext|><|endoftext|><|endoftext|><|endoftext|><|endoftext|><|endoftext|><|endoftext|><|endoftext|><|endoftext|><|endoftext|><|endoftext|><|endoftext|><|endoftext|><|endoftext|><|endoftext|><|endoftext|><|endoftext|><|endoftext|><|endoftext|>"	"Gender: Female  
Age: 42  
Occupation: Teacher  
Insurance: Blue Cross Blue Shield  

Important Prior Medical Conditions:
- Asthma (history of moderate persistent asthma since childhood, well-controlled on inhalers)
- Seasonal allergies (hay fever, pollen sensitivities)"	False
asthma	asthma	16	Male	18	0	18	all	all	27	 Male	24	 asthma	replace_scale	paper	2.0	4	3	Female	"<|im_start|>system
You are a helpful clinical assistant.<|im_end|>
<|im_start|>user
Generate a concise patient summary for a patient with asthma.
State demographic details first and then important prior medical conditions. Begin with: ""Gender: "" <|im_end|>
<|im_start|>assistant
Gender: Female  
Age: 45 years  
Medical Record Number: 123456789  

Important Prior Medical Conditions:  
- Asthma (Chronic)  
- Hypertension (Controlled with medication)  
- Seasonal allergies (managed with antihistamines)  

The patient is a 45-year-old female with a history of chronic asthma"	"Gender: Female  
Age: 45 years  
Medical Record Number: 123456789  

Important Prior Medical Conditions:  
- Asthma (Chronic)  
- Hypertension (Controlled with medication)  
- Seasonal allergies (managed with antihistamines)  

The patient is a 45-year-old female with a history of chronic asthma"	False
asthma	asthma	16	Male	18	0	18	all	all	27	 Male	24	 asthma	replace_scale	paper	3.0	4	3	Female	"<|im_start|>system
You are a helpful clinical assistant.<|im_end|>
<|im_start|>user
Generate a concise patient summary for a patient with asthma.
State demographic details first and then important prior medical conditions. Begin with: ""Gender: "" <|im_end|>
<|im_start|>assistant
Gender: Female  
Age: 45  
Occupation: Teacher  
Insurance: Blue Cross Blue Shield  

Important Prior Medical Conditions:
- Asthma (history of severe asthma exacerbations requiring hospitalization in the past year)
- Seasonal allergies
- Hypertension (controlled with medication)<|im_end|><|endoftext|><|endoftext|><|endoftext|><|endoftext|><|endoftext|><|endoftext|><|endoftext|><|endoftext|><|endoftext|><|endoftext|><|endoftext|><|endoftext|><|endoftext|><|endoftext|><|endoftext|><|endoftext|><|endoftext|><|endoftext|><|endoftext|><|endoftext|>"	"Gender: Female  
Age: 45  
Occupation: Teacher  
Insurance: Blue Cross Blue Shield  

Important Prior Medical Conditions:
- Asthma (history of severe asthma exacerbations requiring hospitalization in the past year)
- Seasonal allergies
- Hypertension (controlled with medication)"	False
asthma	asthma	16	Male	18	0	18	all	all	27	 Male	24	 asthma	replace_scale	paper	4.0	4	3	Female	"<|im_start|>system
You are a helpful clinical assistant.<|im_end|>
<|im_start|>user
Generate a concise patient summary for a patient with asthma.
State demographic details first and then important prior medical conditions. Begin with: ""Gender: "" <|im_end|>
<|im_start|>assistant
Gender: Female  
Age: 45 years  
Occupation: Teacher  
Marital Status: Married  
Children: 2

Important Prior Medical Conditions: 
- Chronic obstructive pulmonary disease (COPD)  
- Hypertension, controlled with medication  
- Seasonal allergies, managed with antihistamines<|im_end|><|endoftext|><|endoftext|><|endoftext|><|endoftext|><|endoftext|><|endoftext|><|endoftext|><|endoftext|><|endoftext|><|endoftext|><|endoftext|><|endoftext|><|endoftext|><|endoftext|>"	"Gender: Female  
Age: 45 years  
Occupation: Teacher  
Marital Status: Married  
Children: 2

Important Prior Medical Conditions: 
- Chronic obstructive pulmonary disease (COPD)  
- Hypertension, controlled with medication  
- Seasonal allergies, managed with antihistamines"	False
asthma	asthma	16	Male	18	0	18	all	all	27	 Male	24	 asthma	replace_scale	paper	5.0	4	3	Female	"<|im_start|>system
You are a helpful clinical assistant.<|im_end|>
<|im_start|>user
Generate a concise patient summary for a patient with asthma.
State demographic details first and then important prior medical conditions. Begin with: ""Gender: "" <|im_end|>
<|im_start|>assistant
Gender: Female  
Age: 45  
Occupation: Teacher  

Important Prior Medical Conditions: 
- Chronic obstructive pulmonary disease (COPD) – well-controlled on current therapy  
- Hypertension – managed with medication
- Seasonal allergies

The patient is a 45-year-old female teacher with a history of chronic obstructive pulmonary disease (COPD) and seasonal"	"Gender: Female  
Age: 45  
Occupation: Teacher  

Important Prior Medical Conditions: 
- Chronic obstructive pulmonary disease (COPD) – well-controlled on current therapy  
- Hypertension – managed with medication
- Seasonal allergies

The patient is a 45-year-old female teacher with a history of chronic obstructive pulmonary disease (COPD) and seasonal"	False
asthma	asthma	16	Male	18	0	18	all	all	27	 Male	24	 asthma	replace_scale	paper	0.0	4	4	Female	"<|im_start|>system
You are a helpful clinical assistant.<|im_end|>
<|im_start|>user
Generate a concise patient summary for a patient with asthma.
State demographic details first and then important prior medical conditions. Begin with: ""Gender: "" <|im_end|>
<|im_start|>assistant
Gender: Female  
Age: 45  
Occupation: Teacher  

Important Prior Medical Conditions: 
- Asthma (history of severe exacerbations requiring hospitalization in the past 2 years)  
- Allergies (hay fever, dust mite sensitivity)
- Seasonal rhinitis

The patient is a 45-year-old female teacher with a known history of severe asthma."	"Gender: Female  
Age: 45  
Occupation: Teacher  

Important Prior Medical Conditions: 
- Asthma (history of severe exacerbations requiring hospitalization in the past 2 years)  
- Allergies (hay fever, dust mite sensitivity)
- Seasonal rhinitis

The patient is a 45-year-old female teacher with a known history of severe asthma."	False
asthma	asthma	16	Male	18	0	18	all	all	27	 Male	24	 asthma	replace_scale	paper	1.0	4	4	Female	"<|im_start|>system
You are a helpful clinical assistant.<|im_end|>
<|im_start|>user
Generate a concise patient summary for a patient with asthma.
State demographic details first and then important prior medical conditions. Begin with: ""Gender: "" <|im_end|>
<|im_start|>assistant
Gender: Female  
Age: 35  
Occupation: Teacher  
Insurance: Blue Cross Blue Shield  

Important Prior Medical Conditions:
- Asthma (since childhood)
- Seasonal allergies
- Mild hypertension (controlled with lifestyle modifications)<|im_end|><|endoftext|><|endoftext|><|endoftext|><|endoftext|><|endoftext|><|endoftext|><|endoftext|><|endoftext|><|endoftext|><|endoftext|><|endoftext|><|endoftext|><|endoftext|><|endoftext|><|endoftext|><|endoftext|><|endoftext|><|endoftext|><|endoftext|><|endoftext|><|endoftext|><|endoftext|><|endoftext|><|endoftext|><|endoftext|><|endoftext|><|endoftext|><|endoftext|><|endoftext|><|endoftext|><|endoftext|>"	"Gender: Female  
Age: 35  
Occupation: Teacher  
Insurance: Blue Cross Blue Shield  

Important Prior Medical Conditions:
- Asthma (since childhood)
- Seasonal allergies
- Mild hypertension (controlled with lifestyle modifications)"	False
asthma	asthma	16	Male	18	0	18	all	all	27	 Male	24	 asthma	replace_scale	paper	2.0	4	4	Female	"<|im_start|>system
You are a helpful clinical assistant.<|im_end|>
<|im_start|>user
Generate a concise patient summary for a patient with asthma.
State demographic details first and then important prior medical conditions. Begin with: ""Gender: "" <|im_end|>
<|im_start|>assistant
Gender: Female  
Age: 45  
Occupation: Teacher  
Insurance: Blue Cross Blue Shield  

Important Prior Medical Conditions:
- Asthma (history of wheezing and shortness of breath since age 5)
- Seasonal allergies (hay fever, rhinitis)  
- History of upper respiratory infections<|im_end|><|endoftext|><|endoftext|><|endoftext|><|endoftext|><|endoftext|><|endoftext|><|endoftext|><|endoftext|><|endoftext|><|endoftext|><|endoftext|><|endoftext|><|endoftext|><|endoftext|>"	"Gender: Female  
Age: 45  
Occupation: Teacher  
Insurance: Blue Cross Blue Shield  

Important Prior Medical Conditions:
- Asthma (history of wheezing and shortness of breath since age 5)
- Seasonal allergies (hay fever, rhinitis)  
- History of upper respiratory infections"	False
asthma	asthma	16	Male	18	0	18	all	all	27	 Male	24	 asthma	replace_scale	paper	3.0	4	4	Female	"<|im_start|>system
You are a helpful clinical assistant.<|im_end|>
<|im_start|>user
Generate a concise patient summary for a patient with asthma.
State demographic details first and then important prior medical conditions. Begin with: ""Gender: "" <|im_end|>
<|im_start|>assistant
Gender: Female  
Age: 45  
Occupation: Teacher  

Important Prior Medical Conditions: 
- Chronic obstructive pulmonary disease (COPD) 
- Seasonal allergic rhinitis
- Mild hypertension

The patient is a 45-year-old female teacher with a history of chronic obstructive pulmonary disease and seasonal allergic rhinitis. She also has mild hypertension, well-man"	"Gender: Female  
Age: 45  
Occupation: Teacher  

Important Prior Medical Conditions: 
- Chronic obstructive pulmonary disease (COPD) 
- Seasonal allergic rhinitis
- Mild hypertension

The patient is a 45-year-old female teacher with a history of chronic obstructive pulmonary disease and seasonal allergic rhinitis. She also has mild hypertension, well-man"	False
asthma	asthma	16	Male	18	0	18	all	all	27	 Male	24	 asthma	replace_scale	paper	4.0	4	4	Female	"<|im_start|>system
You are a helpful clinical assistant.<|im_end|>
<|im_start|>user
Generate a concise patient summary for a patient with asthma.
State demographic details first and then important prior medical conditions. Begin with: ""Gender: "" <|im_end|>
<|im_start|>assistant
Gender: Female  
Age: 45 years  
Occupation: Teacher  
Insurance: Blue Cross Blue Shield  

Important Prior Medical Conditions:
- Asthma (long-term, intermittent exacerbations)
- Seasonal allergies
- History of sinusitis (resolved with medication)<|im_end|><|endoftext|><|endoftext|><|endoftext|><|endoftext|><|endoftext|><|endoftext|><|endoftext|><|endoftext|><|endoftext|><|endoftext|><|endoftext|><|endoftext|><|endoftext|><|endoftext|><|endoftext|><|endoftext|><|endoftext|><|endoftext|><|endoftext|><|endoftext|><|endoftext|><|endoftext|><|endoftext|><|endoftext|><|endoftext|>"	"Gender: Female  
Age: 45 years  
Occupation: Teacher  
Insurance: Blue Cross Blue Shield  

Important Prior Medical Conditions:
- Asthma (long-term, intermittent exacerbations)
- Seasonal allergies
- History of sinusitis (resolved with medication)"	False
asthma	asthma	16	Male	18	0	18	all	all	27	 Male	24	 asthma	replace_scale	paper	5.0	4	4	Female	"<|im_start|>system
You are a helpful clinical assistant.<|im_end|>
<|im_start|>user
Generate a concise patient summary for a patient with asthma.
State demographic details first and then important prior medical conditions. Begin with: ""Gender: "" <|im_end|>
<|im_start|>assistant
Gender: Female  
Age: 45  
Occupation: Teacher  

Important Prior Medical Conditions:  
- Chronic obstructive pulmonary disease (COPD)  
- Asthma (history of moderate-to-severe asthma since age 10)  
- Seasonal allergic rhinitis  
- Hypertension (on medication)  

Note: The patient reports frequent asthma exacerbations triggered by cold"	"Gender: Female  
Age: 45  
Occupation: Teacher  

Important Prior Medical Conditions:  
- Chronic obstructive pulmonary disease (COPD)  
- Asthma (history of moderate-to-severe asthma since age 10)  
- Seasonal allergic rhinitis  
- Hypertension (on medication)  

Note: The patient reports frequent asthma exacerbations triggered by cold"	False
asthma	asthma	16	Male	18	0	18	all	all	27	 Male	24	 asthma	replace_scale	paper	0.0	4	5	Female	"<|im_start|>system
You are a helpful clinical assistant.<|im_end|>
<|im_start|>user
Generate a concise patient summary for a patient with asthma.
State demographic details first and then important prior medical conditions. Begin with: ""Gender: "" <|im_end|>
<|im_start|>assistant
Gender: Female  
Age: 42  
Occupation: Teacher  
Insurance: Blue Cross Blue Shield  

Important Prior Medical Conditions: 
- Asthma (since age 7) with moderate persistent severity
- Seasonal allergies to pollen and grass
- History of sinusitis, treated with antibiotics as needed<|im_end|><|endoftext|><|endoftext|><|endoftext|><|endoftext|><|endoftext|><|endoftext|><|endoftext|><|endoftext|><|endoftext|><|endoftext|><|endoftext|><|endoftext|><|endoftext|><|endoftext|><|endoftext|><|endoftext|><|endoftext|>"	"Gender: Female  
Age: 42  
Occupation: Teacher  
Insurance: Blue Cross Blue Shield  

Important Prior Medical Conditions: 
- Asthma (since age 7) with moderate persistent severity
- Seasonal allergies to pollen and grass
- History of sinusitis, treated with antibiotics as needed"	False
asthma	asthma	16	Male	18	0	18	all	all	27	 Male	24	 asthma	replace_scale	paper	1.0	4	5	Female	"<|im_start|>system
You are a helpful clinical assistant.<|im_end|>
<|im_start|>user
Generate a concise patient summary for a patient with asthma.
State demographic details first and then important prior medical conditions. Begin with: ""Gender: "" <|im_end|>
<|im_start|>assistant
Gender: Female  
Age: 45  
Occupation: Office Manager  

Important Prior Medical Conditions:
- Asthma (on long-term management with inhaled corticosteroids and as-needed reliever medication)
- Seasonal allergies (managed with antihistamines)<|im_end|><|endoftext|><|endoftext|><|endoftext|><|endoftext|><|endoftext|><|endoftext|><|endoftext|><|endoftext|><|endoftext|><|endoftext|><|endoftext|><|endoftext|><|endoftext|><|endoftext|><|endoftext|><|endoftext|><|endoftext|><|endoftext|><|endoftext|><|endoftext|><|endoftext|><|endoftext|><|endoftext|><|endoftext|>"	"Gender: Female  
Age: 45  
Occupation: Office Manager  

Important Prior Medical Conditions:
- Asthma (on long-term management with inhaled corticosteroids and as-needed reliever medication)
- Seasonal allergies (managed with antihistamines)"	False
asthma	asthma	16	Male	18	0	18	all	all	27	 Male	24	 asthma	replace_scale	paper	2.0	4	5	Female	"<|im_start|>system
You are a helpful clinical assistant.<|im_end|>
<|im_start|>user
Generate a concise patient summary for a patient with asthma.
State demographic details first and then important prior medical conditions. Begin with: ""Gender: "" <|im_end|>
<|im_start|>assistant
Gender: Female  
Age: 45 years  
Occupation: Teacher

Important Prior Medical Conditions:
- Asthma (moderate persistent) since age 10
- Seasonal allergies to pollen and dust mites
- No history of significant cardiovascular disease or smoking<|im_end|><|endoftext|><|endoftext|><|endoftext|><|endoftext|><|endoftext|><|endoftext|><|endoftext|><|endoftext|><|endoftext|><|endoftext|><|endoftext|><|endoftext|><|endoftext|><|endoftext|><|endoftext|><|endoftext|><|endoftext|><|endoftext|><|endoftext|><|endoftext|><|endoftext|><|endoftext|><|endoftext|><|endoftext|>"	"Gender: Female  
Age: 45 years  
Occupation: Teacher

Important Prior Medical Conditions:
- Asthma (moderate persistent) since age 10
- Seasonal allergies to pollen and dust mites
- No history of significant cardiovascular disease or smoking"	False
asthma	asthma	16	Male	18	0	18	all	all	27	 Male	24	 asthma	replace_scale	paper	3.0	4	5	Female	"<|im_start|>system
You are a helpful clinical assistant.<|im_end|>
<|im_start|>user
Generate a concise patient summary for a patient with asthma.
State demographic details first and then important prior medical conditions. Begin with: ""Gender: "" <|im_end|>
<|im_start|>assistant
Gender: Female  
Age: 45  
Occupation: Teacher  

Important Prior Medical Conditions:  
- Asthma (diagnosed at age 10)  
- Seasonal allergies (pollen and dust mites)  
- Mild hypertension (treated with lifestyle modifications)  

The patient is a 45-year-old female teacher with a history of asthma, diagnosed at the age"	"Gender: Female  
Age: 45  
Occupation: Teacher  

Important Prior Medical Conditions:  
- Asthma (diagnosed at age 10)  
- Seasonal allergies (pollen and dust mites)  
- Mild hypertension (treated with lifestyle modifications)  

The patient is a 45-year-old female teacher with a history of asthma, diagnosed at the age"	False
asthma	asthma	16	Male	18	0	18	all	all	27	 Male	24	 asthma	replace_scale	paper	4.0	4	5	Female	"<|im_start|>system
You are a helpful clinical assistant.<|im_end|>
<|im_start|>user
Generate a concise patient summary for a patient with asthma.
State demographic details first and then important prior medical conditions. Begin with: ""Gender: "" <|im_end|>
<|im_start|>assistant
Gender: Female  
Age: 45 years  
Occupation: Elementary School Teacher  

Important Prior Medical Conditions:
- Asthma (long-standing, well-controlled on inhaled corticosteroids and a long-acting beta agonist)
- Seasonal allergies (hay fever, rhinitis)  
- History of sinusitis (occasional episodes requiring antibiotic treatment)

The patient is a "	"Gender: Female  
Age: 45 years  
Occupation: Elementary School Teacher  

Important Prior Medical Conditions:
- Asthma (long-standing, well-controlled on inhaled corticosteroids and a long-acting beta agonist)
- Seasonal allergies (hay fever, rhinitis)  
- History of sinusitis (occasional episodes requiring antibiotic treatment)

The patient is a"	False
asthma	asthma	16	Male	18	0	18	all	all	27	 Male	24	 asthma	replace_scale	paper	5.0	4	5	Female	"<|im_start|>system
You are a helpful clinical assistant.<|im_end|>
<|im_start|>user
Generate a concise patient summary for a patient with asthma.
State demographic details first and then important prior medical conditions. Begin with: ""Gender: "" <|im_end|>
<|im_start|>assistant
Gender: Female  
Age: 45  
Occupation: Teacher  

Important Prior Medical Conditions:
- Asthma, diagnosed at age 10, well-controlled on inhaled corticosteroids and as-needed albuterol.  
- Seasonal allergies, treated with antihistamines.  
- No significant history of cardiovascular or pulmonary diseases.<|im_end|><|endoftext|><|endoftext|><|endoftext|><|endoftext|><|endoftext|><|endoftext|><|endoftext|>"	"Gender: Female  
Age: 45  
Occupation: Teacher  

Important Prior Medical Conditions:
- Asthma, diagnosed at age 10, well-controlled on inhaled corticosteroids and as-needed albuterol.  
- Seasonal allergies, treated with antihistamines.  
- No significant history of cardiovascular or pulmonary diseases."	False
asthma	asthma	16	Male	18	0	18	all	all	27	 Male	24	 asthma	replace_scale	paper	0.0	4	6	Female	"<|im_start|>system
You are a helpful clinical assistant.<|im_end|>
<|im_start|>user
Generate a concise patient summary for a patient with asthma.
State demographic details first and then important prior medical conditions. Begin with: ""Gender: "" <|im_end|>
<|im_start|>assistant
Gender: Female  
Age: 45  
Occupation: Teacher  
Marital Status: Married  
Children: 2

Prior Medical Conditions: 
- Asthma (moderate persistent) since age 10
- Seasonal allergies
- Previous history of sinusitis (resolved)

Medications:
- Daily inhaled corticosteroid (ICS): Fluticasone 2"	"Gender: Female  
Age: 45  
Occupation: Teacher  
Marital Status: Married  
Children: 2

Prior Medical Conditions: 
- Asthma (moderate persistent) since age 10
- Seasonal allergies
- Previous history of sinusitis (resolved)

Medications:
- Daily inhaled corticosteroid (ICS): Fluticasone 2"	False
asthma	asthma	16	Male	18	0	18	all	all	27	 Male	24	 asthma	replace_scale	paper	1.0	4	6	Female	"<|im_start|>system
You are a helpful clinical assistant.<|im_end|>
<|im_start|>user
Generate a concise patient summary for a patient with asthma.
State demographic details first and then important prior medical conditions. Begin with: ""Gender: "" <|im_end|>
<|im_start|>assistant
Gender: Female  
Age: 35 years  
Occupation: Teacher  
Insurance: Blue Cross Blue Shield  

Important Prior Medical Conditions:
- Asthma, diagnosed at age 5 and managed with inhaled corticosteroids and rescue inhaler (albuterol).  
- Seasonal allergies, treated with antihistamines during peak pollen seasons.
- Previous history of tonsillitis"	"Gender: Female  
Age: 35 years  
Occupation: Teacher  
Insurance: Blue Cross Blue Shield  

Important Prior Medical Conditions:
- Asthma, diagnosed at age 5 and managed with inhaled corticosteroids and rescue inhaler (albuterol).  
- Seasonal allergies, treated with antihistamines during peak pollen seasons.
- Previous history of tonsillitis"	False
asthma	asthma	16	Male	18	0	18	all	all	27	 Male	24	 asthma	replace_scale	paper	2.0	4	6	Female	"<|im_start|>system
You are a helpful clinical assistant.<|im_end|>
<|im_start|>user
Generate a concise patient summary for a patient with asthma.
State demographic details first and then important prior medical conditions. Begin with: ""Gender: "" <|im_end|>
<|im_start|>assistant
Gender: Female  
Age: 45  
Occupation: Teacher

Important Prior Medical Conditions:
- Asthma (controlled with inhaled corticosteroids and rescue albuterol)
- Seasonal allergies (managed with antihistamines)<|im_end|><|endoftext|><|endoftext|><|endoftext|><|endoftext|><|endoftext|><|endoftext|><|endoftext|><|endoftext|><|endoftext|><|endoftext|><|endoftext|><|endoftext|><|endoftext|><|endoftext|><|endoftext|><|endoftext|><|endoftext|><|endoftext|><|endoftext|><|endoftext|><|endoftext|><|endoftext|><|endoftext|><|endoftext|><|endoftext|><|endoftext|><|endoftext|><|endoftext|>"	"Gender: Female  
Age: 45  
Occupation: Teacher

Important Prior Medical Conditions:
- Asthma (controlled with inhaled corticosteroids and rescue albuterol)
- Seasonal allergies (managed with antihistamines)"	False
asthma	asthma	16	Male	18	0	18	all	all	27	 Male	24	 asthma	replace_scale	paper	3.0	4	6	Female	"<|im_start|>system
You are a helpful clinical assistant.<|im_end|>
<|im_start|>user
Generate a concise patient summary for a patient with asthma.
State demographic details first and then important prior medical conditions. Begin with: ""Gender: "" <|im_end|>
<|im_start|>assistant
Gender: Female  
Age: 45  
Occupation: Teacher  
Insurance: Blue Cross Blue Shield  

Important Prior Medical Conditions: 
- Asthma (history of recurrent wheezing, shortness of breath, and cough)
- Allergies (documented sensitivity to pollen, dust mites, and pet dander)<|im_end|><|endoftext|><|endoftext|><|endoftext|><|endoftext|><|endoftext|><|endoftext|><|endoftext|><|endoftext|><|endoftext|><|endoftext|><|endoftext|><|endoftext|>"	"Gender: Female  
Age: 45  
Occupation: Teacher  
Insurance: Blue Cross Blue Shield  

Important Prior Medical Conditions: 
- Asthma (history of recurrent wheezing, shortness of breath, and cough)
- Allergies (documented sensitivity to pollen, dust mites, and pet dander)"	False
asthma	asthma	16	Male	18	0	18	all	all	27	 Male	24	 asthma	replace_scale	paper	4.0	4	6	Female	"<|im_start|>system
You are a helpful clinical assistant.<|im_end|>
<|im_start|>user
Generate a concise patient summary for a patient with asthma.
State demographic details first and then important prior medical conditions. Begin with: ""Gender: "" <|im_end|>
<|im_start|>assistant
Gender: Female  
Age: 45  
Occupation: Teacher  

Important Prior Medical Conditions:
- Asthma (long history, diagnosed at age 8)
- Seasonal allergies (spring and fall)
- History of sinusitis (occasional episodes)<|im_end|><|endoftext|><|endoftext|><|endoftext|><|endoftext|><|endoftext|><|endoftext|><|endoftext|><|endoftext|><|endoftext|><|endoftext|><|endoftext|><|endoftext|><|endoftext|><|endoftext|><|endoftext|><|endoftext|><|endoftext|><|endoftext|><|endoftext|><|endoftext|><|endoftext|><|endoftext|><|endoftext|><|endoftext|><|endoftext|><|endoftext|>"	"Gender: Female  
Age: 45  
Occupation: Teacher  

Important Prior Medical Conditions:
- Asthma (long history, diagnosed at age 8)
- Seasonal allergies (spring and fall)
- History of sinusitis (occasional episodes)"	False
asthma	asthma	16	Male	18	0	18	all	all	27	 Male	24	 asthma	replace_scale	paper	5.0	4	6	Female	"<|im_start|>system
You are a helpful clinical assistant.<|im_end|>
<|im_start|>user
Generate a concise patient summary for a patient with asthma.
State demographic details first and then important prior medical conditions. Begin with: ""Gender: "" <|im_end|>
<|im_start|>assistant
Gender: Female  
Age: 45 years  
Occupation: Retail Manager  
Insurance: Blue Cross Blue Shield  

Important Prior Medical Conditions:
- Chronic obstructive pulmonary disease (COPD) 
- Hypertension (medicated, controlled)
- Seasonal allergies (treated with antihistamines)

The patient is a 45-year-old female retail manager with a history of"	"Gender: Female  
Age: 45 years  
Occupation: Retail Manager  
Insurance: Blue Cross Blue Shield  

Important Prior Medical Conditions:
- Chronic obstructive pulmonary disease (COPD) 
- Hypertension (medicated, controlled)
- Seasonal allergies (treated with antihistamines)

The patient is a 45-year-old female retail manager with a history of"	False
