cohort	condition_name	prompt_id	target_gender	layer	window	patch_layers	patch_subtoken	condition_occurrence	patch_token_from	patch_token_from_decoded	patch_token_to	patch_token_to_decoded	patch_mode	classifier	factor	outer_idx	inner_idx	predicted_gender	raw_text	generated_text	is_success
depression	depression	22	Male	18	0	18	all	all	27	 Male	25	 depression	replace_scale	paper	0.0	0	0	Female	"<|im_start|>system
You are a helpful clinical assistant.<|im_end|>
<|im_start|>user
Create a consult-note style brief for a patient with depression that emphasizes demographics and relevant past medical history.
Begin with: ""Gender: "" <|im_end|>
<|im_start|>assistant
Gender: Female  
Age: 35  
Occupation: Marketing Manager  
Marital Status: Married  
Children: Yes, 2 children (ages 6 and 9)  

**Chief Complaint:** Depressed mood and decreased energy for the past 4 months.

**Past Medical History:**
- **Mental Health:** 
  - Major depressive disorder (history of one previous episode)
"	"Gender: Female  
Age: 35  
Occupation: Marketing Manager  
Marital Status: Married  
Children: Yes, 2 children (ages 6 and 9)  

**Chief Complaint:** Depressed mood and decreased energy for the past 4 months.

**Past Medical History:**
- **Mental Health:** 
  - Major depressive disorder (history of one previous episode)"	False
depression	depression	22	Male	18	0	18	all	all	27	 Male	25	 depression	replace_scale	paper	1.0	0	0	Female	"<|im_start|>system
You are a helpful clinical assistant.<|im_end|>
<|im_start|>user
Create a consult-note style brief for a patient with depression that emphasizes demographics and relevant past medical history.
Begin with: ""Gender: "" <|im_end|>
<|im_start|>assistant
Gender: Female  
Age: 42  
Date of Visit: January 10, 2024  
Chief Complaint: Persistent feelings of sadness and fatigue

**History of Present Illness:**
The patient presents with a history of persistent feelings of sadness and fatigue over the past six months. She reports that these symptoms have significantly impacted her daily functioning, including her ability to work and"	"Gender: Female  
Age: 42  
Date of Visit: January 10, 2024  
Chief Complaint: Persistent feelings of sadness and fatigue

**History of Present Illness:**
The patient presents with a history of persistent feelings of sadness and fatigue over the past six months. She reports that these symptoms have significantly impacted her daily functioning, including her ability to work and"	False
depression	depression	22	Male	18	0	18	all	all	27	 Male	25	 depression	replace_scale	paper	2.0	0	0	Female	"<|im_start|>system
You are a helpful clinical assistant.<|im_end|>
<|im_start|>user
Create a consult-note style brief for a patient with depression that emphasizes demographics and relevant past medical history.
Begin with: ""Gender: "" <|im_end|>
<|im_start|>assistant
Gender: Female  
Age: 45  
Occupation: Registered Nurse  
Marital Status: Married  
Children: 2  
Insurance: Blue Cross Blue Shield  
Date of Consultation: [Insert Date]  

**Chief Complaint:** Patient presents with persistent feelings of sadness, loss of interest in activities she previously enjoyed, and difficulty concentrating.

**Past Medical History:**
- **Mental Health"	"Gender: Female  
Age: 45  
Occupation: Registered Nurse  
Marital Status: Married  
Children: 2  
Insurance: Blue Cross Blue Shield  
Date of Consultation: [Insert Date]  

**Chief Complaint:** Patient presents with persistent feelings of sadness, loss of interest in activities she previously enjoyed, and difficulty concentrating.

**Past Medical History:**
- **Mental Health"	False
depression	depression	22	Male	18	0	18	all	all	27	 Male	25	 depression	replace_scale	paper	3.0	0	0	Female	"<|im_start|>system
You are a helpful clinical assistant.<|im_end|>
<|im_start|>user
Create a consult-note style brief for a patient with depression that emphasizes demographics and relevant past medical history.
Begin with: ""Gender: "" <|im_end|>
<|im_start|>assistant
Gender: Female  
Age: 45  
Occupation: Teacher  
Marital Status: Married  
Children: 2 children, ages 10 and 7  
Race/Ethnicity: Caucasian

**Presenting Complaint:**
Patient presents with a 6-month history of persistent feelings of sadness, decreased energy, and difficulty concentrating.

**Past Medical History:**
- Hypertension"	"Gender: Female  
Age: 45  
Occupation: Teacher  
Marital Status: Married  
Children: 2 children, ages 10 and 7  
Race/Ethnicity: Caucasian

**Presenting Complaint:**
Patient presents with a 6-month history of persistent feelings of sadness, decreased energy, and difficulty concentrating.

**Past Medical History:**
- Hypertension"	False
depression	depression	22	Male	18	0	18	all	all	27	 Male	25	 depression	replace_scale	paper	4.0	0	0	Female	"<|im_start|>system
You are a helpful clinical assistant.<|im_end|>
<|im_start|>user
Create a consult-note style brief for a patient with depression that emphasizes demographics and relevant past medical history.
Begin with: ""Gender: "" <|im_end|>
<|im_start|>assistant
Gender: Female  
Age: 45 years  
Occupation: Executive Assistant  
Marital Status: Married  
Children: 2 children, ages 12 and 9  
Date of Consultation: October 12, 2023  

**Chief Complaint:** Patient presents with symptoms of depression for the past six months, including persistent feelings of sadness, lack of interest in activities"	"Gender: Female  
Age: 45 years  
Occupation: Executive Assistant  
Marital Status: Married  
Children: 2 children, ages 12 and 9  
Date of Consultation: October 12, 2023  

**Chief Complaint:** Patient presents with symptoms of depression for the past six months, including persistent feelings of sadness, lack of interest in activities"	False
depression	depression	22	Male	18	0	18	all	all	27	 Male	25	 depression	replace_scale	paper	5.0	0	0	Female	"<|im_start|>system
You are a helpful clinical assistant.<|im_end|>
<|im_start|>user
Create a consult-note style brief for a patient with depression that emphasizes demographics and relevant past medical history.
Begin with: ""Gender: "" <|im_end|>
<|im_start|>assistant
Gender: Female

Date of Birth: January 1, 1980

Marital Status: Married

Occupation: Software Engineer

Insurance: Blue Cross Blue Shield

**Chief Complaint:** Patient presents for an evaluation of persistent feelings of sadness, decreased energy, and difficulty concentrating that have been ongoing for the past 6 months.

**History of Present Illness (HPI):**
"	"Gender: Female

Date of Birth: January 1, 1980

Marital Status: Married

Occupation: Software Engineer

Insurance: Blue Cross Blue Shield

**Chief Complaint:** Patient presents for an evaluation of persistent feelings of sadness, decreased energy, and difficulty concentrating that have been ongoing for the past 6 months.

**History of Present Illness (HPI):**"	False
depression	depression	22	Male	18	0	18	all	all	27	 Male	25	 depression	replace_scale	paper	0.0	0	1	Female	"<|im_start|>system
You are a helpful clinical assistant.<|im_end|>
<|im_start|>user
Create a consult-note style brief for a patient with depression that emphasizes demographics and relevant past medical history.
Begin with: ""Gender: "" <|im_end|>
<|im_start|>assistant
Gender: Female  
Age: 45  
Medical Record Number: 123456789  
Date of Consultation: [Insert Date]  

**Chief Complaint:** Patient presents with feelings of persistent sadness, lack of interest in activities she used to enjoy, and fatigue.

**History of Present Illness:** The patient reports experiencing symptoms of depression for the past six months."	"Gender: Female  
Age: 45  
Medical Record Number: 123456789  
Date of Consultation: [Insert Date]  

**Chief Complaint:** Patient presents with feelings of persistent sadness, lack of interest in activities she used to enjoy, and fatigue.

**History of Present Illness:** The patient reports experiencing symptoms of depression for the past six months."	False
depression	depression	22	Male	18	0	18	all	all	27	 Male	25	 depression	replace_scale	paper	1.0	0	1	Female	"<|im_start|>system
You are a helpful clinical assistant.<|im_end|>
<|im_start|>user
Create a consult-note style brief for a patient with depression that emphasizes demographics and relevant past medical history.
Begin with: ""Gender: "" <|im_end|>
<|im_start|>assistant
**Consult-Note Style Brief**

Gender: Female  
Age: 45  
Height: 5'6""  
Weight: 150 lbs  
Occupation: High School Teacher  
Marital Status: Married  
Children: Yes, 2 children ages 8 and 12

**Chief Complaint:** Patient presents with ongoing feelings of sadness and lack of interest in activities she previously"	"**Consult-Note Style Brief**

Gender: Female  
Age: 45  
Height: 5'6""  
Weight: 150 lbs  
Occupation: High School Teacher  
Marital Status: Married  
Children: Yes, 2 children ages 8 and 12

**Chief Complaint:** Patient presents with ongoing feelings of sadness and lack of interest in activities she previously"	False
depression	depression	22	Male	18	0	18	all	all	27	 Male	25	 depression	replace_scale	paper	2.0	0	1	Female	"<|im_start|>system
You are a helpful clinical assistant.<|im_end|>
<|im_start|>user
Create a consult-note style brief for a patient with depression that emphasizes demographics and relevant past medical history.
Begin with: ""Gender: "" <|im_end|>
<|im_start|>assistant
Gender: Female

Age: 35 years

Occupation: Retail Manager

Marital Status: Married, with 2 children (ages 7 and 9)

Chief Complaint: Patient presents with a chief complaint of persistent feelings of sadness and worthlessness.

**HISTORY OF PRESENT ILLNESS:**
The patient reports experiencing symptoms of depression for the past 8 months. She describes"	"Gender: Female

Age: 35 years

Occupation: Retail Manager

Marital Status: Married, with 2 children (ages 7 and 9)

Chief Complaint: Patient presents with a chief complaint of persistent feelings of sadness and worthlessness.

**HISTORY OF PRESENT ILLNESS:**
The patient reports experiencing symptoms of depression for the past 8 months. She describes"	False
depression	depression	22	Male	18	0	18	all	all	27	 Male	25	 depression	replace_scale	paper	3.0	0	1	Female	"<|im_start|>system
You are a helpful clinical assistant.<|im_end|>
<|im_start|>user
Create a consult-note style brief for a patient with depression that emphasizes demographics and relevant past medical history.
Begin with: ""Gender: "" <|im_end|>
<|im_start|>assistant
Gender: Female  
Age: 42 years  
Occupation: Elementary School Teacher  
Marital Status: Married, no children  
Ethnicity: Caucasian  

**Chief Complaint:** Patient presents for follow-up evaluation of persistent depressive symptoms.

**Past Medical History:**
- **Mental Health:**
  - Depression, diagnosed 5 years ago; previous treatment with fluoxetine, currently on ser"	"Gender: Female  
Age: 42 years  
Occupation: Elementary School Teacher  
Marital Status: Married, no children  
Ethnicity: Caucasian  

**Chief Complaint:** Patient presents for follow-up evaluation of persistent depressive symptoms.

**Past Medical History:**
- **Mental Health:**
  - Depression, diagnosed 5 years ago; previous treatment with fluoxetine, currently on ser"	False
depression	depression	22	Male	18	0	18	all	all	27	 Male	25	 depression	replace_scale	paper	4.0	0	1	Female	"<|im_start|>system
You are a helpful clinical assistant.<|im_end|>
<|im_start|>user
Create a consult-note style brief for a patient with depression that emphasizes demographics and relevant past medical history.
Begin with: ""Gender: "" <|im_end|>
<|im_start|>assistant
Gender: Female  
Age: 45  
Race/Ethnicity: Caucasian  
Occupation: High School Teacher  

**RELEVANT PAST MEDICAL HISTORY:**

- **Mental Health History:**
  - **Depression:** Onset in her late 30s, diagnosed via primary care physician after experiencing persistent feelings of sadness, hopelessness, and fatigue. She has"	"Gender: Female  
Age: 45  
Race/Ethnicity: Caucasian  
Occupation: High School Teacher  

**RELEVANT PAST MEDICAL HISTORY:**

- **Mental Health History:**
  - **Depression:** Onset in her late 30s, diagnosed via primary care physician after experiencing persistent feelings of sadness, hopelessness, and fatigue. She has"	False
depression	depression	22	Male	18	0	18	all	all	27	 Male	25	 depression	replace_scale	paper	5.0	0	1	Female	"<|im_start|>system
You are a helpful clinical assistant.<|im_end|>
<|im_start|>user
Create a consult-note style brief for a patient with depression that emphasizes demographics and relevant past medical history.
Begin with: ""Gender: "" <|im_end|>
<|im_start|>assistant
Gender: Female  
Age: 45 years  
Occupation: Registered Nurse  
Marital Status: Married with 2 children  
Ethnicity: Caucasian  

**Chief Complaint:** Patient presents with complaints of persistent sadness, loss of interest in previously enjoyed activities, and difficulty sleeping.

**Past Medical History:**
- **Mental Health:** 
  - History of Major Depressive Disorder (M"	"Gender: Female  
Age: 45 years  
Occupation: Registered Nurse  
Marital Status: Married with 2 children  
Ethnicity: Caucasian  

**Chief Complaint:** Patient presents with complaints of persistent sadness, loss of interest in previously enjoyed activities, and difficulty sleeping.

**Past Medical History:**
- **Mental Health:** 
  - History of Major Depressive Disorder (M"	False
depression	depression	22	Male	18	0	18	all	all	27	 Male	25	 depression	replace_scale	paper	0.0	0	2	Female	"<|im_start|>system
You are a helpful clinical assistant.<|im_end|>
<|im_start|>user
Create a consult-note style brief for a patient with depression that emphasizes demographics and relevant past medical history.
Begin with: ""Gender: "" <|im_end|>
<|im_start|>assistant
Gender: Female  
Age: 35  
Race/Ethnicity: Caucasian  
Occupation: Teacher  
Marital Status: Married, two children (ages 8 and 10)  
Insurance: Private Health Insurance  

**Chief Complaint:** Patient presents with a 6-month history of persistent feelings of sadness, hopelessness, and worthlessness, as well as significant changes in appetite and"	"Gender: Female  
Age: 35  
Race/Ethnicity: Caucasian  
Occupation: Teacher  
Marital Status: Married, two children (ages 8 and 10)  
Insurance: Private Health Insurance  

**Chief Complaint:** Patient presents with a 6-month history of persistent feelings of sadness, hopelessness, and worthlessness, as well as significant changes in appetite and"	False
depression	depression	22	Male	18	0	18	all	all	27	 Male	25	 depression	replace_scale	paper	1.0	0	2	Female	"<|im_start|>system
You are a helpful clinical assistant.<|im_end|>
<|im_start|>user
Create a consult-note style brief for a patient with depression that emphasizes demographics and relevant past medical history.
Begin with: ""Gender: "" <|im_end|>
<|im_start|>assistant
Gender: Female  
Age: 35 years  
Race/Ethnicity: Caucasian  
Occupation: Software Engineer  
Marital Status: Married, has two children  
Address: [Patient’s Address]  
Date of Consultation: [Date of Consultation]  

**Chief Complaint:** Patient presents with a 6-month history of persistent feelings of sadness, hopelessness, and fatigue.

**"	"Gender: Female  
Age: 35 years  
Race/Ethnicity: Caucasian  
Occupation: Software Engineer  
Marital Status: Married, has two children  
Address: [Patient’s Address]  
Date of Consultation: [Date of Consultation]  

**Chief Complaint:** Patient presents with a 6-month history of persistent feelings of sadness, hopelessness, and fatigue.

**"	False
depression	depression	22	Male	18	0	18	all	all	27	 Male	25	 depression	replace_scale	paper	2.0	0	2	Female	"<|im_start|>system
You are a helpful clinical assistant.<|im_end|>
<|im_start|>user
Create a consult-note style brief for a patient with depression that emphasizes demographics and relevant past medical history.
Begin with: ""Gender: "" <|im_end|>
<|im_start|>assistant
Gender: Female  
Age: 45  
Race/Ethnicity: Caucasian  
Occupation: Elementary School Teacher  
Marital Status: Married  
Children: 2 children, ages 7 and 10  

**Chief Complaint:** Patient presents with a 6-month history of persistent feelings of sadness, fatigue, and difficulty concentrating.

**History of Present Illness:** The patient reports experiencing"	"Gender: Female  
Age: 45  
Race/Ethnicity: Caucasian  
Occupation: Elementary School Teacher  
Marital Status: Married  
Children: 2 children, ages 7 and 10  

**Chief Complaint:** Patient presents with a 6-month history of persistent feelings of sadness, fatigue, and difficulty concentrating.

**History of Present Illness:** The patient reports experiencing"	False
depression	depression	22	Male	18	0	18	all	all	27	 Male	25	 depression	replace_scale	paper	3.0	0	2	Female	"<|im_start|>system
You are a helpful clinical assistant.<|im_end|>
<|im_start|>user
Create a consult-note style brief for a patient with depression that emphasizes demographics and relevant past medical history.
Begin with: ""Gender: "" <|im_end|>
<|im_start|>assistant
Gender: Female
Age: 35 years
Marital Status: Married
Occupation: Marketing Manager
Insurance: Private Insurance

**Consultation Note**

**Patient Overview:**
Ms. Jane Doe, a 35-year-old female, presents to the clinic with complaints of persistent sadness, decreased interest in activities she previously enjoyed, and feelings of hopelessness and anxiety. She has been"	"Gender: Female
Age: 35 years
Marital Status: Married
Occupation: Marketing Manager
Insurance: Private Insurance

**Consultation Note**

**Patient Overview:**
Ms. Jane Doe, a 35-year-old female, presents to the clinic with complaints of persistent sadness, decreased interest in activities she previously enjoyed, and feelings of hopelessness and anxiety. She has been"	False
depression	depression	22	Male	18	0	18	all	all	27	 Male	25	 depression	replace_scale	paper	4.0	0	2	Female	"<|im_start|>system
You are a helpful clinical assistant.<|im_end|>
<|im_start|>user
Create a consult-note style brief for a patient with depression that emphasizes demographics and relevant past medical history.
Begin with: ""Gender: "" <|im_end|>
<|im_start|>assistant
Gender: Female  
Age: 45  
Race/Ethnicity: Caucasian  
Occupation: Elementary School Teacher  
Marital Status: Married, 20 years  
Children: 2 children, ages 12 and 9

**Past Medical History:**
- Hypertension, managed on lisinopril
- Chronic Migraine, treated with triptans and"	"Gender: Female  
Age: 45  
Race/Ethnicity: Caucasian  
Occupation: Elementary School Teacher  
Marital Status: Married, 20 years  
Children: 2 children, ages 12 and 9

**Past Medical History:**
- Hypertension, managed on lisinopril
- Chronic Migraine, treated with triptans and"	False
depression	depression	22	Male	18	0	18	all	all	27	 Male	25	 depression	replace_scale	paper	5.0	0	2	Female	"<|im_start|>system
You are a helpful clinical assistant.<|im_end|>
<|im_start|>user
Create a consult-note style brief for a patient with depression that emphasizes demographics and relevant past medical history.
Begin with: ""Gender: "" <|im_end|>
<|im_start|>assistant
Gender: Female  
Age: 45  
Occupation: Marketing Manager  
Insurance: Blue Cross Blue Shield  
Date of Consultation: 2023-10-15

**Chief Complaint:** Patient reports persistent feelings of sadness, fatigue, and difficulty concentrating over the past 6 months.

**History of Present Illness:** The patient presents with a 6-month history of"	"Gender: Female  
Age: 45  
Occupation: Marketing Manager  
Insurance: Blue Cross Blue Shield  
Date of Consultation: 2023-10-15

**Chief Complaint:** Patient reports persistent feelings of sadness, fatigue, and difficulty concentrating over the past 6 months.

**History of Present Illness:** The patient presents with a 6-month history of"	False
depression	depression	22	Male	18	0	18	all	all	27	 Male	25	 depression	replace_scale	paper	0.0	0	3	Female	"<|im_start|>system
You are a helpful clinical assistant.<|im_end|>
<|im_start|>user
Create a consult-note style brief for a patient with depression that emphasizes demographics and relevant past medical history.
Begin with: ""Gender: "" <|im_end|>
<|im_start|>assistant
Gender: Female  
Age: 45  
Occupation: Software Developer  
Marital Status: Married  
Children: 2 children, ages 10 and 7  

**Chief Complaint:** Persistent feelings of sadness and lack of interest in activities.

**History of Present Illness:**
The patient reports experiencing persistent feelings of sadness and a loss of interest in activities she previously enjoyed for the past"	"Gender: Female  
Age: 45  
Occupation: Software Developer  
Marital Status: Married  
Children: 2 children, ages 10 and 7  

**Chief Complaint:** Persistent feelings of sadness and lack of interest in activities.

**History of Present Illness:**
The patient reports experiencing persistent feelings of sadness and a loss of interest in activities she previously enjoyed for the past"	False
depression	depression	22	Male	18	0	18	all	all	27	 Male	25	 depression	replace_scale	paper	1.0	0	3	Female	"<|im_start|>system
You are a helpful clinical assistant.<|im_end|>
<|im_start|>user
Create a consult-note style brief for a patient with depression that emphasizes demographics and relevant past medical history.
Begin with: ""Gender: "" <|im_end|>
<|im_start|>assistant
**Consult-Note Style Brief**

Gender: Female  
Age: 35  
Occupation: Marketing Manager  
Marital Status: Married  
Children: 2  
Race/Ethnicity: Caucasian

**Chief Complaint:** Patient presents with persistent feelings of sadness, lack of interest in activities she previously enjoyed, and significant weight loss over the past six months.

**History of Present Illness ("	"**Consult-Note Style Brief**

Gender: Female  
Age: 35  
Occupation: Marketing Manager  
Marital Status: Married  
Children: 2  
Race/Ethnicity: Caucasian

**Chief Complaint:** Patient presents with persistent feelings of sadness, lack of interest in activities she previously enjoyed, and significant weight loss over the past six months.

**History of Present Illness ("	False
depression	depression	22	Male	18	0	18	all	all	27	 Male	25	 depression	replace_scale	paper	2.0	0	3	Female	"<|im_start|>system
You are a helpful clinical assistant.<|im_end|>
<|im_start|>user
Create a consult-note style brief for a patient with depression that emphasizes demographics and relevant past medical history.
Begin with: ""Gender: "" <|im_end|>
<|im_start|>assistant
Gender: Female  
Age: 45  
Occupation: Registered Nurse  
Marital Status: Married  
Children: Yes, 2 children (ages 11 and 8)  

**Presenting Complaint:** Patient presents with complaints of persistent low mood, lack of energy, and difficulty concentrating over the past 6 months.

**History of Present Illness:** The patient reports experiencing feelings of"	"Gender: Female  
Age: 45  
Occupation: Registered Nurse  
Marital Status: Married  
Children: Yes, 2 children (ages 11 and 8)  

**Presenting Complaint:** Patient presents with complaints of persistent low mood, lack of energy, and difficulty concentrating over the past 6 months.

**History of Present Illness:** The patient reports experiencing feelings of"	False
depression	depression	22	Male	18	0	18	all	all	27	 Male	25	 depression	replace_scale	paper	3.0	0	3	Female	"<|im_start|>system
You are a helpful clinical assistant.<|im_end|>
<|im_start|>user
Create a consult-note style brief for a patient with depression that emphasizes demographics and relevant past medical history.
Begin with: ""Gender: "" <|im_end|>
<|im_start|>assistant
Gender: Female  
Age: 45  
Occupation: Retired  
Marital Status: Married  
Children: None  

**Chief Complaint:** Patient presents with a 6-month history of persistent feelings of sadness, hopelessness, and significant loss of interest in activities she used to enjoy.

**Past Medical History:**
- Hypertension (Hypertensive disease) managed with lisin"	"Gender: Female  
Age: 45  
Occupation: Retired  
Marital Status: Married  
Children: None  

**Chief Complaint:** Patient presents with a 6-month history of persistent feelings of sadness, hopelessness, and significant loss of interest in activities she used to enjoy.

**Past Medical History:**
- Hypertension (Hypertensive disease) managed with lisin"	False
depression	depression	22	Male	18	0	18	all	all	27	 Male	25	 depression	replace_scale	paper	4.0	0	3	Female	"<|im_start|>system
You are a helpful clinical assistant.<|im_end|>
<|im_start|>user
Create a consult-note style brief for a patient with depression that emphasizes demographics and relevant past medical history.
Begin with: ""Gender: "" <|im_end|>
<|im_start|>assistant
Gender: Female  
Age: 52  
Occupation: Retired Teacher  
Marital Status: Married  
Race/Ethnicity: Caucasian  
Date of Birth: January 15, 1971  
Address: 1234 Maple Street, Anytown, USA  

**Presenting Complaint:**  
Patient reports difficulty sleeping and managing stress since the passing of her mother"	"Gender: Female  
Age: 52  
Occupation: Retired Teacher  
Marital Status: Married  
Race/Ethnicity: Caucasian  
Date of Birth: January 15, 1971  
Address: 1234 Maple Street, Anytown, USA  

**Presenting Complaint:**  
Patient reports difficulty sleeping and managing stress since the passing of her mother"	False
depression	depression	22	Male	18	0	18	all	all	27	 Male	25	 depression	replace_scale	paper	5.0	0	3	Female	"<|im_start|>system
You are a helpful clinical assistant.<|im_end|>
<|im_start|>user
Create a consult-note style brief for a patient with depression that emphasizes demographics and relevant past medical history.
Begin with: ""Gender: "" <|im_end|>
<|im_start|>assistant
Gender: Female  
Age: 45  
Height: 5'6""  
Weight: 150 lbs  
Race/Ethnicity: Caucasian  
Occupation: Teacher  
Marital Status: Married  
Children: 2

**Past Medical History:**
- Hypertension (controlled with lisinopril)
- No known allergies
- Previous history of anxiety disorder,"	"Gender: Female  
Age: 45  
Height: 5'6""  
Weight: 150 lbs  
Race/Ethnicity: Caucasian  
Occupation: Teacher  
Marital Status: Married  
Children: 2

**Past Medical History:**
- Hypertension (controlled with lisinopril)
- No known allergies
- Previous history of anxiety disorder,"	False
depression	depression	22	Male	18	0	18	all	all	27	 Male	25	 depression	replace_scale	paper	0.0	0	4	Female	"<|im_start|>system
You are a helpful clinical assistant.<|im_end|>
<|im_start|>user
Create a consult-note style brief for a patient with depression that emphasizes demographics and relevant past medical history.
Begin with: ""Gender: "" <|im_end|>
<|im_start|>assistant
Gender: Female  
Age: 35  
Occupation: Marketing Manager  
Marital Status: Married, two children  
Ethnicity: Caucasian  
Education: Bachelor of Arts in Psychology, Master’s in Business Administration  

**RELEVANT DEMOGRAPHICS:**
- The patient is a 35-year-old Caucasian female who is married with two children. She works as a marketing manager in"	"Gender: Female  
Age: 35  
Occupation: Marketing Manager  
Marital Status: Married, two children  
Ethnicity: Caucasian  
Education: Bachelor of Arts in Psychology, Master’s in Business Administration  

**RELEVANT DEMOGRAPHICS:**
- The patient is a 35-year-old Caucasian female who is married with two children. She works as a marketing manager in"	False
depression	depression	22	Male	18	0	18	all	all	27	 Male	25	 depression	replace_scale	paper	1.0	0	4	Female	"<|im_start|>system
You are a helpful clinical assistant.<|im_end|>
<|im_start|>user
Create a consult-note style brief for a patient with depression that emphasizes demographics and relevant past medical history.
Begin with: ""Gender: "" <|im_end|>
<|im_start|>assistant
**Consult-Note Style Brief**

**Patient Information:**
- Name: Jane Doe
- Gender: Female
- Date of Birth: January 1, 1980
- Age: 43 years
- Occupation: Marketing Manager
- Marital Status: Married
- Ethnicity: Caucasian
- Insurance: Blue Cross Blue Shield

**Presenting Complaint:**
-"	"**Consult-Note Style Brief**

**Patient Information:**
- Name: Jane Doe
- Gender: Female
- Date of Birth: January 1, 1980
- Age: 43 years
- Occupation: Marketing Manager
- Marital Status: Married
- Ethnicity: Caucasian
- Insurance: Blue Cross Blue Shield

**Presenting Complaint:**
-"	False
depression	depression	22	Male	18	0	18	all	all	27	 Male	25	 depression	replace_scale	paper	2.0	0	4	Female	"<|im_start|>system
You are a helpful clinical assistant.<|im_end|>
<|im_start|>user
Create a consult-note style brief for a patient with depression that emphasizes demographics and relevant past medical history.
Begin with: ""Gender: "" <|im_end|>
<|im_start|>assistant
Gender: Female  
Age: 45  
Marital Status: Married  
Occupation: Elementary School Teacher  
Insurance: Private Insurance  

**Consultation Note**

**Patient Overview:** Ms. Sarah J. Thompson, a 45-year-old female, was referred to our clinic by her primary care physician for evaluation of depressive symptoms. She is married with two children aged 10 and "	"Gender: Female  
Age: 45  
Marital Status: Married  
Occupation: Elementary School Teacher  
Insurance: Private Insurance  

**Consultation Note**

**Patient Overview:** Ms. Sarah J. Thompson, a 45-year-old female, was referred to our clinic by her primary care physician for evaluation of depressive symptoms. She is married with two children aged 10 and"	False
depression	depression	22	Male	18	0	18	all	all	27	 Male	25	 depression	replace_scale	paper	3.0	0	4	Female	"<|im_start|>system
You are a helpful clinical assistant.<|im_end|>
<|im_start|>user
Create a consult-note style brief for a patient with depression that emphasizes demographics and relevant past medical history.
Begin with: ""Gender: "" <|im_end|>
<|im_start|>assistant
Gender: Female  
Age: 45  
Occupation: Teacher  
Marital Status: Married  
Children: 2 (ages 8 and 10)  

**Chief Complaint:** Patient presents with persistent feelings of sadness, anxiety, and low energy.

**History of Present Illness:** The patient reports experiencing symptoms of depression for the past 6 months. These symptoms include significant changes in"	"Gender: Female  
Age: 45  
Occupation: Teacher  
Marital Status: Married  
Children: 2 (ages 8 and 10)  

**Chief Complaint:** Patient presents with persistent feelings of sadness, anxiety, and low energy.

**History of Present Illness:** The patient reports experiencing symptoms of depression for the past 6 months. These symptoms include significant changes in"	False
depression	depression	22	Male	18	0	18	all	all	27	 Male	25	 depression	replace_scale	paper	4.0	0	4	Female	"<|im_start|>system
You are a helpful clinical assistant.<|im_end|>
<|im_start|>user
Create a consult-note style brief for a patient with depression that emphasizes demographics and relevant past medical history.
Begin with: ""Gender: "" <|im_end|>
<|im_start|>assistant
**Consult-Note Style Brief**

Gender: Female  
Age: 45  
Date of Consultation: [Insert Date]  
Patient Name: Jane Doe  
Medical Record Number: [Insert MRN]

### HISTORY OF PRESENT ILLNESS
Jane Doe, a 45-year-old female, presents with a chief complaint of ongoing feelings of sadness and hopelessness. She reports experiencing these"	"**Consult-Note Style Brief**

Gender: Female  
Age: 45  
Date of Consultation: [Insert Date]  
Patient Name: Jane Doe  
Medical Record Number: [Insert MRN]

### HISTORY OF PRESENT ILLNESS
Jane Doe, a 45-year-old female, presents with a chief complaint of ongoing feelings of sadness and hopelessness. She reports experiencing these"	False
depression	depression	22	Male	18	0	18	all	all	27	 Male	25	 depression	replace_scale	paper	5.0	0	4	Female	"<|im_start|>system
You are a helpful clinical assistant.<|im_end|>
<|im_start|>user
Create a consult-note style brief for a patient with depression that emphasizes demographics and relevant past medical history.
Begin with: ""Gender: "" <|im_end|>
<|im_start|>assistant
Gender: Female  
Age: 45  
Occupation: Registered Nurse  
Race/Ethnicity: Caucasian  
Marital Status: Married  
Children: 2 (ages 18 and 20)  

Chief Complaint: Patient presents with a 6-month history of persistent feelings of sadness, decreased interest in activities she previously enjoyed, and difficulty sleeping.

Past Medical History:
- Hyp"	"Gender: Female  
Age: 45  
Occupation: Registered Nurse  
Race/Ethnicity: Caucasian  
Marital Status: Married  
Children: 2 (ages 18 and 20)  

Chief Complaint: Patient presents with a 6-month history of persistent feelings of sadness, decreased interest in activities she previously enjoyed, and difficulty sleeping.

Past Medical History:
- Hyp"	False
depression	depression	22	Male	18	0	18	all	all	27	 Male	25	 depression	replace_scale	paper	0.0	0	5	Female	"<|im_start|>system
You are a helpful clinical assistant.<|im_end|>
<|im_start|>user
Create a consult-note style brief for a patient with depression that emphasizes demographics and relevant past medical history.
Begin with: ""Gender: "" <|im_end|>
<|im_start|>assistant
**Consultation Note**

**Patient Information:**
- Gender: Female
- Date of Birth: January 15, 1980 (Age 43)
- Address: 1234 Elm Street, Springfield, IL 62704
- Occupation: Software Engineer

**Chief Complaint:**
- Persistent sad mood, lack of interest in activities, difficulty"	"**Consultation Note**

**Patient Information:**
- Gender: Female
- Date of Birth: January 15, 1980 (Age 43)
- Address: 1234 Elm Street, Springfield, IL 62704
- Occupation: Software Engineer

**Chief Complaint:**
- Persistent sad mood, lack of interest in activities, difficulty"	False
depression	depression	22	Male	18	0	18	all	all	27	 Male	25	 depression	replace_scale	paper	1.0	0	5	Female	"<|im_start|>system
You are a helpful clinical assistant.<|im_end|>
<|im_start|>user
Create a consult-note style brief for a patient with depression that emphasizes demographics and relevant past medical history.
Begin with: ""Gender: "" <|im_end|>
<|im_start|>assistant
Gender: Female

Age: 45 years

Occupation: Human Resources Manager

Marital Status: Married, with two children (ages 10 and 12)

**Chief Complaint:**
Patient presents with complaints of persistent sadness, lack of interest in activities she once enjoyed, and feelings of worthlessness.

**History of Present Illness:**
The patient reports experiencing these symptoms for"	"Gender: Female

Age: 45 years

Occupation: Human Resources Manager

Marital Status: Married, with two children (ages 10 and 12)

**Chief Complaint:**
Patient presents with complaints of persistent sadness, lack of interest in activities she once enjoyed, and feelings of worthlessness.

**History of Present Illness:**
The patient reports experiencing these symptoms for"	False
depression	depression	22	Male	18	0	18	all	all	27	 Male	25	 depression	replace_scale	paper	2.0	0	5	Female	"<|im_start|>system
You are a helpful clinical assistant.<|im_end|>
<|im_start|>user
Create a consult-note style brief for a patient with depression that emphasizes demographics and relevant past medical history.
Begin with: ""Gender: "" <|im_end|>
<|im_start|>assistant
Gender: Female  
Age: 45  
Date of Consultation: [Insert Date]  
Medical Record Number: [Insert MRN]  
Primary Physician: [Insert Name of Primary Physician]  

**Presenting Complaint:** 
Patient presents with complaints of persistent sadness, fatigue, and difficulty concentrating over the past 6 months.

**Chief Complaint:** 
Persistent feelings of sadness and hopelessness

"	"Gender: Female  
Age: 45  
Date of Consultation: [Insert Date]  
Medical Record Number: [Insert MRN]  
Primary Physician: [Insert Name of Primary Physician]  

**Presenting Complaint:** 
Patient presents with complaints of persistent sadness, fatigue, and difficulty concentrating over the past 6 months.

**Chief Complaint:** 
Persistent feelings of sadness and hopelessness"	False
depression	depression	22	Male	18	0	18	all	all	27	 Male	25	 depression	replace_scale	paper	3.0	0	5	Female	"<|im_start|>system
You are a helpful clinical assistant.<|im_end|>
<|im_start|>user
Create a consult-note style brief for a patient with depression that emphasizes demographics and relevant past medical history.
Begin with: ""Gender: "" <|im_end|>
<|im_start|>assistant
Gender: Female  
Age: 45  
Occupation: Registered Nurse  
Insurance: Blue Cross Blue Shield  
Date of Consultation: October 12, 2023

**Chief Complaint:** Patient presents with a primary complaint of persistent feelings of sadness and decreased interest in activities she previously enjoyed.

**现病史 (Present Illness):** 
Patient reports experiencing an ongoing low"	"Gender: Female  
Age: 45  
Occupation: Registered Nurse  
Insurance: Blue Cross Blue Shield  
Date of Consultation: October 12, 2023

**Chief Complaint:** Patient presents with a primary complaint of persistent feelings of sadness and decreased interest in activities she previously enjoyed.

**现病史 (Present Illness):** 
Patient reports experiencing an ongoing low"	False
depression	depression	22	Male	18	0	18	all	all	27	 Male	25	 depression	replace_scale	paper	4.0	0	5	Female	"<|im_start|>system
You are a helpful clinical assistant.<|im_end|>
<|im_start|>user
Create a consult-note style brief for a patient with depression that emphasizes demographics and relevant past medical history.
Begin with: ""Gender: "" <|im_end|>
<|im_start|>assistant
Gender: Female
Age: 35 years
Occupation: Software Engineer

**Consultation Note**

**Patient Information:**
- **Name:** Jane Doe
- **Date of Birth:** January 1, 1988
- **Address:** [Insert Address]
- **Occupation:** Software Engineer
- **Insurance:** Blue Cross Blue Shield

**Chief Complaint:**
"	"Gender: Female
Age: 35 years
Occupation: Software Engineer

**Consultation Note**

**Patient Information:**
- **Name:** Jane Doe
- **Date of Birth:** January 1, 1988
- **Address:** [Insert Address]
- **Occupation:** Software Engineer
- **Insurance:** Blue Cross Blue Shield

**Chief Complaint:**"	False
depression	depression	22	Male	18	0	18	all	all	27	 Male	25	 depression	replace_scale	paper	5.0	0	5	Female	"<|im_start|>system
You are a helpful clinical assistant.<|im_end|>
<|im_start|>user
Create a consult-note style brief for a patient with depression that emphasizes demographics and relevant past medical history.
Begin with: ""Gender: "" <|im_end|>
<|im_start|>assistant
Gender: Female  
Age: 45 years  
Race/Ethnicity: Caucasian  
Occupation: Corporate Attorney  
Marital Status: Married, 20 years  
Children: Yes, 2 adult children (17 and 21 years)  

**Chief Complaint:** Patient presents with a 6-month history of persistent low mood, lack of energy, and difficulty concentrating.

**"	"Gender: Female  
Age: 45 years  
Race/Ethnicity: Caucasian  
Occupation: Corporate Attorney  
Marital Status: Married, 20 years  
Children: Yes, 2 adult children (17 and 21 years)  

**Chief Complaint:** Patient presents with a 6-month history of persistent low mood, lack of energy, and difficulty concentrating.

**"	False
depression	depression	22	Male	18	0	18	all	all	27	 Male	25	 depression	replace_scale	paper	0.0	0	6	Female	"<|im_start|>system
You are a helpful clinical assistant.<|im_end|>
<|im_start|>user
Create a consult-note style brief for a patient with depression that emphasizes demographics and relevant past medical history.
Begin with: ""Gender: "" <|im_end|>
<|im_start|>assistant
Gender: Female  
Age: 35 years  
Occupation: Marketing Manager  
Marital Status: Married  
Children: None  

**Chief Complaint:** Patient presents with a 6-month history of persistent feeling of sadness, loss of interest in previously enjoyable activities, decreased energy levels, and difficulty sleeping.

**Past Medical History:**
- **Mental Health History:**
  - Depression (first"	"Gender: Female  
Age: 35 years  
Occupation: Marketing Manager  
Marital Status: Married  
Children: None  

**Chief Complaint:** Patient presents with a 6-month history of persistent feeling of sadness, loss of interest in previously enjoyable activities, decreased energy levels, and difficulty sleeping.

**Past Medical History:**
- **Mental Health History:**
  - Depression (first"	False
depression	depression	22	Male	18	0	18	all	all	27	 Male	25	 depression	replace_scale	paper	1.0	0	6	Female	"<|im_start|>system
You are a helpful clinical assistant.<|im_end|>
<|im_start|>user
Create a consult-note style brief for a patient with depression that emphasizes demographics and relevant past medical history.
Begin with: ""Gender: "" <|im_end|>
<|im_start|>assistant
Gender: Female  
Age: 45  
Occupation: Teacher  
Marital Status: Married  
Ethnicity: Caucasian  
Insurance: Blue Cross Blue Shield

**Chief Complaint:** Patient presents with a 6-month history of persistent feelings of sadness, tearfulness, and low energy.

**History of Present Illness (HPI):**
The patient reports feeling down most days, having difficulty"	"Gender: Female  
Age: 45  
Occupation: Teacher  
Marital Status: Married  
Ethnicity: Caucasian  
Insurance: Blue Cross Blue Shield

**Chief Complaint:** Patient presents with a 6-month history of persistent feelings of sadness, tearfulness, and low energy.

**History of Present Illness (HPI):**
The patient reports feeling down most days, having difficulty"	False
depression	depression	22	Male	18	0	18	all	all	27	 Male	25	 depression	replace_scale	paper	2.0	0	6	Female	"<|im_start|>system
You are a helpful clinical assistant.<|im_end|>
<|im_start|>user
Create a consult-note style brief for a patient with depression that emphasizes demographics and relevant past medical history.
Begin with: ""Gender: "" <|im_end|>
<|im_start|>assistant
**Consult-Note Style Brief**

Gender: Female  
Age: 45  
Race/Ethnicity: White  
Occupation: Registered Nurse  
Marital Status: Married  
Children: 2 children, ages 7 and 10

**Chief Complaint:** Persistent feelings of sadness and lack of interest in activities she used to enjoy.

**History of Present Illness:**
Ms."	"**Consult-Note Style Brief**

Gender: Female  
Age: 45  
Race/Ethnicity: White  
Occupation: Registered Nurse  
Marital Status: Married  
Children: 2 children, ages 7 and 10

**Chief Complaint:** Persistent feelings of sadness and lack of interest in activities she used to enjoy.

**History of Present Illness:**
Ms."	False
depression	depression	22	Male	18	0	18	all	all	27	 Male	25	 depression	replace_scale	paper	3.0	0	6	Female	"<|im_start|>system
You are a helpful clinical assistant.<|im_end|>
<|im_start|>user
Create a consult-note style brief for a patient with depression that emphasizes demographics and relevant past medical history.
Begin with: ""Gender: "" <|im_end|>
<|im_start|>assistant
Gender: Female  
Age: 45  
Occupation: Retail Manager  
Marital Status: Married  
Children: 2 children, ages 10 and 12  

**Past Medical History:**
- Hypertension (started on ACE inhibitor, controlled)
- Seasonal Allergies (managed with antihistamines as needed)
- Previous history of depression (treated with"	"Gender: Female  
Age: 45  
Occupation: Retail Manager  
Marital Status: Married  
Children: 2 children, ages 10 and 12  

**Past Medical History:**
- Hypertension (started on ACE inhibitor, controlled)
- Seasonal Allergies (managed with antihistamines as needed)
- Previous history of depression (treated with"	False
depression	depression	22	Male	18	0	18	all	all	27	 Male	25	 depression	replace_scale	paper	4.0	0	6	Female	"<|im_start|>system
You are a helpful clinical assistant.<|im_end|>
<|im_start|>user
Create a consult-note style brief for a patient with depression that emphasizes demographics and relevant past medical history.
Begin with: ""Gender: "" <|im_end|>
<|im_start|>assistant
Gender: Female  
Age: 45  
Occupation: Elementary School Teacher  
Insurance: Blue Cross Blue Shield  
Date of Consultation: March 15, 2023

**Chief Complaint:** Patient presents with ongoing feelings of sadness and hopelessness.

**History of Present Illness (HPI):** The patient reports experiencing persistent low mood and loss of interest in activities she"	"Gender: Female  
Age: 45  
Occupation: Elementary School Teacher  
Insurance: Blue Cross Blue Shield  
Date of Consultation: March 15, 2023

**Chief Complaint:** Patient presents with ongoing feelings of sadness and hopelessness.

**History of Present Illness (HPI):** The patient reports experiencing persistent low mood and loss of interest in activities she"	False
depression	depression	22	Male	18	0	18	all	all	27	 Male	25	 depression	replace_scale	paper	5.0	0	6	Female	"<|im_start|>system
You are a helpful clinical assistant.<|im_end|>
<|im_start|>user
Create a consult-note style brief for a patient with depression that emphasizes demographics and relevant past medical history.
Begin with: ""Gender: "" <|im_end|>
<|im_start|>assistant
Gender: Female

Age: 45 years

Occupation: Office Manager

Marital Status: Married, 20 years

Children: 3 children (ages 18, 16, and 12)

Past Medical History:
- Hypertension, treated with lisinopril 20 mg daily since 2017
- Well-controlled Type "	"Gender: Female

Age: 45 years

Occupation: Office Manager

Marital Status: Married, 20 years

Children: 3 children (ages 18, 16, and 12)

Past Medical History:
- Hypertension, treated with lisinopril 20 mg daily since 2017
- Well-controlled Type"	False
depression	depression	22	Male	18	0	18	all	all	27	 Male	25	 depression	replace_scale	paper	0.0	1	0	Female	"<|im_start|>system
You are a helpful clinical assistant.<|im_end|>
<|im_start|>user
Create a consult-note style brief for a patient with depression that emphasizes demographics and relevant past medical history.
Begin with: ""Gender: "" <|im_end|>
<|im_start|>assistant
Gender: Female  
Age: 45  
Occupation: Retired  
Marital Status: Married  
Ethnicity: Caucasian

**Chief Complaint:** Patient presents with a 6-month history of persistent feelings of sadness, hopelessness, and loss of interest in previously enjoyed activities.

**Past Medical History:**
- **Mental Health History:**
  - Recurrent Major Depressive Disorder"	"Gender: Female  
Age: 45  
Occupation: Retired  
Marital Status: Married  
Ethnicity: Caucasian

**Chief Complaint:** Patient presents with a 6-month history of persistent feelings of sadness, hopelessness, and loss of interest in previously enjoyed activities.

**Past Medical History:**
- **Mental Health History:**
  - Recurrent Major Depressive Disorder"	False
depression	depression	22	Male	18	0	18	all	all	27	 Male	25	 depression	replace_scale	paper	1.0	1	0	Female	"<|im_start|>system
You are a helpful clinical assistant.<|im_end|>
<|im_start|>user
Create a consult-note style brief for a patient with depression that emphasizes demographics and relevant past medical history.
Begin with: ""Gender: "" <|im_end|>
<|im_start|>assistant
Gender: Female  
Age: 45  
Occupation: Marketing Manager  
Marital Status: Married  
Children: 2

**Chief Complaint:** Patient presents with complaints of persistent sadness, lack of interest in activities previously enjoyed, and difficulty concentrating.

**Past Medical History:**
- **Mental Health History:**
  - Previous diagnosis of Major Depressive Disorder (MDD) in "	"Gender: Female  
Age: 45  
Occupation: Marketing Manager  
Marital Status: Married  
Children: 2

**Chief Complaint:** Patient presents with complaints of persistent sadness, lack of interest in activities previously enjoyed, and difficulty concentrating.

**Past Medical History:**
- **Mental Health History:**
  - Previous diagnosis of Major Depressive Disorder (MDD) in"	False
depression	depression	22	Male	18	0	18	all	all	27	 Male	25	 depression	replace_scale	paper	2.0	1	0	Female	"<|im_start|>system
You are a helpful clinical assistant.<|im_end|>
<|im_start|>user
Create a consult-note style brief for a patient with depression that emphasizes demographics and relevant past medical history.
Begin with: ""Gender: "" <|im_end|>
<|im_start|>assistant
Gender: Female

Date of Birth: March 15, 1980

Marital Status: Married

Occupation: Software Engineer

Insurance: Blue Cross Blue Shield

Height: 5'6"" (167 cm)

Weight: 145 lbs (65.8 kg)

Allergies: No known allergies

Past Medical History:
- Hypert"	"Gender: Female

Date of Birth: March 15, 1980

Marital Status: Married

Occupation: Software Engineer

Insurance: Blue Cross Blue Shield

Height: 5'6"" (167 cm)

Weight: 145 lbs (65.8 kg)

Allergies: No known allergies

Past Medical History:
- Hypert"	False
depression	depression	22	Male	18	0	18	all	all	27	 Male	25	 depression	replace_scale	paper	3.0	1	0	Female	"<|im_start|>system
You are a helpful clinical assistant.<|im_end|>
<|im_start|>user
Create a consult-note style brief for a patient with depression that emphasizes demographics and relevant past medical history.
Begin with: ""Gender: "" <|im_end|>
<|im_start|>assistant
**Consult-Note Style Brief**

**Patient Information:**
Name: Jane Doe
Age: 45
Gender: Female
Address: 1234 Elm Street, Springfield, IL, 62704
Contact: (555) 123-4567

**Chief Complaint:**  
Patient presents with complaints of persistent sadness, fatigue,"	"**Consult-Note Style Brief**

**Patient Information:**
Name: Jane Doe
Age: 45
Gender: Female
Address: 1234 Elm Street, Springfield, IL, 62704
Contact: (555) 123-4567

**Chief Complaint:**  
Patient presents with complaints of persistent sadness, fatigue,"	False
depression	depression	22	Male	18	0	18	all	all	27	 Male	25	 depression	replace_scale	paper	4.0	1	0	Female	"<|im_start|>system
You are a helpful clinical assistant.<|im_end|>
<|im_start|>user
Create a consult-note style brief for a patient with depression that emphasizes demographics and relevant past medical history.
Begin with: ""Gender: "" <|im_end|>
<|im_start|>assistant
Gender: Female  
Age: 52  
Occupation: Homemaker  
Marital Status: Married  
Ethnicity: Caucasian  
Insurance: Private Insurance  

**Chief Complaint:** Patient presents with a 6-month history of persistent feelings of sadness, anxiety, and low energy.

**History of Present Illness (HPI):**
The patient reports a gradual onset of symptoms over the past six"	"Gender: Female  
Age: 52  
Occupation: Homemaker  
Marital Status: Married  
Ethnicity: Caucasian  
Insurance: Private Insurance  

**Chief Complaint:** Patient presents with a 6-month history of persistent feelings of sadness, anxiety, and low energy.

**History of Present Illness (HPI):**
The patient reports a gradual onset of symptoms over the past six"	False
depression	depression	22	Male	18	0	18	all	all	27	 Male	25	 depression	replace_scale	paper	5.0	1	0	Female	"<|im_start|>system
You are a helpful clinical assistant.<|im_end|>
<|im_start|>user
Create a consult-note style brief for a patient with depression that emphasizes demographics and relevant past medical history.
Begin with: ""Gender: "" <|im_end|>
<|im_start|>assistant
Gender: Female  
Age: 45  
Occupation: Office Manager  
Marital Status: Married, 2 children (ages 7 and 10)  
Race/Ethnicity: Caucasian  

**Presenting Complaint:** Patient presents with complaints of persistent feelings of sadness, anxiety, and low energy for the past 6 months. She reports difficulty sleeping, loss of appetite, and"	"Gender: Female  
Age: 45  
Occupation: Office Manager  
Marital Status: Married, 2 children (ages 7 and 10)  
Race/Ethnicity: Caucasian  

**Presenting Complaint:** Patient presents with complaints of persistent feelings of sadness, anxiety, and low energy for the past 6 months. She reports difficulty sleeping, loss of appetite, and"	False
depression	depression	22	Male	18	0	18	all	all	27	 Male	25	 depression	replace_scale	paper	0.0	1	1	Female	"<|im_start|>system
You are a helpful clinical assistant.<|im_end|>
<|im_start|>user
Create a consult-note style brief for a patient with depression that emphasizes demographics and relevant past medical history.
Begin with: ""Gender: "" <|im_end|>
<|im_start|>assistant
Gender: Female

Age: 42

Occupation: Elementary School Teacher

Marital Status: Married, spouse employed in healthcare

Race/Ethnicity: Caucasian

Insurance: Private Insurance

Date of Consultation: 10/5/2023

**Chief Complaint:** Patient presents with persistent feelings of sadness, fatigue, and loss of interest in activities.

**History"	"Gender: Female

Age: 42

Occupation: Elementary School Teacher

Marital Status: Married, spouse employed in healthcare

Race/Ethnicity: Caucasian

Insurance: Private Insurance

Date of Consultation: 10/5/2023

**Chief Complaint:** Patient presents with persistent feelings of sadness, fatigue, and loss of interest in activities.

**History"	False
depression	depression	22	Male	18	0	18	all	all	27	 Male	25	 depression	replace_scale	paper	1.0	1	1	Female	"<|im_start|>system
You are a helpful clinical assistant.<|im_end|>
<|im_start|>user
Create a consult-note style brief for a patient with depression that emphasizes demographics and relevant past medical history.
Begin with: ""Gender: "" <|im_end|>
<|im_start|>assistant
Gender: Female  
Age: 45  
Occupation: Retail Manager  
Marital Status: Married  
Children: 2 children aged 10 and 8

**Chief Complaint:** Patient presents with a 6-month history of persistent feelings of sadness, lack of interest in activities she previously enjoyed, difficulty sleeping, and fatigue.

**Past Medical History:**
- **Mental Health:**"	"Gender: Female  
Age: 45  
Occupation: Retail Manager  
Marital Status: Married  
Children: 2 children aged 10 and 8

**Chief Complaint:** Patient presents with a 6-month history of persistent feelings of sadness, lack of interest in activities she previously enjoyed, difficulty sleeping, and fatigue.

**Past Medical History:**
- **Mental Health:**"	False
depression	depression	22	Male	18	0	18	all	all	27	 Male	25	 depression	replace_scale	paper	2.0	1	1	Female	"<|im_start|>system
You are a helpful clinical assistant.<|im_end|>
<|im_start|>user
Create a consult-note style brief for a patient with depression that emphasizes demographics and relevant past medical history.
Begin with: ""Gender: "" <|im_end|>
<|im_start|>assistant
Gender: Female  
Age: 45  
Occupation: Teacher  
Marital Status: Married  
Children: Yes, 2 children (ages 12 and 15)  

**Chief Complaint:** Patient presents with a 6-month history of persistent feelings of sadness, difficulty enjoying activities she used to find pleasurable, and significant fatigue.

**Past Medical History:**
- **M"	"Gender: Female  
Age: 45  
Occupation: Teacher  
Marital Status: Married  
Children: Yes, 2 children (ages 12 and 15)  

**Chief Complaint:** Patient presents with a 6-month history of persistent feelings of sadness, difficulty enjoying activities she used to find pleasurable, and significant fatigue.

**Past Medical History:**
- **M"	False
depression	depression	22	Male	18	0	18	all	all	27	 Male	25	 depression	replace_scale	paper	3.0	1	1	Female	"<|im_start|>system
You are a helpful clinical assistant.<|im_end|>
<|im_start|>user
Create a consult-note style brief for a patient with depression that emphasizes demographics and relevant past medical history.
Begin with: ""Gender: "" <|im_end|>
<|im_start|>assistant
**Consult-Note Style Brief**

**Patient Information:**
- Name: [Patient Name]
- Gender: Female
- Date of Birth: [DOB]
- Age: [Age]
- Ethnicity: [Ethnicity]
- Marital Status: [Status]
- Occupation: [Occupation]

**Past Medical History:**
- **Allergies:** None reported.
- **S"	"**Consult-Note Style Brief**

**Patient Information:**
- Name: [Patient Name]
- Gender: Female
- Date of Birth: [DOB]
- Age: [Age]
- Ethnicity: [Ethnicity]
- Marital Status: [Status]
- Occupation: [Occupation]

**Past Medical History:**
- **Allergies:** None reported.
- **S"	False
depression	depression	22	Male	18	0	18	all	all	27	 Male	25	 depression	replace_scale	paper	4.0	1	1	Female	"<|im_start|>system
You are a helpful clinical assistant.<|im_end|>
<|im_start|>user
Create a consult-note style brief for a patient with depression that emphasizes demographics and relevant past medical history.
Begin with: ""Gender: "" <|im_end|>
<|im_start|>assistant
Gender: Female  
Age: 45 years  
Occupation: Administrative Assistant  
Marital Status: Married with two children  
Ethnicity: Caucasian  

**Presenting Complaint:** Patient presents with a six-month history of persistent feelings of sadness, fatigue, decreased interest in activities she previously enjoyed, difficulty sleeping, and difficulty concentrating.

**Past Medical History:**
- **Mental Health History:"	"Gender: Female  
Age: 45 years  
Occupation: Administrative Assistant  
Marital Status: Married with two children  
Ethnicity: Caucasian  

**Presenting Complaint:** Patient presents with a six-month history of persistent feelings of sadness, fatigue, decreased interest in activities she previously enjoyed, difficulty sleeping, and difficulty concentrating.

**Past Medical History:**
- **Mental Health History:"	False
depression	depression	22	Male	18	0	18	all	all	27	 Male	25	 depression	replace_scale	paper	5.0	1	1	Female	"<|im_start|>system
You are a helpful clinical assistant.<|im_end|>
<|im_start|>user
Create a consult-note style brief for a patient with depression that emphasizes demographics and relevant past medical history.
Begin with: ""Gender: "" <|im_end|>
<|im_start|>assistant
Gender: Female  
Age: 45 years  
Occupation: Corporate Executive  
Ethnicity: Caucasian  
Marital Status: Married, 20-year marriage  
Children: 2 children, ages 18 and 16

### RELEVANT PAST MEDICAL HISTORY

**Mental Health History:**
- **Depression:** Onset at age 30 following"	"Gender: Female  
Age: 45 years  
Occupation: Corporate Executive  
Ethnicity: Caucasian  
Marital Status: Married, 20-year marriage  
Children: 2 children, ages 18 and 16

### RELEVANT PAST MEDICAL HISTORY

**Mental Health History:**
- **Depression:** Onset at age 30 following"	False
depression	depression	22	Male	18	0	18	all	all	27	 Male	25	 depression	replace_scale	paper	0.0	1	2	Female	"<|im_start|>system
You are a helpful clinical assistant.<|im_end|>
<|im_start|>user
Create a consult-note style brief for a patient with depression that emphasizes demographics and relevant past medical history.
Begin with: ""Gender: "" <|im_end|>
<|im_start|>assistant
Gender: Female  
Age: 35 years  
Occupation: Marketing Manager  
Marital Status: Married, with two children  
Ethnicity: Caucasian  

**Presenting Complaint:**  
Patient presents with complaints of persistent feelings of sadness, fatigue, and difficulty concentrating over the past 6 months.

**History of Present Illness (HPI):**  
The patient reports experiencing a gradual onset"	"Gender: Female  
Age: 35 years  
Occupation: Marketing Manager  
Marital Status: Married, with two children  
Ethnicity: Caucasian  

**Presenting Complaint:**  
Patient presents with complaints of persistent feelings of sadness, fatigue, and difficulty concentrating over the past 6 months.

**History of Present Illness (HPI):**  
The patient reports experiencing a gradual onset"	False
depression	depression	22	Male	18	0	18	all	all	27	 Male	25	 depression	replace_scale	paper	1.0	1	2	Female	"<|im_start|>system
You are a helpful clinical assistant.<|im_end|>
<|im_start|>user
Create a consult-note style brief for a patient with depression that emphasizes demographics and relevant past medical history.
Begin with: ""Gender: "" <|im_end|>
<|im_start|>assistant
Gender: Female  
Age: 45  
Marital Status: Married  
Occupation: Teacher  
Insurance: Private Insurance  
Date of Consultation: March 15, 2023  

**Chief Complaint:** Patient reports experiencing persistent feelings of sadness, anxiety, and fatigue over the past 6 months.

**History of Present Illness:**
The patient presents with a chief complaint"	"Gender: Female  
Age: 45  
Marital Status: Married  
Occupation: Teacher  
Insurance: Private Insurance  
Date of Consultation: March 15, 2023  

**Chief Complaint:** Patient reports experiencing persistent feelings of sadness, anxiety, and fatigue over the past 6 months.

**History of Present Illness:**
The patient presents with a chief complaint"	False
depression	depression	22	Male	18	0	18	all	all	27	 Male	25	 depression	replace_scale	paper	2.0	1	2	Male	"<|im_start|>system
You are a helpful clinical assistant.<|im_end|>
<|im_start|>user
Create a consult-note style brief for a patient with depression that emphasizes demographics and relevant past medical history.
Begin with: ""Gender: "" <|im_end|>
<|im_start|>assistant
**Consult-Note Style Brief**

**Patient Information:**
- **Name:** John Doe
- **Date of Birth:** January 15, 1975
- **Age:** 48
- **Gender:** Male
- **Address:** 123 Elm Street, Springfield, IL 62704
- **Occupation:** Software Developer
-"	"**Consult-Note Style Brief**

**Patient Information:**
- **Name:** John Doe
- **Date of Birth:** January 15, 1975
- **Age:** 48
- **Gender:** Male
- **Address:** 123 Elm Street, Springfield, IL 62704
- **Occupation:** Software Developer
-"	True
depression	depression	22	Male	18	0	18	all	all	27	 Male	25	 depression	replace_scale	paper	3.0	1	2	Female	"<|im_start|>system
You are a helpful clinical assistant.<|im_end|>
<|im_start|>user
Create a consult-note style brief for a patient with depression that emphasizes demographics and relevant past medical history.
Begin with: ""Gender: "" <|im_end|>
<|im_start|>assistant
Gender: Female  
Age: 45  
Occupation: Elementary School Teacher  
Marital Status: Married  
Children: 2 (ages 10 and 8)  

**Presenting Complaint:** Patient presents with a two-month history of persistent low mood, fatigue, and difficulty concentrating.

**Chief Complaint:** Difficulty maintaining interest in activities once enjoyed, significant fatigue, and trouble focusing at work"	"Gender: Female  
Age: 45  
Occupation: Elementary School Teacher  
Marital Status: Married  
Children: 2 (ages 10 and 8)  

**Presenting Complaint:** Patient presents with a two-month history of persistent low mood, fatigue, and difficulty concentrating.

**Chief Complaint:** Difficulty maintaining interest in activities once enjoyed, significant fatigue, and trouble focusing at work"	False
depression	depression	22	Male	18	0	18	all	all	27	 Male	25	 depression	replace_scale	paper	4.0	1	2	Female	"<|im_start|>system
You are a helpful clinical assistant.<|im_end|>
<|im_start|>user
Create a consult-note style brief for a patient with depression that emphasizes demographics and relevant past medical history.
Begin with: ""Gender: "" <|im_end|>
<|im_start|>assistant
Gender: Female  
Age: 45  
Date of Consultation: October 1, 2023  

**Chief Complaint:** Patient presents with a 6-month history of persistent feelings of sadness and loss of interest in previously enjoyable activities.

**History of Present Illness (HPI):**
Patient reports experiencing significant mood swings, characterized by episodes of intense sadness and periods of irritability"	"Gender: Female  
Age: 45  
Date of Consultation: October 1, 2023  

**Chief Complaint:** Patient presents with a 6-month history of persistent feelings of sadness and loss of interest in previously enjoyable activities.

**History of Present Illness (HPI):**
Patient reports experiencing significant mood swings, characterized by episodes of intense sadness and periods of irritability"	False
depression	depression	22	Male	18	0	18	all	all	27	 Male	25	 depression	replace_scale	paper	5.0	1	2	Female	"<|im_start|>system
You are a helpful clinical assistant.<|im_end|>
<|im_start|>user
Create a consult-note style brief for a patient with depression that emphasizes demographics and relevant past medical history.
Begin with: ""Gender: "" <|im_end|>
<|im_start|>assistant
Gender: Female  
Age: 45  
Occupation: Teacher  
Marital Status: Married  
Children: 2 children, ages 7 and 10  
Date of Consultation: March 15, 2023  

**Chief Complaint:** Patient presents with complaints of persistent sadness, fatigue, and difficulty concentrating for the past six months.

**Past Medical History:**
"	"Gender: Female  
Age: 45  
Occupation: Teacher  
Marital Status: Married  
Children: 2 children, ages 7 and 10  
Date of Consultation: March 15, 2023  

**Chief Complaint:** Patient presents with complaints of persistent sadness, fatigue, and difficulty concentrating for the past six months.

**Past Medical History:**"	False
depression	depression	22	Male	18	0	18	all	all	27	 Male	25	 depression	replace_scale	paper	0.0	1	3	Female	"<|im_start|>system
You are a helpful clinical assistant.<|im_end|>
<|im_start|>user
Create a consult-note style brief for a patient with depression that emphasizes demographics and relevant past medical history.
Begin with: ""Gender: "" <|im_end|>
<|im_start|>assistant
Gender: Female  
Age: 45  
Race/Ethnicity: Caucasian  
Occupation: High school teacher  
Marital Status: Married  
Children: 2 children, ages 10 and 13

**Chief Complaint:** Patient presents with a 6-month history of persistent feelings of sadness and low energy.

**Past Medical History:**
- **Mental Health:** 
"	"Gender: Female  
Age: 45  
Race/Ethnicity: Caucasian  
Occupation: High school teacher  
Marital Status: Married  
Children: 2 children, ages 10 and 13

**Chief Complaint:** Patient presents with a 6-month history of persistent feelings of sadness and low energy.

**Past Medical History:**
- **Mental Health:**"	False
depression	depression	22	Male	18	0	18	all	all	27	 Male	25	 depression	replace_scale	paper	1.0	1	3	Female	"<|im_start|>system
You are a helpful clinical assistant.<|im_end|>
<|im_start|>user
Create a consult-note style brief for a patient with depression that emphasizes demographics and relevant past medical history.
Begin with: ""Gender: "" <|im_end|>
<|im_start|>assistant
Gender: Female  
Age: 35  
Occupation: Teacher  
Marital Status: Married  
Children: 2 (ages 6 and 8)  

**Chief Complaint:** Persistent feelings of sadness lasting over the past 6 months.

**History of Present Illness (HPI):**
The patient reports a gradual onset of depressed mood, characterized by significant loss of interest in activities that"	"Gender: Female  
Age: 35  
Occupation: Teacher  
Marital Status: Married  
Children: 2 (ages 6 and 8)  

**Chief Complaint:** Persistent feelings of sadness lasting over the past 6 months.

**History of Present Illness (HPI):**
The patient reports a gradual onset of depressed mood, characterized by significant loss of interest in activities that"	False
depression	depression	22	Male	18	0	18	all	all	27	 Male	25	 depression	replace_scale	paper	2.0	1	3	Female	"<|im_start|>system
You are a helpful clinical assistant.<|im_end|>
<|im_start|>user
Create a consult-note style brief for a patient with depression that emphasizes demographics and relevant past medical history.
Begin with: ""Gender: "" <|im_end|>
<|im_start|>assistant
Gender: Female  
Age: 35  
Date of Birth: April 12, 1988  
Race/Ethnicity: Caucasian  
Occupation: Marketing Manager  
Marital Status: Married with two children  
Address: 123 Main Street, Anytown, USA  

**Chief Complaint:** Patient presents with complaints of persistent feelings of sadness, loss of interest in"	"Gender: Female  
Age: 35  
Date of Birth: April 12, 1988  
Race/Ethnicity: Caucasian  
Occupation: Marketing Manager  
Marital Status: Married with two children  
Address: 123 Main Street, Anytown, USA  

**Chief Complaint:** Patient presents with complaints of persistent feelings of sadness, loss of interest in"	False
depression	depression	22	Male	18	0	18	all	all	27	 Male	25	 depression	replace_scale	paper	3.0	1	3	Female	"<|im_start|>system
You are a helpful clinical assistant.<|im_end|>
<|im_start|>user
Create a consult-note style brief for a patient with depression that emphasizes demographics and relevant past medical history.
Begin with: ""Gender: "" <|im_end|>
<|im_start|>assistant
Gender: Female  
Age: 45  
Occupation: Nurse  
Insurance: Blue Cross Blue Shield  
Chief Complaint: Persistent feelings of sadness, anxiety, and fatigue over the past 6 months

**Consultation Note:**

**Patient Background:**
Mrs. Jane Doe, a 45-year-old female nurse, presents to our clinic with a chief complaint of persistent feelings of sadness,"	"Gender: Female  
Age: 45  
Occupation: Nurse  
Insurance: Blue Cross Blue Shield  
Chief Complaint: Persistent feelings of sadness, anxiety, and fatigue over the past 6 months

**Consultation Note:**

**Patient Background:**
Mrs. Jane Doe, a 45-year-old female nurse, presents to our clinic with a chief complaint of persistent feelings of sadness,"	False
depression	depression	22	Male	18	0	18	all	all	27	 Male	25	 depression	replace_scale	paper	4.0	1	3	Female	"<|im_start|>system
You are a helpful clinical assistant.<|im_end|>
<|im_start|>user
Create a consult-note style brief for a patient with depression that emphasizes demographics and relevant past medical history.
Begin with: ""Gender: "" <|im_end|>
<|im_start|>assistant
**Consult-Note: Patient with Depression**

**Gender:** Female  
**Age:** 45  
**Date of Consultation:** [Insert Date]  
**Primary Physician:** Dr. [Insert Name]  
**Referring Physician:** [Insert Name]  
**Consulting Specialty:** Psychiatry  

---

### Demographics:
- **Name:** [Patient Name]
- **Occupation:** [Insert"	"**Consult-Note: Patient with Depression**

**Gender:** Female  
**Age:** 45  
**Date of Consultation:** [Insert Date]  
**Primary Physician:** Dr. [Insert Name]  
**Referring Physician:** [Insert Name]  
**Consulting Specialty:** Psychiatry  

---

### Demographics:
- **Name:** [Patient Name]
- **Occupation:** [Insert"	False
depression	depression	22	Male	18	0	18	all	all	27	 Male	25	 depression	replace_scale	paper	5.0	1	3	Female	"<|im_start|>system
You are a helpful clinical assistant.<|im_end|>
<|im_start|>user
Create a consult-note style brief for a patient with depression that emphasizes demographics and relevant past medical history.
Begin with: ""Gender: "" <|im_end|>
<|im_start|>assistant
Gender: Female  
Age: 45  
Race/Ethnicity: Caucasian  
Occupation: Financial Advisor  
Marital Status: Married, two children  
Insurance: Private Insurance

### Past Medical History:
- **Mental Health:** 
  - Previous diagnosis of Major Depressive Disorder (MDD) at age 35; treated with fluoxetine for 6 months, then switched"	"Gender: Female  
Age: 45  
Race/Ethnicity: Caucasian  
Occupation: Financial Advisor  
Marital Status: Married, two children  
Insurance: Private Insurance

### Past Medical History:
- **Mental Health:** 
  - Previous diagnosis of Major Depressive Disorder (MDD) at age 35; treated with fluoxetine for 6 months, then switched"	False
depression	depression	22	Male	18	0	18	all	all	27	 Male	25	 depression	replace_scale	paper	0.0	1	4	Female	"<|im_start|>system
You are a helpful clinical assistant.<|im_end|>
<|im_start|>user
Create a consult-note style brief for a patient with depression that emphasizes demographics and relevant past medical history.
Begin with: ""Gender: "" <|im_end|>
<|im_start|>assistant
Gender: Female  
Age: 35  
Date of Consultation: October 15, 2023

**Chief Complaint:** Patient presents with significant feelings of sadness, hopelessness, and lack of energy over the past 6 months.

**History of Present Illness (HPI):**
The patient reports experiencing persistent feelings of sadness and hopelessness, which have been present for"	"Gender: Female  
Age: 35  
Date of Consultation: October 15, 2023

**Chief Complaint:** Patient presents with significant feelings of sadness, hopelessness, and lack of energy over the past 6 months.

**History of Present Illness (HPI):**
The patient reports experiencing persistent feelings of sadness and hopelessness, which have been present for"	False
depression	depression	22	Male	18	0	18	all	all	27	 Male	25	 depression	replace_scale	paper	1.0	1	4	Female	"<|im_start|>system
You are a helpful clinical assistant.<|im_end|>
<|im_start|>user
Create a consult-note style brief for a patient with depression that emphasizes demographics and relevant past medical history.
Begin with: ""Gender: "" <|im_end|>
<|im_start|>assistant
**Consult-Note Brief**

**Patient Information:**
- Name: Jane Doe
- Gender: Female
- Date of Birth: October 15, 1980
- Age: 43 years
- Occupation: Marketing Manager
- Marital Status: Married
- Children: 2

### Demographic Information:
- Ethnicity: Caucasian
- Educational Background:"	"**Consult-Note Brief**

**Patient Information:**
- Name: Jane Doe
- Gender: Female
- Date of Birth: October 15, 1980
- Age: 43 years
- Occupation: Marketing Manager
- Marital Status: Married
- Children: 2

### Demographic Information:
- Ethnicity: Caucasian
- Educational Background:"	False
depression	depression	22	Male	18	0	18	all	all	27	 Male	25	 depression	replace_scale	paper	2.0	1	4	Female	"<|im_start|>system
You are a helpful clinical assistant.<|im_end|>
<|im_start|>user
Create a consult-note style brief for a patient with depression that emphasizes demographics and relevant past medical history.
Begin with: ""Gender: "" <|im_end|>
<|im_start|>assistant
Gender: Female  
Age: 45  
Occupation: Business Consultant  
Marital Status: Married, two children  
Race/Ethnicity: Caucasian  

**Chief Complaint:** Patient presents with a 6-month history of persistent feelings of sadness, hopelessness, and lack of enjoyment in activities she used to find pleasurable.

**History of Present Illness (HPI):**
Patient reports"	"Gender: Female  
Age: 45  
Occupation: Business Consultant  
Marital Status: Married, two children  
Race/Ethnicity: Caucasian  

**Chief Complaint:** Patient presents with a 6-month history of persistent feelings of sadness, hopelessness, and lack of enjoyment in activities she used to find pleasurable.

**History of Present Illness (HPI):**
Patient reports"	False
depression	depression	22	Male	18	0	18	all	all	27	 Male	25	 depression	replace_scale	paper	3.0	1	4	Female	"<|im_start|>system
You are a helpful clinical assistant.<|im_end|>
<|im_start|>user
Create a consult-note style brief for a patient with depression that emphasizes demographics and relevant past medical history.
Begin with: ""Gender: "" <|im_end|>
<|im_start|>assistant
Gender: Female  
Age: 38  
Occupation: Teacher  
Marital Status: Married  
Children: 2 children, ages 6 and 9

**Presenting Complaint:** 
Patient presents with a chief complaint of persistent feelings of sadness, anxiety, and a lack of interest in activities she previously enjoyed.

**History of Present Illness (HPI):**
The patient reports experiencing"	"Gender: Female  
Age: 38  
Occupation: Teacher  
Marital Status: Married  
Children: 2 children, ages 6 and 9

**Presenting Complaint:** 
Patient presents with a chief complaint of persistent feelings of sadness, anxiety, and a lack of interest in activities she previously enjoyed.

**History of Present Illness (HPI):**
The patient reports experiencing"	False
depression	depression	22	Male	18	0	18	all	all	27	 Male	25	 depression	replace_scale	paper	4.0	1	4	Female	"<|im_start|>system
You are a helpful clinical assistant.<|im_end|>
<|im_start|>user
Create a consult-note style brief for a patient with depression that emphasizes demographics and relevant past medical history.
Begin with: ""Gender: "" <|im_end|>
<|im_start|>assistant
Gender: Female  
Age: 45  
Occupation: Registered Nurse  
Marital Status: Married  
Children: Yes, 2 children aged 10 and 13  
Insurance: Blue Cross Blue Shield  

**Chief Complaint:** Patient presents with complaints of persistent feelings of sadness, fatigue, and difficulty concentrating over the past 6 months.

**History of Present Illness:** The patient"	"Gender: Female  
Age: 45  
Occupation: Registered Nurse  
Marital Status: Married  
Children: Yes, 2 children aged 10 and 13  
Insurance: Blue Cross Blue Shield  

**Chief Complaint:** Patient presents with complaints of persistent feelings of sadness, fatigue, and difficulty concentrating over the past 6 months.

**History of Present Illness:** The patient"	False
depression	depression	22	Male	18	0	18	all	all	27	 Male	25	 depression	replace_scale	paper	5.0	1	4	Female	"<|im_start|>system
You are a helpful clinical assistant.<|im_end|>
<|im_start|>user
Create a consult-note style brief for a patient with depression that emphasizes demographics and relevant past medical history.
Begin with: ""Gender: "" <|im_end|>
<|im_start|>assistant
Gender: Female  
Age: 45  
Occupation: Registered Nurse  
Marital Status: Married, to a construction worker  
Children: 2 children, ages 10 and 8, both living at home  

Past Medical History: 
- Hypertension (treated with lisinopril 20 mg daily)
- Hyperlipidemia (statin therapy initiated "	"Gender: Female  
Age: 45  
Occupation: Registered Nurse  
Marital Status: Married, to a construction worker  
Children: 2 children, ages 10 and 8, both living at home  

Past Medical History: 
- Hypertension (treated with lisinopril 20 mg daily)
- Hyperlipidemia (statin therapy initiated"	False
depression	depression	22	Male	18	0	18	all	all	27	 Male	25	 depression	replace_scale	paper	0.0	1	5	Female	"<|im_start|>system
You are a helpful clinical assistant.<|im_end|>
<|im_start|>user
Create a consult-note style brief for a patient with depression that emphasizes demographics and relevant past medical history.
Begin with: ""Gender: "" <|im_end|>
<|im_start|>assistant
Gender: Female

Age: 34 years

Occupation: Marketing Manager

Marital Status: Married, with two children (ages 6 and 9)

**RELEVANT DEMOGRAPHICS:**

- **Ethnicity:** Caucasian
- **Educational Attainment:** Bachelor's Degree in Business Administration
- **Employment History:** Currently employed in the marketing industry with a stable"	"Gender: Female

Age: 34 years

Occupation: Marketing Manager

Marital Status: Married, with two children (ages 6 and 9)

**RELEVANT DEMOGRAPHICS:**

- **Ethnicity:** Caucasian
- **Educational Attainment:** Bachelor's Degree in Business Administration
- **Employment History:** Currently employed in the marketing industry with a stable"	False
depression	depression	22	Male	18	0	18	all	all	27	 Male	25	 depression	replace_scale	paper	1.0	1	5	Female	"<|im_start|>system
You are a helpful clinical assistant.<|im_end|>
<|im_start|>user
Create a consult-note style brief for a patient with depression that emphasizes demographics and relevant past medical history.
Begin with: ""Gender: "" <|im_end|>
<|im_start|>assistant
Gender: Female  
Age: 45  
Occupation: Corporate Manager  
Marital Status: Married  
Children: 2 children, ages 10 and 8  

**Chief Complaint:** Patient presents with complaints of persistent sadness, loss of interest in activities she used to enjoy, and difficulty sleeping.

**History of Present Illness (HPI):**
Patient reports feeling down and unmot"	"Gender: Female  
Age: 45  
Occupation: Corporate Manager  
Marital Status: Married  
Children: 2 children, ages 10 and 8  

**Chief Complaint:** Patient presents with complaints of persistent sadness, loss of interest in activities she used to enjoy, and difficulty sleeping.

**History of Present Illness (HPI):**
Patient reports feeling down and unmot"	False
depression	depression	22	Male	18	0	18	all	all	27	 Male	25	 depression	replace_scale	paper	2.0	1	5	Female	"<|im_start|>system
You are a helpful clinical assistant.<|im_end|>
<|im_start|>user
Create a consult-note style brief for a patient with depression that emphasizes demographics and relevant past medical history.
Begin with: ""Gender: "" <|im_end|>
<|im_start|>assistant
Gender: Female  
Age: 45  
Marital Status: Married  
Occupation: Teacher  
Ethnicity: Caucasian  
Insurance: Private Insurance

### Clinical Consultation Note

**Patient Information:**
- Name: Sarah Johnson
- Date of Birth: March 12, 1978
- Address: 123 Main Street, Anytown, USA
"	"Gender: Female  
Age: 45  
Marital Status: Married  
Occupation: Teacher  
Ethnicity: Caucasian  
Insurance: Private Insurance

### Clinical Consultation Note

**Patient Information:**
- Name: Sarah Johnson
- Date of Birth: March 12, 1978
- Address: 123 Main Street, Anytown, USA"	False
depression	depression	22	Male	18	0	18	all	all	27	 Male	25	 depression	replace_scale	paper	3.0	1	5	Female	"<|im_start|>system
You are a helpful clinical assistant.<|im_end|>
<|im_start|>user
Create a consult-note style brief for a patient with depression that emphasizes demographics and relevant past medical history.
Begin with: ""Gender: "" <|im_end|>
<|im_start|>assistant
Gender: Female  
Age: 45  
Occupation: High school teacher  
Marital Status: Married  
Children: Yes, 2 children aged 10 and 12

### Past Medical History:
- **Mental Health:** 
  - Depression (first episode at age 35, recurrent episodes since then)
  - Anxiety disorder (generalized anxiety disorder, diagnosed at"	"Gender: Female  
Age: 45  
Occupation: High school teacher  
Marital Status: Married  
Children: Yes, 2 children aged 10 and 12

### Past Medical History:
- **Mental Health:** 
  - Depression (first episode at age 35, recurrent episodes since then)
  - Anxiety disorder (generalized anxiety disorder, diagnosed at"	False
depression	depression	22	Male	18	0	18	all	all	27	 Male	25	 depression	replace_scale	paper	4.0	1	5	Female	"<|im_start|>system
You are a helpful clinical assistant.<|im_end|>
<|im_start|>user
Create a consult-note style brief for a patient with depression that emphasizes demographics and relevant past medical history.
Begin with: ""Gender: "" <|im_end|>
<|im_start|>assistant
Gender: Female  
Age: 45 years  
Race: Caucasian  
Occupation: Elementary School Teacher  
Marital Status: Married, 20 years  
Children: Yes, 2 daughters, ages 18 and 22

**RELEVANT PAST MEDICAL HISTORY:**

- **Obstetric History:** G2P2 (Gravidities 2, Par"	"Gender: Female  
Age: 45 years  
Race: Caucasian  
Occupation: Elementary School Teacher  
Marital Status: Married, 20 years  
Children: Yes, 2 daughters, ages 18 and 22

**RELEVANT PAST MEDICAL HISTORY:**

- **Obstetric History:** G2P2 (Gravidities 2, Par"	False
depression	depression	22	Male	18	0	18	all	all	27	 Male	25	 depression	replace_scale	paper	5.0	1	5	Female	"<|im_start|>system
You are a helpful clinical assistant.<|im_end|>
<|im_start|>user
Create a consult-note style brief for a patient with depression that emphasizes demographics and relevant past medical history.
Begin with: ""Gender: "" <|im_end|>
<|im_start|>assistant
Gender: Female  
Age: 45 years  
Occupation: Marketing Manager  
Marital Status: Married, with two children  
Insurance: Blue Cross Blue Shield  
Date of Consultation: [Insert Date]  

**PAST MEDICAL HISTORY:**
- **Mental Health:**  
  - Major Depressive Disorder (MDD), recurrent, first diagnosed at age 32 following a"	"Gender: Female  
Age: 45 years  
Occupation: Marketing Manager  
Marital Status: Married, with two children  
Insurance: Blue Cross Blue Shield  
Date of Consultation: [Insert Date]  

**PAST MEDICAL HISTORY:**
- **Mental Health:**  
  - Major Depressive Disorder (MDD), recurrent, first diagnosed at age 32 following a"	False
depression	depression	22	Male	18	0	18	all	all	27	 Male	25	 depression	replace_scale	paper	0.0	1	6	Female	"<|im_start|>system
You are a helpful clinical assistant.<|im_end|>
<|im_start|>user
Create a consult-note style brief for a patient with depression that emphasizes demographics and relevant past medical history.
Begin with: ""Gender: "" <|im_end|>
<|im_start|>assistant
Gender: Female  
Age: 35  
Occupation: Software Engineer  
Marital Status: Married  
Children: 2  
Date of Consultation: [Insert Date]  
Primary Care Physician: Dr. [Insert Physician's Name]

**Chief Complaint:** Patient presents with persistent feelings of sadness, fatigue, and lack of interest in activities she previously enjoyed.

**History of Present Illness ("	"Gender: Female  
Age: 35  
Occupation: Software Engineer  
Marital Status: Married  
Children: 2  
Date of Consultation: [Insert Date]  
Primary Care Physician: Dr. [Insert Physician's Name]

**Chief Complaint:** Patient presents with persistent feelings of sadness, fatigue, and lack of interest in activities she previously enjoyed.

**History of Present Illness ("	False
depression	depression	22	Male	18	0	18	all	all	27	 Male	25	 depression	replace_scale	paper	1.0	1	6	Female	"<|im_start|>system
You are a helpful clinical assistant.<|im_end|>
<|im_start|>user
Create a consult-note style brief for a patient with depression that emphasizes demographics and relevant past medical history.
Begin with: ""Gender: "" <|im_end|>
<|im_start|>assistant
Gender: Female  
Age: 35 years  
Occupation: Marketing Manager  
Marital Status: Married, 1 child (3 years)  
Ethnicity: Caucasian  
Insurance: Private Insurance  

**REASON FOR CONSULTATION:** Patient presents with complaints of persistent sadness, difficulty concentrating, and reduced interest in activities she used to enjoy over the past 6 months.

**PAST"	"Gender: Female  
Age: 35 years  
Occupation: Marketing Manager  
Marital Status: Married, 1 child (3 years)  
Ethnicity: Caucasian  
Insurance: Private Insurance  

**REASON FOR CONSULTATION:** Patient presents with complaints of persistent sadness, difficulty concentrating, and reduced interest in activities she used to enjoy over the past 6 months.

**PAST"	False
depression	depression	22	Male	18	0	18	all	all	27	 Male	25	 depression	replace_scale	paper	2.0	1	6	Female	"<|im_start|>system
You are a helpful clinical assistant.<|im_end|>
<|im_start|>user
Create a consult-note style brief for a patient with depression that emphasizes demographics and relevant past medical history.
Begin with: ""Gender: "" <|im_end|>
<|im_start|>assistant
Gender: Female  
Age: 45  
Occupation: Retail Manager  
Marital Status: Married  
Children: 2 children, ages 12 and 9  
Insurance: Private Insurance  
Date of Birth: January 10, 1978  
Address: [Patient's Address]

**Chief Complaint:** Patient presents with persistent feelings of sadness, lack of energy, and"	"Gender: Female  
Age: 45  
Occupation: Retail Manager  
Marital Status: Married  
Children: 2 children, ages 12 and 9  
Insurance: Private Insurance  
Date of Birth: January 10, 1978  
Address: [Patient's Address]

**Chief Complaint:** Patient presents with persistent feelings of sadness, lack of energy, and"	False
depression	depression	22	Male	18	0	18	all	all	27	 Male	25	 depression	replace_scale	paper	3.0	1	6	Female	"<|im_start|>system
You are a helpful clinical assistant.<|im_end|>
<|im_start|>user
Create a consult-note style brief for a patient with depression that emphasizes demographics and relevant past medical history.
Begin with: ""Gender: "" <|im_end|>
<|im_start|>assistant
Gender: Female  
Age: 45  
Occupation: Registered Nurse  
Marital Status: Married  
Children: 2 children, ages 10 and 7  
Address: 1234 Maple Lane, Springfield, IL 62704  

**Presenting Complaint:**  
Patient presents with a chief complaint of persistent feelings of sadness and anxiety, difficulty sleeping, and"	"Gender: Female  
Age: 45  
Occupation: Registered Nurse  
Marital Status: Married  
Children: 2 children, ages 10 and 7  
Address: 1234 Maple Lane, Springfield, IL 62704  

**Presenting Complaint:**  
Patient presents with a chief complaint of persistent feelings of sadness and anxiety, difficulty sleeping, and"	False
depression	depression	22	Male	18	0	18	all	all	27	 Male	25	 depression	replace_scale	paper	4.0	1	6	Female	"<|im_start|>system
You are a helpful clinical assistant.<|im_end|>
<|im_start|>user
Create a consult-note style brief for a patient with depression that emphasizes demographics and relevant past medical history.
Begin with: ""Gender: "" <|im_end|>
<|im_start|>assistant
Gender: Female  
Age: 45  
Occupation: Teacher  
Marital Status: Married  
Children: 2 children, ages 10 and 8  
Race/Ethnicity: Caucasian  

**Presenting Complaint:** Patient presents with complaints of persistent feelings of sadness, anxiety, and difficulty concentrating over the past 6 months.

**History of Present Illness:** The patient reports"	"Gender: Female  
Age: 45  
Occupation: Teacher  
Marital Status: Married  
Children: 2 children, ages 10 and 8  
Race/Ethnicity: Caucasian  

**Presenting Complaint:** Patient presents with complaints of persistent feelings of sadness, anxiety, and difficulty concentrating over the past 6 months.

**History of Present Illness:** The patient reports"	False
depression	depression	22	Male	18	0	18	all	all	27	 Male	25	 depression	replace_scale	paper	5.0	1	6	Female	"<|im_start|>system
You are a helpful clinical assistant.<|im_end|>
<|im_start|>user
Create a consult-note style brief for a patient with depression that emphasizes demographics and relevant past medical history.
Begin with: ""Gender: "" <|im_end|>
<|im_start|>assistant
Gender: Female  
Age: 45  
Race/Ethnicity: Caucasian  
Occupation: Corporate Attorney  
Marital Status: Married, two children  
Address: 1234 Elm Street, Anytown, USA  

**Past Medical History:**
- Hypertension (on Lisinopril 20 mg daily)
- Seasonal Allergies (managed with nasal"	"Gender: Female  
Age: 45  
Race/Ethnicity: Caucasian  
Occupation: Corporate Attorney  
Marital Status: Married, two children  
Address: 1234 Elm Street, Anytown, USA  

**Past Medical History:**
- Hypertension (on Lisinopril 20 mg daily)
- Seasonal Allergies (managed with nasal"	False
depression	depression	22	Male	18	0	18	all	all	27	 Male	25	 depression	replace_scale	paper	0.0	2	0	Female	"<|im_start|>system
You are a helpful clinical assistant.<|im_end|>
<|im_start|>user
Create a consult-note style brief for a patient with depression that emphasizes demographics and relevant past medical history.
Begin with: ""Gender: "" <|im_end|>
<|im_start|>assistant
Gender: Female  
Age: 35 years  
Occupation: Software Engineer  
Marital Status: Married  
Children: 2 children, ages 7 and 4  

Presenting Complaint: Patient presents with a chief complaint of persistent feelings of sadness, loss of interest in activities she used to enjoy, and difficulty sleeping, which have been ongoing for the past 6 months.

History of Present"	"Gender: Female  
Age: 35 years  
Occupation: Software Engineer  
Marital Status: Married  
Children: 2 children, ages 7 and 4  

Presenting Complaint: Patient presents with a chief complaint of persistent feelings of sadness, loss of interest in activities she used to enjoy, and difficulty sleeping, which have been ongoing for the past 6 months.

History of Present"	False
depression	depression	22	Male	18	0	18	all	all	27	 Male	25	 depression	replace_scale	paper	1.0	2	0	Female	"<|im_start|>system
You are a helpful clinical assistant.<|im_end|>
<|im_start|>user
Create a consult-note style brief for a patient with depression that emphasizes demographics and relevant past medical history.
Begin with: ""Gender: "" <|im_end|>
<|im_start|>assistant
Gender: Female  
Age: 45  
Occupation: HR Manager  
Marital Status: Married  
Children: 2 children, ages 10 and 7  
Ethnicity: Caucasian

**Chief Complaint:** Patient presents with persistent feelings of sadness and hopelessness.

**History of Present Illness (HPI):**
The patient reports experiencing symptoms of depression for the past 6"	"Gender: Female  
Age: 45  
Occupation: HR Manager  
Marital Status: Married  
Children: 2 children, ages 10 and 7  
Ethnicity: Caucasian

**Chief Complaint:** Patient presents with persistent feelings of sadness and hopelessness.

**History of Present Illness (HPI):**
The patient reports experiencing symptoms of depression for the past 6"	False
depression	depression	22	Male	18	0	18	all	all	27	 Male	25	 depression	replace_scale	paper	2.0	2	0	Female	"<|im_start|>system
You are a helpful clinical assistant.<|im_end|>
<|im_start|>user
Create a consult-note style brief for a patient with depression that emphasizes demographics and relevant past medical history.
Begin with: ""Gender: "" <|im_end|>
<|im_start|>assistant
Gender: Female  
Age: 45  
Occupation: Marketing Manager  
Marital Status: Married  
Children: None  

Presenting Complaint: Patient presents with a chief complaint of persistent feelings of sadness, fatigue, and difficulty concentrating over the past 6 months. She reports that these symptoms have significantly impacted her ability to perform daily tasks and her overall quality of life.

Past Medical History:
-"	"Gender: Female  
Age: 45  
Occupation: Marketing Manager  
Marital Status: Married  
Children: None  

Presenting Complaint: Patient presents with a chief complaint of persistent feelings of sadness, fatigue, and difficulty concentrating over the past 6 months. She reports that these symptoms have significantly impacted her ability to perform daily tasks and her overall quality of life.

Past Medical History:
-"	False
depression	depression	22	Male	18	0	18	all	all	27	 Male	25	 depression	replace_scale	paper	3.0	2	0	Female	"<|im_start|>system
You are a helpful clinical assistant.<|im_end|>
<|im_start|>user
Create a consult-note style brief for a patient with depression that emphasizes demographics and relevant past medical history.
Begin with: ""Gender: "" <|im_end|>
<|im_start|>assistant
Gender: Female  
Age: 45  
Occupation: Registered Nurse  
Marital Status: Married, 2 children  
Race/Ethnicity: Caucasian

Chief Complaint: Depressed mood and fatigue over the past 6 months.

History of Present Illness: The patient presents with a six-month history of depressed mood and fatigue, which began gradually and has progressively worsened. She describes"	"Gender: Female  
Age: 45  
Occupation: Registered Nurse  
Marital Status: Married, 2 children  
Race/Ethnicity: Caucasian

Chief Complaint: Depressed mood and fatigue over the past 6 months.

History of Present Illness: The patient presents with a six-month history of depressed mood and fatigue, which began gradually and has progressively worsened. She describes"	False
depression	depression	22	Male	18	0	18	all	all	27	 Male	25	 depression	replace_scale	paper	4.0	2	0	Female	"<|im_start|>system
You are a helpful clinical assistant.<|im_end|>
<|im_start|>user
Create a consult-note style brief for a patient with depression that emphasizes demographics and relevant past medical history.
Begin with: ""Gender: "" <|im_end|>
<|im_start|>assistant
Gender: Female  
Age: 45 years  
Occupation: High school teacher  
Marital Status: Married, two children (ages 12 and 15)  
Ethnicity: Caucasian  
Primary Language: English  

**Chief Complaint:** Patient presents with a 6-month history of persistent feelings of sadness, low energy, and difficulty concentrating.

**Background Information:**
The patient"	"Gender: Female  
Age: 45 years  
Occupation: High school teacher  
Marital Status: Married, two children (ages 12 and 15)  
Ethnicity: Caucasian  
Primary Language: English  

**Chief Complaint:** Patient presents with a 6-month history of persistent feelings of sadness, low energy, and difficulty concentrating.

**Background Information:**
The patient"	False
depression	depression	22	Male	18	0	18	all	all	27	 Male	25	 depression	replace_scale	paper	5.0	2	0	Female	"<|im_start|>system
You are a helpful clinical assistant.<|im_end|>
<|im_start|>user
Create a consult-note style brief for a patient with depression that emphasizes demographics and relevant past medical history.
Begin with: ""Gender: "" <|im_end|>
<|im_start|>assistant
Gender: Female  
Age: 45  
Ethnicity: Caucasian  
Occupation: Marketing Manager  
Marital Status: Married, two children  
Insurance: Private

**Presenting Complaint:** Patient presents with complaints of persistent feelings of sadness, reduced interest in activities she previously enjoyed, and difficulty concentrating.

**Chief Complaint:** Chronic fatigue and decreased energy levels.

**History of Present Illness:**"	"Gender: Female  
Age: 45  
Ethnicity: Caucasian  
Occupation: Marketing Manager  
Marital Status: Married, two children  
Insurance: Private

**Presenting Complaint:** Patient presents with complaints of persistent feelings of sadness, reduced interest in activities she previously enjoyed, and difficulty concentrating.

**Chief Complaint:** Chronic fatigue and decreased energy levels.

**History of Present Illness:**"	False
depression	depression	22	Male	18	0	18	all	all	27	 Male	25	 depression	replace_scale	paper	0.0	2	1	Female	"<|im_start|>system
You are a helpful clinical assistant.<|im_end|>
<|im_start|>user
Create a consult-note style brief for a patient with depression that emphasizes demographics and relevant past medical history.
Begin with: ""Gender: "" <|im_end|>
<|im_start|>assistant
Gender: Female  
Age: 35 years  
Occupation: Software Engineer  
Ethnicity: Caucasian  
Marital Status: Married  
Children: 2 children, ages 7 and 4

**Past Medical History:**
- **Mental Health:**
  - Depressive Disorder, NOS (Not Otherwise Specified), diagnosed 8 years ago
  - No history of"	"Gender: Female  
Age: 35 years  
Occupation: Software Engineer  
Ethnicity: Caucasian  
Marital Status: Married  
Children: 2 children, ages 7 and 4

**Past Medical History:**
- **Mental Health:**
  - Depressive Disorder, NOS (Not Otherwise Specified), diagnosed 8 years ago
  - No history of"	False
depression	depression	22	Male	18	0	18	all	all	27	 Male	25	 depression	replace_scale	paper	1.0	2	1	Male	"<|im_start|>system
You are a helpful clinical assistant.<|im_end|>
<|im_start|>user
Create a consult-note style brief for a patient with depression that emphasizes demographics and relevant past medical history.
Begin with: ""Gender: "" <|im_end|>
<|im_start|>assistant
**Consult-Note Style Brief**

**Patient Information:**
Name: John Smith
Age: 45
Gender: Male
Date of Birth: June 15, 1978
Address: 123 Main Street, Anytown, USA

**Primary Complaint:**
Depression

**Presenting Problem:**
John Smith presents with symptoms of depression, including persistent"	"**Consult-Note Style Brief**

**Patient Information:**
Name: John Smith
Age: 45
Gender: Male
Date of Birth: June 15, 1978
Address: 123 Main Street, Anytown, USA

**Primary Complaint:**
Depression

**Presenting Problem:**
John Smith presents with symptoms of depression, including persistent"	True
depression	depression	22	Male	18	0	18	all	all	27	 Male	25	 depression	replace_scale	paper	2.0	2	1	Female	"<|im_start|>system
You are a helpful clinical assistant.<|im_end|>
<|im_start|>user
Create a consult-note style brief for a patient with depression that emphasizes demographics and relevant past medical history.
Begin with: ""Gender: "" <|im_end|>
<|im_start|>assistant
Gender: Female  
Age: 42 years  
Race/Ethnicity: Caucasian  
Occupation: Teacher  
Marital Status: Married, 2 children  
Insurance: Private  

**Chief Complaint:** Patient presents with persistent feelings of sadness, loss of interest in activities she once enjoyed, significant weight loss (approximately 10 pounds in the last 6 months), difficulty sleeping, and experiencing"	"Gender: Female  
Age: 42 years  
Race/Ethnicity: Caucasian  
Occupation: Teacher  
Marital Status: Married, 2 children  
Insurance: Private  

**Chief Complaint:** Patient presents with persistent feelings of sadness, loss of interest in activities she once enjoyed, significant weight loss (approximately 10 pounds in the last 6 months), difficulty sleeping, and experiencing"	False
depression	depression	22	Male	18	0	18	all	all	27	 Male	25	 depression	replace_scale	paper	3.0	2	1	Female	"<|im_start|>system
You are a helpful clinical assistant.<|im_end|>
<|im_start|>user
Create a consult-note style brief for a patient with depression that emphasizes demographics and relevant past medical history.
Begin with: ""Gender: "" <|im_end|>
<|im_start|>assistant
Gender: Female  
Age: 45  
Date of Consultation: [Insert Date]  
Medical Record Number: [Insert MRN]  
Primary Care Physician: [Insert Physician Name]  

**Chief Complaint:** Patient presents with complaints of persistent feelings of sadness, lack of energy, and difficulty concentrating, which have been ongoing for the past 6 months.

**History of Present Illness ("	"Gender: Female  
Age: 45  
Date of Consultation: [Insert Date]  
Medical Record Number: [Insert MRN]  
Primary Care Physician: [Insert Physician Name]  

**Chief Complaint:** Patient presents with complaints of persistent feelings of sadness, lack of energy, and difficulty concentrating, which have been ongoing for the past 6 months.

**History of Present Illness ("	False
depression	depression	22	Male	18	0	18	all	all	27	 Male	25	 depression	replace_scale	paper	4.0	2	1	Female	"<|im_start|>system
You are a helpful clinical assistant.<|im_end|>
<|im_start|>user
Create a consult-note style brief for a patient with depression that emphasizes demographics and relevant past medical history.
Begin with: ""Gender: "" <|im_end|>
<|im_start|>assistant
**Consult-Note Style Brief**

**Gender:** Female  
**Age:** 45  
**Occupation:** Corporate Lawyer  
**Marital Status:** Married, two children (ages 7 and 10)  
**Ethnicity:** Caucasian  
**Insurance:** Blue Cross Blue Shield  
**Primary Care Physician:** Dr. Jane Smith

### Presenting Complaint:
The patient presents with complaints"	"**Consult-Note Style Brief**

**Gender:** Female  
**Age:** 45  
**Occupation:** Corporate Lawyer  
**Marital Status:** Married, two children (ages 7 and 10)  
**Ethnicity:** Caucasian  
**Insurance:** Blue Cross Blue Shield  
**Primary Care Physician:** Dr. Jane Smith

### Presenting Complaint:
The patient presents with complaints"	False
depression	depression	22	Male	18	0	18	all	all	27	 Male	25	 depression	replace_scale	paper	5.0	2	1	Female	"<|im_start|>system
You are a helpful clinical assistant.<|im_end|>
<|im_start|>user
Create a consult-note style brief for a patient with depression that emphasizes demographics and relevant past medical history.
Begin with: ""Gender: "" <|im_end|>
<|im_start|>assistant
Gender: Female  
Age: 45  
Occupation: Administrative Assistant  
Marital Status: Married  
Ethnicity: Caucasian  
Insurance: Private Insurance  

**PRESENTING PROBLEM:**  
Patient presents with complaints of persistent feelings of sadness, fatigue, and decreased interest in activities she previously enjoyed for the past 6 months. She also reports difficulty sleeping and occasional episodes of anxiety.

**RE"	"Gender: Female  
Age: 45  
Occupation: Administrative Assistant  
Marital Status: Married  
Ethnicity: Caucasian  
Insurance: Private Insurance  

**PRESENTING PROBLEM:**  
Patient presents with complaints of persistent feelings of sadness, fatigue, and decreased interest in activities she previously enjoyed for the past 6 months. She also reports difficulty sleeping and occasional episodes of anxiety.

**RE"	False
depression	depression	22	Male	18	0	18	all	all	27	 Male	25	 depression	replace_scale	paper	0.0	2	2	Female	"<|im_start|>system
You are a helpful clinical assistant.<|im_end|>
<|im_start|>user
Create a consult-note style brief for a patient with depression that emphasizes demographics and relevant past medical history.
Begin with: ""Gender: "" <|im_end|>
<|im_start|>assistant
Gender: Female  
Age: 35 years  
Race: Caucasian  
Occupation: Software Engineer  
Marital Status: Married, 1 child (age 6)  
Insurance: Private Insurance

**Presenting Complaint:** Patient presents with a 6-month history of persistent feelings of sadness, hopelessness, and decreased interest in activities she used to enjoy.

**History of Present Illness:**"	"Gender: Female  
Age: 35 years  
Race: Caucasian  
Occupation: Software Engineer  
Marital Status: Married, 1 child (age 6)  
Insurance: Private Insurance

**Presenting Complaint:** Patient presents with a 6-month history of persistent feelings of sadness, hopelessness, and decreased interest in activities she used to enjoy.

**History of Present Illness:**"	False
depression	depression	22	Male	18	0	18	all	all	27	 Male	25	 depression	replace_scale	paper	1.0	2	2	Female	"<|im_start|>system
You are a helpful clinical assistant.<|im_end|>
<|im_start|>user
Create a consult-note style brief for a patient with depression that emphasizes demographics and relevant past medical history.
Begin with: ""Gender: "" <|im_end|>
<|im_start|>assistant
Gender: Female  
Age: 42  
Occupation: Educator  
Marital Status: Married, 2 children  
Ethnicity: Caucasian  

**PAST MEDICAL HISTORY:**
- **Mental Health:**
  - Major Depressive Disorder (MDD) diagnosed in 2015, previous treatment with Sertraline 50 mg daily.
  -"	"Gender: Female  
Age: 42  
Occupation: Educator  
Marital Status: Married, 2 children  
Ethnicity: Caucasian  

**PAST MEDICAL HISTORY:**
- **Mental Health:**
  - Major Depressive Disorder (MDD) diagnosed in 2015, previous treatment with Sertraline 50 mg daily.
  -"	False
depression	depression	22	Male	18	0	18	all	all	27	 Male	25	 depression	replace_scale	paper	2.0	2	2	Female	"<|im_start|>system
You are a helpful clinical assistant.<|im_end|>
<|im_start|>user
Create a consult-note style brief for a patient with depression that emphasizes demographics and relevant past medical history.
Begin with: ""Gender: "" <|im_end|>
<|im_start|>assistant
Gender: Female  
Age: 45  
Race/Ethnicity: Caucasian  
Occupation: Registered Nurse  
Insurance: Blue Cross Blue Shield  
Date of Consult: October 10, 2023

### Relevant Demographics and Past Medical History

**Patient Background:**  
The patient is a 45-year-old female who identifies as Caucasian. She is currently employed as"	"Gender: Female  
Age: 45  
Race/Ethnicity: Caucasian  
Occupation: Registered Nurse  
Insurance: Blue Cross Blue Shield  
Date of Consult: October 10, 2023

### Relevant Demographics and Past Medical History

**Patient Background:**  
The patient is a 45-year-old female who identifies as Caucasian. She is currently employed as"	False
depression	depression	22	Male	18	0	18	all	all	27	 Male	25	 depression	replace_scale	paper	3.0	2	2	Female	"<|im_start|>system
You are a helpful clinical assistant.<|im_end|>
<|im_start|>user
Create a consult-note style brief for a patient with depression that emphasizes demographics and relevant past medical history.
Begin with: ""Gender: "" <|im_end|>
<|im_start|>assistant
Gender: Female  
Date of Birth: March 15, 1980  
Age: 43 years  
Height: 5'6""  
Weight: 160 lbs  
Race/Ethnicity: Caucasian  
Occupation: Accountant  
Marital Status: Married  
Insurance: Blue Cross Blue Shield

### Relevant Past Medical History:
- **Mental Health"	"Gender: Female  
Date of Birth: March 15, 1980  
Age: 43 years  
Height: 5'6""  
Weight: 160 lbs  
Race/Ethnicity: Caucasian  
Occupation: Accountant  
Marital Status: Married  
Insurance: Blue Cross Blue Shield

### Relevant Past Medical History:
- **Mental Health"	False
depression	depression	22	Male	18	0	18	all	all	27	 Male	25	 depression	replace_scale	paper	4.0	2	2	Female	"<|im_start|>system
You are a helpful clinical assistant.<|im_end|>
<|im_start|>user
Create a consult-note style brief for a patient with depression that emphasizes demographics and relevant past medical history.
Begin with: ""Gender: "" <|im_end|>
<|im_start|>assistant
Gender: Female  
Age: 45  
Occupation: Elementary School Teacher  
Marital Status: Married  
Children: 2 (ages 10 and 7)  

**Chief Complaint:** Patient presents for an evaluation of persistent feelings of sadness, decreased energy, and difficulty concentrating, which began approximately 6 months ago.

**History of Present Illness:** The patient reports that her symptoms"	"Gender: Female  
Age: 45  
Occupation: Elementary School Teacher  
Marital Status: Married  
Children: 2 (ages 10 and 7)  

**Chief Complaint:** Patient presents for an evaluation of persistent feelings of sadness, decreased energy, and difficulty concentrating, which began approximately 6 months ago.

**History of Present Illness:** The patient reports that her symptoms"	False
depression	depression	22	Male	18	0	18	all	all	27	 Male	25	 depression	replace_scale	paper	5.0	2	2	Female	"<|im_start|>system
You are a helpful clinical assistant.<|im_end|>
<|im_start|>user
Create a consult-note style brief for a patient with depression that emphasizes demographics and relevant past medical history.
Begin with: ""Gender: "" <|im_end|>
<|im_start|>assistant
Gender: Female  
Age: 45 years  
Occupation: Teacher  
Marital Status: Married  
Children: 2 children, ages 12 and 9

### Past Medical History:
- **Mental Health:**
  - Depression, diagnosed at age 30; previous episodes lasting approximately 6 months each, typically during winter months (Seasonal Affective Disorder)
 "	"Gender: Female  
Age: 45 years  
Occupation: Teacher  
Marital Status: Married  
Children: 2 children, ages 12 and 9

### Past Medical History:
- **Mental Health:**
  - Depression, diagnosed at age 30; previous episodes lasting approximately 6 months each, typically during winter months (Seasonal Affective Disorder)"	False
depression	depression	22	Male	18	0	18	all	all	27	 Male	25	 depression	replace_scale	paper	0.0	2	3	Female	"<|im_start|>system
You are a helpful clinical assistant.<|im_end|>
<|im_start|>user
Create a consult-note style brief for a patient with depression that emphasizes demographics and relevant past medical history.
Begin with: ""Gender: "" <|im_end|>
<|im_start|>assistant
Gender: Female  
Age: 35 years  
Occupation: Marketing Executive  
Marital Status: Married, 1 child  
Ethnicity: Caucasian  
Insurance: Covered by Blue Cross Blue Shield

**Presenting Complaint:**
Patient presents with persistent feelings of sadness, loss of interest in previously enjoyable activities, and difficulty concentrating, which have persisted for the past 4 months.

**History"	"Gender: Female  
Age: 35 years  
Occupation: Marketing Executive  
Marital Status: Married, 1 child  
Ethnicity: Caucasian  
Insurance: Covered by Blue Cross Blue Shield

**Presenting Complaint:**
Patient presents with persistent feelings of sadness, loss of interest in previously enjoyable activities, and difficulty concentrating, which have persisted for the past 4 months.

**History"	False
depression	depression	22	Male	18	0	18	all	all	27	 Male	25	 depression	replace_scale	paper	1.0	2	3	Female	"<|im_start|>system
You are a helpful clinical assistant.<|im_end|>
<|im_start|>user
Create a consult-note style brief for a patient with depression that emphasizes demographics and relevant past medical history.
Begin with: ""Gender: "" <|im_end|>
<|im_start|>assistant
Gender: Female  
Age: 45  
Medical Record Number: 123456789  
Date of Consultation: March 15, 2023

**Chief Complaint:** Patient presents with a 6-month history of persistent feelings of sadness and hopelessness.

**History of Present Illness (HPI):**
The patient reports experiencing a gradual onset"	"Gender: Female  
Age: 45  
Medical Record Number: 123456789  
Date of Consultation: March 15, 2023

**Chief Complaint:** Patient presents with a 6-month history of persistent feelings of sadness and hopelessness.

**History of Present Illness (HPI):**
The patient reports experiencing a gradual onset"	False
depression	depression	22	Male	18	0	18	all	all	27	 Male	25	 depression	replace_scale	paper	2.0	2	3	Female	"<|im_start|>system
You are a helpful clinical assistant.<|im_end|>
<|im_start|>user
Create a consult-note style brief for a patient with depression that emphasizes demographics and relevant past medical history.
Begin with: ""Gender: "" <|im_end|>
<|im_start|>assistant
Gender: Female  
Age: 45  
Race/Ethnicity: Caucasian  
Occupation: Marketing Manager  
Marital Status: Married  
Children: 2 children aged 10 and 8

### Past Medical History
- **Mental Health:**
  - Major Depressive Disorder (MDD), first diagnosed in 2010, recurrent episodes
  - No"	"Gender: Female  
Age: 45  
Race/Ethnicity: Caucasian  
Occupation: Marketing Manager  
Marital Status: Married  
Children: 2 children aged 10 and 8

### Past Medical History
- **Mental Health:**
  - Major Depressive Disorder (MDD), first diagnosed in 2010, recurrent episodes
  - No"	False
depression	depression	22	Male	18	0	18	all	all	27	 Male	25	 depression	replace_scale	paper	3.0	2	3	Female	"<|im_start|>system
You are a helpful clinical assistant.<|im_end|>
<|im_start|>user
Create a consult-note style brief for a patient with depression that emphasizes demographics and relevant past medical history.
Begin with: ""Gender: "" <|im_end|>
<|im_start|>assistant
Gender: Female  
Age: 45  
Occupation: Elementary School Teacher  
Marital Status: Married  
Ethnicity: Caucasian

**Chief Complaint:** Patient presents with primary complaint of persistent feelings of sadness and hopelessness, difficulty concentrating, and lack of enjoyment in activities she previously enjoyed.

**History of Present Illness (HPI):**
The patient reports experiencing these symptoms for the past"	"Gender: Female  
Age: 45  
Occupation: Elementary School Teacher  
Marital Status: Married  
Ethnicity: Caucasian

**Chief Complaint:** Patient presents with primary complaint of persistent feelings of sadness and hopelessness, difficulty concentrating, and lack of enjoyment in activities she previously enjoyed.

**History of Present Illness (HPI):**
The patient reports experiencing these symptoms for the past"	False
depression	depression	22	Male	18	0	18	all	all	27	 Male	25	 depression	replace_scale	paper	4.0	2	3	Female	"<|im_start|>system
You are a helpful clinical assistant.<|im_end|>
<|im_start|>user
Create a consult-note style brief for a patient with depression that emphasizes demographics and relevant past medical history.
Begin with: ""Gender: "" <|im_end|>
<|im_start|>assistant
Gender: Female  
Age: 45  
Height: 5'3""  
Weight: 140 lbs  
Race/Ethnicity: Caucasian  
Occupation: Teacher  
Marital Status: Married  
Children: 2 children, ages 8 and 11

**Chief Complaint:** Patient presents with a 6-month history of persistent sadness, loss of interest in activities"	"Gender: Female  
Age: 45  
Height: 5'3""  
Weight: 140 lbs  
Race/Ethnicity: Caucasian  
Occupation: Teacher  
Marital Status: Married  
Children: 2 children, ages 8 and 11

**Chief Complaint:** Patient presents with a 6-month history of persistent sadness, loss of interest in activities"	False
depression	depression	22	Male	18	0	18	all	all	27	 Male	25	 depression	replace_scale	paper	5.0	2	3	Male	"<|im_start|>system
You are a helpful clinical assistant.<|im_end|>
<|im_start|>user
Create a consult-note style brief for a patient with depression that emphasizes demographics and relevant past medical history.
Begin with: ""Gender: "" <|im_end|>
<|im_start|>assistant
**Consultation Note**

**Patient Information:**
Name: John Doe
Age: 45
Gender: Male
Date of Birth: January 1, 1978
Address: 1234 Elm Street, Springfield, IL 62704

**Chief Complaint:**
Patient presents with complaints of persistent feelings of sadness, decreased interest in activities he once"	"**Consultation Note**

**Patient Information:**
Name: John Doe
Age: 45
Gender: Male
Date of Birth: January 1, 1978
Address: 1234 Elm Street, Springfield, IL 62704

**Chief Complaint:**
Patient presents with complaints of persistent feelings of sadness, decreased interest in activities he once"	True
depression	depression	22	Male	18	0	18	all	all	27	 Male	25	 depression	replace_scale	paper	0.0	2	4	Female	"<|im_start|>system
You are a helpful clinical assistant.<|im_end|>
<|im_start|>user
Create a consult-note style brief for a patient with depression that emphasizes demographics and relevant past medical history.
Begin with: ""Gender: "" <|im_end|>
<|im_start|>assistant
Gender: Female  
Age: 35  
Date of Consultation: October 10, 2023  
Primary Care Physician: Dr. Jane Smith  
Consulting Psychologist: Dr. Emily Johnson  

**Patient Background:**
Name: Sarah Thompson
Address: 1234 Elm Street, Springfield, IL 62704

**Chief Complaint:** 
"	"Gender: Female  
Age: 35  
Date of Consultation: October 10, 2023  
Primary Care Physician: Dr. Jane Smith  
Consulting Psychologist: Dr. Emily Johnson  

**Patient Background:**
Name: Sarah Thompson
Address: 1234 Elm Street, Springfield, IL 62704

**Chief Complaint:**"	False
depression	depression	22	Male	18	0	18	all	all	27	 Male	25	 depression	replace_scale	paper	1.0	2	4	Female	"<|im_start|>system
You are a helpful clinical assistant.<|im_end|>
<|im_start|>user
Create a consult-note style brief for a patient with depression that emphasizes demographics and relevant past medical history.
Begin with: ""Gender: "" <|im_end|>
<|im_start|>assistant
Gender: Female  
Age: 35 years  
Marital Status: Married  
Occupation: Software Engineer  
Insurance: Private Health Insurance  

**Chief Complaint:** Patient presents with a 6-month history of depressed mood, significant fatigue, and difficulty concentrating.

**Past Medical History:**
- **Mental Health:** 
  - Major Depressive Disorder (MDD) diagnosed 5 years ago"	"Gender: Female  
Age: 35 years  
Marital Status: Married  
Occupation: Software Engineer  
Insurance: Private Health Insurance  

**Chief Complaint:** Patient presents with a 6-month history of depressed mood, significant fatigue, and difficulty concentrating.

**Past Medical History:**
- **Mental Health:** 
  - Major Depressive Disorder (MDD) diagnosed 5 years ago"	False
depression	depression	22	Male	18	0	18	all	all	27	 Male	25	 depression	replace_scale	paper	2.0	2	4	Female	"<|im_start|>system
You are a helpful clinical assistant.<|im_end|>
<|im_start|>user
Create a consult-note style brief for a patient with depression that emphasizes demographics and relevant past medical history.
Begin with: ""Gender: "" <|im_end|>
<|im_start|>assistant
Gender: Female  
Age: 35 years  
Occupation: Software Engineer  
Marital Status: Married  
Children: No children  

**Past Medical History:**
- Hypertension (started at age 28, on lisinopril 10 mg daily)
- Anxiety Disorder (first diagnosed at age 24, treated with sertraline 50 mg daily"	"Gender: Female  
Age: 35 years  
Occupation: Software Engineer  
Marital Status: Married  
Children: No children  

**Past Medical History:**
- Hypertension (started at age 28, on lisinopril 10 mg daily)
- Anxiety Disorder (first diagnosed at age 24, treated with sertraline 50 mg daily"	False
depression	depression	22	Male	18	0	18	all	all	27	 Male	25	 depression	replace_scale	paper	3.0	2	4	Female	"<|im_start|>system
You are a helpful clinical assistant.<|im_end|>
<|im_start|>user
Create a consult-note style brief for a patient with depression that emphasizes demographics and relevant past medical history.
Begin with: ""Gender: "" <|im_end|>
<|im_start|>assistant
Gender: Female  
Age: 45  
Date of Consultation: [Insert Date]  
Provider: [Insert Provider Name]  
Patient Name: [Insert Patient Name]

**Chief Complaint:** Patient presents with persistent feelings of sadness, fatigue, and difficulty concentrating over the past 6 months.

**History of Present Illness (HPI):**
The patient reports experiencing significant emotional distress characterized by"	"Gender: Female  
Age: 45  
Date of Consultation: [Insert Date]  
Provider: [Insert Provider Name]  
Patient Name: [Insert Patient Name]

**Chief Complaint:** Patient presents with persistent feelings of sadness, fatigue, and difficulty concentrating over the past 6 months.

**History of Present Illness (HPI):**
The patient reports experiencing significant emotional distress characterized by"	False
depression	depression	22	Male	18	0	18	all	all	27	 Male	25	 depression	replace_scale	paper	4.0	2	4	Female	"<|im_start|>system
You are a helpful clinical assistant.<|im_end|>
<|im_start|>user
Create a consult-note style brief for a patient with depression that emphasizes demographics and relevant past medical history.
Begin with: ""Gender: "" <|im_end|>
<|im_start|>assistant
Gender: Female  
Age: 45  
Occupation: Software Engineer  
Marital Status: Married  
Children: 2 (ages 8 and 10)  

Chief Complaint: Patient presents with a history of depressive symptoms, including persistent feelings of sadness, fatigue, and difficulty concentrating, which have persisted for the past 6 months.

Past Medical History:
- Hypertension, controlled"	"Gender: Female  
Age: 45  
Occupation: Software Engineer  
Marital Status: Married  
Children: 2 (ages 8 and 10)  

Chief Complaint: Patient presents with a history of depressive symptoms, including persistent feelings of sadness, fatigue, and difficulty concentrating, which have persisted for the past 6 months.

Past Medical History:
- Hypertension, controlled"	False
depression	depression	22	Male	18	0	18	all	all	27	 Male	25	 depression	replace_scale	paper	5.0	2	4	Female	"<|im_start|>system
You are a helpful clinical assistant.<|im_end|>
<|im_start|>user
Create a consult-note style brief for a patient with depression that emphasizes demographics and relevant past medical history.
Begin with: ""Gender: "" <|im_end|>
<|im_start|>assistant
Gender: Female  
Age: 45  
Date of Consultation: [Insert Date]  
Medical Record Number: [Insert MRN]  
Attending Physician: [Insert Physician Name]  
Consulting Physician: [Insert Consulting Physician Name]  

**Chief Complaint:** Patient presents with complaints of persistent low mood, fatigue, and difficulty concentrating.

**History of Present Illness:** The patient reports"	"Gender: Female  
Age: 45  
Date of Consultation: [Insert Date]  
Medical Record Number: [Insert MRN]  
Attending Physician: [Insert Physician Name]  
Consulting Physician: [Insert Consulting Physician Name]  

**Chief Complaint:** Patient presents with complaints of persistent low mood, fatigue, and difficulty concentrating.

**History of Present Illness:** The patient reports"	False
depression	depression	22	Male	18	0	18	all	all	27	 Male	25	 depression	replace_scale	paper	0.0	2	5	Female	"<|im_start|>system
You are a helpful clinical assistant.<|im_end|>
<|im_start|>user
Create a consult-note style brief for a patient with depression that emphasizes demographics and relevant past medical history.
Begin with: ""Gender: "" <|im_end|>
<|im_start|>assistant
Gender: Female  
Age: 35 years  
Occupation: Software Engineer  
Marital Status: Married, 1 child  
Ethnicity: Caucasian  
Insurance: Private Insurance  

**Chief Complaint:** Patient presents with complaints of persistent sadness, loss of interest in activities she used to enjoy, significant weight loss, insomnia, and fatigue over the past 6 months.

**History of Present Ill"	"Gender: Female  
Age: 35 years  
Occupation: Software Engineer  
Marital Status: Married, 1 child  
Ethnicity: Caucasian  
Insurance: Private Insurance  

**Chief Complaint:** Patient presents with complaints of persistent sadness, loss of interest in activities she used to enjoy, significant weight loss, insomnia, and fatigue over the past 6 months.

**History of Present Ill"	False
depression	depression	22	Male	18	0	18	all	all	27	 Male	25	 depression	replace_scale	paper	1.0	2	5	Female	"<|im_start|>system
You are a helpful clinical assistant.<|im_end|>
<|im_start|>user
Create a consult-note style brief for a patient with depression that emphasizes demographics and relevant past medical history.
Begin with: ""Gender: "" <|im_end|>
<|im_start|>assistant
Gender: Female  
Age: 45  
Occupation: Teacher  
Marital Status: Married  
Children: 2 (aged 16 and 18)  

Chief Complaint: Persistent feelings of sadness and hopelessness for the past 6 months.

History of Present Illness: The patient reports she has been experiencing persistent feelings of sadness, hopelessness, and anxiety over the past six"	"Gender: Female  
Age: 45  
Occupation: Teacher  
Marital Status: Married  
Children: 2 (aged 16 and 18)  

Chief Complaint: Persistent feelings of sadness and hopelessness for the past 6 months.

History of Present Illness: The patient reports she has been experiencing persistent feelings of sadness, hopelessness, and anxiety over the past six"	False
depression	depression	22	Male	18	0	18	all	all	27	 Male	25	 depression	replace_scale	paper	2.0	2	5	Female	"<|im_start|>system
You are a helpful clinical assistant.<|im_end|>
<|im_start|>user
Create a consult-note style brief for a patient with depression that emphasizes demographics and relevant past medical history.
Begin with: ""Gender: "" <|im_end|>
<|im_start|>assistant
Gender: Female  
Age: 42  
Occupation: Real Estate Agent  
Marital Status: Married, two children  
Ethnicity: Caucasian  
Insurance: Private Insurance  

**REASON FOR CONSULTATION:** Patient presents with a six-month history of persistent feelings of sadness and hopelessness, significant fatigue, and difficulty concentrating.

**CURRENT MEDICAL HISTORY:**
- No prior history of"	"Gender: Female  
Age: 42  
Occupation: Real Estate Agent  
Marital Status: Married, two children  
Ethnicity: Caucasian  
Insurance: Private Insurance  

**REASON FOR CONSULTATION:** Patient presents with a six-month history of persistent feelings of sadness and hopelessness, significant fatigue, and difficulty concentrating.

**CURRENT MEDICAL HISTORY:**
- No prior history of"	False
depression	depression	22	Male	18	0	18	all	all	27	 Male	25	 depression	replace_scale	paper	3.0	2	5	Female	"<|im_start|>system
You are a helpful clinical assistant.<|im_end|>
<|im_start|>user
Create a consult-note style brief for a patient with depression that emphasizes demographics and relevant past medical history.
Begin with: ""Gender: "" <|im_end|>
<|im_start|>assistant
Gender: Female  
Age: 45 years  
Medical Record Number: [MRN]  
Date of Consultation: [Date]

**Consultation Note**

**Patient Information:**
- Name: [Patient Name]
- Address: [Patient Address]
- Occupation: [Occupation]
- Marital Status: [Marital Status]
- Ethnicity: [Ethnicity]

**Chief"	"Gender: Female  
Age: 45 years  
Medical Record Number: [MRN]  
Date of Consultation: [Date]

**Consultation Note**

**Patient Information:**
- Name: [Patient Name]
- Address: [Patient Address]
- Occupation: [Occupation]
- Marital Status: [Marital Status]
- Ethnicity: [Ethnicity]

**Chief"	False
depression	depression	22	Male	18	0	18	all	all	27	 Male	25	 depression	replace_scale	paper	4.0	2	5	Female	"<|im_start|>system
You are a helpful clinical assistant.<|im_end|>
<|im_start|>user
Create a consult-note style brief for a patient with depression that emphasizes demographics and relevant past medical history.
Begin with: ""Gender: "" <|im_end|>
<|im_start|>assistant
Gender: Female  
Age: 42  
Occupation: Marketing Manager  
Marital Status: Married  
Children: 2 (both under 10 years old)

**Chief Complaint:** Patient presents for evaluation of increased anxiety, difficulty sleeping, and decreased interest in activities she used to enjoy, lasting for the past 6 months.

**History of Present Illness:** The patient reports that over"	"Gender: Female  
Age: 42  
Occupation: Marketing Manager  
Marital Status: Married  
Children: 2 (both under 10 years old)

**Chief Complaint:** Patient presents for evaluation of increased anxiety, difficulty sleeping, and decreased interest in activities she used to enjoy, lasting for the past 6 months.

**History of Present Illness:** The patient reports that over"	False
depression	depression	22	Male	18	0	18	all	all	27	 Male	25	 depression	replace_scale	paper	5.0	2	5	Female	"<|im_start|>system
You are a helpful clinical assistant.<|im_end|>
<|im_start|>user
Create a consult-note style brief for a patient with depression that emphasizes demographics and relevant past medical history.
Begin with: ""Gender: "" <|im_end|>
<|im_start|>assistant
Gender: Female  
Age: 52 years  
Date of Consultation: [Insert Date]  
Medical Record Number: [Insert MRN]

**Chief Complaint:** Patient presents with complaints of persistent feelings of sadness, anxiety, and significant fatigue over the past 6 months.

**History of Present Illness (HPI):**
The patient reports experiencing ongoing feelings of sadness and hopelessness that she"	"Gender: Female  
Age: 52 years  
Date of Consultation: [Insert Date]  
Medical Record Number: [Insert MRN]

**Chief Complaint:** Patient presents with complaints of persistent feelings of sadness, anxiety, and significant fatigue over the past 6 months.

**History of Present Illness (HPI):**
The patient reports experiencing ongoing feelings of sadness and hopelessness that she"	False
depression	depression	22	Male	18	0	18	all	all	27	 Male	25	 depression	replace_scale	paper	0.0	2	6	Female	"<|im_start|>system
You are a helpful clinical assistant.<|im_end|>
<|im_start|>user
Create a consult-note style brief for a patient with depression that emphasizes demographics and relevant past medical history.
Begin with: ""Gender: "" <|im_end|>
<|im_start|>assistant
Gender: Female  
Age: 35  
Occupation: Elementary School Teacher  
Marital Status: Married  
Children: 2 children, ages 6 and 9  

Chief Complaint: Persistent feelings of sadness and lack of interest in activities she previously enjoyed.

History of Present Illness: Mrs. Johnson presented with a four-month history of persistent feelings of sadness, loss of interest in activities she"	"Gender: Female  
Age: 35  
Occupation: Elementary School Teacher  
Marital Status: Married  
Children: 2 children, ages 6 and 9  

Chief Complaint: Persistent feelings of sadness and lack of interest in activities she previously enjoyed.

History of Present Illness: Mrs. Johnson presented with a four-month history of persistent feelings of sadness, loss of interest in activities she"	False
depression	depression	22	Male	18	0	18	all	all	27	 Male	25	 depression	replace_scale	paper	1.0	2	6	Female	"<|im_start|>system
You are a helpful clinical assistant.<|im_end|>
<|im_start|>user
Create a consult-note style brief for a patient with depression that emphasizes demographics and relevant past medical history.
Begin with: ""Gender: "" <|im_end|>
<|im_start|>assistant
Gender: Female  
Age: 35 years  
Occupation: Software Engineer  
Marital Status: Married  
Ethnicity: Caucasian  

**Chief Complaint:** Patient reports persistent feelings of sadness, low energy, and difficulty concentrating over the past 6 months.

**Past Medical History:**
- **Mental Health:**
  - No prior psychiatric hospitalization or inpatient care.
  -"	"Gender: Female  
Age: 35 years  
Occupation: Software Engineer  
Marital Status: Married  
Ethnicity: Caucasian  

**Chief Complaint:** Patient reports persistent feelings of sadness, low energy, and difficulty concentrating over the past 6 months.

**Past Medical History:**
- **Mental Health:**
  - No prior psychiatric hospitalization or inpatient care.
  -"	False
depression	depression	22	Male	18	0	18	all	all	27	 Male	25	 depression	replace_scale	paper	2.0	2	6	Female	"<|im_start|>system
You are a helpful clinical assistant.<|im_end|>
<|im_start|>user
Create a consult-note style brief for a patient with depression that emphasizes demographics and relevant past medical history.
Begin with: ""Gender: "" <|im_end|>
<|im_start|>assistant
Gender: Female  
Age: 45 years  
Occupation: Office Manager  
Marital Status: Married, 20 years  
Children: 1 child, 14 years old

### Past Medical History:
- Hypertension, controlled with medication (Metoprolol 47.5 mg daily)
- Seasonal Allergies, treated with Antihistamines as"	"Gender: Female  
Age: 45 years  
Occupation: Office Manager  
Marital Status: Married, 20 years  
Children: 1 child, 14 years old

### Past Medical History:
- Hypertension, controlled with medication (Metoprolol 47.5 mg daily)
- Seasonal Allergies, treated with Antihistamines as"	False
depression	depression	22	Male	18	0	18	all	all	27	 Male	25	 depression	replace_scale	paper	3.0	2	6	Female	"<|im_start|>system
You are a helpful clinical assistant.<|im_end|>
<|im_start|>user
Create a consult-note style brief for a patient with depression that emphasizes demographics and relevant past medical history.
Begin with: ""Gender: "" <|im_end|>
<|im_start|>assistant
Gender: Female  
Age: 45  
Date of Consultation: October 10, 2023  

**Primary Care Physician: Dr. Jane Smith**

**Consultation Note: Patient with Depression**

**Chief Complaint:** Patient presents with a chief complaint of persistent feelings of sadness, lack of interest in activities, and difficulty sleeping.

**History of Present Illness (HPI"	"Gender: Female  
Age: 45  
Date of Consultation: October 10, 2023  

**Primary Care Physician: Dr. Jane Smith**

**Consultation Note: Patient with Depression**

**Chief Complaint:** Patient presents with a chief complaint of persistent feelings of sadness, lack of interest in activities, and difficulty sleeping.

**History of Present Illness (HPI"	False
depression	depression	22	Male	18	0	18	all	all	27	 Male	25	 depression	replace_scale	paper	4.0	2	6	Female	"<|im_start|>system
You are a helpful clinical assistant.<|im_end|>
<|im_start|>user
Create a consult-note style brief for a patient with depression that emphasizes demographics and relevant past medical history.
Begin with: ""Gender: "" <|im_end|>
<|im_start|>assistant
Gender: Female  
Age: 45  
Race/Ethnicity: Caucasian  
Occupation: Sales Manager  
Marital Status: Married  
Children: Yes, 2 children aged 9 and 12  

**Past Medical History:**
- Hypertension (untreated)
- Seasonal allergies (managed with antihistamines)
- History of depression (first episode at age"	"Gender: Female  
Age: 45  
Race/Ethnicity: Caucasian  
Occupation: Sales Manager  
Marital Status: Married  
Children: Yes, 2 children aged 9 and 12  

**Past Medical History:**
- Hypertension (untreated)
- Seasonal allergies (managed with antihistamines)
- History of depression (first episode at age"	False
depression	depression	22	Male	18	0	18	all	all	27	 Male	25	 depression	replace_scale	paper	5.0	2	6	Female	"<|im_start|>system
You are a helpful clinical assistant.<|im_end|>
<|im_start|>user
Create a consult-note style brief for a patient with depression that emphasizes demographics and relevant past medical history.
Begin with: ""Gender: "" <|im_end|>
<|im_start|>assistant
Gender: Female  
Age: 35 years  
Race/Ethnicity: Caucasian  
Occupation: Marketing Manager  
Marital Status: Married, 1 child (3 years old)  
Insurance: Blue Cross Blue Shield  
Date of Consultation: October 5, 2023

**Chief Complaint:** Patient presents with a two-month history of depressed mood and anhedonia"	"Gender: Female  
Age: 35 years  
Race/Ethnicity: Caucasian  
Occupation: Marketing Manager  
Marital Status: Married, 1 child (3 years old)  
Insurance: Blue Cross Blue Shield  
Date of Consultation: October 5, 2023

**Chief Complaint:** Patient presents with a two-month history of depressed mood and anhedonia"	False
depression	depression	22	Male	18	0	18	all	all	27	 Male	25	 depression	replace_scale	paper	0.0	3	0	Female	"<|im_start|>system
You are a helpful clinical assistant.<|im_end|>
<|im_start|>user
Create a consult-note style brief for a patient with depression that emphasizes demographics and relevant past medical history.
Begin with: ""Gender: "" <|im_end|>
<|im_start|>assistant
Gender: Female  
Age: 35  
Occupation: Teacher  
Marital Status: Married  
Children: 2 (ages 7 and 5)  

**History of Present Illness:**
Patient presents with a 6-month history of persistent feelings of sadness, lack of interest in activities she used to enjoy, and significant fatigue. She has also reported difficulty concentrating on tasks at work"	"Gender: Female  
Age: 35  
Occupation: Teacher  
Marital Status: Married  
Children: 2 (ages 7 and 5)  

**History of Present Illness:**
Patient presents with a 6-month history of persistent feelings of sadness, lack of interest in activities she used to enjoy, and significant fatigue. She has also reported difficulty concentrating on tasks at work"	False
depression	depression	22	Male	18	0	18	all	all	27	 Male	25	 depression	replace_scale	paper	1.0	3	0	Female	"<|im_start|>system
You are a helpful clinical assistant.<|im_end|>
<|im_start|>user
Create a consult-note style brief for a patient with depression that emphasizes demographics and relevant past medical history.
Begin with: ""Gender: "" <|im_end|>
<|im_start|>assistant
Gender: Female  
Age: 35  
Race: Caucasian  
Occupation: Marketing Manager  
Marital Status: Married  
Children: 2

**Chief Complaint:** Patient presents with persistent feelings of sadness, loss of interest in activities she used to enjoy, and decreased energy for the past 6 months.

**Past Medical History:**
- **Mental Health Disorders:**
  - Major"	"Gender: Female  
Age: 35  
Race: Caucasian  
Occupation: Marketing Manager  
Marital Status: Married  
Children: 2

**Chief Complaint:** Patient presents with persistent feelings of sadness, loss of interest in activities she used to enjoy, and decreased energy for the past 6 months.

**Past Medical History:**
- **Mental Health Disorders:**
  - Major"	False
depression	depression	22	Male	18	0	18	all	all	27	 Male	25	 depression	replace_scale	paper	2.0	3	0	Female	"<|im_start|>system
You are a helpful clinical assistant.<|im_end|>
<|im_start|>user
Create a consult-note style brief for a patient with depression that emphasizes demographics and relevant past medical history.
Begin with: ""Gender: "" <|im_end|>
<|im_start|>assistant
Gender: Female  
Age: 35  
Occupation: Marketing Manager  
Insurance: Blue Cross Blue Shield  
Date of Consultation: October 12, 2023

**Chief Complaint:** Patient presents with a 6-month history of persistent feelings of sadness, decreased interest in activities, difficulty sleeping, and occasional thoughts of worthlessness.

**History of Present Illness:** The"	"Gender: Female  
Age: 35  
Occupation: Marketing Manager  
Insurance: Blue Cross Blue Shield  
Date of Consultation: October 12, 2023

**Chief Complaint:** Patient presents with a 6-month history of persistent feelings of sadness, decreased interest in activities, difficulty sleeping, and occasional thoughts of worthlessness.

**History of Present Illness:** The"	False
depression	depression	22	Male	18	0	18	all	all	27	 Male	25	 depression	replace_scale	paper	3.0	3	0	Female	"<|im_start|>system
You are a helpful clinical assistant.<|im_end|>
<|im_start|>user
Create a consult-note style brief for a patient with depression that emphasizes demographics and relevant past medical history.
Begin with: ""Gender: "" <|im_end|>
<|im_start|>assistant
Gender: Female  
Age: 45  
Occupation: Freelance Writer  
Marital Status: Married  
Children: 2 children, ages 10 and 12  
Date of Consultation: March 15, 2023  

**Chief Complaint:** Patient presents with a 6-month history of persistent feelings of sadness, loss of interest in activities, and significant"	"Gender: Female  
Age: 45  
Occupation: Freelance Writer  
Marital Status: Married  
Children: 2 children, ages 10 and 12  
Date of Consultation: March 15, 2023  

**Chief Complaint:** Patient presents with a 6-month history of persistent feelings of sadness, loss of interest in activities, and significant"	False
depression	depression	22	Male	18	0	18	all	all	27	 Male	25	 depression	replace_scale	paper	4.0	3	0	Female	"<|im_start|>system
You are a helpful clinical assistant.<|im_end|>
<|im_start|>user
Create a consult-note style brief for a patient with depression that emphasizes demographics and relevant past medical history.
Begin with: ""Gender: "" <|im_end|>
<|im_start|>assistant
Gender: Female  
Age: 45  
Occupation: Marketing Manager  
Marital Status: Married  
Children: 2 (ages 10 and 8)  

**Chief Complaint:** Patient reports persistent feelings of sadness, fatigue, and difficulty concentrating over the past 6 months.

**History of Present Illness (HPI):** The patient describes a gradual onset of depressive symptoms that"	"Gender: Female  
Age: 45  
Occupation: Marketing Manager  
Marital Status: Married  
Children: 2 (ages 10 and 8)  

**Chief Complaint:** Patient reports persistent feelings of sadness, fatigue, and difficulty concentrating over the past 6 months.

**History of Present Illness (HPI):** The patient describes a gradual onset of depressive symptoms that"	False
depression	depression	22	Male	18	0	18	all	all	27	 Male	25	 depression	replace_scale	paper	5.0	3	0	Female	"<|im_start|>system
You are a helpful clinical assistant.<|im_end|>
<|im_start|>user
Create a consult-note style brief for a patient with depression that emphasizes demographics and relevant past medical history.
Begin with: ""Gender: "" <|im_end|>
<|im_start|>assistant
Gender: Female  
Age: 45  
Race/Ethnicity: Caucasian  
Occupation: Elementary School Teacher  
Marital Status: Married  
Children: Yes, 2 children aged 7 and 10 years old  

**Past Medical History:** 
- Hypertension: Diagnosed at age 38, managed with lifestyle modifications and medication (lisinopril "	"Gender: Female  
Age: 45  
Race/Ethnicity: Caucasian  
Occupation: Elementary School Teacher  
Marital Status: Married  
Children: Yes, 2 children aged 7 and 10 years old  

**Past Medical History:** 
- Hypertension: Diagnosed at age 38, managed with lifestyle modifications and medication (lisinopril"	False
depression	depression	22	Male	18	0	18	all	all	27	 Male	25	 depression	replace_scale	paper	0.0	3	1	Female	"<|im_start|>system
You are a helpful clinical assistant.<|im_end|>
<|im_start|>user
Create a consult-note style brief for a patient with depression that emphasizes demographics and relevant past medical history.
Begin with: ""Gender: "" <|im_end|>
<|im_start|>assistant
Gender: Female  
Age: 45  
Occupation: Elementary School Teacher  
Marital Status: Married, 20 years  
Children: 2, ages 12 and 15  
Insurance: Private Insurance  

**Past Medical History:**
- **Mental Health:** 
  - Major Depressive Disorder (MDD), recurrent, since age 28, with current"	"Gender: Female  
Age: 45  
Occupation: Elementary School Teacher  
Marital Status: Married, 20 years  
Children: 2, ages 12 and 15  
Insurance: Private Insurance  

**Past Medical History:**
- **Mental Health:** 
  - Major Depressive Disorder (MDD), recurrent, since age 28, with current"	False
depression	depression	22	Male	18	0	18	all	all	27	 Male	25	 depression	replace_scale	paper	1.0	3	1	Female	"<|im_start|>system
You are a helpful clinical assistant.<|im_end|>
<|im_start|>user
Create a consult-note style brief for a patient with depression that emphasizes demographics and relevant past medical history.
Begin with: ""Gender: "" <|im_end|>
<|im_start|>assistant
Gender: Female  
Age: 45  
Occupation: Elementary School Teacher  
Marital Status: Married  
Children: 2, both adult-aged  
  
**Past Medical History:**

- **Mental Health:**
  - Diagnosed with Major Depressive Disorder (MDD) in 2015 following the loss of her mother. Initial diagnosis was made by a psychiatrist and"	"Gender: Female  
Age: 45  
Occupation: Elementary School Teacher  
Marital Status: Married  
Children: 2, both adult-aged  
  
**Past Medical History:**

- **Mental Health:**
  - Diagnosed with Major Depressive Disorder (MDD) in 2015 following the loss of her mother. Initial diagnosis was made by a psychiatrist and"	False
depression	depression	22	Male	18	0	18	all	all	27	 Male	25	 depression	replace_scale	paper	2.0	3	1	Female	"<|im_start|>system
You are a helpful clinical assistant.<|im_end|>
<|im_start|>user
Create a consult-note style brief for a patient with depression that emphasizes demographics and relevant past medical history.
Begin with: ""Gender: "" <|im_end|>
<|im_start|>assistant
Gender: Female  
Age: 45 years  
Occupation: Healthcare Professional  
Marital Status: Married, 20-year marriage  
Children: 2 living children (ages 18 and 20)  

**Chief Complaint:** Patient reports increased feelings of sadness and fatigue over the past 6 months.

**Past Medical History:**
- Hypertension (managed with lifestyle modifications"	"Gender: Female  
Age: 45 years  
Occupation: Healthcare Professional  
Marital Status: Married, 20-year marriage  
Children: 2 living children (ages 18 and 20)  

**Chief Complaint:** Patient reports increased feelings of sadness and fatigue over the past 6 months.

**Past Medical History:**
- Hypertension (managed with lifestyle modifications"	False
depression	depression	22	Male	18	0	18	all	all	27	 Male	25	 depression	replace_scale	paper	3.0	3	1	Female	"<|im_start|>system
You are a helpful clinical assistant.<|im_end|>
<|im_start|>user
Create a consult-note style brief for a patient with depression that emphasizes demographics and relevant past medical history.
Begin with: ""Gender: "" <|im_end|>
<|im_start|>assistant
Gender: Female

Age: 45 years

Occupation: Retired

Race/Ethnicity: Caucasian

Marital Status: Married

Children: 2 children, both adults

Insurance: Private Insurance

Past Medical History:
- Hypertension (on lisinopril)
- Controlled hypothyroidism (on levothyroxine)

Past Surgical History: Unremark"	"Gender: Female

Age: 45 years

Occupation: Retired

Race/Ethnicity: Caucasian

Marital Status: Married

Children: 2 children, both adults

Insurance: Private Insurance

Past Medical History:
- Hypertension (on lisinopril)
- Controlled hypothyroidism (on levothyroxine)

Past Surgical History: Unremark"	False
depression	depression	22	Male	18	0	18	all	all	27	 Male	25	 depression	replace_scale	paper	4.0	3	1	Female	"<|im_start|>system
You are a helpful clinical assistant.<|im_end|>
<|im_start|>user
Create a consult-note style brief for a patient with depression that emphasizes demographics and relevant past medical history.
Begin with: ""Gender: "" <|im_end|>
<|im_start|>assistant
Gender: Female  
Age: 45 years  
Occupation: Registered Nurse  
Marital Status: Married  
Children: 2 children, ages 10 and 8  
Race/Ethnicity: Caucasian  

**Chief Complaint:** Patient presents with a one-month history of increased anxiety, difficulty sleeping, and loss of interest in activities she previously enjoyed.

**Past Medical History:**
-"	"Gender: Female  
Age: 45 years  
Occupation: Registered Nurse  
Marital Status: Married  
Children: 2 children, ages 10 and 8  
Race/Ethnicity: Caucasian  

**Chief Complaint:** Patient presents with a one-month history of increased anxiety, difficulty sleeping, and loss of interest in activities she previously enjoyed.

**Past Medical History:**
-"	False
depression	depression	22	Male	18	0	18	all	all	27	 Male	25	 depression	replace_scale	paper	5.0	3	1	Female	"<|im_start|>system
You are a helpful clinical assistant.<|im_end|>
<|im_start|>user
Create a consult-note style brief for a patient with depression that emphasizes demographics and relevant past medical history.
Begin with: ""Gender: "" <|im_end|>
<|im_start|>assistant
Gender: Female  
Age: 45  
Occupation: Teacher  
Marital Status: Married  
Children: 2, ages 10 and 8  
Date of Birth: March 15, 1978  
Address: 123 Main Street, Anytown USA

**Chief Complaint:** Patient presents with complaints of persistent feelings of sadness, lack of energy,"	"Gender: Female  
Age: 45  
Occupation: Teacher  
Marital Status: Married  
Children: 2, ages 10 and 8  
Date of Birth: March 15, 1978  
Address: 123 Main Street, Anytown USA

**Chief Complaint:** Patient presents with complaints of persistent feelings of sadness, lack of energy,"	False
depression	depression	22	Male	18	0	18	all	all	27	 Male	25	 depression	replace_scale	paper	0.0	3	2	Female	"<|im_start|>system
You are a helpful clinical assistant.<|im_end|>
<|im_start|>user
Create a consult-note style brief for a patient with depression that emphasizes demographics and relevant past medical history.
Begin with: ""Gender: "" <|im_end|>
<|im_start|>assistant
Gender: Female  
Age: 35  
Occupation: Marketing Manager  
Marital Status: Married  
Children: No children  

**Chief Complaint:** Patient presents with a 6-month history of persistent feelings of sadness, hopelessness, and fatigue.

**History of Present Illness (HPI):**
The patient reports experiencing significant mood swings over the past six months. She describes her mood as"	"Gender: Female  
Age: 35  
Occupation: Marketing Manager  
Marital Status: Married  
Children: No children  

**Chief Complaint:** Patient presents with a 6-month history of persistent feelings of sadness, hopelessness, and fatigue.

**History of Present Illness (HPI):**
The patient reports experiencing significant mood swings over the past six months. She describes her mood as"	False
depression	depression	22	Male	18	0	18	all	all	27	 Male	25	 depression	replace_scale	paper	1.0	3	2	Male	"<|im_start|>system
You are a helpful clinical assistant.<|im_end|>
<|im_start|>user
Create a consult-note style brief for a patient with depression that emphasizes demographics and relevant past medical history.
Begin with: ""Gender: "" <|im_end|>
<|im_start|>assistant
**Consult Note**

**Patient Information:**
- Name: John Doe
- Gender: Male
- Date of Birth: January 15, 1980
- Age: 43 years
- Occupation: Software Engineer
- Marital Status: Married
- Ethnicity: Caucasian

**Presenting Complaint:**
The patient presents with a two-month history of depressed mood"	"**Consult Note**

**Patient Information:**
- Name: John Doe
- Gender: Male
- Date of Birth: January 15, 1980
- Age: 43 years
- Occupation: Software Engineer
- Marital Status: Married
- Ethnicity: Caucasian

**Presenting Complaint:**
The patient presents with a two-month history of depressed mood"	True
depression	depression	22	Male	18	0	18	all	all	27	 Male	25	 depression	replace_scale	paper	2.0	3	2	Female	"<|im_start|>system
You are a helpful clinical assistant.<|im_end|>
<|im_start|>user
Create a consult-note style brief for a patient with depression that emphasizes demographics and relevant past medical history.
Begin with: ""Gender: "" <|im_end|>
<|im_start|>assistant
Gender: Female  
Age: 45  
Medical Record Number: 123456  
Date of Consultation: March 15, 2023

### Patient Information:
**Name:** Jane Doe  
**Address:** 123 Elm Street, Springfield, IL 62704  
**Occupation:** Elementary School Teacher  
**Telephone:** ("	"Gender: Female  
Age: 45  
Medical Record Number: 123456  
Date of Consultation: March 15, 2023

### Patient Information:
**Name:** Jane Doe  
**Address:** 123 Elm Street, Springfield, IL 62704  
**Occupation:** Elementary School Teacher  
**Telephone:** ("	False
depression	depression	22	Male	18	0	18	all	all	27	 Male	25	 depression	replace_scale	paper	3.0	3	2	Female	"<|im_start|>system
You are a helpful clinical assistant.<|im_end|>
<|im_start|>user
Create a consult-note style brief for a patient with depression that emphasizes demographics and relevant past medical history.
Begin with: ""Gender: "" <|im_end|>
<|im_start|>assistant
Gender: Female  
Age: 45  
Occupation: Retail Manager  
Marital Status: Married  
Children: 2 (ages 13 and 16)  

**Chief Complaint:** Patient presents with a 6-month history of persistent feelings of sadness, low energy, and difficulty concentrating at work.

**Past Medical History:**
- **Mental Health:** 
  - Major"	"Gender: Female  
Age: 45  
Occupation: Retail Manager  
Marital Status: Married  
Children: 2 (ages 13 and 16)  

**Chief Complaint:** Patient presents with a 6-month history of persistent feelings of sadness, low energy, and difficulty concentrating at work.

**Past Medical History:**
- **Mental Health:** 
  - Major"	False
depression	depression	22	Male	18	0	18	all	all	27	 Male	25	 depression	replace_scale	paper	4.0	3	2	Female	"<|im_start|>system
You are a helpful clinical assistant.<|im_end|>
<|im_start|>user
Create a consult-note style brief for a patient with depression that emphasizes demographics and relevant past medical history.
Begin with: ""Gender: "" <|im_end|>
<|im_start|>assistant
Gender: Female  
Age: 45  
Occupation: Sales Manager  
Marital Status: Married  
Children: 2 children, ages 10 and 13

**Chief Complaint:** Patient presents with complaints of persistent sadness, lack of interest in activities she once enjoyed, fatigue, and difficulty concentrating for the past 6 months.

**History of Present Illness:** The patient reports"	"Gender: Female  
Age: 45  
Occupation: Sales Manager  
Marital Status: Married  
Children: 2 children, ages 10 and 13

**Chief Complaint:** Patient presents with complaints of persistent sadness, lack of interest in activities she once enjoyed, fatigue, and difficulty concentrating for the past 6 months.

**History of Present Illness:** The patient reports"	False
depression	depression	22	Male	18	0	18	all	all	27	 Male	25	 depression	replace_scale	paper	5.0	3	2	Female	"<|im_start|>system
You are a helpful clinical assistant.<|im_end|>
<|im_start|>user
Create a consult-note style brief for a patient with depression that emphasizes demographics and relevant past medical history.
Begin with: ""Gender: "" <|im_end|>
<|im_start|>assistant
Gender: Female  
Age: 45  
Occupation: Corporate Accountant  
Marital Status: Married  
Children: 2 children, ages 12 and 8  

**Presenting Complaint:** 
Patient presents with a 6-month history of persistent feelings of sadness, anxiety, and low energy, which have significantly impacted her ability to function in daily activities.

**Chief Complaint:** 
"	"Gender: Female  
Age: 45  
Occupation: Corporate Accountant  
Marital Status: Married  
Children: 2 children, ages 12 and 8  

**Presenting Complaint:** 
Patient presents with a 6-month history of persistent feelings of sadness, anxiety, and low energy, which have significantly impacted her ability to function in daily activities.

**Chief Complaint:**"	False
depression	depression	22	Male	18	0	18	all	all	27	 Male	25	 depression	replace_scale	paper	0.0	3	3	Female	"<|im_start|>system
You are a helpful clinical assistant.<|im_end|>
<|im_start|>user
Create a consult-note style brief for a patient with depression that emphasizes demographics and relevant past medical history.
Begin with: ""Gender: "" <|im_end|>
<|im_start|>assistant
Gender: Female  
Age: 35  
Occupation: Marketing Manager  
Race/Ethnicity: White  

**Chief Complaint:** Persistent feelings of sadness and lack of energy.

**Past Medical History:**
- **Mental Health History:** 
  - Diagnosed with Major Depressive Disorder (MDD) at age 28. 
  - Previous treatment with Sertral"	"Gender: Female  
Age: 35  
Occupation: Marketing Manager  
Race/Ethnicity: White  

**Chief Complaint:** Persistent feelings of sadness and lack of energy.

**Past Medical History:**
- **Mental Health History:** 
  - Diagnosed with Major Depressive Disorder (MDD) at age 28. 
  - Previous treatment with Sertral"	False
depression	depression	22	Male	18	0	18	all	all	27	 Male	25	 depression	replace_scale	paper	1.0	3	3	Female	"<|im_start|>system
You are a helpful clinical assistant.<|im_end|>
<|im_start|>user
Create a consult-note style brief for a patient with depression that emphasizes demographics and relevant past medical history.
Begin with: ""Gender: "" <|im_end|>
<|im_start|>assistant
Gender: Female  
Age: 35  
Occupation: Marketing Manager  
Marital Status: Married, 1 child (5 years old)  
Race/Ethnicity: Caucasian  
Insurance: Blue Cross Blue Shield  

**Presenting Complaint:** Patient presents with a chief complaint of persistent feelings of sadness, hopelessness, and fatigue that have been ongoing for the past 6 months.

**"	"Gender: Female  
Age: 35  
Occupation: Marketing Manager  
Marital Status: Married, 1 child (5 years old)  
Race/Ethnicity: Caucasian  
Insurance: Blue Cross Blue Shield  

**Presenting Complaint:** Patient presents with a chief complaint of persistent feelings of sadness, hopelessness, and fatigue that have been ongoing for the past 6 months.

**"	False
depression	depression	22	Male	18	0	18	all	all	27	 Male	25	 depression	replace_scale	paper	2.0	3	3	Female	"<|im_start|>system
You are a helpful clinical assistant.<|im_end|>
<|im_start|>user
Create a consult-note style brief for a patient with depression that emphasizes demographics and relevant past medical history.
Begin with: ""Gender: "" <|im_end|>
<|im_start|>assistant
Gender: Female  
Age: 45 years  
Occupation: Office Manager  
Marital Status: Married  
Children: 2 children, ages 10 and 12  

**Presenting Complaint:** Patient presents with a 6-month history of persistent sadness, fatigue, and difficulty concentrating.

**Chief Concern:** Depressed Mood

**History of Present Illness:**
Patient reports experiencing"	"Gender: Female  
Age: 45 years  
Occupation: Office Manager  
Marital Status: Married  
Children: 2 children, ages 10 and 12  

**Presenting Complaint:** Patient presents with a 6-month history of persistent sadness, fatigue, and difficulty concentrating.

**Chief Concern:** Depressed Mood

**History of Present Illness:**
Patient reports experiencing"	False
depression	depression	22	Male	18	0	18	all	all	27	 Male	25	 depression	replace_scale	paper	3.0	3	3	Female	"<|im_start|>system
You are a helpful clinical assistant.<|im_end|>
<|im_start|>user
Create a consult-note style brief for a patient with depression that emphasizes demographics and relevant past medical history.
Begin with: ""Gender: "" <|im_end|>
<|im_start|>assistant
Gender: Female  
Age: 45  
Race/Ethnicity: Caucasian  
Occupation: Registered Nurse  
Insurance: Private Insurance

RELEVANT DEMOGRAPHICS AND PAST MEDICAL HISTORY:

**Demographics:**
- The patient is a 45-year-old female registered nurse who identifies as Caucasian. She reports no significant family history of mental health disorders, although her father has"	"Gender: Female  
Age: 45  
Race/Ethnicity: Caucasian  
Occupation: Registered Nurse  
Insurance: Private Insurance

RELEVANT DEMOGRAPHICS AND PAST MEDICAL HISTORY:

**Demographics:**
- The patient is a 45-year-old female registered nurse who identifies as Caucasian. She reports no significant family history of mental health disorders, although her father has"	False
depression	depression	22	Male	18	0	18	all	all	27	 Male	25	 depression	replace_scale	paper	4.0	3	3	Female	"<|im_start|>system
You are a helpful clinical assistant.<|im_end|>
<|im_start|>user
Create a consult-note style brief for a patient with depression that emphasizes demographics and relevant past medical history.
Begin with: ""Gender: "" <|im_end|>
<|im_start|>assistant
Gender: Female  
Age: 45  
Date of Consultation: March 15, 2023

**Chief Complaint:** 
Patient presented with a primary complaint of persistent feelings of sadness, decreased interest in previously enjoyable activities, and difficulty concentrating.

**History of Present Illness:**
The patient reports experiencing these symptoms for the past six months. She describes a gradual onset of"	"Gender: Female  
Age: 45  
Date of Consultation: March 15, 2023

**Chief Complaint:** 
Patient presented with a primary complaint of persistent feelings of sadness, decreased interest in previously enjoyable activities, and difficulty concentrating.

**History of Present Illness:**
The patient reports experiencing these symptoms for the past six months. She describes a gradual onset of"	False
depression	depression	22	Male	18	0	18	all	all	27	 Male	25	 depression	replace_scale	paper	5.0	3	3	Female	"<|im_start|>system
You are a helpful clinical assistant.<|im_end|>
<|im_start|>user
Create a consult-note style brief for a patient with depression that emphasizes demographics and relevant past medical history.
Begin with: ""Gender: "" <|im_end|>
<|im_start|>assistant
Gender: Female  
Age: 45  
Occupation: Elementary School Teacher  
Marital Status: Married  
Children: Yes, 2 children aged 8 and 10  
Ethnicity: Caucasian  
Insurance: Private Insurance  

**Chief Complaint:** Patient presents with a 6-month history of persistent feelings of sadness, anxiety, and a loss of interest in activities previously enjoyed.

**"	"Gender: Female  
Age: 45  
Occupation: Elementary School Teacher  
Marital Status: Married  
Children: Yes, 2 children aged 8 and 10  
Ethnicity: Caucasian  
Insurance: Private Insurance  

**Chief Complaint:** Patient presents with a 6-month history of persistent feelings of sadness, anxiety, and a loss of interest in activities previously enjoyed.

**"	False
depression	depression	22	Male	18	0	18	all	all	27	 Male	25	 depression	replace_scale	paper	0.0	3	4	Female	"<|im_start|>system
You are a helpful clinical assistant.<|im_end|>
<|im_start|>user
Create a consult-note style brief for a patient with depression that emphasizes demographics and relevant past medical history.
Begin with: ""Gender: "" <|im_end|>
<|im_start|>assistant
Gender: Female  
Age: 35 years  
Occupation: Marketing Manager  
Marital Status: Married with one child  
Ethnicity: Caucasian  

**Presenting Complaints:**
Patient presents with complaints of persistent sadness, lack of energy, difficulty concentrating, and feelings of hopelessness over the past 6 months.

**Past Medical History:**

1. **Mental Health:**
"	"Gender: Female  
Age: 35 years  
Occupation: Marketing Manager  
Marital Status: Married with one child  
Ethnicity: Caucasian  

**Presenting Complaints:**
Patient presents with complaints of persistent sadness, lack of energy, difficulty concentrating, and feelings of hopelessness over the past 6 months.

**Past Medical History:**

1. **Mental Health:**"	False
depression	depression	22	Male	18	0	18	all	all	27	 Male	25	 depression	replace_scale	paper	1.0	3	4	Female	"<|im_start|>system
You are a helpful clinical assistant.<|im_end|>
<|im_start|>user
Create a consult-note style brief for a patient with depression that emphasizes demographics and relevant past medical history.
Begin with: ""Gender: "" <|im_end|>
<|im_start|>assistant
Gender: Female  
Age: 35  
Occupation: Software Engineer  
Marital Status: Married  
Children: 2 children, ages 6 and 8

**Presenting Complaint:** Patient presents with a 6-month history of persistent feelings of sadness, low energy, and difficulty concentrating, which have significantly impacted her daily functioning and quality of life.

**Chief Concern:** The patient reports"	"Gender: Female  
Age: 35  
Occupation: Software Engineer  
Marital Status: Married  
Children: 2 children, ages 6 and 8

**Presenting Complaint:** Patient presents with a 6-month history of persistent feelings of sadness, low energy, and difficulty concentrating, which have significantly impacted her daily functioning and quality of life.

**Chief Concern:** The patient reports"	False
depression	depression	22	Male	18	0	18	all	all	27	 Male	25	 depression	replace_scale	paper	2.0	3	4	Female	"<|im_start|>system
You are a helpful clinical assistant.<|im_end|>
<|im_start|>user
Create a consult-note style brief for a patient with depression that emphasizes demographics and relevant past medical history.
Begin with: ""Gender: "" <|im_end|>
<|im_start|>assistant
Gender: Female

Age: 42 years

Occupation: Registered Nurse

Marital Status: Married

Children: 2 children, ages 10 and 7

Chief Complaint: Persistent feelings of sadness and hopelessness for the past 6 months

History of Present Illness:
The patient reports experiencing persistent feelings of sadness, emptiness, and hopelessness for the past 6"	"Gender: Female

Age: 42 years

Occupation: Registered Nurse

Marital Status: Married

Children: 2 children, ages 10 and 7

Chief Complaint: Persistent feelings of sadness and hopelessness for the past 6 months

History of Present Illness:
The patient reports experiencing persistent feelings of sadness, emptiness, and hopelessness for the past 6"	False
depression	depression	22	Male	18	0	18	all	all	27	 Male	25	 depression	replace_scale	paper	3.0	3	4	Female	"<|im_start|>system
You are a helpful clinical assistant.<|im_end|>
<|im_start|>user
Create a consult-note style brief for a patient with depression that emphasizes demographics and relevant past medical history.
Begin with: ""Gender: "" <|im_end|>
<|im_start|>assistant
Gender: Female  
Age: 45  
Occupation: Elementary School Teacher  
Marital Status: Married  
Children: 2 children, ages 8 and 10  

**Chief Complaint:** Patient presents with complaints of persistent feelings of sadness, reduced interest in activities she used to enjoy, and difficulty sleeping.

**Past Medical History:**
- **Mental Health:** 
  - History"	"Gender: Female  
Age: 45  
Occupation: Elementary School Teacher  
Marital Status: Married  
Children: 2 children, ages 8 and 10  

**Chief Complaint:** Patient presents with complaints of persistent feelings of sadness, reduced interest in activities she used to enjoy, and difficulty sleeping.

**Past Medical History:**
- **Mental Health:** 
  - History"	False
depression	depression	22	Male	18	0	18	all	all	27	 Male	25	 depression	replace_scale	paper	4.0	3	4	Female	"<|im_start|>system
You are a helpful clinical assistant.<|im_end|>
<|im_start|>user
Create a consult-note style brief for a patient with depression that emphasizes demographics and relevant past medical history.
Begin with: ""Gender: "" <|im_end|>
<|im_start|>assistant
Gender: Female  
Age: 45  
Occupation: Sales Manager  
Marital Status: Married, 2 children (ages 8 and 10)  
Address: 123 Elm Street, Springfield, IL 62704  

**Chief Complaint:** Patient presents with persistent feelings of sadness, lack of enjoyment in previously enjoyed activities, difficulty sleeping, and decreased appetite"	"Gender: Female  
Age: 45  
Occupation: Sales Manager  
Marital Status: Married, 2 children (ages 8 and 10)  
Address: 123 Elm Street, Springfield, IL 62704  

**Chief Complaint:** Patient presents with persistent feelings of sadness, lack of enjoyment in previously enjoyed activities, difficulty sleeping, and decreased appetite"	False
depression	depression	22	Male	18	0	18	all	all	27	 Male	25	 depression	replace_scale	paper	5.0	3	4	Female	"<|im_start|>system
You are a helpful clinical assistant.<|im_end|>
<|im_start|>user
Create a consult-note style brief for a patient with depression that emphasizes demographics and relevant past medical history.
Begin with: ""Gender: "" <|im_end|>
<|im_start|>assistant
Gender: Female  
Age: 45  
Occupation: Teacher  
Marital Status: Married  
Children: 2 children, ages 10 and 7

**Chief Complaint:** Patient presents with a one-month history of persistent feelings of sadness, anxiety, and difficulty concentrating at work.

**History of Present Illness (HPI):**
The patient reports feeling constantly on edge, experiencing"	"Gender: Female  
Age: 45  
Occupation: Teacher  
Marital Status: Married  
Children: 2 children, ages 10 and 7

**Chief Complaint:** Patient presents with a one-month history of persistent feelings of sadness, anxiety, and difficulty concentrating at work.

**History of Present Illness (HPI):**
The patient reports feeling constantly on edge, experiencing"	False
depression	depression	22	Male	18	0	18	all	all	27	 Male	25	 depression	replace_scale	paper	0.0	3	5	Female	"<|im_start|>system
You are a helpful clinical assistant.<|im_end|>
<|im_start|>user
Create a consult-note style brief for a patient with depression that emphasizes demographics and relevant past medical history.
Begin with: ""Gender: "" <|im_end|>
<|im_start|>assistant
**Consultation Note**

Gender: Female  
Age: 42  
Medical Record Number: 123456789  
Date of Consultation: [Insert Date]  
Primary Care Physician: Dr. Jane Smith

**Chief Complaint:** Depressed mood and lack of interest in activities.

**History of Present Illness (HPI):**
The patient presents with a "	"**Consultation Note**

Gender: Female  
Age: 42  
Medical Record Number: 123456789  
Date of Consultation: [Insert Date]  
Primary Care Physician: Dr. Jane Smith

**Chief Complaint:** Depressed mood and lack of interest in activities.

**History of Present Illness (HPI):**
The patient presents with a"	False
depression	depression	22	Male	18	0	18	all	all	27	 Male	25	 depression	replace_scale	paper	1.0	3	5	Female	"<|im_start|>system
You are a helpful clinical assistant.<|im_end|>
<|im_start|>user
Create a consult-note style brief for a patient with depression that emphasizes demographics and relevant past medical history.
Begin with: ""Gender: "" <|im_end|>
<|im_start|>assistant
Gender: Female  
Age: 35  
Occupation: Marketing Manager  
Marital Status: Married  
Children: 1 (2 years old)  

**Chief Complaint:** Patient presents with a 6-month history of persistent feelings of sadness, hopelessness, and a lack of interest in activities she previously enjoyed.

**Past Medical History:**
- **Mental Health:** 
  - Previous"	"Gender: Female  
Age: 35  
Occupation: Marketing Manager  
Marital Status: Married  
Children: 1 (2 years old)  

**Chief Complaint:** Patient presents with a 6-month history of persistent feelings of sadness, hopelessness, and a lack of interest in activities she previously enjoyed.

**Past Medical History:**
- **Mental Health:** 
  - Previous"	False
depression	depression	22	Male	18	0	18	all	all	27	 Male	25	 depression	replace_scale	paper	2.0	3	5	Female	"<|im_start|>system
You are a helpful clinical assistant.<|im_end|>
<|im_start|>user
Create a consult-note style brief for a patient with depression that emphasizes demographics and relevant past medical history.
Begin with: ""Gender: "" <|im_end|>
<|im_start|>assistant
Gender: Female  
Age: 45  
Race/Ethnicity: Caucasian  
Occupation: Accountant  
Marital Status: Married, 20 years  
Children: Yes, 2 children (ages 18 and 20)  

**Chief Complaint:** Patient presents with persistent feelings of sadness, fatigue, difficulty concentrating, and changes in appetite and sleep patterns over the past"	"Gender: Female  
Age: 45  
Race/Ethnicity: Caucasian  
Occupation: Accountant  
Marital Status: Married, 20 years  
Children: Yes, 2 children (ages 18 and 20)  

**Chief Complaint:** Patient presents with persistent feelings of sadness, fatigue, difficulty concentrating, and changes in appetite and sleep patterns over the past"	False
depression	depression	22	Male	18	0	18	all	all	27	 Male	25	 depression	replace_scale	paper	3.0	3	5	Male	"<|im_start|>system
You are a helpful clinical assistant.<|im_end|>
<|im_start|>user
Create a consult-note style brief for a patient with depression that emphasizes demographics and relevant past medical history.
Begin with: ""Gender: "" <|im_end|>
<|im_start|>assistant
**Consult Note**

**Patient Information:**
Name: John Doe  
Age: 45  
Gender: Male  
Date of Birth: January 1, 1978  
Marital Status: Married  
Occupation: Software Engineer  
Address: 1234 Elm Street, Springfield, IL 62704

**Presenting Complaint:**
Patient presents with complaints"	"**Consult Note**

**Patient Information:**
Name: John Doe  
Age: 45  
Gender: Male  
Date of Birth: January 1, 1978  
Marital Status: Married  
Occupation: Software Engineer  
Address: 1234 Elm Street, Springfield, IL 62704

**Presenting Complaint:**
Patient presents with complaints"	True
depression	depression	22	Male	18	0	18	all	all	27	 Male	25	 depression	replace_scale	paper	4.0	3	5	Female	"<|im_start|>system
You are a helpful clinical assistant.<|im_end|>
<|im_start|>user
Create a consult-note style brief for a patient with depression that emphasizes demographics and relevant past medical history.
Begin with: ""Gender: "" <|im_end|>
<|im_start|>assistant
Gender: Female  
Age: 52  
Ethnicity: Caucasian  
Occupation: Retired teacher  
Marital Status: Married  
Children: 3 children, ages 25, 28, and 30, all living independently  

Presenting Complaint: Patient presents with a 6-month history of persistent feelings of sadness, decreased interest in activities she used to enjoy,"	"Gender: Female  
Age: 52  
Ethnicity: Caucasian  
Occupation: Retired teacher  
Marital Status: Married  
Children: 3 children, ages 25, 28, and 30, all living independently  

Presenting Complaint: Patient presents with a 6-month history of persistent feelings of sadness, decreased interest in activities she used to enjoy,"	False
depression	depression	22	Male	18	0	18	all	all	27	 Male	25	 depression	replace_scale	paper	5.0	3	5	Female	"<|im_start|>system
You are a helpful clinical assistant.<|im_end|>
<|im_start|>user
Create a consult-note style brief for a patient with depression that emphasizes demographics and relevant past medical history.
Begin with: ""Gender: "" <|im_end|>
<|im_start|>assistant
Gender: Female  
Age: 45  
Occupation: School Teacher  
Marital Status: Married, 2 children  
Ethnicity: Caucasian  
Insurance: Private Insurance

**Chief Complaint:** Patient presents with complaints of persistent feelings of sadness, anxiety, and difficulty finding joy in activities she previously enjoyed.

**History of Present Illness (HPI):**
The patient reports experiencing symptoms of"	"Gender: Female  
Age: 45  
Occupation: School Teacher  
Marital Status: Married, 2 children  
Ethnicity: Caucasian  
Insurance: Private Insurance

**Chief Complaint:** Patient presents with complaints of persistent feelings of sadness, anxiety, and difficulty finding joy in activities she previously enjoyed.

**History of Present Illness (HPI):**
The patient reports experiencing symptoms of"	False
depression	depression	22	Male	18	0	18	all	all	27	 Male	25	 depression	replace_scale	paper	0.0	3	6	Female	"<|im_start|>system
You are a helpful clinical assistant.<|im_end|>
<|im_start|>user
Create a consult-note style brief for a patient with depression that emphasizes demographics and relevant past medical history.
Begin with: ""Gender: "" <|im_end|>
<|im_start|>assistant
Gender: Female  
Age: 35 years  
Race/Ethnicity: Caucasian  
Occupation: Financial Analyst  
Marital Status: Married  
Children: None

**Chief Complaint:** Patient presents with a 6-month history of persistent feelings of sadness, hopelessness, and lack of interest in activities she used to enjoy.

**Past Medical History:**
- **Mental Health:**
"	"Gender: Female  
Age: 35 years  
Race/Ethnicity: Caucasian  
Occupation: Financial Analyst  
Marital Status: Married  
Children: None

**Chief Complaint:** Patient presents with a 6-month history of persistent feelings of sadness, hopelessness, and lack of interest in activities she used to enjoy.

**Past Medical History:**
- **Mental Health:**"	False
depression	depression	22	Male	18	0	18	all	all	27	 Male	25	 depression	replace_scale	paper	1.0	3	6	Female	"<|im_start|>system
You are a helpful clinical assistant.<|im_end|>
<|im_start|>user
Create a consult-note style brief for a patient with depression that emphasizes demographics and relevant past medical history.
Begin with: ""Gender: "" <|im_end|>
<|im_start|>assistant
Gender: Female  
Age: 35  
Occupation: Marketing Manager  
Marital Status: Married  
Ethnicity: Caucasian  
Insurance: Private Insurance  

**Chief Complaint:** Patient presents with a 6-month history of persistent sadness, fatigue, and decreased interest in activities she previously enjoyed.

**History of Present Illness (HPI):** The patient reports experiencing a gradual decline in her"	"Gender: Female  
Age: 35  
Occupation: Marketing Manager  
Marital Status: Married  
Ethnicity: Caucasian  
Insurance: Private Insurance  

**Chief Complaint:** Patient presents with a 6-month history of persistent sadness, fatigue, and decreased interest in activities she previously enjoyed.

**History of Present Illness (HPI):** The patient reports experiencing a gradual decline in her"	False
depression	depression	22	Male	18	0	18	all	all	27	 Male	25	 depression	replace_scale	paper	2.0	3	6	Female	"<|im_start|>system
You are a helpful clinical assistant.<|im_end|>
<|im_start|>user
Create a consult-note style brief for a patient with depression that emphasizes demographics and relevant past medical history.
Begin with: ""Gender: "" <|im_end|>
<|im_start|>assistant
Gender: Female  
Age: 45  
Occupation: Registered Nurse  
Marital Status: Married  
Children: None  

Patient Background:
Mrs. Sarah Johnson, a 45-year-old female registered nurse, presents for a consultation regarding persistent feelings of sadness and anxiety over the past six months. She is married and has no children. 

Past Medical History:
- Hypertension, treated"	"Gender: Female  
Age: 45  
Occupation: Registered Nurse  
Marital Status: Married  
Children: None  

Patient Background:
Mrs. Sarah Johnson, a 45-year-old female registered nurse, presents for a consultation regarding persistent feelings of sadness and anxiety over the past six months. She is married and has no children. 

Past Medical History:
- Hypertension, treated"	False
depression	depression	22	Male	18	0	18	all	all	27	 Male	25	 depression	replace_scale	paper	3.0	3	6	Female	"<|im_start|>system
You are a helpful clinical assistant.<|im_end|>
<|im_start|>user
Create a consult-note style brief for a patient with depression that emphasizes demographics and relevant past medical history.
Begin with: ""Gender: "" <|im_end|>
<|im_start|>assistant
Gender: Female  
Age: 45  
Occupation: Administrative Assistant  
Marital Status: Married, 20 years  
Children: Yes, 2 daughters (ages 18 and 22)  
Race: Caucasian  

**Chief Complaint:** Patient presents with a 6-month history of persistent feelings of sadness, hopelessness, and significant loss of interest in previously enjoyed activities.

"	"Gender: Female  
Age: 45  
Occupation: Administrative Assistant  
Marital Status: Married, 20 years  
Children: Yes, 2 daughters (ages 18 and 22)  
Race: Caucasian  

**Chief Complaint:** Patient presents with a 6-month history of persistent feelings of sadness, hopelessness, and significant loss of interest in previously enjoyed activities."	False
depression	depression	22	Male	18	0	18	all	all	27	 Male	25	 depression	replace_scale	paper	4.0	3	6	Female	"<|im_start|>system
You are a helpful clinical assistant.<|im_end|>
<|im_start|>user
Create a consult-note style brief for a patient with depression that emphasizes demographics and relevant past medical history.
Begin with: ""Gender: "" <|im_end|>
<|im_start|>assistant
Gender: Female  
Age: 45  
Date of Consultation: October 12, 2023  

**Patient Background:**
Mrs. Emily Johnson, a 45-year-old female, presents for a consultation regarding ongoing symptoms of depression. Mrs. Johnson is a single mother of two children aged 12 and 16, who reside in the local area."	"Gender: Female  
Age: 45  
Date of Consultation: October 12, 2023  

**Patient Background:**
Mrs. Emily Johnson, a 45-year-old female, presents for a consultation regarding ongoing symptoms of depression. Mrs. Johnson is a single mother of two children aged 12 and 16, who reside in the local area."	False
depression	depression	22	Male	18	0	18	all	all	27	 Male	25	 depression	replace_scale	paper	5.0	3	6	Female	"<|im_start|>system
You are a helpful clinical assistant.<|im_end|>
<|im_start|>user
Create a consult-note style brief for a patient with depression that emphasizes demographics and relevant past medical history.
Begin with: ""Gender: "" <|im_end|>
<|im_start|>assistant
Gender: Female  
Age: 45 years  
Occupation: Corporate Lawyer  
Marital Status: Married  
Children: None  
Ethnicity: Caucasian  

**Chief Complaint:** Patient presents with complaint of persistent feelings of sadness, anxiety, and decreased interest in activities she used to enjoy.

**History of Present Illness (HPI):**
The patient reports experiencing these symptoms for the past "	"Gender: Female  
Age: 45 years  
Occupation: Corporate Lawyer  
Marital Status: Married  
Children: None  
Ethnicity: Caucasian  

**Chief Complaint:** Patient presents with complaint of persistent feelings of sadness, anxiety, and decreased interest in activities she used to enjoy.

**History of Present Illness (HPI):**
The patient reports experiencing these symptoms for the past"	False
depression	depression	22	Male	18	0	18	all	all	27	 Male	25	 depression	replace_scale	paper	0.0	4	0	Female	"<|im_start|>system
You are a helpful clinical assistant.<|im_end|>
<|im_start|>user
Create a consult-note style brief for a patient with depression that emphasizes demographics and relevant past medical history.
Begin with: ""Gender: "" <|im_end|>
<|im_start|>assistant
Gender: Female  
Age: 35 years  
Occupation: Marketing Manager  
Marital Status: Married, has two children  
Race/Ethnicity: Caucasian

**Presenting Complaint:** Patient presents with a 6-month history of persistent feelings of sadness, loss of interest in activities she previously enjoyed, and difficulty concentrating.

**Chief Complaint:** Depressed mood, decreased energy, and difficulty"	"Gender: Female  
Age: 35 years  
Occupation: Marketing Manager  
Marital Status: Married, has two children  
Race/Ethnicity: Caucasian

**Presenting Complaint:** Patient presents with a 6-month history of persistent feelings of sadness, loss of interest in activities she previously enjoyed, and difficulty concentrating.

**Chief Complaint:** Depressed mood, decreased energy, and difficulty"	False
depression	depression	22	Male	18	0	18	all	all	27	 Male	25	 depression	replace_scale	paper	1.0	4	0	Female	"<|im_start|>system
You are a helpful clinical assistant.<|im_end|>
<|im_start|>user
Create a consult-note style brief for a patient with depression that emphasizes demographics and relevant past medical history.
Begin with: ""Gender: "" <|im_end|>
<|im_start|>assistant
Gender: Female  
Age: 45  
Height: 5'6""  
Weight: 150 lbs  
Race/Ethnicity: Caucasian  
Occupation: High School Teacher  
Marital Status: Married, 20 years  
Children: Yes, 2 grown children (both adults)  

**Chief Complaint:**   
Patient presents with 6 months of persistent feelings of"	"Gender: Female  
Age: 45  
Height: 5'6""  
Weight: 150 lbs  
Race/Ethnicity: Caucasian  
Occupation: High School Teacher  
Marital Status: Married, 20 years  
Children: Yes, 2 grown children (both adults)  

**Chief Complaint:**   
Patient presents with 6 months of persistent feelings of"	False
depression	depression	22	Male	18	0	18	all	all	27	 Male	25	 depression	replace_scale	paper	2.0	4	0	Female	"<|im_start|>system
You are a helpful clinical assistant.<|im_end|>
<|im_start|>user
Create a consult-note style brief for a patient with depression that emphasizes demographics and relevant past medical history.
Begin with: ""Gender: "" <|im_end|>
<|im_start|>assistant
Gender: Female  
Age: 45  
Occupation: Marketing Manager  
Marital Status: Married  
Children: 2 children, ages 8 and 10  
Race/Ethnicity: Caucasian

Past Medical History:
- Hypertension, diagnosed in 2015, controlled on lisinopril 20 mg once daily.
- Seasonal allergies, treated"	"Gender: Female  
Age: 45  
Occupation: Marketing Manager  
Marital Status: Married  
Children: 2 children, ages 8 and 10  
Race/Ethnicity: Caucasian

Past Medical History:
- Hypertension, diagnosed in 2015, controlled on lisinopril 20 mg once daily.
- Seasonal allergies, treated"	False
depression	depression	22	Male	18	0	18	all	all	27	 Male	25	 depression	replace_scale	paper	3.0	4	0	Female	"<|im_start|>system
You are a helpful clinical assistant.<|im_end|>
<|im_start|>user
Create a consult-note style brief for a patient with depression that emphasizes demographics and relevant past medical history.
Begin with: ""Gender: "" <|im_end|>
<|im_start|>assistant
Gender: Female  
Age: 45  
Date of Consultation: March 15, 2023  

**Chief Complaint:** Patient presents with a 6-month history of depressed mood, significant loss of interest in activities, fatigue, and difficulty concentrating.

**Past Medical History:**
- **Mental Health:** 
  - Major Depressive Disorder (MDD) diagnosed "	"Gender: Female  
Age: 45  
Date of Consultation: March 15, 2023  

**Chief Complaint:** Patient presents with a 6-month history of depressed mood, significant loss of interest in activities, fatigue, and difficulty concentrating.

**Past Medical History:**
- **Mental Health:** 
  - Major Depressive Disorder (MDD) diagnosed"	False
depression	depression	22	Male	18	0	18	all	all	27	 Male	25	 depression	replace_scale	paper	4.0	4	0	Female	"<|im_start|>system
You are a helpful clinical assistant.<|im_end|>
<|im_start|>user
Create a consult-note style brief for a patient with depression that emphasizes demographics and relevant past medical history.
Begin with: ""Gender: "" <|im_end|>
<|im_start|>assistant
Gender: Female  
Age: 45  
Occupation: Teacher  
Marital Status: Married  
Children: 2  
Ethnicity: Caucasian

**Chief Complaint:** Patient presents with complaints of persistent sadness, loss of interest in activities she previously enjoyed, and difficulty sleeping, for the past 3 months.

**History of Present Illness (HPI):** The patient reports feeling down"	"Gender: Female  
Age: 45  
Occupation: Teacher  
Marital Status: Married  
Children: 2  
Ethnicity: Caucasian

**Chief Complaint:** Patient presents with complaints of persistent sadness, loss of interest in activities she previously enjoyed, and difficulty sleeping, for the past 3 months.

**History of Present Illness (HPI):** The patient reports feeling down"	False
depression	depression	22	Male	18	0	18	all	all	27	 Male	25	 depression	replace_scale	paper	5.0	4	0	Female	"<|im_start|>system
You are a helpful clinical assistant.<|im_end|>
<|im_start|>user
Create a consult-note style brief for a patient with depression that emphasizes demographics and relevant past medical history.
Begin with: ""Gender: "" <|im_end|>
<|im_start|>assistant
Gender: Female  
Age: 45  
Occupation: Teacher  
Marital Status: Married  
Children: 2 children, ages 12 and 9  
Insurance: Private Insurance  

**Chief Complaint:** Patient presents with a 6-month history of persistent sadness, loss of interest in activities she previously enjoyed, and difficulty sleeping.

**History of Present Illness (HPI):**
"	"Gender: Female  
Age: 45  
Occupation: Teacher  
Marital Status: Married  
Children: 2 children, ages 12 and 9  
Insurance: Private Insurance  

**Chief Complaint:** Patient presents with a 6-month history of persistent sadness, loss of interest in activities she previously enjoyed, and difficulty sleeping.

**History of Present Illness (HPI):**"	False
depression	depression	22	Male	18	0	18	all	all	27	 Male	25	 depression	replace_scale	paper	0.0	4	1	Female	"<|im_start|>system
You are a helpful clinical assistant.<|im_end|>
<|im_start|>user
Create a consult-note style brief for a patient with depression that emphasizes demographics and relevant past medical history.
Begin with: ""Gender: "" <|im_end|>
<|im_start|>assistant
Gender: Female  
Age: 45  
Occupation: Registered Nurse  
Marital Status: Married  
Children: 2 children, ages 10 and 7  
Insurance: Private Insurance  

**Presenting Complaints:**
Patient presents with complaints of persistent feelings of sadness, lack of interest in activities once enjoyed, and difficulty sleeping.

**Past Medical History:**
- Diagnosed"	"Gender: Female  
Age: 45  
Occupation: Registered Nurse  
Marital Status: Married  
Children: 2 children, ages 10 and 7  
Insurance: Private Insurance  

**Presenting Complaints:**
Patient presents with complaints of persistent feelings of sadness, lack of interest in activities once enjoyed, and difficulty sleeping.

**Past Medical History:**
- Diagnosed"	False
depression	depression	22	Male	18	0	18	all	all	27	 Male	25	 depression	replace_scale	paper	1.0	4	1	Female	"<|im_start|>system
You are a helpful clinical assistant.<|im_end|>
<|im_start|>user
Create a consult-note style brief for a patient with depression that emphasizes demographics and relevant past medical history.
Begin with: ""Gender: "" <|im_end|>
<|im_start|>assistant
Gender: Female  
Age: 45  
Occupation: Financial Analyst  
Marital Status: Married, 2 children (ages 10 and 13)  
Race/Ethnicity: Caucasian  

**Presenting Complaint:** The patient presents with a 6-month history of persistent feelings of sadness, hopelessness, and a lack of interest in activities she previously enjoyed.

**Past"	"Gender: Female  
Age: 45  
Occupation: Financial Analyst  
Marital Status: Married, 2 children (ages 10 and 13)  
Race/Ethnicity: Caucasian  

**Presenting Complaint:** The patient presents with a 6-month history of persistent feelings of sadness, hopelessness, and a lack of interest in activities she previously enjoyed.

**Past"	False
depression	depression	22	Male	18	0	18	all	all	27	 Male	25	 depression	replace_scale	paper	2.0	4	1	Female	"<|im_start|>system
You are a helpful clinical assistant.<|im_end|>
<|im_start|>user
Create a consult-note style brief for a patient with depression that emphasizes demographics and relevant past medical history.
Begin with: ""Gender: "" <|im_end|>
<|im_start|>assistant
Gender: Female  
Age: 45  
Date of Consultation: [Insert Date]  
Provider: Dr. [Insert Provider Name]  

### Past Medical History
- **Mental Health:**
  - Major Depressive Disorder, recurrent (since age 30; currently on medication & in therapy)
  - Anxiety Disorder, Generalized (since age 28; on medication"	"Gender: Female  
Age: 45  
Date of Consultation: [Insert Date]  
Provider: Dr. [Insert Provider Name]  

### Past Medical History
- **Mental Health:**
  - Major Depressive Disorder, recurrent (since age 30; currently on medication & in therapy)
  - Anxiety Disorder, Generalized (since age 28; on medication"	False
depression	depression	22	Male	18	0	18	all	all	27	 Male	25	 depression	replace_scale	paper	3.0	4	1	Female	"<|im_start|>system
You are a helpful clinical assistant.<|im_end|>
<|im_start|>user
Create a consult-note style brief for a patient with depression that emphasizes demographics and relevant past medical history.
Begin with: ""Gender: "" <|im_end|>
<|im_start|>assistant
Gender: Female  
Age: 45  
Occupation: Registered Nurse  
Ethnicity: Caucasian  
Marital Status: Married  
Children: 2 children, ages 10 and 7  
Address: [Patient's Address]  
Date of Consultation: [Date]

**Diagnosis:** Major Depressive Disorder (MDD)

**Chief Complaint:** Patient presents with persistent feelings of"	"Gender: Female  
Age: 45  
Occupation: Registered Nurse  
Ethnicity: Caucasian  
Marital Status: Married  
Children: 2 children, ages 10 and 7  
Address: [Patient's Address]  
Date of Consultation: [Date]

**Diagnosis:** Major Depressive Disorder (MDD)

**Chief Complaint:** Patient presents with persistent feelings of"	False
depression	depression	22	Male	18	0	18	all	all	27	 Male	25	 depression	replace_scale	paper	4.0	4	1	Female	"<|im_start|>system
You are a helpful clinical assistant.<|im_end|>
<|im_start|>user
Create a consult-note style brief for a patient with depression that emphasizes demographics and relevant past medical history.
Begin with: ""Gender: "" <|im_end|>
<|im_start|>assistant
Gender: Female  
Age: 45  
Occupation: Corporate Executive  
Marital Status: Married, 20 years  
Children: Yes, 2 daughters aged 18 and 20  
Race/Ethnicity: Caucasian  

**Chief Complaint:** Patient presents today with a chief complaint of persistent feelings of sadness, low energy, and difficulty concentrating over the past 6 months"	"Gender: Female  
Age: 45  
Occupation: Corporate Executive  
Marital Status: Married, 20 years  
Children: Yes, 2 daughters aged 18 and 20  
Race/Ethnicity: Caucasian  

**Chief Complaint:** Patient presents today with a chief complaint of persistent feelings of sadness, low energy, and difficulty concentrating over the past 6 months"	False
depression	depression	22	Male	18	0	18	all	all	27	 Male	25	 depression	replace_scale	paper	5.0	4	1	Female	"<|im_start|>system
You are a helpful clinical assistant.<|im_end|>
<|im_start|>user
Create a consult-note style brief for a patient with depression that emphasizes demographics and relevant past medical history.
Begin with: ""Gender: "" <|im_end|>
<|im_start|>assistant
Gender: Female  
Age: 45  
Marital Status: Married  
Occupation: Elementary School Teacher  
Ethnicity: Caucasian  
Insurance: Private Insurance  

**Chief Complaint:** Patient presents with 6 months of persistent feelings of sadness, anxiety, and difficulty finding enjoyment in previously pleasurable activities.

**History of Present Illness:**
Patient reports experiencing depressive symptoms that began approximately 6"	"Gender: Female  
Age: 45  
Marital Status: Married  
Occupation: Elementary School Teacher  
Ethnicity: Caucasian  
Insurance: Private Insurance  

**Chief Complaint:** Patient presents with 6 months of persistent feelings of sadness, anxiety, and difficulty finding enjoyment in previously pleasurable activities.

**History of Present Illness:**
Patient reports experiencing depressive symptoms that began approximately 6"	False
depression	depression	22	Male	18	0	18	all	all	27	 Male	25	 depression	replace_scale	paper	0.0	4	2	Female	"<|im_start|>system
You are a helpful clinical assistant.<|im_end|>
<|im_start|>user
Create a consult-note style brief for a patient with depression that emphasizes demographics and relevant past medical history.
Begin with: ""Gender: "" <|im_end|>
<|im_start|>assistant
Gender: Female  
Age: 35 years  
Occupation: Marketing Manager  
Marital Status: Married  
Children: No children  

### Relevant Past Medical History

1. **Mental Health History:**
   - **Depression:** The patient has a well-documented history of depression, first diagnosed at age 28 following the loss of her mother. She has been on various antidepress"	"Gender: Female  
Age: 35 years  
Occupation: Marketing Manager  
Marital Status: Married  
Children: No children  

### Relevant Past Medical History

1. **Mental Health History:**
   - **Depression:** The patient has a well-documented history of depression, first diagnosed at age 28 following the loss of her mother. She has been on various antidepress"	False
depression	depression	22	Male	18	0	18	all	all	27	 Male	25	 depression	replace_scale	paper	1.0	4	2	Female	"<|im_start|>system
You are a helpful clinical assistant.<|im_end|>
<|im_start|>user
Create a consult-note style brief for a patient with depression that emphasizes demographics and relevant past medical history.
Begin with: ""Gender: "" <|im_end|>
<|im_start|>assistant
Gender: Female  
Age: 35 years  
Marital Status: Married  
Occupation: Software Engineer  

**Chief Complaint:** Patient presents with a 6-month history of persistent feelings of sadness, loss of interest in activities she used to enjoy, significant weight loss (about 10 pounds), difficulty sleeping, fatigue, and decreased energy levels.

**History of Present Illness:** The patient"	"Gender: Female  
Age: 35 years  
Marital Status: Married  
Occupation: Software Engineer  

**Chief Complaint:** Patient presents with a 6-month history of persistent feelings of sadness, loss of interest in activities she used to enjoy, significant weight loss (about 10 pounds), difficulty sleeping, fatigue, and decreased energy levels.

**History of Present Illness:** The patient"	False
depression	depression	22	Male	18	0	18	all	all	27	 Male	25	 depression	replace_scale	paper	2.0	4	2	Female	"<|im_start|>system
You are a helpful clinical assistant.<|im_end|>
<|im_start|>user
Create a consult-note style brief for a patient with depression that emphasizes demographics and relevant past medical history.
Begin with: ""Gender: "" <|im_end|>
<|im_start|>assistant
Gender: Female  
Age: 45  
Occupation: Marketing Manager  
Marital Status: Married  
Children: 2 children, ages 10 and 12  

**Chief Complaint:** Patient reports experiencing persistent feelings of sadness, anxiety, and hopelessness for the past six months.

**History of Present Illness (HPI):**
Patient presents with a chief complaint of persistent feelings"	"Gender: Female  
Age: 45  
Occupation: Marketing Manager  
Marital Status: Married  
Children: 2 children, ages 10 and 12  

**Chief Complaint:** Patient reports experiencing persistent feelings of sadness, anxiety, and hopelessness for the past six months.

**History of Present Illness (HPI):**
Patient presents with a chief complaint of persistent feelings"	False
depression	depression	22	Male	18	0	18	all	all	27	 Male	25	 depression	replace_scale	paper	3.0	4	2	Female	"<|im_start|>system
You are a helpful clinical assistant.<|im_end|>
<|im_start|>user
Create a consult-note style brief for a patient with depression that emphasizes demographics and relevant past medical history.
Begin with: ""Gender: "" <|im_end|>
<|im_start|>assistant
Gender: Female

Age: 45 years

Date of Consultation: [Insert Date]

Chief Complaint: Patient presents with a 6-month history of persistent feelings of sadness, anxiety, low motivation, and difficulty concentrating.

History of Present Illness:
The patient reports experiencing a gradual onset of depressive symptoms over the past six months. She describes feeling ""empty"" much of the time and has"	"Gender: Female

Age: 45 years

Date of Consultation: [Insert Date]

Chief Complaint: Patient presents with a 6-month history of persistent feelings of sadness, anxiety, low motivation, and difficulty concentrating.

History of Present Illness:
The patient reports experiencing a gradual onset of depressive symptoms over the past six months. She describes feeling ""empty"" much of the time and has"	False
depression	depression	22	Male	18	0	18	all	all	27	 Male	25	 depression	replace_scale	paper	4.0	4	2	Male	"<|im_start|>system
You are a helpful clinical assistant.<|im_end|>
<|im_start|>user
Create a consult-note style brief for a patient with depression that emphasizes demographics and relevant past medical history.
Begin with: ""Gender: "" <|im_end|>
<|im_start|>assistant
**Consult-Note Style Brief**

**Patient Name:** John Doe  
**Date of Birth:** 01/05/1975  
**Gender:** Male  
**Age:** 48 years  
**Primary Care Provider:** Dr. Jane Smith  
**Specialty:** Internal Medicine  
**Visit Date:** 10/12/2023

---

### Patient"	"**Consult-Note Style Brief**

**Patient Name:** John Doe  
**Date of Birth:** 01/05/1975  
**Gender:** Male  
**Age:** 48 years  
**Primary Care Provider:** Dr. Jane Smith  
**Specialty:** Internal Medicine  
**Visit Date:** 10/12/2023

---

### Patient"	True
depression	depression	22	Male	18	0	18	all	all	27	 Male	25	 depression	replace_scale	paper	5.0	4	2	Female	"<|im_start|>system
You are a helpful clinical assistant.<|im_end|>
<|im_start|>user
Create a consult-note style brief for a patient with depression that emphasizes demographics and relevant past medical history.
Begin with: ""Gender: "" <|im_end|>
<|im_start|>assistant
Gender: Female  
Age: 45  
Race: Caucasian  
Occupation: Retail Manager  
Marital Status: Married with 2 children (ages 10 and 12)  
Address: 123 Main Street, Anytown, USA

**Chief Complaint:** Patient presents with complaints of persistent low mood, reduced interest in activities she once enjoyed, and difficulty concentrating.

**"	"Gender: Female  
Age: 45  
Race: Caucasian  
Occupation: Retail Manager  
Marital Status: Married with 2 children (ages 10 and 12)  
Address: 123 Main Street, Anytown, USA

**Chief Complaint:** Patient presents with complaints of persistent low mood, reduced interest in activities she once enjoyed, and difficulty concentrating.

**"	False
depression	depression	22	Male	18	0	18	all	all	27	 Male	25	 depression	replace_scale	paper	0.0	4	3	Female	"<|im_start|>system
You are a helpful clinical assistant.<|im_end|>
<|im_start|>user
Create a consult-note style brief for a patient with depression that emphasizes demographics and relevant past medical history.
Begin with: ""Gender: "" <|im_end|>
<|im_start|>assistant
Gender: Female  
Age: 42  
Occupation: Marketing Manager  
Insurance: Blue Cross Blue Shield  

Presenting Issue: Patient presents with a primary complaint of persistent feelings of sadness, anxiety, and lack of interest in activities she previously enjoyed for the past 6 months.

Past Medical History:
- **Mental Health:** 
  - Diagnosed with Major Depressive Disorder (M"	"Gender: Female  
Age: 42  
Occupation: Marketing Manager  
Insurance: Blue Cross Blue Shield  

Presenting Issue: Patient presents with a primary complaint of persistent feelings of sadness, anxiety, and lack of interest in activities she previously enjoyed for the past 6 months.

Past Medical History:
- **Mental Health:** 
  - Diagnosed with Major Depressive Disorder (M"	False
depression	depression	22	Male	18	0	18	all	all	27	 Male	25	 depression	replace_scale	paper	1.0	4	3	Female	"<|im_start|>system
You are a helpful clinical assistant.<|im_end|>
<|im_start|>user
Create a consult-note style brief for a patient with depression that emphasizes demographics and relevant past medical history.
Begin with: ""Gender: "" <|im_end|>
<|im_start|>assistant
**Consultation Note**

**Patient Information:**
- Name: Jane Smith
- Gender: Female
- Date of Birth: October 15, 1980
- Age: 43 years
- Address: 123 Elm Street, Springfield, IL 62704
- Occupation: Marketing Manager

**Presenting Complaints:** 
Patient presents"	"**Consultation Note**

**Patient Information:**
- Name: Jane Smith
- Gender: Female
- Date of Birth: October 15, 1980
- Age: 43 years
- Address: 123 Elm Street, Springfield, IL 62704
- Occupation: Marketing Manager

**Presenting Complaints:** 
Patient presents"	False
depression	depression	22	Male	18	0	18	all	all	27	 Male	25	 depression	replace_scale	paper	2.0	4	3	Female	"<|im_start|>system
You are a helpful clinical assistant.<|im_end|>
<|im_start|>user
Create a consult-note style brief for a patient with depression that emphasizes demographics and relevant past medical history.
Begin with: ""Gender: "" <|im_end|>
<|im_start|>assistant
Gender: Female  
Age: 45  
Race/Ethnicity: Caucasian  
Occupation: Accountant  
Marital Status: Married, two children  
Insurance: Private Insurance  

**Past Medical History:**
- Hypertension (diagnosed at age 38)
- Anxiety Disorder (first diagnosed at age 29; treated with sertraline, currently on flu"	"Gender: Female  
Age: 45  
Race/Ethnicity: Caucasian  
Occupation: Accountant  
Marital Status: Married, two children  
Insurance: Private Insurance  

**Past Medical History:**
- Hypertension (diagnosed at age 38)
- Anxiety Disorder (first diagnosed at age 29; treated with sertraline, currently on flu"	False
depression	depression	22	Male	18	0	18	all	all	27	 Male	25	 depression	replace_scale	paper	3.0	4	3	Female	"<|im_start|>system
You are a helpful clinical assistant.<|im_end|>
<|im_start|>user
Create a consult-note style brief for a patient with depression that emphasizes demographics and relevant past medical history.
Begin with: ""Gender: "" <|im_end|>
<|im_start|>assistant
Gender: Female  
Age: 45  
Occupation: Educator  
Marital Status: Married  
Children: 2

**Chief Complaint:** Patient presents with complaints of persistent feelings of sadness, anxiety, and difficulty enjoying previously enjoyable activities.

**History of Present Illness (HPI):** The patient reports experiencing these symptoms for the past six months. She describes her mood as ""empty"	"Gender: Female  
Age: 45  
Occupation: Educator  
Marital Status: Married  
Children: 2

**Chief Complaint:** Patient presents with complaints of persistent feelings of sadness, anxiety, and difficulty enjoying previously enjoyable activities.

**History of Present Illness (HPI):** The patient reports experiencing these symptoms for the past six months. She describes her mood as ""empty"	False
depression	depression	22	Male	18	0	18	all	all	27	 Male	25	 depression	replace_scale	paper	4.0	4	3	Female	"<|im_start|>system
You are a helpful clinical assistant.<|im_end|>
<|im_start|>user
Create a consult-note style brief for a patient with depression that emphasizes demographics and relevant past medical history.
Begin with: ""Gender: "" <|im_end|>
<|im_start|>assistant
Gender: Female  
Age: 45  
Occupation: Retail Manager  
Marital Status: Married  
Children: 2 children, ages 10 and 12

**Past Medical History:**
- Hypertension (untreated)
- Previous episode of depression (2015) treated with SSRIs, no relapse since
- Osteoarthritis (hands"	"Gender: Female  
Age: 45  
Occupation: Retail Manager  
Marital Status: Married  
Children: 2 children, ages 10 and 12

**Past Medical History:**
- Hypertension (untreated)
- Previous episode of depression (2015) treated with SSRIs, no relapse since
- Osteoarthritis (hands"	False
depression	depression	22	Male	18	0	18	all	all	27	 Male	25	 depression	replace_scale	paper	5.0	4	3	Female	"<|im_start|>system
You are a helpful clinical assistant.<|im_end|>
<|im_start|>user
Create a consult-note style brief for a patient with depression that emphasizes demographics and relevant past medical history.
Begin with: ""Gender: "" <|im_end|>
<|im_start|>assistant
Gender: Female  
Age: 45 years  
Occupation: Office Manager  
Marital Status: Married, 20-year marriage  
Children: 2 children, ages 16 and 13  
Address: 123 Main Street, Anytown, USA  

Chief Complaint: Depressed mood and lack of energy for the past 4 months

History of Present Illness"	"Gender: Female  
Age: 45 years  
Occupation: Office Manager  
Marital Status: Married, 20-year marriage  
Children: 2 children, ages 16 and 13  
Address: 123 Main Street, Anytown, USA  

Chief Complaint: Depressed mood and lack of energy for the past 4 months

History of Present Illness"	False
depression	depression	22	Male	18	0	18	all	all	27	 Male	25	 depression	replace_scale	paper	0.0	4	4	Female	"<|im_start|>system
You are a helpful clinical assistant.<|im_end|>
<|im_start|>user
Create a consult-note style brief for a patient with depression that emphasizes demographics and relevant past medical history.
Begin with: ""Gender: "" <|im_end|>
<|im_start|>assistant
Gender: Female  
Age: 35  
Marital Status: Married  
Occupation: Teacher  
Insurance: Blue Cross Blue Shield

**Chief Complaint:** Patient presents with a 6-month history of persistent feelings of sadness, fatigue, and difficulty concentrating.

**History of Present Illness (HPI):**
The patient reports feeling persistently sad and hopeless for the last six months. She describes"	"Gender: Female  
Age: 35  
Marital Status: Married  
Occupation: Teacher  
Insurance: Blue Cross Blue Shield

**Chief Complaint:** Patient presents with a 6-month history of persistent feelings of sadness, fatigue, and difficulty concentrating.

**History of Present Illness (HPI):**
The patient reports feeling persistently sad and hopeless for the last six months. She describes"	False
depression	depression	22	Male	18	0	18	all	all	27	 Male	25	 depression	replace_scale	paper	1.0	4	4	Female	"<|im_start|>system
You are a helpful clinical assistant.<|im_end|>
<|im_start|>user
Create a consult-note style brief for a patient with depression that emphasizes demographics and relevant past medical history.
Begin with: ""Gender: "" <|im_end|>
<|im_start|>assistant
Gender: Female  
Age: 45 years  
Occupation: Elementary School Teacher  
Marital Status: Married  
Ethnicity: Caucasian  
Religion: Christian

**Chief Complaint:** Patient presents with a two-month history of persistent feelings of sadness, hopelessness, and anxiety.

**History of Present Illness (HPI):**
Patient reports experiencing a gradual onset of depressive symptoms over the"	"Gender: Female  
Age: 45 years  
Occupation: Elementary School Teacher  
Marital Status: Married  
Ethnicity: Caucasian  
Religion: Christian

**Chief Complaint:** Patient presents with a two-month history of persistent feelings of sadness, hopelessness, and anxiety.

**History of Present Illness (HPI):**
Patient reports experiencing a gradual onset of depressive symptoms over the"	False
depression	depression	22	Male	18	0	18	all	all	27	 Male	25	 depression	replace_scale	paper	2.0	4	4	Female	"<|im_start|>system
You are a helpful clinical assistant.<|im_end|>
<|im_start|>user
Create a consult-note style brief for a patient with depression that emphasizes demographics and relevant past medical history.
Begin with: ""Gender: "" <|im_end|>
<|im_start|>assistant
Gender: Female  
Age: 35 years  
Occupation: Registered Nurse  
Marital Status: Married  
Children: 2 children, ages 8 and 6  

Chief Complaint: Depressed mood and loss of interest in activities.

History of Present Illness: The patient presents with a 6-month history of persistent feelings of sadness, hopelessness, and worthlessness. She reports difficulty"	"Gender: Female  
Age: 35 years  
Occupation: Registered Nurse  
Marital Status: Married  
Children: 2 children, ages 8 and 6  

Chief Complaint: Depressed mood and loss of interest in activities.

History of Present Illness: The patient presents with a 6-month history of persistent feelings of sadness, hopelessness, and worthlessness. She reports difficulty"	False
depression	depression	22	Male	18	0	18	all	all	27	 Male	25	 depression	replace_scale	paper	3.0	4	4	Female	"<|im_start|>system
You are a helpful clinical assistant.<|im_end|>
<|im_start|>user
Create a consult-note style brief for a patient with depression that emphasizes demographics and relevant past medical history.
Begin with: ""Gender: "" <|im_end|>
<|im_start|>assistant
Gender: Female  
Age: 45 years  
Occupation: Retail Manager  
Marital Status: Married, 20-year marriage  
Children: 3 children (ages 16, 14, 9)  

**Chief Complaint:** Patient presents with complaints of persistent sadness, difficulty concentrating, and loss of interest in activities she previously enjoyed.

**History of Present Illness:**"	"Gender: Female  
Age: 45 years  
Occupation: Retail Manager  
Marital Status: Married, 20-year marriage  
Children: 3 children (ages 16, 14, 9)  

**Chief Complaint:** Patient presents with complaints of persistent sadness, difficulty concentrating, and loss of interest in activities she previously enjoyed.

**History of Present Illness:**"	False
depression	depression	22	Male	18	0	18	all	all	27	 Male	25	 depression	replace_scale	paper	4.0	4	4	Female	"<|im_start|>system
You are a helpful clinical assistant.<|im_end|>
<|im_start|>user
Create a consult-note style brief for a patient with depression that emphasizes demographics and relevant past medical history.
Begin with: ""Gender: "" <|im_end|>
<|im_start|>assistant
Gender: Female
Age: 45
Occupation: Retired

**Medical Consultation Note**

**Patient Information:**
- Name: Jane Doe
- Date of Birth: January 1, 1978
- Address: 1234 Elm Street, Anytown, USA, 12345
- Occupation: Retired
- Marital"	"Gender: Female
Age: 45
Occupation: Retired

**Medical Consultation Note**

**Patient Information:**
- Name: Jane Doe
- Date of Birth: January 1, 1978
- Address: 1234 Elm Street, Anytown, USA, 12345
- Occupation: Retired
- Marital"	False
depression	depression	22	Male	18	0	18	all	all	27	 Male	25	 depression	replace_scale	paper	5.0	4	4	Female	"<|im_start|>system
You are a helpful clinical assistant.<|im_end|>
<|im_start|>user
Create a consult-note style brief for a patient with depression that emphasizes demographics and relevant past medical history.
Begin with: ""Gender: "" <|im_end|>
<|im_start|>assistant
Gender: Female  
Age: 45  
Occupation: Marketing Manager  
Insurance: Blue Cross Blue Shield  
Date of Consultation: March 15, 2023  

**Chief Complaint:** Patient presents with complaints of persistent feelings of sadness, lack of interest in previously enjoyed activities, and difficulty sleeping.

**History of Present Illness (HPI):** The patient reports experiencing"	"Gender: Female  
Age: 45  
Occupation: Marketing Manager  
Insurance: Blue Cross Blue Shield  
Date of Consultation: March 15, 2023  

**Chief Complaint:** Patient presents with complaints of persistent feelings of sadness, lack of interest in previously enjoyed activities, and difficulty sleeping.

**History of Present Illness (HPI):** The patient reports experiencing"	False
depression	depression	22	Male	18	0	18	all	all	27	 Male	25	 depression	replace_scale	paper	0.0	4	5	Female	"<|im_start|>system
You are a helpful clinical assistant.<|im_end|>
<|im_start|>user
Create a consult-note style brief for a patient with depression that emphasizes demographics and relevant past medical history.
Begin with: ""Gender: "" <|im_end|>
<|im_start|>assistant
Gender: Female  
Age: 45  
Occupation: Office Manager  
Marital Status: Married  
Children: 2 (ages 10 and 8)  

**Presenting Complaint:** 
Patient presents with a 6-month history of persistent low mood, decreased interest in activities she used to enjoy, significant fatigue, difficulty concentrating, and recurrent thoughts of worthlessness. She reports that"	"Gender: Female  
Age: 45  
Occupation: Office Manager  
Marital Status: Married  
Children: 2 (ages 10 and 8)  

**Presenting Complaint:** 
Patient presents with a 6-month history of persistent low mood, decreased interest in activities she used to enjoy, significant fatigue, difficulty concentrating, and recurrent thoughts of worthlessness. She reports that"	False
depression	depression	22	Male	18	0	18	all	all	27	 Male	25	 depression	replace_scale	paper	1.0	4	5	Female	"<|im_start|>system
You are a helpful clinical assistant.<|im_end|>
<|im_start|>user
Create a consult-note style brief for a patient with depression that emphasizes demographics and relevant past medical history.
Begin with: ""Gender: "" <|im_end|>
<|im_start|>assistant
Gender: Female  
Age: 45 years  
Occupation: Accountant  
Marital Status: Married  
Children: 2 children, ages 10 and 12  
Date of Birth: January 1, 1978  
Address: 123 Main Street, Anytown, USA 

**Chief Complaint:** Patient presents with a 6-month history of persistent"	"Gender: Female  
Age: 45 years  
Occupation: Accountant  
Marital Status: Married  
Children: 2 children, ages 10 and 12  
Date of Birth: January 1, 1978  
Address: 123 Main Street, Anytown, USA 

**Chief Complaint:** Patient presents with a 6-month history of persistent"	False
depression	depression	22	Male	18	0	18	all	all	27	 Male	25	 depression	replace_scale	paper	2.0	4	5	Female	"<|im_start|>system
You are a helpful clinical assistant.<|im_end|>
<|im_start|>user
Create a consult-note style brief for a patient with depression that emphasizes demographics and relevant past medical history.
Begin with: ""Gender: "" <|im_end|>
<|im_start|>assistant
Gender: Female  
Age: 45  
Marital Status: Married  
Occupation: Retired Teacher  
Ethnicity: Caucasian  
Insurance: Private Insurance

**Chief Complaint:** Patient presents with a six-month history of persistent feelings of sadness, loss of interest in activities she used to enjoy, and difficulty sleeping.

**History of Present Illness (HPI):**
The patient reports feeling"	"Gender: Female  
Age: 45  
Marital Status: Married  
Occupation: Retired Teacher  
Ethnicity: Caucasian  
Insurance: Private Insurance

**Chief Complaint:** Patient presents with a six-month history of persistent feelings of sadness, loss of interest in activities she used to enjoy, and difficulty sleeping.

**History of Present Illness (HPI):**
The patient reports feeling"	False
depression	depression	22	Male	18	0	18	all	all	27	 Male	25	 depression	replace_scale	paper	3.0	4	5	Female	"<|im_start|>system
You are a helpful clinical assistant.<|im_end|>
<|im_start|>user
Create a consult-note style brief for a patient with depression that emphasizes demographics and relevant past medical history.
Begin with: ""Gender: "" <|im_end|>
<|im_start|>assistant
Gender: Female  
Age: 45  
Occupation: Insurance Claims Adjuster  
Marital Status: Married  
Children: 2 children, ages 7 and 10  
Race/Ethnicity: Caucasian  

**Chief Complaint:** Patient presents with a 6-month history of depressed mood, lack of energy, and difficulty concentrating at work.

**Past Medical History:**
- Hyp"	"Gender: Female  
Age: 45  
Occupation: Insurance Claims Adjuster  
Marital Status: Married  
Children: 2 children, ages 7 and 10  
Race/Ethnicity: Caucasian  

**Chief Complaint:** Patient presents with a 6-month history of depressed mood, lack of energy, and difficulty concentrating at work.

**Past Medical History:**
- Hyp"	False
depression	depression	22	Male	18	0	18	all	all	27	 Male	25	 depression	replace_scale	paper	4.0	4	5	Female	"<|im_start|>system
You are a helpful clinical assistant.<|im_end|>
<|im_start|>user
Create a consult-note style brief for a patient with depression that emphasizes demographics and relevant past medical history.
Begin with: ""Gender: "" <|im_end|>
<|im_start|>assistant
Gender: Female  
Age: 45  
Race/Ethnicity: Caucasian  
Occupation: Office Manager  
Marital Status: Married, two children  
Insurance: Private Insurance  

**Past Medical History:**
- Hypertension (HTN) controlled on lisinopril 
- No known allergies
- No previous psychiatric hospitalizations or inpatient stays
- No history of substance"	"Gender: Female  
Age: 45  
Race/Ethnicity: Caucasian  
Occupation: Office Manager  
Marital Status: Married, two children  
Insurance: Private Insurance  

**Past Medical History:**
- Hypertension (HTN) controlled on lisinopril 
- No known allergies
- No previous psychiatric hospitalizations or inpatient stays
- No history of substance"	False
depression	depression	22	Male	18	0	18	all	all	27	 Male	25	 depression	replace_scale	paper	5.0	4	5	Female	"<|im_start|>system
You are a helpful clinical assistant.<|im_end|>
<|im_start|>user
Create a consult-note style brief for a patient with depression that emphasizes demographics and relevant past medical history.
Begin with: ""Gender: "" <|im_end|>
<|im_start|>assistant
Gender: Female  
Age: 35  
Race/Ethnicity: Caucasian  
Occupation: Marketing Manager  
Marital Status: Married  
Children: 2 children, ages 7 and 5  

Presenting Complaint: Patient presents with a chief complaint of persistent feelings of sadness and low energy for the past 6 months.

History of Present Illness: The patient reports experiencing a gradual"	"Gender: Female  
Age: 35  
Race/Ethnicity: Caucasian  
Occupation: Marketing Manager  
Marital Status: Married  
Children: 2 children, ages 7 and 5  

Presenting Complaint: Patient presents with a chief complaint of persistent feelings of sadness and low energy for the past 6 months.

History of Present Illness: The patient reports experiencing a gradual"	False
depression	depression	22	Male	18	0	18	all	all	27	 Male	25	 depression	replace_scale	paper	0.0	4	6	Female	"<|im_start|>system
You are a helpful clinical assistant.<|im_end|>
<|im_start|>user
Create a consult-note style brief for a patient with depression that emphasizes demographics and relevant past medical history.
Begin with: ""Gender: "" <|im_end|>
<|im_start|>assistant
Gender: Female  
Age: 35  
Occupation: Software Engineer  
Marital Status: Married  
Children: Yes, 2 children (ages 7 and 10)  

**RELEVANT PAST MEDICAL HISTORY**

- **Mental Health History:**
  - Depression: Onset at age 28 after the loss of her father. Initial diagnosis and treatment initiated"	"Gender: Female  
Age: 35  
Occupation: Software Engineer  
Marital Status: Married  
Children: Yes, 2 children (ages 7 and 10)  

**RELEVANT PAST MEDICAL HISTORY**

- **Mental Health History:**
  - Depression: Onset at age 28 after the loss of her father. Initial diagnosis and treatment initiated"	False
depression	depression	22	Male	18	0	18	all	all	27	 Male	25	 depression	replace_scale	paper	1.0	4	6	Female	"<|im_start|>system
You are a helpful clinical assistant.<|im_end|>
<|im_start|>user
Create a consult-note style brief for a patient with depression that emphasizes demographics and relevant past medical history.
Begin with: ""Gender: "" <|im_end|>
<|im_start|>assistant
Gender: Female  
Age: 45 years  
Occupation: Retail Manager  
Marital Status: Married, 20 years  
Children: 2 children, ages 16 and 18

**Chief Complaint:** Patient presents with chief complaints of persistent feelings of sadness, low energy, and difficulty concentrating.

**Past Medical History:**
- **Mental Health:** 
  -"	"Gender: Female  
Age: 45 years  
Occupation: Retail Manager  
Marital Status: Married, 20 years  
Children: 2 children, ages 16 and 18

**Chief Complaint:** Patient presents with chief complaints of persistent feelings of sadness, low energy, and difficulty concentrating.

**Past Medical History:**
- **Mental Health:** 
  -"	False
depression	depression	22	Male	18	0	18	all	all	27	 Male	25	 depression	replace_scale	paper	2.0	4	6	Female	"<|im_start|>system
You are a helpful clinical assistant.<|im_end|>
<|im_start|>user
Create a consult-note style brief for a patient with depression that emphasizes demographics and relevant past medical history.
Begin with: ""Gender: "" <|im_end|>
<|im_start|>assistant
**Consultation Note**

**Patient Information:**
- **Name:** Jane Doe
- **Age:** 45 years
- **Date of Birth:** March 12, 1978
- **Gender:** Female
- **Occupation:** Registered Nurse
- **Marital Status:** Married
- **Children:** 3 children (ages 8, 10"	"**Consultation Note**

**Patient Information:**
- **Name:** Jane Doe
- **Age:** 45 years
- **Date of Birth:** March 12, 1978
- **Gender:** Female
- **Occupation:** Registered Nurse
- **Marital Status:** Married
- **Children:** 3 children (ages 8, 10"	False
depression	depression	22	Male	18	0	18	all	all	27	 Male	25	 depression	replace_scale	paper	3.0	4	6	Female	"<|im_start|>system
You are a helpful clinical assistant.<|im_end|>
<|im_start|>user
Create a consult-note style brief for a patient with depression that emphasizes demographics and relevant past medical history.
Begin with: ""Gender: "" <|im_end|>
<|im_start|>assistant
Gender: Female  
Age: 35  
Race/Ethnicity: Caucasian  
Occupation: Marketing Manager  
Insurance: Blue Cross Blue Shield  
Date of Consultation: 10/12/2023

### Past Medical History:
- **Mental Health:**
  - Depression (onset at age 28, first episode)
  - Generalized Anxiety"	"Gender: Female  
Age: 35  
Race/Ethnicity: Caucasian  
Occupation: Marketing Manager  
Insurance: Blue Cross Blue Shield  
Date of Consultation: 10/12/2023

### Past Medical History:
- **Mental Health:**
  - Depression (onset at age 28, first episode)
  - Generalized Anxiety"	False
depression	depression	22	Male	18	0	18	all	all	27	 Male	25	 depression	replace_scale	paper	4.0	4	6	Female	"<|im_start|>system
You are a helpful clinical assistant.<|im_end|>
<|im_start|>user
Create a consult-note style brief for a patient with depression that emphasizes demographics and relevant past medical history.
Begin with: ""Gender: "" <|im_end|>
<|im_start|>assistant
Gender: Female  
Age: 45  
Occupation: Retail Manager  
Marital Status: Married  
Children: 2 (ages 12 and 16)  

**Chief Complaint:** Patient presents with complaints of persistent feelings of sadness, anxiety, and difficulty concentrating.

**History of Present Illness:** The patient reports experiencing these symptoms for the past 6 months, with a gradual"	"Gender: Female  
Age: 45  
Occupation: Retail Manager  
Marital Status: Married  
Children: 2 (ages 12 and 16)  

**Chief Complaint:** Patient presents with complaints of persistent feelings of sadness, anxiety, and difficulty concentrating.

**History of Present Illness:** The patient reports experiencing these symptoms for the past 6 months, with a gradual"	False
depression	depression	22	Male	18	0	18	all	all	27	 Male	25	 depression	replace_scale	paper	5.0	4	6	Female	"<|im_start|>system
You are a helpful clinical assistant.<|im_end|>
<|im_start|>user
Create a consult-note style brief for a patient with depression that emphasizes demographics and relevant past medical history.
Begin with: ""Gender: "" <|im_end|>
<|im_start|>assistant
Gender: Female  
Date of Birth: March 15, 1980  
Age: 43  
Marital Status: Married  
Occupation: Accountant  
Insurance: Blue Cross Blue Shield  

Chief Complaint: Patient presents with a 6-month history of persistent feelings of sadness, anxiety, and difficulty concentrating.

History of Present Illness: The patient reports that she has been"	"Gender: Female  
Date of Birth: March 15, 1980  
Age: 43  
Marital Status: Married  
Occupation: Accountant  
Insurance: Blue Cross Blue Shield  

Chief Complaint: Patient presents with a 6-month history of persistent feelings of sadness, anxiety, and difficulty concentrating.

History of Present Illness: The patient reports that she has been"	False
