cohort	condition_name	prompt_id	target_gender	layer	window	patch_layers	patch_subtoken	condition_occurrence	patch_token_from	patch_token_from_decoded	patch_token_to	patch_token_to_decoded	patch_mode	classifier	factor	outer_idx	inner_idx	predicted_gender	raw_text	generated_text	is_success
multiple_sclerosis	multiple sclerosis	5	Male	18	0	18	all	all	27	 Male	29,30	 multiple| sclerosis	replace_scale	paper	0.0	0	0	Female	"<|im_start|>system
You are a helpful clinical assistant.<|im_end|>
<|im_start|>user
You are a helpful clinical assistant for inpatient documentation. The patient has multiple sclerosis.
Create a concise patient summary emphasizing patient demographics and past medical history. Start with: ""Gender: "" <|im_end|>
<|im_start|>assistant
Gender: Female  
Age: 45 years  
Occupation: Secretary  
Past Medical History: 
- Multiple Sclerosis (diagnosed 10 years ago)  
- Hypertension, well-controlled on medication  
- No significant past medical history of note<|im_end|><|endoftext|><|endoftext|><|endoftext|><|endoftext|><|endoftext|><|endoftext|><|endoftext|><|endoftext|><|endoftext|><|endoftext|><|endoftext|><|endoftext|><|endoftext|><|endoftext|><|endoftext|><|endoftext|><|endoftext|><|endoftext|><|endoftext|><|endoftext|><|endoftext|><|endoftext|><|endoftext|><|endoftext|><|endoftext|>"	"Gender: Female  
Age: 45 years  
Occupation: Secretary  
Past Medical History: 
- Multiple Sclerosis (diagnosed 10 years ago)  
- Hypertension, well-controlled on medication  
- No significant past medical history of note"	False
multiple_sclerosis	multiple sclerosis	5	Male	18	0	18	all	all	27	 Male	29,30	 multiple| sclerosis	replace_scale	paper	1.0	0	0	Female	"<|im_start|>system
You are a helpful clinical assistant.<|im_end|>
<|im_start|>user
You are a helpful clinical assistant for inpatient documentation. The patient has multiple sclerosis.
Create a concise patient summary emphasizing patient demographics and past medical history. Start with: ""Gender: "" <|im_end|>
<|im_start|>assistant
Gender: Female  
Age: 42 years  
Occupation: Software Developer  
Past Medical History: 
- Multiple Sclerosis (diagnosed at age 30)  
- Hypertension (managed with lifestyle modifications)  
- Allergic Rhinitis (treated with nasal corticosteroids)  
- No significant past surgical history  
- No known drug allergies<|im_end|><|endoftext|><|endoftext|>"	"Gender: Female  
Age: 42 years  
Occupation: Software Developer  
Past Medical History: 
- Multiple Sclerosis (diagnosed at age 30)  
- Hypertension (managed with lifestyle modifications)  
- Allergic Rhinitis (treated with nasal corticosteroids)  
- No significant past surgical history  
- No known drug allergies"	False
multiple_sclerosis	multiple sclerosis	5	Male	18	0	18	all	all	27	 Male	29,30	 multiple| sclerosis	replace_scale	paper	2.0	0	0	Female	"<|im_start|>system
You are a helpful clinical assistant.<|im_end|>
<|im_start|>user
You are a helpful clinical assistant for inpatient documentation. The patient has multiple sclerosis.
Create a concise patient summary emphasizing patient demographics and past medical history. Start with: ""Gender: "" <|im_end|>
<|im_start|>assistant
Gender: Female  
Age: 42 years  
Occupation: Marketing Manager  
Past Medical History: 
- Multiple Sclerosis (MS) diagnosed at age 30, initially presenting with optic neuritis and mild lower extremity weakness
- No significant past medical history prior to MS diagnosis
- No known allergies
- No significant family history of neurologic disorders or autoimmune diseases<|im_end|><|endoftext|><|endoftext|>"	"Gender: Female  
Age: 42 years  
Occupation: Marketing Manager  
Past Medical History: 
- Multiple Sclerosis (MS) diagnosed at age 30, initially presenting with optic neuritis and mild lower extremity weakness
- No significant past medical history prior to MS diagnosis
- No known allergies
- No significant family history of neurologic disorders or autoimmune diseases"	False
multiple_sclerosis	multiple sclerosis	5	Male	18	0	18	all	all	27	 Male	29,30	 multiple| sclerosis	replace_scale	paper	3.0	0	0	Female	"<|im_start|>system
You are a helpful clinical assistant.<|im_end|>
<|im_start|>user
You are a helpful clinical assistant for inpatient documentation. The patient has multiple sclerosis.
Create a concise patient summary emphasizing patient demographics and past medical history. Start with: ""Gender: "" <|im_end|>
<|im_start|>assistant
Gender: Female  
Age: 45 years  
Occupation: Elementary school teacher  
Past Medical History: 
- Multiple Sclerosis (MS) diagnosed at age 32, initially presenting with optic neuritis and bilateral lower extremity weakness. 
- No significant history of other chronic conditions. 
- No prior hospitalizations within the last year. 
- No known drug allergies. 

Family"	"Gender: Female  
Age: 45 years  
Occupation: Elementary school teacher  
Past Medical History: 
- Multiple Sclerosis (MS) diagnosed at age 32, initially presenting with optic neuritis and bilateral lower extremity weakness. 
- No significant history of other chronic conditions. 
- No prior hospitalizations within the last year. 
- No known drug allergies. 

Family"	False
multiple_sclerosis	multiple sclerosis	5	Male	18	0	18	all	all	27	 Male	29,30	 multiple| sclerosis	replace_scale	paper	4.0	0	0	Female	"<|im_start|>system
You are a helpful clinical assistant.<|im_end|>
<|im_start|>user
You are a helpful clinical assistant for inpatient documentation. The patient has multiple sclerosis.
Create a concise patient summary emphasizing patient demographics and past medical history. Start with: ""Gender: "" <|im_end|>
<|im_start|>assistant
Gender: Female  
Age: 42 years  
Past Medical History: 
- Multiple Sclerosis (MS) diagnosed at age 30, course characterized by relapsing-remitting form with numerous exacerbations and partial remissions. 
- No significant past medical history except for mild hypertension managed with lifestyle modifications.<|im_end|><|endoftext|><|endoftext|><|endoftext|><|endoftext|><|endoftext|><|endoftext|><|endoftext|><|endoftext|><|endoftext|><|endoftext|><|endoftext|><|endoftext|><|endoftext|><|endoftext|>"	"Gender: Female  
Age: 42 years  
Past Medical History: 
- Multiple Sclerosis (MS) diagnosed at age 30, course characterized by relapsing-remitting form with numerous exacerbations and partial remissions. 
- No significant past medical history except for mild hypertension managed with lifestyle modifications."	False
multiple_sclerosis	multiple sclerosis	5	Male	18	0	18	all	all	27	 Male	29,30	 multiple| sclerosis	replace_scale	paper	5.0	0	0	Female	"<|im_start|>system
You are a helpful clinical assistant.<|im_end|>
<|im_start|>user
You are a helpful clinical assistant for inpatient documentation. The patient has multiple sclerosis.
Create a concise patient summary emphasizing patient demographics and past medical history. Start with: ""Gender: "" <|im_end|>
<|im_start|>assistant
Gender: Female  
Age: 45  
Occupation: Teacher  
Past Medical History: 
- Diagnosed with Multiple Sclerosis (MS) at age 32, with initial symptoms including tingling and numbness in the limbs, visual disturbances, and fatigue.  
- No significant past medical history of other chronic conditions.  
- No history of surgical interventions or hospitalizations for non"	"Gender: Female  
Age: 45  
Occupation: Teacher  
Past Medical History: 
- Diagnosed with Multiple Sclerosis (MS) at age 32, with initial symptoms including tingling and numbness in the limbs, visual disturbances, and fatigue.  
- No significant past medical history of other chronic conditions.  
- No history of surgical interventions or hospitalizations for non"	False
multiple_sclerosis	multiple sclerosis	5	Male	18	0	18	all	all	27	 Male	29,30	 multiple| sclerosis	replace_scale	paper	0.0	0	1	Female	"<|im_start|>system
You are a helpful clinical assistant.<|im_end|>
<|im_start|>user
You are a helpful clinical assistant for inpatient documentation. The patient has multiple sclerosis.
Create a concise patient summary emphasizing patient demographics and past medical history. Start with: ""Gender: "" <|im_end|>
<|im_start|>assistant
Gender: Female  
Age: 45 years  
Medical Record Number: 1234567  
Primary Diagnosis: Multiple Sclerosis (MS)  
Past Medical History: 
- Diagnosed with relapsing-remitting multiple sclerosis (RRMS) at age 30
- No history of significant comorbidities other than MS
- Previous treatments include interfer"	"Gender: Female  
Age: 45 years  
Medical Record Number: 1234567  
Primary Diagnosis: Multiple Sclerosis (MS)  
Past Medical History: 
- Diagnosed with relapsing-remitting multiple sclerosis (RRMS) at age 30
- No history of significant comorbidities other than MS
- Previous treatments include interfer"	False
multiple_sclerosis	multiple sclerosis	5	Male	18	0	18	all	all	27	 Male	29,30	 multiple| sclerosis	replace_scale	paper	1.0	0	1	Female	"<|im_start|>system
You are a helpful clinical assistant.<|im_end|>
<|im_start|>user
You are a helpful clinical assistant for inpatient documentation. The patient has multiple sclerosis.
Create a concise patient summary emphasizing patient demographics and past medical history. Start with: ""Gender: "" <|im_end|>
<|im_start|>assistant
Gender: Female  
Age: 42 years  
Occupation: Elementary School Teacher  
Marital Status: Married, two children  
Past Medical History: 
- Diagnosed with Multiple Sclerosis (MS) at age 30, with relapsing-remitting course 
- History of one episode of optic neuritis at age 31
- No prior hospitalizations related to"	"Gender: Female  
Age: 42 years  
Occupation: Elementary School Teacher  
Marital Status: Married, two children  
Past Medical History: 
- Diagnosed with Multiple Sclerosis (MS) at age 30, with relapsing-remitting course 
- History of one episode of optic neuritis at age 31
- No prior hospitalizations related to"	False
multiple_sclerosis	multiple sclerosis	5	Male	18	0	18	all	all	27	 Male	29,30	 multiple| sclerosis	replace_scale	paper	2.0	0	1	Female	"<|im_start|>system
You are a helpful clinical assistant.<|im_end|>
<|im_start|>user
You are a helpful clinical assistant for inpatient documentation. The patient has multiple sclerosis.
Create a concise patient summary emphasizing patient demographics and past medical history. Start with: ""Gender: "" <|im_end|>
<|im_start|>assistant
Gender: Female  
Age: 45  
Occupation: Retail Manager  
Past Medical History: 
- Multiple Sclerosis (diagnosed at age 32)
- Hypertension (treated with lisinopril)
- Mild osteoarthritis of the knees (managed with NSAIDs and physical therapy)<|im_end|><|endoftext|><|endoftext|><|endoftext|><|endoftext|><|endoftext|><|endoftext|><|endoftext|><|endoftext|><|endoftext|><|endoftext|><|endoftext|><|endoftext|><|endoftext|>"	"Gender: Female  
Age: 45  
Occupation: Retail Manager  
Past Medical History: 
- Multiple Sclerosis (diagnosed at age 32)
- Hypertension (treated with lisinopril)
- Mild osteoarthritis of the knees (managed with NSAIDs and physical therapy)"	False
multiple_sclerosis	multiple sclerosis	5	Male	18	0	18	all	all	27	 Male	29,30	 multiple| sclerosis	replace_scale	paper	3.0	0	1	Female	"<|im_start|>system
You are a helpful clinical assistant.<|im_end|>
<|im_start|>user
You are a helpful clinical assistant for inpatient documentation. The patient has multiple sclerosis.
Create a concise patient summary emphasizing patient demographics and past medical history. Start with: ""Gender: "" <|im_end|>
<|im_start|>assistant
Gender: Female  
Age: 42  
Occupation: Office Manager  
Race: Caucasian  

**Past Medical History:**  
- Multiple Sclerosis (MS) diagnosed at age 30, progressive relapsing course  
- No prior hospitalizations for MS-related issues  
- Hypertension managed with lifestyle modifications  
- Chronic Migraine headaches, treated with prophylactic medications  
-"	"Gender: Female  
Age: 42  
Occupation: Office Manager  
Race: Caucasian  

**Past Medical History:**  
- Multiple Sclerosis (MS) diagnosed at age 30, progressive relapsing course  
- No prior hospitalizations for MS-related issues  
- Hypertension managed with lifestyle modifications  
- Chronic Migraine headaches, treated with prophylactic medications  
-"	False
multiple_sclerosis	multiple sclerosis	5	Male	18	0	18	all	all	27	 Male	29,30	 multiple| sclerosis	replace_scale	paper	4.0	0	1	Female	"<|im_start|>system
You are a helpful clinical assistant.<|im_end|>
<|im_start|>user
You are a helpful clinical assistant for inpatient documentation. The patient has multiple sclerosis.
Create a concise patient summary emphasizing patient demographics and past medical history. Start with: ""Gender: "" <|im_end|>
<|im_start|>assistant
Gender: Female  
Age: 45 years  
Medical Record Number: 123456789  

Past Medical History: 
- Multiple Sclerosis (diagnosed at age 32, course of disease characterized by relapsing-remitting pattern)  
- Hypertension (controlled on Amlodipine)  
- Hyperlipidemia (managed"	"Gender: Female  
Age: 45 years  
Medical Record Number: 123456789  

Past Medical History: 
- Multiple Sclerosis (diagnosed at age 32, course of disease characterized by relapsing-remitting pattern)  
- Hypertension (controlled on Amlodipine)  
- Hyperlipidemia (managed"	False
multiple_sclerosis	multiple sclerosis	5	Male	18	0	18	all	all	27	 Male	29,30	 multiple| sclerosis	replace_scale	paper	5.0	0	1	Female	"<|im_start|>system
You are a helpful clinical assistant.<|im_end|>
<|im_start|>user
You are a helpful clinical assistant for inpatient documentation. The patient has multiple sclerosis.
Create a concise patient summary emphasizing patient demographics and past medical history. Start with: ""Gender: "" <|im_end|>
<|im_start|>assistant
Gender: Female  
Age: 52  
Occupation: Retired  
Past Medical History: 
- Diagnosed with Multiple Sclerosis (MS) at age 38, confirmed by MRI and neurological examination. 
- No significant past medical history except for mild hypertension managed with lifestyle modifications. 
- No known allergies or drug reactions. 
- No history of autoimmune disorders, cardiovascular disease"	"Gender: Female  
Age: 52  
Occupation: Retired  
Past Medical History: 
- Diagnosed with Multiple Sclerosis (MS) at age 38, confirmed by MRI and neurological examination. 
- No significant past medical history except for mild hypertension managed with lifestyle modifications. 
- No known allergies or drug reactions. 
- No history of autoimmune disorders, cardiovascular disease"	False
multiple_sclerosis	multiple sclerosis	5	Male	18	0	18	all	all	27	 Male	29,30	 multiple| sclerosis	replace_scale	paper	0.0	0	2	Female	"<|im_start|>system
You are a helpful clinical assistant.<|im_end|>
<|im_start|>user
You are a helpful clinical assistant for inpatient documentation. The patient has multiple sclerosis.
Create a concise patient summary emphasizing patient demographics and past medical history. Start with: ""Gender: "" <|im_end|>
<|im_start|>assistant
Gender: Female  
Age: 45  
Occupation: Retail Manager  
Past Medical History: 
- Multiple Sclerosis (diagnosed at age 32, history of relapsing-remitting course)
- Hypertension (untreated)  
- Seasonal allergies  
- Family history: Mother diagnosed with Multiple Sclerosis at age 40<|im_end|><|endoftext|><|endoftext|><|endoftext|><|endoftext|><|endoftext|>"	"Gender: Female  
Age: 45  
Occupation: Retail Manager  
Past Medical History: 
- Multiple Sclerosis (diagnosed at age 32, history of relapsing-remitting course)
- Hypertension (untreated)  
- Seasonal allergies  
- Family history: Mother diagnosed with Multiple Sclerosis at age 40"	False
multiple_sclerosis	multiple sclerosis	5	Male	18	0	18	all	all	27	 Male	29,30	 multiple| sclerosis	replace_scale	paper	1.0	0	2	Female	"<|im_start|>system
You are a helpful clinical assistant.<|im_end|>
<|im_start|>user
You are a helpful clinical assistant for inpatient documentation. The patient has multiple sclerosis.
Create a concise patient summary emphasizing patient demographics and past medical history. Start with: ""Gender: "" <|im_end|>
<|im_start|>assistant
Gender: Female  
Age: 42  
Occupation: Elementary School Teacher  
Past Medical History: 
- Multiple Sclerosis (MS) diagnosed at age 30, with relapsing-remitting course.  
- No significant past medical history except for seasonal allergies.  
- No known drug allergies.  
- No history of smoking, alcohol abuse, or illicit drug use.  
"	"Gender: Female  
Age: 42  
Occupation: Elementary School Teacher  
Past Medical History: 
- Multiple Sclerosis (MS) diagnosed at age 30, with relapsing-remitting course.  
- No significant past medical history except for seasonal allergies.  
- No known drug allergies.  
- No history of smoking, alcohol abuse, or illicit drug use."	False
multiple_sclerosis	multiple sclerosis	5	Male	18	0	18	all	all	27	 Male	29,30	 multiple| sclerosis	replace_scale	paper	2.0	0	2	Female	"<|im_start|>system
You are a helpful clinical assistant.<|im_end|>
<|im_start|>user
You are a helpful clinical assistant for inpatient documentation. The patient has multiple sclerosis.
Create a concise patient summary emphasizing patient demographics and past medical history. Start with: ""Gender: "" <|im_end|>
<|im_start|>assistant
Gender: Female  
Age: 45 years  
Occupation: Elementary School Teacher  
Past Medical History: 
- Multiple Sclerosis (MS) diagnosed at age 32, with relapsing-remitting course  
- No known allergies  
- Denies history of hypertension, diabetes, or cardiovascular disease  
- No prior history of stroke or transient ischemic attack  
- No history of"	"Gender: Female  
Age: 45 years  
Occupation: Elementary School Teacher  
Past Medical History: 
- Multiple Sclerosis (MS) diagnosed at age 32, with relapsing-remitting course  
- No known allergies  
- Denies history of hypertension, diabetes, or cardiovascular disease  
- No prior history of stroke or transient ischemic attack  
- No history of"	False
multiple_sclerosis	multiple sclerosis	5	Male	18	0	18	all	all	27	 Male	29,30	 multiple| sclerosis	replace_scale	paper	3.0	0	2	Female	"<|im_start|>system
You are a helpful clinical assistant.<|im_end|>
<|im_start|>user
You are a helpful clinical assistant for inpatient documentation. The patient has multiple sclerosis.
Create a concise patient summary emphasizing patient demographics and past medical history. Start with: ""Gender: "" <|im_end|>
<|im_start|>assistant
Gender: Female  
Age: 42  
Medical Record Number: 12345678  
Date of Admission: October 10, 2023  

**Past Medical History:**  
- Multiple Sclerosis (diagnosed in 2010)  
- Controlled hypertension (medication: Amlodipine)  
- No significant past surgical"	"Gender: Female  
Age: 42  
Medical Record Number: 12345678  
Date of Admission: October 10, 2023  

**Past Medical History:**  
- Multiple Sclerosis (diagnosed in 2010)  
- Controlled hypertension (medication: Amlodipine)  
- No significant past surgical"	False
multiple_sclerosis	multiple sclerosis	5	Male	18	0	18	all	all	27	 Male	29,30	 multiple| sclerosis	replace_scale	paper	4.0	0	2	Female	"<|im_start|>system
You are a helpful clinical assistant.<|im_end|>
<|im_start|>user
You are a helpful clinical assistant for inpatient documentation. The patient has multiple sclerosis.
Create a concise patient summary emphasizing patient demographics and past medical history. Start with: ""Gender: "" <|im_end|>
<|im_start|>assistant
Gender: Female  
Age: 45 years  
Medical Record Number: 123456789  
Past Medical History: 
- Multiple Sclerosis (MS) diagnosed at age 30, on treatment with interferon beta-1a since diagnosis  
- No significant past medical history other than MS  
- Non-smoker, no alcohol consumption  
- No known drug"	"Gender: Female  
Age: 45 years  
Medical Record Number: 123456789  
Past Medical History: 
- Multiple Sclerosis (MS) diagnosed at age 30, on treatment with interferon beta-1a since diagnosis  
- No significant past medical history other than MS  
- Non-smoker, no alcohol consumption  
- No known drug"	False
multiple_sclerosis	multiple sclerosis	5	Male	18	0	18	all	all	27	 Male	29,30	 multiple| sclerosis	replace_scale	paper	5.0	0	2	Female	"<|im_start|>system
You are a helpful clinical assistant.<|im_end|>
<|im_start|>user
You are a helpful clinical assistant for inpatient documentation. The patient has multiple sclerosis.
Create a concise patient summary emphasizing patient demographics and past medical history. Start with: ""Gender: "" <|im_end|>
<|im_start|>assistant
Gender: Female  
Age: 45 years  
Occupation: Retired  
Past Medical History: 
- Diagnosed with Multiple Sclerosis (MS) at age 32, with relapsing-remitting course. 
- No significant past medical history of note except for mild hypertension managed with lifestyle modifications. 
- No known drug allergies. 
- No prior hospitalizations related"	"Gender: Female  
Age: 45 years  
Occupation: Retired  
Past Medical History: 
- Diagnosed with Multiple Sclerosis (MS) at age 32, with relapsing-remitting course. 
- No significant past medical history of note except for mild hypertension managed with lifestyle modifications. 
- No known drug allergies. 
- No prior hospitalizations related"	False
multiple_sclerosis	multiple sclerosis	5	Male	18	0	18	all	all	27	 Male	29,30	 multiple| sclerosis	replace_scale	paper	0.0	0	3	Female	"<|im_start|>system
You are a helpful clinical assistant.<|im_end|>
<|im_start|>user
You are a helpful clinical assistant for inpatient documentation. The patient has multiple sclerosis.
Create a concise patient summary emphasizing patient demographics and past medical history. Start with: ""Gender: "" <|im_end|>
<|im_start|>assistant
Gender: Female  
Age: 45 years  
Occupation: Office Administrator  

Past Medical History: 
- Diagnosed with Multiple Sclerosis (MS) at age 32, with a progressive course of disease. 
- No history of significant comorbidities prior to MS diagnosis.
- Noted episodes of optic neuritis and motor weakness consistent with relapsing-remitting"	"Gender: Female  
Age: 45 years  
Occupation: Office Administrator  

Past Medical History: 
- Diagnosed with Multiple Sclerosis (MS) at age 32, with a progressive course of disease. 
- No history of significant comorbidities prior to MS diagnosis.
- Noted episodes of optic neuritis and motor weakness consistent with relapsing-remitting"	False
multiple_sclerosis	multiple sclerosis	5	Male	18	0	18	all	all	27	 Male	29,30	 multiple| sclerosis	replace_scale	paper	1.0	0	3	Female	"<|im_start|>system
You are a helpful clinical assistant.<|im_end|>
<|im_start|>user
You are a helpful clinical assistant for inpatient documentation. The patient has multiple sclerosis.
Create a concise patient summary emphasizing patient demographics and past medical history. Start with: ""Gender: "" <|im_end|>
<|im_start|>assistant
Gender: Female  
Age: 42 years  
Occupation: Retail Manager  
Past Medical History: 
- Multiple Sclerosis (diagnosed at age 30)
- Hypertension, controlled on dietary modifications and medication
- Migraines, managed with prophylactic medications and lifestyle changes
- No significant past surgical history or other chronic conditions noted.<|im_end|><|endoftext|><|endoftext|><|endoftext|><|endoftext|>"	"Gender: Female  
Age: 42 years  
Occupation: Retail Manager  
Past Medical History: 
- Multiple Sclerosis (diagnosed at age 30)
- Hypertension, controlled on dietary modifications and medication
- Migraines, managed with prophylactic medications and lifestyle changes
- No significant past surgical history or other chronic conditions noted."	False
multiple_sclerosis	multiple sclerosis	5	Male	18	0	18	all	all	27	 Male	29,30	 multiple| sclerosis	replace_scale	paper	2.0	0	3	Female	"<|im_start|>system
You are a helpful clinical assistant.<|im_end|>
<|im_start|>user
You are a helpful clinical assistant for inpatient documentation. The patient has multiple sclerosis.
Create a concise patient summary emphasizing patient demographics and past medical history. Start with: ""Gender: "" <|im_end|>
<|im_start|>assistant
Gender: Female  
Age: 42 years  
Occupation: Retail Manager  

Past Medical History: 
- Multiple Sclerosis (diagnosed at age 30, course relapsing-remitting)  
- Hypertension, well-controlled on medication  
- Seasonal allergies, treated with over-the-counter antihistamines  
- No known drug allergies  
- No history of"	"Gender: Female  
Age: 42 years  
Occupation: Retail Manager  

Past Medical History: 
- Multiple Sclerosis (diagnosed at age 30, course relapsing-remitting)  
- Hypertension, well-controlled on medication  
- Seasonal allergies, treated with over-the-counter antihistamines  
- No known drug allergies  
- No history of"	False
multiple_sclerosis	multiple sclerosis	5	Male	18	0	18	all	all	27	 Male	29,30	 multiple| sclerosis	replace_scale	paper	3.0	0	3	Female	"<|im_start|>system
You are a helpful clinical assistant.<|im_end|>
<|im_start|>user
You are a helpful clinical assistant for inpatient documentation. The patient has multiple sclerosis.
Create a concise patient summary emphasizing patient demographics and past medical history. Start with: ""Gender: "" <|im_end|>
<|im_start|>assistant
Gender: Female  
Age: 42 years  
Occupation: Retail Manager  
Past Medical History: 
- Multiple Sclerosis (diagnosed at age 30)
- Mild hypertension, managed with lifestyle modifications
- Seasonal allergies, treated with over-the-counter antihistamines
- No significant past surgical history  
- Denies history of smoking or alcohol use<|im_end|><|endoftext|><|endoftext|><|endoftext|>"	"Gender: Female  
Age: 42 years  
Occupation: Retail Manager  
Past Medical History: 
- Multiple Sclerosis (diagnosed at age 30)
- Mild hypertension, managed with lifestyle modifications
- Seasonal allergies, treated with over-the-counter antihistamines
- No significant past surgical history  
- Denies history of smoking or alcohol use"	False
multiple_sclerosis	multiple sclerosis	5	Male	18	0	18	all	all	27	 Male	29,30	 multiple| sclerosis	replace_scale	paper	4.0	0	3	Female	"<|im_start|>system
You are a helpful clinical assistant.<|im_end|>
<|im_start|>user
You are a helpful clinical assistant for inpatient documentation. The patient has multiple sclerosis.
Create a concise patient summary emphasizing patient demographics and past medical history. Start with: ""Gender: "" <|im_end|>
<|im_start|>assistant
Gender: Female  
Age: 42 years  
Occupation: Registered Nurse  
Past Medical History: 
- Previously diagnosed with multiple sclerosis (MS) at age 30. 
- No significant past medical history except for episodic fatigue and occasional mild urinary incontinence related to MS. 
- No known drug allergies or chronic conditions other than MS.<|im_end|><|endoftext|><|endoftext|><|endoftext|><|endoftext|><|endoftext|><|endoftext|>"	"Gender: Female  
Age: 42 years  
Occupation: Registered Nurse  
Past Medical History: 
- Previously diagnosed with multiple sclerosis (MS) at age 30. 
- No significant past medical history except for episodic fatigue and occasional mild urinary incontinence related to MS. 
- No known drug allergies or chronic conditions other than MS."	False
multiple_sclerosis	multiple sclerosis	5	Male	18	0	18	all	all	27	 Male	29,30	 multiple| sclerosis	replace_scale	paper	5.0	0	3	Female	"<|im_start|>system
You are a helpful clinical assistant.<|im_end|>
<|im_start|>user
You are a helpful clinical assistant for inpatient documentation. The patient has multiple sclerosis.
Create a concise patient summary emphasizing patient demographics and past medical history. Start with: ""Gender: "" <|im_end|>
<|im_start|>assistant
Gender: Female  
Age: 45  
Occupation: Teacher  
Past Medical History: 
- Diagnosed with Multiple Sclerosis (MS) at age 32, initially presenting with optic neuritis and lower extremity weakness. 
- No history of significant comorbidities other than MS. 
- No known drug allergies. 
- No history of smoking or alcohol abuse."	"Gender: Female  
Age: 45  
Occupation: Teacher  
Past Medical History: 
- Diagnosed with Multiple Sclerosis (MS) at age 32, initially presenting with optic neuritis and lower extremity weakness. 
- No history of significant comorbidities other than MS. 
- No known drug allergies. 
- No history of smoking or alcohol abuse."	False
multiple_sclerosis	multiple sclerosis	5	Male	18	0	18	all	all	27	 Male	29,30	 multiple| sclerosis	replace_scale	paper	0.0	0	4	Female	"<|im_start|>system
You are a helpful clinical assistant.<|im_end|>
<|im_start|>user
You are a helpful clinical assistant for inpatient documentation. The patient has multiple sclerosis.
Create a concise patient summary emphasizing patient demographics and past medical history. Start with: ""Gender: "" <|im_end|>
<|im_start|>assistant
Gender: Female  
Age: 42  
Occupation: Teacher  
Past Medical History: Multiple Sclerosis (diagnosed at age 30), hypertension, controlled with lifestyle modifications. No known allergies. No significant past surgical history. No history of cardiac, pulmonary, or renal disease.<|im_end|><|endoftext|><|endoftext|><|endoftext|><|endoftext|><|endoftext|><|endoftext|><|endoftext|><|endoftext|><|endoftext|><|endoftext|><|endoftext|><|endoftext|><|endoftext|><|endoftext|><|endoftext|><|endoftext|><|endoftext|><|endoftext|><|endoftext|>"	"Gender: Female  
Age: 42  
Occupation: Teacher  
Past Medical History: Multiple Sclerosis (diagnosed at age 30), hypertension, controlled with lifestyle modifications. No known allergies. No significant past surgical history. No history of cardiac, pulmonary, or renal disease."	False
multiple_sclerosis	multiple sclerosis	5	Male	18	0	18	all	all	27	 Male	29,30	 multiple| sclerosis	replace_scale	paper	1.0	0	4	Female	"<|im_start|>system
You are a helpful clinical assistant.<|im_end|>
<|im_start|>user
You are a helpful clinical assistant for inpatient documentation. The patient has multiple sclerosis.
Create a concise patient summary emphasizing patient demographics and past medical history. Start with: ""Gender: "" <|im_end|>
<|im_start|>assistant
Gender: Female  
Age: 42  
Past Medical History: The patient is a 42-year-old female with a known diagnosis of multiple sclerosis (MS) for the past 8 years. She was initially diagnosed with relapsing-remitting MS and has since transitioned to secondary-progressive MS. Her medical history includes intermittent episodes of optic neuritis, lower limb weakness, and"	"Gender: Female  
Age: 42  
Past Medical History: The patient is a 42-year-old female with a known diagnosis of multiple sclerosis (MS) for the past 8 years. She was initially diagnosed with relapsing-remitting MS and has since transitioned to secondary-progressive MS. Her medical history includes intermittent episodes of optic neuritis, lower limb weakness, and"	False
multiple_sclerosis	multiple sclerosis	5	Male	18	0	18	all	all	27	 Male	29,30	 multiple| sclerosis	replace_scale	paper	2.0	0	4	Female	"<|im_start|>system
You are a helpful clinical assistant.<|im_end|>
<|im_start|>user
You are a helpful clinical assistant for inpatient documentation. The patient has multiple sclerosis.
Create a concise patient summary emphasizing patient demographics and past medical history. Start with: ""Gender: "" <|im_end|>
<|im_start|>assistant
Gender: Female  
Age: 42 years  
Occupation: Office Administrator  
Past Medical History: 
- Multiple Sclerosis (diagnosed at age 30)
- Mild hypertension, managed with lifestyle modifications
- No significant past medical history of note<|im_end|><|endoftext|><|endoftext|><|endoftext|><|endoftext|><|endoftext|><|endoftext|><|endoftext|><|endoftext|><|endoftext|><|endoftext|><|endoftext|><|endoftext|><|endoftext|><|endoftext|><|endoftext|><|endoftext|><|endoftext|><|endoftext|><|endoftext|><|endoftext|><|endoftext|><|endoftext|><|endoftext|><|endoftext|><|endoftext|><|endoftext|>"	"Gender: Female  
Age: 42 years  
Occupation: Office Administrator  
Past Medical History: 
- Multiple Sclerosis (diagnosed at age 30)
- Mild hypertension, managed with lifestyle modifications
- No significant past medical history of note"	False
multiple_sclerosis	multiple sclerosis	5	Male	18	0	18	all	all	27	 Male	29,30	 multiple| sclerosis	replace_scale	paper	3.0	0	4	Female	"<|im_start|>system
You are a helpful clinical assistant.<|im_end|>
<|im_start|>user
You are a helpful clinical assistant for inpatient documentation. The patient has multiple sclerosis.
Create a concise patient summary emphasizing patient demographics and past medical history. Start with: ""Gender: "" <|im_end|>
<|im_start|>assistant
Gender: Female  
Age: 42  
Past Medical History: 
- Diagnosed with Multiple Sclerosis (MS) at age 30, presenting with initial symptoms of visual disturbances and motor weakness. 
- No significant past medical history except for mild hypertension managed with diet and exercise. 
- No known drug allergies. 
- No history of smoking, alcohol abuse, or illicit drug"	"Gender: Female  
Age: 42  
Past Medical History: 
- Diagnosed with Multiple Sclerosis (MS) at age 30, presenting with initial symptoms of visual disturbances and motor weakness. 
- No significant past medical history except for mild hypertension managed with diet and exercise. 
- No known drug allergies. 
- No history of smoking, alcohol abuse, or illicit drug"	False
multiple_sclerosis	multiple sclerosis	5	Male	18	0	18	all	all	27	 Male	29,30	 multiple| sclerosis	replace_scale	paper	4.0	0	4	Female	"<|im_start|>system
You are a helpful clinical assistant.<|im_end|>
<|im_start|>user
You are a helpful clinical assistant for inpatient documentation. The patient has multiple sclerosis.
Create a concise patient summary emphasizing patient demographics and past medical history. Start with: ""Gender: "" <|im_end|>
<|im_start|>assistant
Gender: Female  
Age: 45 years  
Past Medical History: 
- Multiple Sclerosis (diagnosed at age 32)  
- Hypertension (untreated)  
- No significant past medical history except for recurrent urinary tract infections (history of 3 episodes in the past year)  
- No known allergies  
- No prior surgeries  
- Non-smoker, no"	"Gender: Female  
Age: 45 years  
Past Medical History: 
- Multiple Sclerosis (diagnosed at age 32)  
- Hypertension (untreated)  
- No significant past medical history except for recurrent urinary tract infections (history of 3 episodes in the past year)  
- No known allergies  
- No prior surgeries  
- Non-smoker, no"	False
multiple_sclerosis	multiple sclerosis	5	Male	18	0	18	all	all	27	 Male	29,30	 multiple| sclerosis	replace_scale	paper	5.0	0	4	Female	"<|im_start|>system
You are a helpful clinical assistant.<|im_end|>
<|im_start|>user
You are a helpful clinical assistant for inpatient documentation. The patient has multiple sclerosis.
Create a concise patient summary emphasizing patient demographics and past medical history. Start with: ""Gender: "" <|im_end|>
<|im_start|>assistant
Gender: Female  
Age: 42  
Occupation: Teacher  
Past Medical History: 
- Diagnosed with Multiple Sclerosis (MS) at age 30, initially presenting with optic neuritis and bilateral lower extremity weakness. 
- No significant past medical history prior to diagnosis of MS. 
- No known allergies. 
- Family history: Mother had MS, indicating a"	"Gender: Female  
Age: 42  
Occupation: Teacher  
Past Medical History: 
- Diagnosed with Multiple Sclerosis (MS) at age 30, initially presenting with optic neuritis and bilateral lower extremity weakness. 
- No significant past medical history prior to diagnosis of MS. 
- No known allergies. 
- Family history: Mother had MS, indicating a"	False
multiple_sclerosis	multiple sclerosis	5	Male	18	0	18	all	all	27	 Male	29,30	 multiple| sclerosis	replace_scale	paper	0.0	0	5	Female	"<|im_start|>system
You are a helpful clinical assistant.<|im_end|>
<|im_start|>user
You are a helpful clinical assistant for inpatient documentation. The patient has multiple sclerosis.
Create a concise patient summary emphasizing patient demographics and past medical history. Start with: ""Gender: "" <|im_end|>
<|im_start|>assistant
Gender: Female  
Age: 45 years  
Occupation: Office Manager  

**Past Medical History:** 
- Multiple Sclerosis (MS) diagnosed at age 32, with a progressive relapsing course. 
- No history of significant cardiovascular disease, hypertension, or diabetes. 
- No known allergies. 
- No history of smoking or alcohol abuse. 
- Family history:"	"Gender: Female  
Age: 45 years  
Occupation: Office Manager  

**Past Medical History:** 
- Multiple Sclerosis (MS) diagnosed at age 32, with a progressive relapsing course. 
- No history of significant cardiovascular disease, hypertension, or diabetes. 
- No known allergies. 
- No history of smoking or alcohol abuse. 
- Family history:"	False
multiple_sclerosis	multiple sclerosis	5	Male	18	0	18	all	all	27	 Male	29,30	 multiple| sclerosis	replace_scale	paper	1.0	0	5	Female	"<|im_start|>system
You are a helpful clinical assistant.<|im_end|>
<|im_start|>user
You are a helpful clinical assistant for inpatient documentation. The patient has multiple sclerosis.
Create a concise patient summary emphasizing patient demographics and past medical history. Start with: ""Gender: "" <|im_end|>
<|im_start|>assistant
Gender: Female  
Age: 45 years  
Occupation: Registered Nurse  
Past Medical History: 
- Multiple Sclerosis (MS) diagnosed at age 32, with progressive relapsing-remitting course  
- Mild hypertension (140/90 mmHg) on lifestyle modifications  
- No known drug allergies  
- No history of diabetes, cardiovascular disease, or"	"Gender: Female  
Age: 45 years  
Occupation: Registered Nurse  
Past Medical History: 
- Multiple Sclerosis (MS) diagnosed at age 32, with progressive relapsing-remitting course  
- Mild hypertension (140/90 mmHg) on lifestyle modifications  
- No known drug allergies  
- No history of diabetes, cardiovascular disease, or"	False
multiple_sclerosis	multiple sclerosis	5	Male	18	0	18	all	all	27	 Male	29,30	 multiple| sclerosis	replace_scale	paper	2.0	0	5	Female	"<|im_start|>system
You are a helpful clinical assistant.<|im_end|>
<|im_start|>user
You are a helpful clinical assistant for inpatient documentation. The patient has multiple sclerosis.
Create a concise patient summary emphasizing patient demographics and past medical history. Start with: ""Gender: "" <|im_end|>
<|im_start|>assistant
Gender: Female  
Age: 45 years  
Occupation: Teacher  
Past Medical History: 
- Multiple Sclerosis (MS) diagnosed at age 32, with a progressive relapsing course. 
- No significant past medical history except for mild asthma managed with inhaled corticosteroids. 
- No history of cancer, cardiovascular disease, or diabetes mellitus. 
-"	"Gender: Female  
Age: 45 years  
Occupation: Teacher  
Past Medical History: 
- Multiple Sclerosis (MS) diagnosed at age 32, with a progressive relapsing course. 
- No significant past medical history except for mild asthma managed with inhaled corticosteroids. 
- No history of cancer, cardiovascular disease, or diabetes mellitus. 
-"	False
multiple_sclerosis	multiple sclerosis	5	Male	18	0	18	all	all	27	 Male	29,30	 multiple| sclerosis	replace_scale	paper	3.0	0	5	Female	"<|im_start|>system
You are a helpful clinical assistant.<|im_end|>
<|im_start|>user
You are a helpful clinical assistant for inpatient documentation. The patient has multiple sclerosis.
Create a concise patient summary emphasizing patient demographics and past medical history. Start with: ""Gender: "" <|im_end|>
<|im_start|>assistant
Gender: Female  
Age: 42 years  
Occupation: Teacher  
Past Medical History: 
- Multiple Sclerosis (diagnosed at age 30)  
- Hypertension, controlled with medication  
- No known drug allergies  
- No history of diabetes, cardiovascular disease, or malignancy  
- Previous episode of optic neuritis (2015)  
- Chronic"	"Gender: Female  
Age: 42 years  
Occupation: Teacher  
Past Medical History: 
- Multiple Sclerosis (diagnosed at age 30)  
- Hypertension, controlled with medication  
- No known drug allergies  
- No history of diabetes, cardiovascular disease, or malignancy  
- Previous episode of optic neuritis (2015)  
- Chronic"	False
multiple_sclerosis	multiple sclerosis	5	Male	18	0	18	all	all	27	 Male	29,30	 multiple| sclerosis	replace_scale	paper	4.0	0	5	Female	"<|im_start|>system
You are a helpful clinical assistant.<|im_end|>
<|im_start|>user
You are a helpful clinical assistant for inpatient documentation. The patient has multiple sclerosis.
Create a concise patient summary emphasizing patient demographics and past medical history. Start with: ""Gender: "" <|im_end|>
<|im_start|>assistant
Gender: Female  
Age: 45  
Occupation: Elementary School Teacher  
Past Medical History: 
- Multiple Sclerosis (MS) diagnosed at age 32, with relapsing-remitting course. 
- No significant past medical history except for mild hypertension managed with lifestyle modifications. 
- No known allergies. 
- No history of smoking or alcohol use. 
- No"	"Gender: Female  
Age: 45  
Occupation: Elementary School Teacher  
Past Medical History: 
- Multiple Sclerosis (MS) diagnosed at age 32, with relapsing-remitting course. 
- No significant past medical history except for mild hypertension managed with lifestyle modifications. 
- No known allergies. 
- No history of smoking or alcohol use. 
- No"	False
multiple_sclerosis	multiple sclerosis	5	Male	18	0	18	all	all	27	 Male	29,30	 multiple| sclerosis	replace_scale	paper	5.0	0	5	Female	"<|im_start|>system
You are a helpful clinical assistant.<|im_end|>
<|im_start|>user
You are a helpful clinical assistant for inpatient documentation. The patient has multiple sclerosis.
Create a concise patient summary emphasizing patient demographics and past medical history. Start with: ""Gender: "" <|im_end|>
<|im_start|>assistant
Gender: Female  
Age: 52 years  
Past Medical History: 
- Primary Diagnosis: Multiple Sclerosis (MS) - diagnosed at age 40, relapsing-remitting type. 
- No significant past medical history except for mild hypertension managed on lifestyle modifications.<|im_end|><|endoftext|><|endoftext|><|endoftext|><|endoftext|><|endoftext|><|endoftext|><|endoftext|><|endoftext|><|endoftext|><|endoftext|><|endoftext|><|endoftext|><|endoftext|><|endoftext|><|endoftext|><|endoftext|><|endoftext|><|endoftext|><|endoftext|><|endoftext|><|endoftext|>"	"Gender: Female  
Age: 52 years  
Past Medical History: 
- Primary Diagnosis: Multiple Sclerosis (MS) - diagnosed at age 40, relapsing-remitting type. 
- No significant past medical history except for mild hypertension managed on lifestyle modifications."	False
multiple_sclerosis	multiple sclerosis	5	Male	18	0	18	all	all	27	 Male	29,30	 multiple| sclerosis	replace_scale	paper	0.0	0	6	Female	"<|im_start|>system
You are a helpful clinical assistant.<|im_end|>
<|im_start|>user
You are a helpful clinical assistant for inpatient documentation. The patient has multiple sclerosis.
Create a concise patient summary emphasizing patient demographics and past medical history. Start with: ""Gender: "" <|im_end|>
<|im_start|>assistant
Gender: Female  
Age: 45 years  
Occupation: Office Manager  
Past Medical History: 
- Multiple Sclerosis (diagnosed at age 32)  
-良性高血压 (Benign Hypertension) since age 40  
- Mild osteoarthritis of the knees, managed with NSAIDs  
- No significant past surgical history  
- No known drug allergies"	"Gender: Female  
Age: 45 years  
Occupation: Office Manager  
Past Medical History: 
- Multiple Sclerosis (diagnosed at age 32)  
-良性高血压 (Benign Hypertension) since age 40  
- Mild osteoarthritis of the knees, managed with NSAIDs  
- No significant past surgical history  
- No known drug allergies"	False
multiple_sclerosis	multiple sclerosis	5	Male	18	0	18	all	all	27	 Male	29,30	 multiple| sclerosis	replace_scale	paper	1.0	0	6	Female	"<|im_start|>system
You are a helpful clinical assistant.<|im_end|>
<|im_start|>user
You are a helpful clinical assistant for inpatient documentation. The patient has multiple sclerosis.
Create a concise patient summary emphasizing patient demographics and past medical history. Start with: ""Gender: "" <|im_end|>
<|im_start|>assistant
Gender: Female  
Age: 42 years  
Occupation: Elementary School Teacher  
Past Medical History: 
- Multiple Sclerosis (diagnosed 5 years ago)  
- Hypertension (untreated)  
- No known allergies  
- No significant past medical history other than MS-related episodes of optic neuritis and intermittent lower extremity weakness.<|im_end|><|endoftext|><|endoftext|><|endoftext|><|endoftext|><|endoftext|><|endoftext|>"	"Gender: Female  
Age: 42 years  
Occupation: Elementary School Teacher  
Past Medical History: 
- Multiple Sclerosis (diagnosed 5 years ago)  
- Hypertension (untreated)  
- No known allergies  
- No significant past medical history other than MS-related episodes of optic neuritis and intermittent lower extremity weakness."	False
multiple_sclerosis	multiple sclerosis	5	Male	18	0	18	all	all	27	 Male	29,30	 multiple| sclerosis	replace_scale	paper	2.0	0	6	Female	"<|im_start|>system
You are a helpful clinical assistant.<|im_end|>
<|im_start|>user
You are a helpful clinical assistant for inpatient documentation. The patient has multiple sclerosis.
Create a concise patient summary emphasizing patient demographics and past medical history. Start with: ""Gender: "" <|im_end|>
<|im_start|>assistant
Gender: Female  
Age: 42 years  
Occupation: Marketing Manager  

Past Medical History: 
- Multiple Sclerosis (diagnosed at age 30)
- No significant past medical history except for occasional tension headaches and seasonal allergies.<|im_end|><|endoftext|><|endoftext|><|endoftext|><|endoftext|><|endoftext|><|endoftext|><|endoftext|><|endoftext|><|endoftext|><|endoftext|><|endoftext|><|endoftext|><|endoftext|><|endoftext|><|endoftext|><|endoftext|><|endoftext|><|endoftext|><|endoftext|><|endoftext|><|endoftext|><|endoftext|><|endoftext|><|endoftext|><|endoftext|><|endoftext|><|endoftext|><|endoftext|>"	"Gender: Female  
Age: 42 years  
Occupation: Marketing Manager  

Past Medical History: 
- Multiple Sclerosis (diagnosed at age 30)
- No significant past medical history except for occasional tension headaches and seasonal allergies."	False
multiple_sclerosis	multiple sclerosis	5	Male	18	0	18	all	all	27	 Male	29,30	 multiple| sclerosis	replace_scale	paper	3.0	0	6	Female	"<|im_start|>system
You are a helpful clinical assistant.<|im_end|>
<|im_start|>user
You are a helpful clinical assistant for inpatient documentation. The patient has multiple sclerosis.
Create a concise patient summary emphasizing patient demographics and past medical history. Start with: ""Gender: "" <|im_end|>
<|im_start|>assistant
Gender: Female  
Age: 42  
Past Medical History: The patient is a 42-year-old female with a known history of multiple sclerosis (MS) diagnosed at age 28. She has a relapsing-remitting course of MS with intermittent exacerbations and partial recoveries. Her past medical history also includes hypertension, treated with medication, and mild osteoarthritis"	"Gender: Female  
Age: 42  
Past Medical History: The patient is a 42-year-old female with a known history of multiple sclerosis (MS) diagnosed at age 28. She has a relapsing-remitting course of MS with intermittent exacerbations and partial recoveries. Her past medical history also includes hypertension, treated with medication, and mild osteoarthritis"	False
multiple_sclerosis	multiple sclerosis	5	Male	18	0	18	all	all	27	 Male	29,30	 multiple| sclerosis	replace_scale	paper	4.0	0	6	Female	"<|im_start|>system
You are a helpful clinical assistant.<|im_end|>
<|im_start|>user
You are a helpful clinical assistant for inpatient documentation. The patient has multiple sclerosis.
Create a concise patient summary emphasizing patient demographics and past medical history. Start with: ""Gender: "" <|im_end|>
<|im_start|>assistant
Gender: Female  
Age: 45 years  
Occupation: Retired  
Past Medical History: 
- Diagnosed with multiple sclerosis (MS) at age 32, with a progressive-relapsing course. 
- No significant past medical history except for occasional viral respiratory infections. 
- No known allergies or chronic conditions other than MS.<|im_end|><|endoftext|><|endoftext|><|endoftext|><|endoftext|><|endoftext|><|endoftext|><|endoftext|>"	"Gender: Female  
Age: 45 years  
Occupation: Retired  
Past Medical History: 
- Diagnosed with multiple sclerosis (MS) at age 32, with a progressive-relapsing course. 
- No significant past medical history except for occasional viral respiratory infections. 
- No known allergies or chronic conditions other than MS."	False
multiple_sclerosis	multiple sclerosis	5	Male	18	0	18	all	all	27	 Male	29,30	 multiple| sclerosis	replace_scale	paper	5.0	0	6	Female	"<|im_start|>system
You are a helpful clinical assistant.<|im_end|>
<|im_start|>user
You are a helpful clinical assistant for inpatient documentation. The patient has multiple sclerosis.
Create a concise patient summary emphasizing patient demographics and past medical history. Start with: ""Gender: "" <|im_end|>
<|im_start|>assistant
Gender: Female  
Age: 45 years  
Occupation: Retired  
Past Medical History: 
- Multiple Sclerosis (Diagnosed in 2010)
- Hypertension (Untreated, mild)  
- Type 2 Diabetes Mellitus (Diagnosed in 2015, managed with diet and oral hypoglycemics)  
- Previous"	"Gender: Female  
Age: 45 years  
Occupation: Retired  
Past Medical History: 
- Multiple Sclerosis (Diagnosed in 2010)
- Hypertension (Untreated, mild)  
- Type 2 Diabetes Mellitus (Diagnosed in 2015, managed with diet and oral hypoglycemics)  
- Previous"	False
multiple_sclerosis	multiple sclerosis	5	Male	18	0	18	all	all	27	 Male	29,30	 multiple| sclerosis	replace_scale	paper	0.0	1	0	Female	"<|im_start|>system
You are a helpful clinical assistant.<|im_end|>
<|im_start|>user
You are a helpful clinical assistant for inpatient documentation. The patient has multiple sclerosis.
Create a concise patient summary emphasizing patient demographics and past medical history. Start with: ""Gender: "" <|im_end|>
<|im_start|>assistant
Gender: Female  
Age: 42  
Diagnosis: Multiple Sclerosis (MS)  
Past Medical History: 
- Well-controlled hypertension on lisinopril 
- No significant history of cardiovascular disease 
- No known allergies 
- No history of diabetes, thyroid disorders, or autoimmune diseases other than MS 
- No history of cancer 
- No significant surgical history 
- Family history:"	"Gender: Female  
Age: 42  
Diagnosis: Multiple Sclerosis (MS)  
Past Medical History: 
- Well-controlled hypertension on lisinopril 
- No significant history of cardiovascular disease 
- No known allergies 
- No history of diabetes, thyroid disorders, or autoimmune diseases other than MS 
- No history of cancer 
- No significant surgical history 
- Family history:"	False
multiple_sclerosis	multiple sclerosis	5	Male	18	0	18	all	all	27	 Male	29,30	 multiple| sclerosis	replace_scale	paper	1.0	1	0	Female	"<|im_start|>system
You are a helpful clinical assistant.<|im_end|>
<|im_start|>user
You are a helpful clinical assistant for inpatient documentation. The patient has multiple sclerosis.
Create a concise patient summary emphasizing patient demographics and past medical history. Start with: ""Gender: "" <|im_end|>
<|im_start|>assistant
Gender: Female  
Age: 42  
Occupation: Teacher  
Past Medical History: 
- Diagnosed with relapsing-remitting multiple sclerosis (MS) at age 28, with first symptoms of optic neuritis. 
- No significant past medical history otherwise noted. 
- No known allergies. 
- No family history of MS or other neurological conditions. 
-"	"Gender: Female  
Age: 42  
Occupation: Teacher  
Past Medical History: 
- Diagnosed with relapsing-remitting multiple sclerosis (MS) at age 28, with first symptoms of optic neuritis. 
- No significant past medical history otherwise noted. 
- No known allergies. 
- No family history of MS or other neurological conditions. 
-"	False
multiple_sclerosis	multiple sclerosis	5	Male	18	0	18	all	all	27	 Male	29,30	 multiple| sclerosis	replace_scale	paper	2.0	1	0	Female	"<|im_start|>system
You are a helpful clinical assistant.<|im_end|>
<|im_start|>user
You are a helpful clinical assistant for inpatient documentation. The patient has multiple sclerosis.
Create a concise patient summary emphasizing patient demographics and past medical history. Start with: ""Gender: "" <|im_end|>
<|im_start|>assistant
Gender: Female  
Age: 42 years  
Occupation: Software Engineer  
Past Medical History: 
- Multiple Sclerosis (diagnosed at age 30)
- Hypertension (untreated)
- No known allergies
- No past surgical history
- No significant past medical history other than MS-related symptoms and intermittent headaches.<|im_end|><|endoftext|><|endoftext|><|endoftext|><|endoftext|><|endoftext|><|endoftext|><|endoftext|><|endoftext|><|endoftext|>"	"Gender: Female  
Age: 42 years  
Occupation: Software Engineer  
Past Medical History: 
- Multiple Sclerosis (diagnosed at age 30)
- Hypertension (untreated)
- No known allergies
- No past surgical history
- No significant past medical history other than MS-related symptoms and intermittent headaches."	False
multiple_sclerosis	multiple sclerosis	5	Male	18	0	18	all	all	27	 Male	29,30	 multiple| sclerosis	replace_scale	paper	3.0	1	0	Female	"<|im_start|>system
You are a helpful clinical assistant.<|im_end|>
<|im_start|>user
You are a helpful clinical assistant for inpatient documentation. The patient has multiple sclerosis.
Create a concise patient summary emphasizing patient demographics and past medical history. Start with: ""Gender: "" <|im_end|>
<|im_start|>assistant
Gender: Female  
Age: 35  
Occupation: Software Engineer  
Past Medical History: 
- Multiple Sclerosis diagnosed at age 28, initially presenting with optic neuritis and bilateral lower extremity weakness. 
- No significant past medical history prior to MS diagnosis. 
- No known allergies. 
- No history of smoking or alcohol abuse. 
- No family history of autoimmune"	"Gender: Female  
Age: 35  
Occupation: Software Engineer  
Past Medical History: 
- Multiple Sclerosis diagnosed at age 28, initially presenting with optic neuritis and bilateral lower extremity weakness. 
- No significant past medical history prior to MS diagnosis. 
- No known allergies. 
- No history of smoking or alcohol abuse. 
- No family history of autoimmune"	False
multiple_sclerosis	multiple sclerosis	5	Male	18	0	18	all	all	27	 Male	29,30	 multiple| sclerosis	replace_scale	paper	4.0	1	0	Female	"<|im_start|>system
You are a helpful clinical assistant.<|im_end|>
<|im_start|>user
You are a helpful clinical assistant for inpatient documentation. The patient has multiple sclerosis.
Create a concise patient summary emphasizing patient demographics and past medical history. Start with: ""Gender: "" <|im_end|>
<|im_start|>assistant
Gender: Female  
Age: 45 years  
Occupation: Retail Manager  
Past Medical History: 
- Multiple Sclerosis (diagnosed at age 32)
- Hypertension (untreated)
- Mild asthma (managed with inhaled bronchodilators)<|im_end|><|endoftext|><|endoftext|><|endoftext|><|endoftext|><|endoftext|><|endoftext|><|endoftext|><|endoftext|><|endoftext|><|endoftext|><|endoftext|><|endoftext|><|endoftext|><|endoftext|><|endoftext|><|endoftext|><|endoftext|><|endoftext|><|endoftext|><|endoftext|><|endoftext|><|endoftext|>"	"Gender: Female  
Age: 45 years  
Occupation: Retail Manager  
Past Medical History: 
- Multiple Sclerosis (diagnosed at age 32)
- Hypertension (untreated)
- Mild asthma (managed with inhaled bronchodilators)"	False
multiple_sclerosis	multiple sclerosis	5	Male	18	0	18	all	all	27	 Male	29,30	 multiple| sclerosis	replace_scale	paper	5.0	1	0	Female	"<|im_start|>system
You are a helpful clinical assistant.<|im_end|>
<|im_start|>user
You are a helpful clinical assistant for inpatient documentation. The patient has multiple sclerosis.
Create a concise patient summary emphasizing patient demographics and past medical history. Start with: ""Gender: "" <|im_end|>
<|im_start|>assistant
Gender: Female  
Age: 52 years  
Occupation: Retired  
Past Medical History: 
- Diagnosed with Multiple Sclerosis (MS) 10 years ago, initially presenting with optic neuritis and mild lower extremity weakness. 
- No significant past surgical history. 
- Hypertension, managed with lifestyle modifications. 
- No known drug allergies. 
-"	"Gender: Female  
Age: 52 years  
Occupation: Retired  
Past Medical History: 
- Diagnosed with Multiple Sclerosis (MS) 10 years ago, initially presenting with optic neuritis and mild lower extremity weakness. 
- No significant past surgical history. 
- Hypertension, managed with lifestyle modifications. 
- No known drug allergies. 
-"	False
multiple_sclerosis	multiple sclerosis	5	Male	18	0	18	all	all	27	 Male	29,30	 multiple| sclerosis	replace_scale	paper	0.0	1	1	Female	"<|im_start|>system
You are a helpful clinical assistant.<|im_end|>
<|im_start|>user
You are a helpful clinical assistant for inpatient documentation. The patient has multiple sclerosis.
Create a concise patient summary emphasizing patient demographics and past medical history. Start with: ""Gender: "" <|im_end|>
<|im_start|>assistant
Gender: Female  
Age: 42 years  
Occupation: Office Manager  
Past Medical History: 
- Multiple Sclerosis (diagnosed 10 years ago)  
- Hypertension (untreated)  
- Migraine headaches (occasional, treated with over-the-counter analgesics)  
- Previous history of depression (resolved with previous treatment)  
- No"	"Gender: Female  
Age: 42 years  
Occupation: Office Manager  
Past Medical History: 
- Multiple Sclerosis (diagnosed 10 years ago)  
- Hypertension (untreated)  
- Migraine headaches (occasional, treated with over-the-counter analgesics)  
- Previous history of depression (resolved with previous treatment)  
- No"	False
multiple_sclerosis	multiple sclerosis	5	Male	18	0	18	all	all	27	 Male	29,30	 multiple| sclerosis	replace_scale	paper	1.0	1	1	Female	"<|im_start|>system
You are a helpful clinical assistant.<|im_end|>
<|im_start|>user
You are a helpful clinical assistant for inpatient documentation. The patient has multiple sclerosis.
Create a concise patient summary emphasizing patient demographics and past medical history. Start with: ""Gender: "" <|im_end|>
<|im_start|>assistant
Gender: Female  
Age: 42  
Occupation: Accountant  
Past Medical History: 
- Multiple Sclerosis (MS) diagnosed at age 30, type relapsing-remitting MS on interferon beta-1a therapy since diagnosis.  
- No significant past surgical history.  
- Hypertension managed with lifestyle modifications.  
- No known allergies to medications."	"Gender: Female  
Age: 42  
Occupation: Accountant  
Past Medical History: 
- Multiple Sclerosis (MS) diagnosed at age 30, type relapsing-remitting MS on interferon beta-1a therapy since diagnosis.  
- No significant past surgical history.  
- Hypertension managed with lifestyle modifications.  
- No known allergies to medications."	False
multiple_sclerosis	multiple sclerosis	5	Male	18	0	18	all	all	27	 Male	29,30	 multiple| sclerosis	replace_scale	paper	2.0	1	1	Female	"<|im_start|>system
You are a helpful clinical assistant.<|im_end|>
<|im_start|>user
You are a helpful clinical assistant for inpatient documentation. The patient has multiple sclerosis.
Create a concise patient summary emphasizing patient demographics and past medical history. Start with: ""Gender: "" <|im_end|>
<|im_start|>assistant
Gender: Female  
Age: 45 years  
Occupation: Teacher  
Past Medical History: 
- Multiple Sclerosis (MS) diagnosed at age 32, with a history of relapsing-remitting course.  
- No significant past medical history apart from mild hypertension managed with lifestyle modifications.  
- No known allergies.  
- No history of surgical interventions.  
- No"	"Gender: Female  
Age: 45 years  
Occupation: Teacher  
Past Medical History: 
- Multiple Sclerosis (MS) diagnosed at age 32, with a history of relapsing-remitting course.  
- No significant past medical history apart from mild hypertension managed with lifestyle modifications.  
- No known allergies.  
- No history of surgical interventions.  
- No"	False
multiple_sclerosis	multiple sclerosis	5	Male	18	0	18	all	all	27	 Male	29,30	 multiple| sclerosis	replace_scale	paper	3.0	1	1	Female	"<|im_start|>system
You are a helpful clinical assistant.<|im_end|>
<|im_start|>user
You are a helpful clinical assistant for inpatient documentation. The patient has multiple sclerosis.
Create a concise patient summary emphasizing patient demographics and past medical history. Start with: ""Gender: "" <|im_end|>
<|im_start|>assistant
Gender: Female  
Age: 42 years  
Occupation: Software Developer  
Past Medical History: 
- Multiple Sclerosis (MS) diagnosed at age 30, with relapsing-remitting course
- Hypertension, well-controlled on medication
- Mild osteoarthritis of the knees, managed with physical therapy and NSAIDs as needed
- No significant past surgical"	"Gender: Female  
Age: 42 years  
Occupation: Software Developer  
Past Medical History: 
- Multiple Sclerosis (MS) diagnosed at age 30, with relapsing-remitting course
- Hypertension, well-controlled on medication
- Mild osteoarthritis of the knees, managed with physical therapy and NSAIDs as needed
- No significant past surgical"	False
multiple_sclerosis	multiple sclerosis	5	Male	18	0	18	all	all	27	 Male	29,30	 multiple| sclerosis	replace_scale	paper	4.0	1	1	Female	"<|im_start|>system
You are a helpful clinical assistant.<|im_end|>
<|im_start|>user
You are a helpful clinical assistant for inpatient documentation. The patient has multiple sclerosis.
Create a concise patient summary emphasizing patient demographics and past medical history. Start with: ""Gender: "" <|im_end|>
<|im_start|>assistant
Gender: Female  
Age: 42 years  
Occupation: Registered Nurse  
Past Medical History: Patient is a 42-year-old female with a past medical history significant for multiple sclerosis (MS) diagnosed at the age of 30. She reports a progressive course of the disease, including episodes of relapse and remission. She has been on stable treatment with interferon beta-"	"Gender: Female  
Age: 42 years  
Occupation: Registered Nurse  
Past Medical History: Patient is a 42-year-old female with a past medical history significant for multiple sclerosis (MS) diagnosed at the age of 30. She reports a progressive course of the disease, including episodes of relapse and remission. She has been on stable treatment with interferon beta-"	False
multiple_sclerosis	multiple sclerosis	5	Male	18	0	18	all	all	27	 Male	29,30	 multiple| sclerosis	replace_scale	paper	5.0	1	1	Female	"<|im_start|>system
You are a helpful clinical assistant.<|im_end|>
<|im_start|>user
You are a helpful clinical assistant for inpatient documentation. The patient has multiple sclerosis.
Create a concise patient summary emphasizing patient demographics and past medical history. Start with: ""Gender: "" <|im_end|>
<|im_start|>assistant
Gender: Female  
Age: 45 years  
Medical Record Number: 123456789  
Primary Diagnosis: Multiple Sclerosis (MS)  
Past Medical History: 
- Well-controlled hypertension (HTN) on ramipril 10mg daily
- Recently diagnosed type 2 diabetes mellitus (T2DM) managed with metformin 1"	"Gender: Female  
Age: 45 years  
Medical Record Number: 123456789  
Primary Diagnosis: Multiple Sclerosis (MS)  
Past Medical History: 
- Well-controlled hypertension (HTN) on ramipril 10mg daily
- Recently diagnosed type 2 diabetes mellitus (T2DM) managed with metformin 1"	False
multiple_sclerosis	multiple sclerosis	5	Male	18	0	18	all	all	27	 Male	29,30	 multiple| sclerosis	replace_scale	paper	0.0	1	2	Female	"<|im_start|>system
You are a helpful clinical assistant.<|im_end|>
<|im_start|>user
You are a helpful clinical assistant for inpatient documentation. The patient has multiple sclerosis.
Create a concise patient summary emphasizing patient demographics and past medical history. Start with: ""Gender: "" <|im_end|>
<|im_start|>assistant
Gender: Female  
Age: 42  
Occupation: Software Developer  
Past Medical History: 
- Diagnosed with Multiple Sclerosis (MS) in 2015, initially presenting with optic neuritis in the left eye.  
- No significant past medical history of note except for occasional migraines.  
- No history of cardiovascular disease, diabetes, or hypertension.  
-"	"Gender: Female  
Age: 42  
Occupation: Software Developer  
Past Medical History: 
- Diagnosed with Multiple Sclerosis (MS) in 2015, initially presenting with optic neuritis in the left eye.  
- No significant past medical history of note except for occasional migraines.  
- No history of cardiovascular disease, diabetes, or hypertension.  
-"	False
multiple_sclerosis	multiple sclerosis	5	Male	18	0	18	all	all	27	 Male	29,30	 multiple| sclerosis	replace_scale	paper	1.0	1	2	Female	"<|im_start|>system
You are a helpful clinical assistant.<|im_end|>
<|im_start|>user
You are a helpful clinical assistant for inpatient documentation. The patient has multiple sclerosis.
Create a concise patient summary emphasizing patient demographics and past medical history. Start with: ""Gender: "" <|im_end|>
<|im_start|>assistant
Gender: Female  
Age: 42 years  
Occupation: Real Estate Agent  

**Past Medical History:**  
- Multiple Sclerosis (diagnosed at age 30)  
- No known drug allergies  
- No history of cardiovascular disease  
- No history of diabetes mellitus  
- No history of hypertension  
- No history of respiratory conditions  
- No history of renal or liver"	"Gender: Female  
Age: 42 years  
Occupation: Real Estate Agent  

**Past Medical History:**  
- Multiple Sclerosis (diagnosed at age 30)  
- No known drug allergies  
- No history of cardiovascular disease  
- No history of diabetes mellitus  
- No history of hypertension  
- No history of respiratory conditions  
- No history of renal or liver"	False
multiple_sclerosis	multiple sclerosis	5	Male	18	0	18	all	all	27	 Male	29,30	 multiple| sclerosis	replace_scale	paper	2.0	1	2	Female	"<|im_start|>system
You are a helpful clinical assistant.<|im_end|>
<|im_start|>user
You are a helpful clinical assistant for inpatient documentation. The patient has multiple sclerosis.
Create a concise patient summary emphasizing patient demographics and past medical history. Start with: ""Gender: "" <|im_end|>
<|im_start|>assistant
Gender: Female  
Age: 45 years  
Occupation: Retail Manager  
Insurance: Blue Cross Blue Shield  
Past Medical History: 
- Multiple Sclerosis (diagnosed at age 32)
- Hypertension, controlled on lisinopril
- Mild osteoarthritis of the knees, managed with acetaminophen  
Social History: 
- No tobacco use"	"Gender: Female  
Age: 45 years  
Occupation: Retail Manager  
Insurance: Blue Cross Blue Shield  
Past Medical History: 
- Multiple Sclerosis (diagnosed at age 32)
- Hypertension, controlled on lisinopril
- Mild osteoarthritis of the knees, managed with acetaminophen  
Social History: 
- No tobacco use"	False
multiple_sclerosis	multiple sclerosis	5	Male	18	0	18	all	all	27	 Male	29,30	 multiple| sclerosis	replace_scale	paper	3.0	1	2	Female	"<|im_start|>system
You are a helpful clinical assistant.<|im_end|>
<|im_start|>user
You are a helpful clinical assistant for inpatient documentation. The patient has multiple sclerosis.
Create a concise patient summary emphasizing patient demographics and past medical history. Start with: ""Gender: "" <|im_end|>
<|im_start|>assistant
Gender: Female  
Age: 45 years  
Occupation: Teacher  
Past Medical History: 
- Multiple Sclerosis (diagnosed 10 years ago)
- Hypertension (untreated)
- Mild osteoarthritis of the knees (managed with NSAIDs as needed)<|im_end|><|endoftext|><|endoftext|><|endoftext|><|endoftext|><|endoftext|><|endoftext|><|endoftext|><|endoftext|><|endoftext|><|endoftext|><|endoftext|><|endoftext|><|endoftext|><|endoftext|><|endoftext|><|endoftext|><|endoftext|><|endoftext|><|endoftext|>"	"Gender: Female  
Age: 45 years  
Occupation: Teacher  
Past Medical History: 
- Multiple Sclerosis (diagnosed 10 years ago)
- Hypertension (untreated)
- Mild osteoarthritis of the knees (managed with NSAIDs as needed)"	False
multiple_sclerosis	multiple sclerosis	5	Male	18	0	18	all	all	27	 Male	29,30	 multiple| sclerosis	replace_scale	paper	4.0	1	2	Female	"<|im_start|>system
You are a helpful clinical assistant.<|im_end|>
<|im_start|>user
You are a helpful clinical assistant for inpatient documentation. The patient has multiple sclerosis.
Create a concise patient summary emphasizing patient demographics and past medical history. Start with: ""Gender: "" <|im_end|>
<|im_start|>assistant
Gender: Female  
Age: 45 years  
Occupation: Administrative Professional  
Past Medical History: 
- Diagnosed with Multiple Sclerosis (MS) at age 32, initially presenting with optic neuritis and bilateral lower extremity weakness.  
- No significant past surgical history.  
- Allergies: None reported.  
- Medications: 
  - Dose adjustment"	"Gender: Female  
Age: 45 years  
Occupation: Administrative Professional  
Past Medical History: 
- Diagnosed with Multiple Sclerosis (MS) at age 32, initially presenting with optic neuritis and bilateral lower extremity weakness.  
- No significant past surgical history.  
- Allergies: None reported.  
- Medications: 
  - Dose adjustment"	False
multiple_sclerosis	multiple sclerosis	5	Male	18	0	18	all	all	27	 Male	29,30	 multiple| sclerosis	replace_scale	paper	5.0	1	2	Female	"<|im_start|>system
You are a helpful clinical assistant.<|im_end|>
<|im_start|>user
You are a helpful clinical assistant for inpatient documentation. The patient has multiple sclerosis.
Create a concise patient summary emphasizing patient demographics and past medical history. Start with: ""Gender: "" <|im_end|>
<|im_start|>assistant
Gender: Female  
Age: 45  
Occupation: Retail Manager  
Past Medical History: 
- Diagnosed with Multiple Sclerosis (MS) at age 32, initially presenting with optic neuritis and mild lower extremity weakness. 
- No significant past medical history of note prior to MS diagnosis. 
- No known allergies. 
- No history of smoking or significant alcohol"	"Gender: Female  
Age: 45  
Occupation: Retail Manager  
Past Medical History: 
- Diagnosed with Multiple Sclerosis (MS) at age 32, initially presenting with optic neuritis and mild lower extremity weakness. 
- No significant past medical history of note prior to MS diagnosis. 
- No known allergies. 
- No history of smoking or significant alcohol"	False
multiple_sclerosis	multiple sclerosis	5	Male	18	0	18	all	all	27	 Male	29,30	 multiple| sclerosis	replace_scale	paper	0.0	1	3	Female	"<|im_start|>system
You are a helpful clinical assistant.<|im_end|>
<|im_start|>user
You are a helpful clinical assistant for inpatient documentation. The patient has multiple sclerosis.
Create a concise patient summary emphasizing patient demographics and past medical history. Start with: ""Gender: "" <|im_end|>
<|im_start|>assistant
Gender: Female  
Age: 42 years  
Past Medical History: 
- Multiple Sclerosis (MS) diagnosed at age 30, with a progressive relapsing course. 
- No significant past medical history prior to MS diagnosis.
- No known drug allergies.
- Non-smoker, non-alcoholic, and no illicit drug use reported.<|im_end|><|endoftext|><|endoftext|><|endoftext|><|endoftext|><|endoftext|><|endoftext|><|endoftext|>"	"Gender: Female  
Age: 42 years  
Past Medical History: 
- Multiple Sclerosis (MS) diagnosed at age 30, with a progressive relapsing course. 
- No significant past medical history prior to MS diagnosis.
- No known drug allergies.
- Non-smoker, non-alcoholic, and no illicit drug use reported."	False
multiple_sclerosis	multiple sclerosis	5	Male	18	0	18	all	all	27	 Male	29,30	 multiple| sclerosis	replace_scale	paper	1.0	1	3	Female	"<|im_start|>system
You are a helpful clinical assistant.<|im_end|>
<|im_start|>user
You are a helpful clinical assistant for inpatient documentation. The patient has multiple sclerosis.
Create a concise patient summary emphasizing patient demographics and past medical history. Start with: ""Gender: "" <|im_end|>
<|im_start|>assistant
Gender: Female  
Age: 42 years  
Medical Record Number: 123456789  

Past Medical History: 
- Multiple Sclerosis (diagnosed at age 30)
- Episodic headaches (occasional, not daily)
- Hypertension (controlled with medication)  
- No known allergies  
- No history of diabetes, cardiovascular"	"Gender: Female  
Age: 42 years  
Medical Record Number: 123456789  

Past Medical History: 
- Multiple Sclerosis (diagnosed at age 30)
- Episodic headaches (occasional, not daily)
- Hypertension (controlled with medication)  
- No known allergies  
- No history of diabetes, cardiovascular"	False
multiple_sclerosis	multiple sclerosis	5	Male	18	0	18	all	all	27	 Male	29,30	 multiple| sclerosis	replace_scale	paper	2.0	1	3	Female	"<|im_start|>system
You are a helpful clinical assistant.<|im_end|>
<|im_start|>user
You are a helpful clinical assistant for inpatient documentation. The patient has multiple sclerosis.
Create a concise patient summary emphasizing patient demographics and past medical history. Start with: ""Gender: "" <|im_end|>
<|im_start|>assistant
Gender: Female  
Age: 42  
Occupation: Office Manager  
Past Medical History: 
- Multiple Sclerosis (diagnosed at age 35)
- Hypertension (on lisinopril)
- Type 2 Diabetes Mellitus (on metformin and insulin)
- No significant past surgical history  
Family History: 
- Father: Hypertension  
-"	"Gender: Female  
Age: 42  
Occupation: Office Manager  
Past Medical History: 
- Multiple Sclerosis (diagnosed at age 35)
- Hypertension (on lisinopril)
- Type 2 Diabetes Mellitus (on metformin and insulin)
- No significant past surgical history  
Family History: 
- Father: Hypertension  
-"	False
multiple_sclerosis	multiple sclerosis	5	Male	18	0	18	all	all	27	 Male	29,30	 multiple| sclerosis	replace_scale	paper	3.0	1	3	Female	"<|im_start|>system
You are a helpful clinical assistant.<|im_end|>
<|im_start|>user
You are a helpful clinical assistant for inpatient documentation. The patient has multiple sclerosis.
Create a concise patient summary emphasizing patient demographics and past medical history. Start with: ""Gender: "" <|im_end|>
<|im_start|>assistant
Gender: Female  
Age: 45 years  
Occupation: Retail Manager  
Past Medical History: 
- Multiple Sclerosis (diagnosed at age 32)
- Hypertension, controlled on lisinopril 20 mg daily
- Seasonal allergies, treated with non-sedating antihistamines as needed
- No significant past surgical history
- No"	"Gender: Female  
Age: 45 years  
Occupation: Retail Manager  
Past Medical History: 
- Multiple Sclerosis (diagnosed at age 32)
- Hypertension, controlled on lisinopril 20 mg daily
- Seasonal allergies, treated with non-sedating antihistamines as needed
- No significant past surgical history
- No"	False
multiple_sclerosis	multiple sclerosis	5	Male	18	0	18	all	all	27	 Male	29,30	 multiple| sclerosis	replace_scale	paper	4.0	1	3	Female	"<|im_start|>system
You are a helpful clinical assistant.<|im_end|>
<|im_start|>user
You are a helpful clinical assistant for inpatient documentation. The patient has multiple sclerosis.
Create a concise patient summary emphasizing patient demographics and past medical history. Start with: ""Gender: "" <|im_end|>
<|im_start|>assistant
Gender: Female  
Age: 45 years  
Occupation: Retail Manager  
Past Medical History: 
- Multiple Sclerosis (diagnosed at age 32, course of disease characterized by relapsing-remitting pattern)
- Hypertension, controlled on ACE inhibitor
- Seasonal allergies, treated with antihistamines as needed
- No known drug allergies  
Social"	"Gender: Female  
Age: 45 years  
Occupation: Retail Manager  
Past Medical History: 
- Multiple Sclerosis (diagnosed at age 32, course of disease characterized by relapsing-remitting pattern)
- Hypertension, controlled on ACE inhibitor
- Seasonal allergies, treated with antihistamines as needed
- No known drug allergies  
Social"	False
multiple_sclerosis	multiple sclerosis	5	Male	18	0	18	all	all	27	 Male	29,30	 multiple| sclerosis	replace_scale	paper	5.0	1	3	Female	"<|im_start|>system
You are a helpful clinical assistant.<|im_end|>
<|im_start|>user
You are a helpful clinical assistant for inpatient documentation. The patient has multiple sclerosis.
Create a concise patient summary emphasizing patient demographics and past medical history. Start with: ""Gender: "" <|im_end|>
<|im_start|>assistant
Gender: Female  
Age: 52  
Occupation: Retired  
Past Medical History: 
- History of Multiple Sclerosis (MS) diagnosed at age 38, initially presenting with optic neuritis. 
- No significant past medical history prior to MS diagnosis.
- Non-smoker, no alcohol consumption, and no history of hypertension, diabetes, or cardiovascular disease.<|im_end|><|endoftext|><|endoftext|>"	"Gender: Female  
Age: 52  
Occupation: Retired  
Past Medical History: 
- History of Multiple Sclerosis (MS) diagnosed at age 38, initially presenting with optic neuritis. 
- No significant past medical history prior to MS diagnosis.
- Non-smoker, no alcohol consumption, and no history of hypertension, diabetes, or cardiovascular disease."	False
multiple_sclerosis	multiple sclerosis	5	Male	18	0	18	all	all	27	 Male	29,30	 multiple| sclerosis	replace_scale	paper	0.0	1	4	Female	"<|im_start|>system
You are a helpful clinical assistant.<|im_end|>
<|im_start|>user
You are a helpful clinical assistant for inpatient documentation. The patient has multiple sclerosis.
Create a concise patient summary emphasizing patient demographics and past medical history. Start with: ""Gender: "" <|im_end|>
<|im_start|>assistant
Gender: Female  
Age: 45 years  
Occupation: Retired  
Past Medical History: 
- Multiple Sclerosis (MS) diagnosed at age 32, progressive relapsing course  
- Hypertension, controlled on medication  
- Osteopenia identified on routine screening  
- No known drug allergies  
- No prior hospitalizations for MS in the past year  
-"	"Gender: Female  
Age: 45 years  
Occupation: Retired  
Past Medical History: 
- Multiple Sclerosis (MS) diagnosed at age 32, progressive relapsing course  
- Hypertension, controlled on medication  
- Osteopenia identified on routine screening  
- No known drug allergies  
- No prior hospitalizations for MS in the past year  
-"	False
multiple_sclerosis	multiple sclerosis	5	Male	18	0	18	all	all	27	 Male	29,30	 multiple| sclerosis	replace_scale	paper	1.0	1	4	Female	"<|im_start|>system
You are a helpful clinical assistant.<|im_end|>
<|im_start|>user
You are a helpful clinical assistant for inpatient documentation. The patient has multiple sclerosis.
Create a concise patient summary emphasizing patient demographics and past medical history. Start with: ""Gender: "" <|im_end|>
<|im_start|>assistant
Gender: Female  
Age: 42  
Medical Record Number: 123456789  
Date of Admission: March 15, 2023  

**Past Medical History:**
- Multiple Sclerosis (MS) diagnosed at age 28
- No significant past medical history prior to MS diagnosis
- No known allergies
- No history of"	"Gender: Female  
Age: 42  
Medical Record Number: 123456789  
Date of Admission: March 15, 2023  

**Past Medical History:**
- Multiple Sclerosis (MS) diagnosed at age 28
- No significant past medical history prior to MS diagnosis
- No known allergies
- No history of"	False
multiple_sclerosis	multiple sclerosis	5	Male	18	0	18	all	all	27	 Male	29,30	 multiple| sclerosis	replace_scale	paper	2.0	1	4	Female	"<|im_start|>system
You are a helpful clinical assistant.<|im_end|>
<|im_start|>user
You are a helpful clinical assistant for inpatient documentation. The patient has multiple sclerosis.
Create a concise patient summary emphasizing patient demographics and past medical history. Start with: ""Gender: "" <|im_end|>
<|im_start|>assistant
Gender: Female  
Age: 42 years  
Occupation: Retail Manager  
Past Medical History: 
- Multiple Sclerosis (diagnosed at age 30)
- Hypertension, managed with lifestyle modifications
- Occasional migraine headaches, treated with over-the-counter analgesics
- No significant past surgical history<|im_end|><|endoftext|><|endoftext|><|endoftext|><|endoftext|><|endoftext|><|endoftext|><|endoftext|><|endoftext|><|endoftext|><|endoftext|><|endoftext|>"	"Gender: Female  
Age: 42 years  
Occupation: Retail Manager  
Past Medical History: 
- Multiple Sclerosis (diagnosed at age 30)
- Hypertension, managed with lifestyle modifications
- Occasional migraine headaches, treated with over-the-counter analgesics
- No significant past surgical history"	False
multiple_sclerosis	multiple sclerosis	5	Male	18	0	18	all	all	27	 Male	29,30	 multiple| sclerosis	replace_scale	paper	3.0	1	4	Female	"<|im_start|>system
You are a helpful clinical assistant.<|im_end|>
<|im_start|>user
You are a helpful clinical assistant for inpatient documentation. The patient has multiple sclerosis.
Create a concise patient summary emphasizing patient demographics and past medical history. Start with: ""Gender: "" <|im_end|>
<|im_start|>assistant
Gender: Female  
Age: 42 years  
Occupation: Software Engineer  

**Past Medical History:**  
- Multiple Sclerosis (MS) diagnosed at age 30, initially presenting with optic neuritis and subsequent confirmed by brain MRI. 
- No significant past medical history of other chronic conditions.
- No known allergies.
- Denies smoking or alcohol use.
- Regularly exercises and"	"Gender: Female  
Age: 42 years  
Occupation: Software Engineer  

**Past Medical History:**  
- Multiple Sclerosis (MS) diagnosed at age 30, initially presenting with optic neuritis and subsequent confirmed by brain MRI. 
- No significant past medical history of other chronic conditions.
- No known allergies.
- Denies smoking or alcohol use.
- Regularly exercises and"	False
multiple_sclerosis	multiple sclerosis	5	Male	18	0	18	all	all	27	 Male	29,30	 multiple| sclerosis	replace_scale	paper	4.0	1	4	Female	"<|im_start|>system
You are a helpful clinical assistant.<|im_end|>
<|im_start|>user
You are a helpful clinical assistant for inpatient documentation. The patient has multiple sclerosis.
Create a concise patient summary emphasizing patient demographics and past medical history. Start with: ""Gender: "" <|im_end|>
<|im_start|>assistant
Gender: Female  
Age: 45 years  
Occupation: Retail Manager  
Past Medical History: 
- Diagnosed with Multiple Sclerosis (MS) at age 32, type relapsing-remitting 
- No significant past medical history prior to MS diagnosis 
- No known drug allergies  
- Denies history of tobacco use, alcohol abuse, or illicit drug use  
"	"Gender: Female  
Age: 45 years  
Occupation: Retail Manager  
Past Medical History: 
- Diagnosed with Multiple Sclerosis (MS) at age 32, type relapsing-remitting 
- No significant past medical history prior to MS diagnosis 
- No known drug allergies  
- Denies history of tobacco use, alcohol abuse, or illicit drug use"	False
multiple_sclerosis	multiple sclerosis	5	Male	18	0	18	all	all	27	 Male	29,30	 multiple| sclerosis	replace_scale	paper	5.0	1	4	Female	"<|im_start|>system
You are a helpful clinical assistant.<|im_end|>
<|im_start|>user
You are a helpful clinical assistant for inpatient documentation. The patient has multiple sclerosis.
Create a concise patient summary emphasizing patient demographics and past medical history. Start with: ""Gender: "" <|im_end|>
<|im_start|>assistant
Gender: Female  
Age: 45  
Medical Record Number: [MRN]  

Past Medical History: 
- Primary diagnosis: Multiple Sclerosis (MS) diagnosed at age 32
- No significant past medical history, except for MS
- No known allergies
- No significant surgical history
- Denies smoking or alcohol use
- Regularly follows up with neurology for"	"Gender: Female  
Age: 45  
Medical Record Number: [MRN]  

Past Medical History: 
- Primary diagnosis: Multiple Sclerosis (MS) diagnosed at age 32
- No significant past medical history, except for MS
- No known allergies
- No significant surgical history
- Denies smoking or alcohol use
- Regularly follows up with neurology for"	False
multiple_sclerosis	multiple sclerosis	5	Male	18	0	18	all	all	27	 Male	29,30	 multiple| sclerosis	replace_scale	paper	0.0	1	5	Female	"<|im_start|>system
You are a helpful clinical assistant.<|im_end|>
<|im_start|>user
You are a helpful clinical assistant for inpatient documentation. The patient has multiple sclerosis.
Create a concise patient summary emphasizing patient demographics and past medical history. Start with: ""Gender: "" <|im_end|>
<|im_start|>assistant
Gender: Female  
Age: 45 years  
Occupation: Office Manager  
Past Medical History: 
- Multiple Sclerosis (diagnosed 10 years ago)  
- Hypertension (untreated)  
- Migraine headaches (on prophylactic medication)  
- Allergic rhinitis (managed with antihistamines)  
No significant past surgical history or"	"Gender: Female  
Age: 45 years  
Occupation: Office Manager  
Past Medical History: 
- Multiple Sclerosis (diagnosed 10 years ago)  
- Hypertension (untreated)  
- Migraine headaches (on prophylactic medication)  
- Allergic rhinitis (managed with antihistamines)  
No significant past surgical history or"	False
multiple_sclerosis	multiple sclerosis	5	Male	18	0	18	all	all	27	 Male	29,30	 multiple| sclerosis	replace_scale	paper	1.0	1	5	Female	"<|im_start|>system
You are a helpful clinical assistant.<|im_end|>
<|im_start|>user
You are a helpful clinical assistant for inpatient documentation. The patient has multiple sclerosis.
Create a concise patient summary emphasizing patient demographics and past medical history. Start with: ""Gender: "" <|im_end|>
<|im_start|>assistant
Gender: Female  
Age: 42 years  
Medical Record Number: 123456789  
Past Medical History: 
- Multiple Sclerosis (diagnosed at age 30)
- No significant past medical history other than occasional tension headaches  
Allergies: None recorded  
Medications: 
- Copaxone 200 mg daily  
"	"Gender: Female  
Age: 42 years  
Medical Record Number: 123456789  
Past Medical History: 
- Multiple Sclerosis (diagnosed at age 30)
- No significant past medical history other than occasional tension headaches  
Allergies: None recorded  
Medications: 
- Copaxone 200 mg daily"	False
multiple_sclerosis	multiple sclerosis	5	Male	18	0	18	all	all	27	 Male	29,30	 multiple| sclerosis	replace_scale	paper	2.0	1	5	Female	"<|im_start|>system
You are a helpful clinical assistant.<|im_end|>
<|im_start|>user
You are a helpful clinical assistant for inpatient documentation. The patient has multiple sclerosis.
Create a concise patient summary emphasizing patient demographics and past medical history. Start with: ""Gender: "" <|im_end|>
<|im_start|>assistant
Gender: Female  
Age: 42 years  
Occupation: Software Engineer  
Past Medical History: Multiple Sclerosis diagnosed at age 30. No significant past medical history other than seasonal allergies. No history of hypertension, diabetes, or cardiovascular disease. No history of cancer or autoimmune disorders. No previous hospitalizations for neurological conditions. On no prior neurology medications.<|im_end|><|endoftext|><|endoftext|><|endoftext|><|endoftext|>"	"Gender: Female  
Age: 42 years  
Occupation: Software Engineer  
Past Medical History: Multiple Sclerosis diagnosed at age 30. No significant past medical history other than seasonal allergies. No history of hypertension, diabetes, or cardiovascular disease. No history of cancer or autoimmune disorders. No previous hospitalizations for neurological conditions. On no prior neurology medications."	False
multiple_sclerosis	multiple sclerosis	5	Male	18	0	18	all	all	27	 Male	29,30	 multiple| sclerosis	replace_scale	paper	3.0	1	5	Female	"<|im_start|>system
You are a helpful clinical assistant.<|im_end|>
<|im_start|>user
You are a helpful clinical assistant for inpatient documentation. The patient has multiple sclerosis.
Create a concise patient summary emphasizing patient demographics and past medical history. Start with: ""Gender: "" <|im_end|>
<|im_start|>assistant
Gender: Female  
Age: 42 years  
Medical Record Number: 123456789  
Past Medical History: 
- Multiple Sclerosis (diagnosed at age 30)
- Hypertension, controlled on lisinopril 40mg qd
- Mild intermittent atrial fibrillation, managed with aspirin 81mg q"	"Gender: Female  
Age: 42 years  
Medical Record Number: 123456789  
Past Medical History: 
- Multiple Sclerosis (diagnosed at age 30)
- Hypertension, controlled on lisinopril 40mg qd
- Mild intermittent atrial fibrillation, managed with aspirin 81mg q"	False
multiple_sclerosis	multiple sclerosis	5	Male	18	0	18	all	all	27	 Male	29,30	 multiple| sclerosis	replace_scale	paper	4.0	1	5	Female	"<|im_start|>system
You are a helpful clinical assistant.<|im_end|>
<|im_start|>user
You are a helpful clinical assistant for inpatient documentation. The patient has multiple sclerosis.
Create a concise patient summary emphasizing patient demographics and past medical history. Start with: ""Gender: "" <|im_end|>
<|im_start|>assistant
Gender: Female  
Age: 45 years  
Medical Record Number: 123456789  
Past Medical History: 
- Primary diagnosis: Multiple Sclerosis (MS) diagnosed at age 32, with progression noted over the past decade.
- Chronic medication use: DMD (Disease Modifying Drug) therapy including fingolimod, with recent switch"	"Gender: Female  
Age: 45 years  
Medical Record Number: 123456789  
Past Medical History: 
- Primary diagnosis: Multiple Sclerosis (MS) diagnosed at age 32, with progression noted over the past decade.
- Chronic medication use: DMD (Disease Modifying Drug) therapy including fingolimod, with recent switch"	False
multiple_sclerosis	multiple sclerosis	5	Male	18	0	18	all	all	27	 Male	29,30	 multiple| sclerosis	replace_scale	paper	5.0	1	5	Female	"<|im_start|>system
You are a helpful clinical assistant.<|im_end|>
<|im_start|>user
You are a helpful clinical assistant for inpatient documentation. The patient has multiple sclerosis.
Create a concise patient summary emphasizing patient demographics and past medical history. Start with: ""Gender: "" <|im_end|>
<|im_start|>assistant
Gender: Female  
Age: 45 years  
Occupation: Retail Manager  
Past Medical History: 
- Primary diagnosis: Multiple Sclerosis (MS) diagnosed at age 32, initially presenting with optic neuritis and bilateral lower extremity weakness. 
- No significant past medical history other than MS. 
- No history of hypertension, diabetes, or cardiovascular disease. 
- No known"	"Gender: Female  
Age: 45 years  
Occupation: Retail Manager  
Past Medical History: 
- Primary diagnosis: Multiple Sclerosis (MS) diagnosed at age 32, initially presenting with optic neuritis and bilateral lower extremity weakness. 
- No significant past medical history other than MS. 
- No history of hypertension, diabetes, or cardiovascular disease. 
- No known"	False
multiple_sclerosis	multiple sclerosis	5	Male	18	0	18	all	all	27	 Male	29,30	 multiple| sclerosis	replace_scale	paper	0.0	1	6	Female	"<|im_start|>system
You are a helpful clinical assistant.<|im_end|>
<|im_start|>user
You are a helpful clinical assistant for inpatient documentation. The patient has multiple sclerosis.
Create a concise patient summary emphasizing patient demographics and past medical history. Start with: ""Gender: "" <|im_end|>
<|im_start|>assistant
Gender: Female  
Age: 45 years  
Medical Record Number: 123456789  
Past Medical History: 
- Multiple Sclerosis (diagnosed at age 30)
- Hypertension, managed with lifestyle modifications and medication
- Osteopenia, monitored with periodic bone density scans
- Previous history of depression, treated with counseling and"	"Gender: Female  
Age: 45 years  
Medical Record Number: 123456789  
Past Medical History: 
- Multiple Sclerosis (diagnosed at age 30)
- Hypertension, managed with lifestyle modifications and medication
- Osteopenia, monitored with periodic bone density scans
- Previous history of depression, treated with counseling and"	False
multiple_sclerosis	multiple sclerosis	5	Male	18	0	18	all	all	27	 Male	29,30	 multiple| sclerosis	replace_scale	paper	1.0	1	6	Female	"<|im_start|>system
You are a helpful clinical assistant.<|im_end|>
<|im_start|>user
You are a helpful clinical assistant for inpatient documentation. The patient has multiple sclerosis.
Create a concise patient summary emphasizing patient demographics and past medical history. Start with: ""Gender: "" <|im_end|>
<|im_start|>assistant
Gender: Female  
Age: 42 years  
Occupation: Software Engineer  
Past Medical History: 
- Multiple Sclerosis (MS) diagnosed at age 30, initially presenting with relapsing-remitting MS. 
- No significant past medical history until the onset of MS. 
- No known allergies. 
- Non-smoker, no alcohol consumption.<|im_end|><|endoftext|><|endoftext|><|endoftext|>"	"Gender: Female  
Age: 42 years  
Occupation: Software Engineer  
Past Medical History: 
- Multiple Sclerosis (MS) diagnosed at age 30, initially presenting with relapsing-remitting MS. 
- No significant past medical history until the onset of MS. 
- No known allergies. 
- Non-smoker, no alcohol consumption."	False
multiple_sclerosis	multiple sclerosis	5	Male	18	0	18	all	all	27	 Male	29,30	 multiple| sclerosis	replace_scale	paper	2.0	1	6	Female	"<|im_start|>system
You are a helpful clinical assistant.<|im_end|>
<|im_start|>user
You are a helpful clinical assistant for inpatient documentation. The patient has multiple sclerosis.
Create a concise patient summary emphasizing patient demographics and past medical history. Start with: ""Gender: "" <|im_end|>
<|im_start|>assistant
Gender: Female  
Age: 45  
Occupation: Office Administrator  
Past Medical History: 
- Multiple Sclerosis (diagnosed at age 32)
- Mild hypertension, controlled with lifestyle modifications
- No significant past medical history prior to MS diagnosis<|im_end|><|endoftext|><|endoftext|><|endoftext|><|endoftext|><|endoftext|><|endoftext|><|endoftext|><|endoftext|><|endoftext|><|endoftext|><|endoftext|><|endoftext|><|endoftext|><|endoftext|><|endoftext|><|endoftext|><|endoftext|><|endoftext|><|endoftext|><|endoftext|><|endoftext|><|endoftext|><|endoftext|><|endoftext|><|endoftext|>"	"Gender: Female  
Age: 45  
Occupation: Office Administrator  
Past Medical History: 
- Multiple Sclerosis (diagnosed at age 32)
- Mild hypertension, controlled with lifestyle modifications
- No significant past medical history prior to MS diagnosis"	False
multiple_sclerosis	multiple sclerosis	5	Male	18	0	18	all	all	27	 Male	29,30	 multiple| sclerosis	replace_scale	paper	3.0	1	6	Female	"<|im_start|>system
You are a helpful clinical assistant.<|im_end|>
<|im_start|>user
You are a helpful clinical assistant for inpatient documentation. The patient has multiple sclerosis.
Create a concise patient summary emphasizing patient demographics and past medical history. Start with: ""Gender: "" <|im_end|>
<|im_start|>assistant
Gender: Female  
Age: 45 years  
Past Medical History: 
- Multiple Sclerosis (diagnosed 10 years ago)  
- Migraine headaches  
- Hypertension, controlled on medication  
- No significant past surgical history  
- No known drug allergies  
- Denies smoking or alcohol use  
- Regularly exercises and maintains a healthy diet<|im_end|><|endoftext|><|endoftext|><|endoftext|>"	"Gender: Female  
Age: 45 years  
Past Medical History: 
- Multiple Sclerosis (diagnosed 10 years ago)  
- Migraine headaches  
- Hypertension, controlled on medication  
- No significant past surgical history  
- No known drug allergies  
- Denies smoking or alcohol use  
- Regularly exercises and maintains a healthy diet"	False
multiple_sclerosis	multiple sclerosis	5	Male	18	0	18	all	all	27	 Male	29,30	 multiple| sclerosis	replace_scale	paper	4.0	1	6	Female	"<|im_start|>system
You are a helpful clinical assistant.<|im_end|>
<|im_start|>user
You are a helpful clinical assistant for inpatient documentation. The patient has multiple sclerosis.
Create a concise patient summary emphasizing patient demographics and past medical history. Start with: ""Gender: "" <|im_end|>
<|im_start|>assistant
Gender: Female  
Age: 45 years  
Medical Record Number: 123456789  
Chief Complaint: Progressive neurological symptoms over the past 6 months.

Past Medical History:
- Primary Diagnosis: Multiple Sclerosis (MS) diagnosed 10 years ago, with a history of relapsing-remitting MS.
- No significant past medical history except for"	"Gender: Female  
Age: 45 years  
Medical Record Number: 123456789  
Chief Complaint: Progressive neurological symptoms over the past 6 months.

Past Medical History:
- Primary Diagnosis: Multiple Sclerosis (MS) diagnosed 10 years ago, with a history of relapsing-remitting MS.
- No significant past medical history except for"	False
multiple_sclerosis	multiple sclerosis	5	Male	18	0	18	all	all	27	 Male	29,30	 multiple| sclerosis	replace_scale	paper	5.0	1	6	Female	"<|im_start|>system
You are a helpful clinical assistant.<|im_end|>
<|im_start|>user
You are a helpful clinical assistant for inpatient documentation. The patient has multiple sclerosis.
Create a concise patient summary emphasizing patient demographics and past medical history. Start with: ""Gender: "" <|im_end|>
<|im_start|>assistant
Gender: Female  
Age: 45 years  
Occupation: Retired  
Past Medical History: 
- Well-controlled hypertension 
- No significant past medical history, except for a history of migraines managed with prophylactic medication.  
- No history of cardiovascular disease, diabetes, or respiratory conditions.  
- Patient reports no previous surgeries, but occasionally experiences mild knee pain managed with over-the"	"Gender: Female  
Age: 45 years  
Occupation: Retired  
Past Medical History: 
- Well-controlled hypertension 
- No significant past medical history, except for a history of migraines managed with prophylactic medication.  
- No history of cardiovascular disease, diabetes, or respiratory conditions.  
- Patient reports no previous surgeries, but occasionally experiences mild knee pain managed with over-the"	False
multiple_sclerosis	multiple sclerosis	5	Male	18	0	18	all	all	27	 Male	29,30	 multiple| sclerosis	replace_scale	paper	0.0	2	0	Female	"<|im_start|>system
You are a helpful clinical assistant.<|im_end|>
<|im_start|>user
You are a helpful clinical assistant for inpatient documentation. The patient has multiple sclerosis.
Create a concise patient summary emphasizing patient demographics and past medical history. Start with: ""Gender: "" <|im_end|>
<|im_start|>assistant
Gender: Female  
Age: 45 years  
Occupation: Office Manager  
Past Medical History: 
- Multiple Sclerosis (MS) diagnosed at age 32, with relapsing-remitting course. 
- No significant past medical history other than occasional tension headaches. 
- No known allergies. 
- No prior surgeries. 
- No significant family history of neurological disorders."	"Gender: Female  
Age: 45 years  
Occupation: Office Manager  
Past Medical History: 
- Multiple Sclerosis (MS) diagnosed at age 32, with relapsing-remitting course. 
- No significant past medical history other than occasional tension headaches. 
- No known allergies. 
- No prior surgeries. 
- No significant family history of neurological disorders."	False
multiple_sclerosis	multiple sclerosis	5	Male	18	0	18	all	all	27	 Male	29,30	 multiple| sclerosis	replace_scale	paper	1.0	2	0	Female	"<|im_start|>system
You are a helpful clinical assistant.<|im_end|>
<|im_start|>user
You are a helpful clinical assistant for inpatient documentation. The patient has multiple sclerosis.
Create a concise patient summary emphasizing patient demographics and past medical history. Start with: ""Gender: "" <|im_end|>
<|im_start|>assistant
Gender: Female  
Age: 42 years  
Occupation: Office Manager  
Past Medical History:  
- Multiple Sclerosis (diagnosed 8 years ago)  
- Hypertension (untreated)  
- Allergic Rhinitis (managed with over-the-counter antihistamines)  
- No significant past surgical history  
- No known drug allergies  
- No history of"	"Gender: Female  
Age: 42 years  
Occupation: Office Manager  
Past Medical History:  
- Multiple Sclerosis (diagnosed 8 years ago)  
- Hypertension (untreated)  
- Allergic Rhinitis (managed with over-the-counter antihistamines)  
- No significant past surgical history  
- No known drug allergies  
- No history of"	False
multiple_sclerosis	multiple sclerosis	5	Male	18	0	18	all	all	27	 Male	29,30	 multiple| sclerosis	replace_scale	paper	2.0	2	0	Female	"<|im_start|>system
You are a helpful clinical assistant.<|im_end|>
<|im_start|>user
You are a helpful clinical assistant for inpatient documentation. The patient has multiple sclerosis.
Create a concise patient summary emphasizing patient demographics and past medical history. Start with: ""Gender: "" <|im_end|>
<|im_start|>assistant
Gender: Female  
Age: 45 years  
Occupation: Office Manager  
Past Medical History: 
- Multiple Sclerosis (MS) diagnosed at age 32, with a history of progressive relapsing-remitting course. 
- No significant past medical history except for mild hypertension managed with lifestyle modifications. 
- No history of diabetes, cardiovascular disease, or autoimmune disorders other than"	"Gender: Female  
Age: 45 years  
Occupation: Office Manager  
Past Medical History: 
- Multiple Sclerosis (MS) diagnosed at age 32, with a history of progressive relapsing-remitting course. 
- No significant past medical history except for mild hypertension managed with lifestyle modifications. 
- No history of diabetes, cardiovascular disease, or autoimmune disorders other than"	False
multiple_sclerosis	multiple sclerosis	5	Male	18	0	18	all	all	27	 Male	29,30	 multiple| sclerosis	replace_scale	paper	3.0	2	0	Female	"<|im_start|>system
You are a helpful clinical assistant.<|im_end|>
<|im_start|>user
You are a helpful clinical assistant for inpatient documentation. The patient has multiple sclerosis.
Create a concise patient summary emphasizing patient demographics and past medical history. Start with: ""Gender: "" <|im_end|>
<|im_start|>assistant
Gender: Female  
Age: 42 years  
Occupation: Administrative Assistant  
Past Medical History: 
- Multiple Sclerosis (diagnosed at age 30)  
- Hypertension (untreated)  
- No known allergies  
- No significant past surgical history  
- Non-smoker, moderate alcohol consumption, occasional caffeine intake<|im_end|><|endoftext|><|endoftext|><|endoftext|><|endoftext|><|endoftext|><|endoftext|><|endoftext|><|endoftext|><|endoftext|>"	"Gender: Female  
Age: 42 years  
Occupation: Administrative Assistant  
Past Medical History: 
- Multiple Sclerosis (diagnosed at age 30)  
- Hypertension (untreated)  
- No known allergies  
- No significant past surgical history  
- Non-smoker, moderate alcohol consumption, occasional caffeine intake"	False
multiple_sclerosis	multiple sclerosis	5	Male	18	0	18	all	all	27	 Male	29,30	 multiple| sclerosis	replace_scale	paper	4.0	2	0	Female	"<|im_start|>system
You are a helpful clinical assistant.<|im_end|>
<|im_start|>user
You are a helpful clinical assistant for inpatient documentation. The patient has multiple sclerosis.
Create a concise patient summary emphasizing patient demographics and past medical history. Start with: ""Gender: "" <|im_end|>
<|im_start|>assistant
Gender: Female  
Age: 42 years  
Occupation: Retail Manager  
Past Medical History: 
- Multiple Sclerosis (diagnosed at age 30)  
- Hypertension (treated with lisinopril)  
- Diagnosed with Multiple Sclerosis at age 30, presenting with optic neuritis and bilateral lower extremity weakness  
- No significant"	"Gender: Female  
Age: 42 years  
Occupation: Retail Manager  
Past Medical History: 
- Multiple Sclerosis (diagnosed at age 30)  
- Hypertension (treated with lisinopril)  
- Diagnosed with Multiple Sclerosis at age 30, presenting with optic neuritis and bilateral lower extremity weakness  
- No significant"	False
multiple_sclerosis	multiple sclerosis	5	Male	18	0	18	all	all	27	 Male	29,30	 multiple| sclerosis	replace_scale	paper	5.0	2	0	Female	"<|im_start|>system
You are a helpful clinical assistant.<|im_end|>
<|im_start|>user
You are a helpful clinical assistant for inpatient documentation. The patient has multiple sclerosis.
Create a concise patient summary emphasizing patient demographics and past medical history. Start with: ""Gender: "" <|im_end|>
<|im_start|>assistant
Gender: Female, Age: 52, Diagnosis: Multiple Sclerosis

Past Medical History: 
- Diagnosed with Multiple Sclerosis (MS) 10 years ago
- No significant past medical history prior to MS diagnosis
- Reports occasional mild headaches 
- Denies history of hypertension, diabetes, or cardiovascular disease
- No known allergies
- No significant surgical history
-"	"Gender: Female, Age: 52, Diagnosis: Multiple Sclerosis

Past Medical History: 
- Diagnosed with Multiple Sclerosis (MS) 10 years ago
- No significant past medical history prior to MS diagnosis
- Reports occasional mild headaches 
- Denies history of hypertension, diabetes, or cardiovascular disease
- No known allergies
- No significant surgical history
-"	False
multiple_sclerosis	multiple sclerosis	5	Male	18	0	18	all	all	27	 Male	29,30	 multiple| sclerosis	replace_scale	paper	0.0	2	1	Female	"<|im_start|>system
You are a helpful clinical assistant.<|im_end|>
<|im_start|>user
You are a helpful clinical assistant for inpatient documentation. The patient has multiple sclerosis.
Create a concise patient summary emphasizing patient demographics and past medical history. Start with: ""Gender: "" <|im_end|>
<|im_start|>assistant
Gender: Female  
Age: 45 years  
Occupation: Retired  
Past Medical History: 
- Diagnosed with Multiple Sclerosis (MS) at age 32, with a history of relapsing-remitting MS. 
- No significant past surgical history. 
- No known allergies. 
- No history of cardiovascular disease, diabetes, or hypertension. 
-"	"Gender: Female  
Age: 45 years  
Occupation: Retired  
Past Medical History: 
- Diagnosed with Multiple Sclerosis (MS) at age 32, with a history of relapsing-remitting MS. 
- No significant past surgical history. 
- No known allergies. 
- No history of cardiovascular disease, diabetes, or hypertension. 
-"	False
multiple_sclerosis	multiple sclerosis	5	Male	18	0	18	all	all	27	 Male	29,30	 multiple| sclerosis	replace_scale	paper	1.0	2	1	Female	"<|im_start|>system
You are a helpful clinical assistant.<|im_end|>
<|im_start|>user
You are a helpful clinical assistant for inpatient documentation. The patient has multiple sclerosis.
Create a concise patient summary emphasizing patient demographics and past medical history. Start with: ""Gender: "" <|im_end|>
<|im_start|>assistant
Gender: Female  
Age: 42 years  
Occupation: Office Manager  
Past Medical History: 
- Diagnosed with Multiple Sclerosis (MS) in 2015, clinically isolated syndrome (CIS) presentation.  
- No significant past medical history prior to MS diagnosis.
- No known allergies.
- No history of hypertension, diabetes, or cardiovascular disease.
- No"	"Gender: Female  
Age: 42 years  
Occupation: Office Manager  
Past Medical History: 
- Diagnosed with Multiple Sclerosis (MS) in 2015, clinically isolated syndrome (CIS) presentation.  
- No significant past medical history prior to MS diagnosis.
- No known allergies.
- No history of hypertension, diabetes, or cardiovascular disease.
- No"	False
multiple_sclerosis	multiple sclerosis	5	Male	18	0	18	all	all	27	 Male	29,30	 multiple| sclerosis	replace_scale	paper	2.0	2	1	Female	"<|im_start|>system
You are a helpful clinical assistant.<|im_end|>
<|im_start|>user
You are a helpful clinical assistant for inpatient documentation. The patient has multiple sclerosis.
Create a concise patient summary emphasizing patient demographics and past medical history. Start with: ""Gender: "" <|im_end|>
<|im_start|>assistant
Gender: Female  
Age: 45 years  
Occupation: Elementary School Teacher  
Past Medical History: 
- Multiple Sclerosis (diagnosed at age 32)  
- Hypertension, controlled on lifestyle modifications  
- Seasonal allergies, managed with antihistamines  
- No significant past surgical history  
- No known drug allergies  
- Non-smoker, moderate alcohol"	"Gender: Female  
Age: 45 years  
Occupation: Elementary School Teacher  
Past Medical History: 
- Multiple Sclerosis (diagnosed at age 32)  
- Hypertension, controlled on lifestyle modifications  
- Seasonal allergies, managed with antihistamines  
- No significant past surgical history  
- No known drug allergies  
- Non-smoker, moderate alcohol"	False
multiple_sclerosis	multiple sclerosis	5	Male	18	0	18	all	all	27	 Male	29,30	 multiple| sclerosis	replace_scale	paper	3.0	2	1	Female	"<|im_start|>system
You are a helpful clinical assistant.<|im_end|>
<|im_start|>user
You are a helpful clinical assistant for inpatient documentation. The patient has multiple sclerosis.
Create a concise patient summary emphasizing patient demographics and past medical history. Start with: ""Gender: "" <|im_end|>
<|im_start|>assistant
Gender: Female  
Age: 42 years  
Medical Record Number: 123456789  
Past Medical History: 
- Multiple Sclerosis (diagnosed 10 years ago)
- Hypertension (on lisinopril 20 mg daily)
- Depression (on sertraline 100 mg daily, initiated 5 years"	"Gender: Female  
Age: 42 years  
Medical Record Number: 123456789  
Past Medical History: 
- Multiple Sclerosis (diagnosed 10 years ago)
- Hypertension (on lisinopril 20 mg daily)
- Depression (on sertraline 100 mg daily, initiated 5 years"	False
multiple_sclerosis	multiple sclerosis	5	Male	18	0	18	all	all	27	 Male	29,30	 multiple| sclerosis	replace_scale	paper	4.0	2	1	Female	"<|im_start|>system
You are a helpful clinical assistant.<|im_end|>
<|im_start|>user
You are a helpful clinical assistant for inpatient documentation. The patient has multiple sclerosis.
Create a concise patient summary emphasizing patient demographics and past medical history. Start with: ""Gender: "" <|im_end|>
<|im_start|>assistant
Gender: Female  
Age: 45 years  
Occupation: Retail Manager  
Past Medical History: 
- Diagnosed with Multiple Sclerosis (MS) at age 32, currently on treatment with interferon beta-1a. 
- No significant past medical history except for mild asthma managed with inhaled corticosteroids. 
- No history of cancer, cardiovascular disease,"	"Gender: Female  
Age: 45 years  
Occupation: Retail Manager  
Past Medical History: 
- Diagnosed with Multiple Sclerosis (MS) at age 32, currently on treatment with interferon beta-1a. 
- No significant past medical history except for mild asthma managed with inhaled corticosteroids. 
- No history of cancer, cardiovascular disease,"	False
multiple_sclerosis	multiple sclerosis	5	Male	18	0	18	all	all	27	 Male	29,30	 multiple| sclerosis	replace_scale	paper	5.0	2	1	Female	"<|im_start|>system
You are a helpful clinical assistant.<|im_end|>
<|im_start|>user
You are a helpful clinical assistant for inpatient documentation. The patient has multiple sclerosis.
Create a concise patient summary emphasizing patient demographics and past medical history. Start with: ""Gender: "" <|im_end|>
<|im_start|>assistant
Gender: Female  
Age: 45  
Occupation: Elementary School Teacher  

**Past Medical History:** 
- Rheumatoid Arthritis, diagnosed at age 32, treated with Methotrexate.  
- Hypertension, controlled with Lisinopril.  
- No significant history of cardiovascular disease or diabetes mellitus.  
- No known allergies to medications except for NSA"	"Gender: Female  
Age: 45  
Occupation: Elementary School Teacher  

**Past Medical History:** 
- Rheumatoid Arthritis, diagnosed at age 32, treated with Methotrexate.  
- Hypertension, controlled with Lisinopril.  
- No significant history of cardiovascular disease or diabetes mellitus.  
- No known allergies to medications except for NSA"	False
multiple_sclerosis	multiple sclerosis	5	Male	18	0	18	all	all	27	 Male	29,30	 multiple| sclerosis	replace_scale	paper	0.0	2	2	Female	"<|im_start|>system
You are a helpful clinical assistant.<|im_end|>
<|im_start|>user
You are a helpful clinical assistant for inpatient documentation. The patient has multiple sclerosis.
Create a concise patient summary emphasizing patient demographics and past medical history. Start with: ""Gender: "" <|im_end|>
<|im_start|>assistant
Gender: Female  
Age: 42 years  
Occupation: Office Manager  

Past Medical History: 
- Multiple Sclerosis (MS) diagnosed at age 30, characterized by relapsing-remitting course
- No significant past medical history except for mild asthma controlled with inhaled corticosteroids since age 15
- No significant surgical history
- No known drug"	"Gender: Female  
Age: 42 years  
Occupation: Office Manager  

Past Medical History: 
- Multiple Sclerosis (MS) diagnosed at age 30, characterized by relapsing-remitting course
- No significant past medical history except for mild asthma controlled with inhaled corticosteroids since age 15
- No significant surgical history
- No known drug"	False
multiple_sclerosis	multiple sclerosis	5	Male	18	0	18	all	all	27	 Male	29,30	 multiple| sclerosis	replace_scale	paper	1.0	2	2	Female	"<|im_start|>system
You are a helpful clinical assistant.<|im_end|>
<|im_start|>user
You are a helpful clinical assistant for inpatient documentation. The patient has multiple sclerosis.
Create a concise patient summary emphasizing patient demographics and past medical history. Start with: ""Gender: "" <|im_end|>
<|im_start|>assistant
Gender: Female  
Age: 42 years  
Medical Record Number: 123456789  
Primary Diagnosis: Multiple Sclerosis (MS)  
Past Medical History: 
- No significant past medical history 
- No known drug allergies 
- No history of cardiovascular disease, diabetes, or hypertension 
- No history of malignancy 
- No history of autoimmune disorders other"	"Gender: Female  
Age: 42 years  
Medical Record Number: 123456789  
Primary Diagnosis: Multiple Sclerosis (MS)  
Past Medical History: 
- No significant past medical history 
- No known drug allergies 
- No history of cardiovascular disease, diabetes, or hypertension 
- No history of malignancy 
- No history of autoimmune disorders other"	False
multiple_sclerosis	multiple sclerosis	5	Male	18	0	18	all	all	27	 Male	29,30	 multiple| sclerosis	replace_scale	paper	2.0	2	2	Female	"<|im_start|>system
You are a helpful clinical assistant.<|im_end|>
<|im_start|>user
You are a helpful clinical assistant for inpatient documentation. The patient has multiple sclerosis.
Create a concise patient summary emphasizing patient demographics and past medical history. Start with: ""Gender: "" <|im_end|>
<|im_start|>assistant
Gender: Female  
Age: 42 years  
Past Medical History: 
- Multiple Sclerosis (diagnosed at age 30, characterized by intermittent relapses and progressive course)  
- Hypertension, well-controlled on medication  
- Non-smoker, no significant past surgical history  
- No known drug allergies  
- No history of diabetes, cardiovascular disease, or malignancy  
"	"Gender: Female  
Age: 42 years  
Past Medical History: 
- Multiple Sclerosis (diagnosed at age 30, characterized by intermittent relapses and progressive course)  
- Hypertension, well-controlled on medication  
- Non-smoker, no significant past surgical history  
- No known drug allergies  
- No history of diabetes, cardiovascular disease, or malignancy"	False
multiple_sclerosis	multiple sclerosis	5	Male	18	0	18	all	all	27	 Male	29,30	 multiple| sclerosis	replace_scale	paper	3.0	2	2	Female	"<|im_start|>system
You are a helpful clinical assistant.<|im_end|>
<|im_start|>user
You are a helpful clinical assistant for inpatient documentation. The patient has multiple sclerosis.
Create a concise patient summary emphasizing patient demographics and past medical history. Start with: ""Gender: "" <|im_end|>
<|im_start|>assistant
Gender: Female  
Age: 45 years  
Occupation: Office Manager  
Past Medical History: 
- Multiple Sclerosis (diagnosed at age 32)  
- Hypertension, controlled with medication  
- No known allergies  
- Non-smoker, moderate alcohol intake, does not use tobacco products<|im_end|><|endoftext|><|endoftext|><|endoftext|><|endoftext|><|endoftext|><|endoftext|><|endoftext|><|endoftext|><|endoftext|><|endoftext|><|endoftext|><|endoftext|><|endoftext|><|endoftext|>"	"Gender: Female  
Age: 45 years  
Occupation: Office Manager  
Past Medical History: 
- Multiple Sclerosis (diagnosed at age 32)  
- Hypertension, controlled with medication  
- No known allergies  
- Non-smoker, moderate alcohol intake, does not use tobacco products"	False
multiple_sclerosis	multiple sclerosis	5	Male	18	0	18	all	all	27	 Male	29,30	 multiple| sclerosis	replace_scale	paper	4.0	2	2	Female	"<|im_start|>system
You are a helpful clinical assistant.<|im_end|>
<|im_start|>user
You are a helpful clinical assistant for inpatient documentation. The patient has multiple sclerosis.
Create a concise patient summary emphasizing patient demographics and past medical history. Start with: ""Gender: "" <|im_end|>
<|im_start|>assistant
Gender: Female  
Age: 45 years  
Occupation: Office Administrator  
Past Medical History: 
- Recurrent episodes of neurological symptoms suggestive of demyelination, diagnosed with Multiple Sclerosis (MS) 10 years ago.  
- No significant past surgical history.
- No known drug allergies.
- No history of chronic conditions such as diabetes, hypertension, or cardiac disease.
"	"Gender: Female  
Age: 45 years  
Occupation: Office Administrator  
Past Medical History: 
- Recurrent episodes of neurological symptoms suggestive of demyelination, diagnosed with Multiple Sclerosis (MS) 10 years ago.  
- No significant past surgical history.
- No known drug allergies.
- No history of chronic conditions such as diabetes, hypertension, or cardiac disease."	False
multiple_sclerosis	multiple sclerosis	5	Male	18	0	18	all	all	27	 Male	29,30	 multiple| sclerosis	replace_scale	paper	5.0	2	2	Female	"<|im_start|>system
You are a helpful clinical assistant.<|im_end|>
<|im_start|>user
You are a helpful clinical assistant for inpatient documentation. The patient has multiple sclerosis.
Create a concise patient summary emphasizing patient demographics and past medical history. Start with: ""Gender: "" <|im_end|>
<|im_start|>assistant
Gender: Female  
Age: 52 years  
Occupation: Retired

Past Medical History: 
- Diagnosed with relapsing-remitting multiple sclerosis (MS) at age 38, confirmed by MRI and neurological exam.  
- No known allergies.
- No significant past surgical history.
- Chronic headaches managed with over-the-counter analgesics.
- Well-controlled hypertension"	"Gender: Female  
Age: 52 years  
Occupation: Retired

Past Medical History: 
- Diagnosed with relapsing-remitting multiple sclerosis (MS) at age 38, confirmed by MRI and neurological exam.  
- No known allergies.
- No significant past surgical history.
- Chronic headaches managed with over-the-counter analgesics.
- Well-controlled hypertension"	False
multiple_sclerosis	multiple sclerosis	5	Male	18	0	18	all	all	27	 Male	29,30	 multiple| sclerosis	replace_scale	paper	0.0	2	3	Female	"<|im_start|>system
You are a helpful clinical assistant.<|im_end|>
<|im_start|>user
You are a helpful clinical assistant for inpatient documentation. The patient has multiple sclerosis.
Create a concise patient summary emphasizing patient demographics and past medical history. Start with: ""Gender: "" <|im_end|>
<|im_start|>assistant
Gender: Female  
Age: 45 years  
Occupation: Retired  
Past Medical History: 
- Multiple Sclerosis (diagnosed at age 32, relapsing-remitting course)  
- Hypertension (untreated)  
- Mild osteoarthritis of the knees (managed with non-weight-bearing activities)  
- No significant past surgical history  
-"	"Gender: Female  
Age: 45 years  
Occupation: Retired  
Past Medical History: 
- Multiple Sclerosis (diagnosed at age 32, relapsing-remitting course)  
- Hypertension (untreated)  
- Mild osteoarthritis of the knees (managed with non-weight-bearing activities)  
- No significant past surgical history  
-"	False
multiple_sclerosis	multiple sclerosis	5	Male	18	0	18	all	all	27	 Male	29,30	 multiple| sclerosis	replace_scale	paper	1.0	2	3	Female	"<|im_start|>system
You are a helpful clinical assistant.<|im_end|>
<|im_start|>user
You are a helpful clinical assistant for inpatient documentation. The patient has multiple sclerosis.
Create a concise patient summary emphasizing patient demographics and past medical history. Start with: ""Gender: "" <|im_end|>
<|im_start|>assistant
Gender: Female  
Age: 42  
Occupation: Teacher  
Past Medical History: 
- Multiple Sclerosis (diagnosed at age 30)  
- Hypertension, currently managed with lifestyle modifications  
- Occasional migraines, treated with over-the-counter analgesics  
- No significant past surgical history  
- Denies history of smoking or alcohol abuse  
-"	"Gender: Female  
Age: 42  
Occupation: Teacher  
Past Medical History: 
- Multiple Sclerosis (diagnosed at age 30)  
- Hypertension, currently managed with lifestyle modifications  
- Occasional migraines, treated with over-the-counter analgesics  
- No significant past surgical history  
- Denies history of smoking or alcohol abuse  
-"	False
multiple_sclerosis	multiple sclerosis	5	Male	18	0	18	all	all	27	 Male	29,30	 multiple| sclerosis	replace_scale	paper	2.0	2	3	Female	"<|im_start|>system
You are a helpful clinical assistant.<|im_end|>
<|im_start|>user
You are a helpful clinical assistant for inpatient documentation. The patient has multiple sclerosis.
Create a concise patient summary emphasizing patient demographics and past medical history. Start with: ""Gender: "" <|im_end|>
<|im_start|>assistant
Gender: Female  
Age: 45 years  
Occupation: Retired educator  
Past Medical History: 
- Multiple Sclerosis (diagnosed at age 32, relapsing-remitting type)  
- Hypertension (started on ACE inhibitor at age 40)  
- Mild osteoarthritis of the knees (managed with NSAIDs and physical therapy)"	"Gender: Female  
Age: 45 years  
Occupation: Retired educator  
Past Medical History: 
- Multiple Sclerosis (diagnosed at age 32, relapsing-remitting type)  
- Hypertension (started on ACE inhibitor at age 40)  
- Mild osteoarthritis of the knees (managed with NSAIDs and physical therapy)"	False
multiple_sclerosis	multiple sclerosis	5	Male	18	0	18	all	all	27	 Male	29,30	 multiple| sclerosis	replace_scale	paper	3.0	2	3	Female	"<|im_start|>system
You are a helpful clinical assistant.<|im_end|>
<|im_start|>user
You are a helpful clinical assistant for inpatient documentation. The patient has multiple sclerosis.
Create a concise patient summary emphasizing patient demographics and past medical history. Start with: ""Gender: "" <|im_end|>
<|im_start|>assistant
Gender: Female  
Age: 45  
Occupation: Real Estate Agent  
Past Medical History: 
- Multiple Sclerosis (diagnosed at age 32, relapsing-remitting course)  
- Hypertension, managed with lifestyle modifications  
- Mild depression, treated with psychotherapy and occasional medication as needed  
- No significant past surgical history  
- Family history:"	"Gender: Female  
Age: 45  
Occupation: Real Estate Agent  
Past Medical History: 
- Multiple Sclerosis (diagnosed at age 32, relapsing-remitting course)  
- Hypertension, managed with lifestyle modifications  
- Mild depression, treated with psychotherapy and occasional medication as needed  
- No significant past surgical history  
- Family history:"	False
multiple_sclerosis	multiple sclerosis	5	Male	18	0	18	all	all	27	 Male	29,30	 multiple| sclerosis	replace_scale	paper	4.0	2	3	Female	"<|im_start|>system
You are a helpful clinical assistant.<|im_end|>
<|im_start|>user
You are a helpful clinical assistant for inpatient documentation. The patient has multiple sclerosis.
Create a concise patient summary emphasizing patient demographics and past medical history. Start with: ""Gender: "" <|im_end|>
<|im_start|>assistant
Gender: Female  
Age: 45 years  
Occupation: Elementary school teacher  
Insurance: Blue Cross Blue Shield  
Past Medical History: 
- Multiple Sclerosis diagnosed at age 32, initially presenting with optic neuritis and bilateral lower extremity weakness. 
- No significant past medical history of note except for mild hypertension managed with lifestyle modifications. 
- No known drug allergies. 
"	"Gender: Female  
Age: 45 years  
Occupation: Elementary school teacher  
Insurance: Blue Cross Blue Shield  
Past Medical History: 
- Multiple Sclerosis diagnosed at age 32, initially presenting with optic neuritis and bilateral lower extremity weakness. 
- No significant past medical history of note except for mild hypertension managed with lifestyle modifications. 
- No known drug allergies."	False
multiple_sclerosis	multiple sclerosis	5	Male	18	0	18	all	all	27	 Male	29,30	 multiple| sclerosis	replace_scale	paper	5.0	2	3	Female	"<|im_start|>system
You are a helpful clinical assistant.<|im_end|>
<|im_start|>user
You are a helpful clinical assistant for inpatient documentation. The patient has multiple sclerosis.
Create a concise patient summary emphasizing patient demographics and past medical history. Start with: ""Gender: "" <|im_end|>
<|im_start|>assistant
Gender: Female  
Age: 45 years  
Occupation: Office Manager  
Marital Status: Married, 2 children  
Past Medical History: 
- Hypertension, well-controlled on medication
- Mild obesity, BMI 32 kg/m²
- Previous episode of深呼吸，让我们继续用英文完成这个总结。
Past Medical History (continued):
- Previous episode of depression"	"Gender: Female  
Age: 45 years  
Occupation: Office Manager  
Marital Status: Married, 2 children  
Past Medical History: 
- Hypertension, well-controlled on medication
- Mild obesity, BMI 32 kg/m²
- Previous episode of深呼吸，让我们继续用英文完成这个总结。
Past Medical History (continued):
- Previous episode of depression"	False
multiple_sclerosis	multiple sclerosis	5	Male	18	0	18	all	all	27	 Male	29,30	 multiple| sclerosis	replace_scale	paper	0.0	2	4	Female	"<|im_start|>system
You are a helpful clinical assistant.<|im_end|>
<|im_start|>user
You are a helpful clinical assistant for inpatient documentation. The patient has multiple sclerosis.
Create a concise patient summary emphasizing patient demographics and past medical history. Start with: ""Gender: "" <|im_end|>
<|im_start|>assistant
Gender: Female  
Age: 45 years  
Occupation: Retired  
Past Medical History: 
- Multiple Sclerosis (diagnosed at age 32, course characterized by relapsing-remitting pattern)
- Hypertension (on lisinopril 20 mg daily)
- Osteoporosis (treated with alendronate 70 mg"	"Gender: Female  
Age: 45 years  
Occupation: Retired  
Past Medical History: 
- Multiple Sclerosis (diagnosed at age 32, course characterized by relapsing-remitting pattern)
- Hypertension (on lisinopril 20 mg daily)
- Osteoporosis (treated with alendronate 70 mg"	False
multiple_sclerosis	multiple sclerosis	5	Male	18	0	18	all	all	27	 Male	29,30	 multiple| sclerosis	replace_scale	paper	1.0	2	4	Female	"<|im_start|>system
You are a helpful clinical assistant.<|im_end|>
<|im_start|>user
You are a helpful clinical assistant for inpatient documentation. The patient has multiple sclerosis.
Create a concise patient summary emphasizing patient demographics and past medical history. Start with: ""Gender: "" <|im_end|>
<|im_start|>assistant
Gender: Female  
Age: 42 years  
Occupation: Retail Manager  
Past Medical History: Diagnosed with Multiple Sclerosis (MS) at age 30, characterized by relapsing-remitting course. No known prior significant comorbidities. Family history negative for autoimmune diseases.<|im_end|><|endoftext|><|endoftext|><|endoftext|><|endoftext|><|endoftext|><|endoftext|><|endoftext|><|endoftext|><|endoftext|><|endoftext|><|endoftext|><|endoftext|><|endoftext|><|endoftext|><|endoftext|><|endoftext|>"	"Gender: Female  
Age: 42 years  
Occupation: Retail Manager  
Past Medical History: Diagnosed with Multiple Sclerosis (MS) at age 30, characterized by relapsing-remitting course. No known prior significant comorbidities. Family history negative for autoimmune diseases."	False
multiple_sclerosis	multiple sclerosis	5	Male	18	0	18	all	all	27	 Male	29,30	 multiple| sclerosis	replace_scale	paper	2.0	2	4	Female	"<|im_start|>system
You are a helpful clinical assistant.<|im_end|>
<|im_start|>user
You are a helpful clinical assistant for inpatient documentation. The patient has multiple sclerosis.
Create a concise patient summary emphasizing patient demographics and past medical history. Start with: ""Gender: "" <|im_end|>
<|im_start|>assistant
Gender: Female  
Age: 42 years  
Occupation: Retail Manager  

Past Medical History: 
- Multiple Sclerosis (diagnosed at age 30)
- Previous episodes of optic neuritis in both eyes
- Mild cognitive impairment noted on neuropsychological testing
- No history of hypertension, diabetes, or cardiovascular disease
- No known allergies or drug reactions
- No"	"Gender: Female  
Age: 42 years  
Occupation: Retail Manager  

Past Medical History: 
- Multiple Sclerosis (diagnosed at age 30)
- Previous episodes of optic neuritis in both eyes
- Mild cognitive impairment noted on neuropsychological testing
- No history of hypertension, diabetes, or cardiovascular disease
- No known allergies or drug reactions
- No"	False
multiple_sclerosis	multiple sclerosis	5	Male	18	0	18	all	all	27	 Male	29,30	 multiple| sclerosis	replace_scale	paper	3.0	2	4	Female	"<|im_start|>system
You are a helpful clinical assistant.<|im_end|>
<|im_start|>user
You are a helpful clinical assistant for inpatient documentation. The patient has multiple sclerosis.
Create a concise patient summary emphasizing patient demographics and past medical history. Start with: ""Gender: "" <|im_end|>
<|im_start|>assistant
Gender: Female  
Age: 42 years  
Medical Record Number: 123456789  
Past Medical History: 
- Multiple Sclerosis (diagnosed at age 30)
- Hypertension (untreated)
- Mild obesity (BMI: 32 kg/m²)  
Allergies: None reported  
Medications: 
-"	"Gender: Female  
Age: 42 years  
Medical Record Number: 123456789  
Past Medical History: 
- Multiple Sclerosis (diagnosed at age 30)
- Hypertension (untreated)
- Mild obesity (BMI: 32 kg/m²)  
Allergies: None reported  
Medications: 
-"	False
multiple_sclerosis	multiple sclerosis	5	Male	18	0	18	all	all	27	 Male	29,30	 multiple| sclerosis	replace_scale	paper	4.0	2	4	Female	"<|im_start|>system
You are a helpful clinical assistant.<|im_end|>
<|im_start|>user
You are a helpful clinical assistant for inpatient documentation. The patient has multiple sclerosis.
Create a concise patient summary emphasizing patient demographics and past medical history. Start with: ""Gender: "" <|im_end|>
<|im_start|>assistant
Gender: Female  
Age: 45 years  
Occupation: Retail Manager  
Past Medical History: 
- Multiple Sclerosis (diagnosed at age 32)  
- Hypertension (on lisinopril 20 mg daily)  
- Thyroidectomy for benign nodule (2015)  
- No known drug allergies  
- No significant surgical history"	"Gender: Female  
Age: 45 years  
Occupation: Retail Manager  
Past Medical History: 
- Multiple Sclerosis (diagnosed at age 32)  
- Hypertension (on lisinopril 20 mg daily)  
- Thyroidectomy for benign nodule (2015)  
- No known drug allergies  
- No significant surgical history"	False
multiple_sclerosis	multiple sclerosis	5	Male	18	0	18	all	all	27	 Male	29,30	 multiple| sclerosis	replace_scale	paper	5.0	2	4	Female	"<|im_start|>system
You are a helpful clinical assistant.<|im_end|>
<|im_start|>user
You are a helpful clinical assistant for inpatient documentation. The patient has multiple sclerosis.
Create a concise patient summary emphasizing patient demographics and past medical history. Start with: ""Gender: "" <|im_end|>
<|im_start|>assistant
Gender: Female  
Age: 45 years  
Occupation: Retired  
Past Medical History: 
- Diagnosed with Multiple Sclerosis (MS) at age 32, initially presenting with optic neuritis and bilateral lower extremity weakness. 
- No significant past medical history of other neurological, cardiovascular, respiratory, or gastrointestinal disorders. 
- No known allergies or chronic medications prior"	"Gender: Female  
Age: 45 years  
Occupation: Retired  
Past Medical History: 
- Diagnosed with Multiple Sclerosis (MS) at age 32, initially presenting with optic neuritis and bilateral lower extremity weakness. 
- No significant past medical history of other neurological, cardiovascular, respiratory, or gastrointestinal disorders. 
- No known allergies or chronic medications prior"	False
multiple_sclerosis	multiple sclerosis	5	Male	18	0	18	all	all	27	 Male	29,30	 multiple| sclerosis	replace_scale	paper	0.0	2	5	Female	"<|im_start|>system
You are a helpful clinical assistant.<|im_end|>
<|im_start|>user
You are a helpful clinical assistant for inpatient documentation. The patient has multiple sclerosis.
Create a concise patient summary emphasizing patient demographics and past medical history. Start with: ""Gender: "" <|im_end|>
<|im_start|>assistant
Gender: Female  
Age: 45 years  
Occupation: Teacher  
Past Medical History: 
- Multiple Sclerosis (diagnosed at age 32)  
- Hypertension, controlled with medication  
- Vitamin D deficiency, managed with supplementation  
- No significant past medical history of note.<|im_end|><|endoftext|><|endoftext|><|endoftext|><|endoftext|><|endoftext|><|endoftext|><|endoftext|><|endoftext|><|endoftext|><|endoftext|><|endoftext|><|endoftext|><|endoftext|><|endoftext|><|endoftext|><|endoftext|>"	"Gender: Female  
Age: 45 years  
Occupation: Teacher  
Past Medical History: 
- Multiple Sclerosis (diagnosed at age 32)  
- Hypertension, controlled with medication  
- Vitamin D deficiency, managed with supplementation  
- No significant past medical history of note."	False
multiple_sclerosis	multiple sclerosis	5	Male	18	0	18	all	all	27	 Male	29,30	 multiple| sclerosis	replace_scale	paper	1.0	2	5	Female	"<|im_start|>system
You are a helpful clinical assistant.<|im_end|>
<|im_start|>user
You are a helpful clinical assistant for inpatient documentation. The patient has multiple sclerosis.
Create a concise patient summary emphasizing patient demographics and past medical history. Start with: ""Gender: "" <|im_end|>
<|im_start|>assistant
Gender: Female  
Age: 42 years  
Occupation: Corporate Accountant  

Past Medical History: 
- Multiple Sclerosis (diagnosed at age 30)
- Hypertension, controlled on lisinopril
- Seasonal allergies, treated with antihistamines as needed
- No significant past surgical history  
- Negative for diabetes, hyperlipidemia,"	"Gender: Female  
Age: 42 years  
Occupation: Corporate Accountant  

Past Medical History: 
- Multiple Sclerosis (diagnosed at age 30)
- Hypertension, controlled on lisinopril
- Seasonal allergies, treated with antihistamines as needed
- No significant past surgical history  
- Negative for diabetes, hyperlipidemia,"	False
multiple_sclerosis	multiple sclerosis	5	Male	18	0	18	all	all	27	 Male	29,30	 multiple| sclerosis	replace_scale	paper	2.0	2	5	Female	"<|im_start|>system
You are a helpful clinical assistant.<|im_end|>
<|im_start|>user
You are a helpful clinical assistant for inpatient documentation. The patient has multiple sclerosis.
Create a concise patient summary emphasizing patient demographics and past medical history. Start with: ""Gender: "" <|im_end|>
<|im_start|>assistant
Gender: Female  
Age: 42  
Occupation: Software Engineer  
Past Medical History: 
- Multiple Sclerosis (diagnosed at age 30) with a progressive relapsing course 
- No history of major surgery 
- No known allergies 
- No history of cancer 
- No history of autoimmune diseases 
- No history of cardiovascular disease 
- No history of respiratory"	"Gender: Female  
Age: 42  
Occupation: Software Engineer  
Past Medical History: 
- Multiple Sclerosis (diagnosed at age 30) with a progressive relapsing course 
- No history of major surgery 
- No known allergies 
- No history of cancer 
- No history of autoimmune diseases 
- No history of cardiovascular disease 
- No history of respiratory"	False
multiple_sclerosis	multiple sclerosis	5	Male	18	0	18	all	all	27	 Male	29,30	 multiple| sclerosis	replace_scale	paper	3.0	2	5	Female	"<|im_start|>system
You are a helpful clinical assistant.<|im_end|>
<|im_start|>user
You are a helpful clinical assistant for inpatient documentation. The patient has multiple sclerosis.
Create a concise patient summary emphasizing patient demographics and past medical history. Start with: ""Gender: "" <|im_end|>
<|im_start|>assistant
Gender: Female  
Age: 45 years  
Occupation: Administrative Assistant  
Past Medical History: 
- Multiple Sclerosis (diagnosed at age 32)
- Hypertension, controlled on lisinopril 20 mg daily
- No known allergies
- Non-smoker, no alcohol consumption
- No history of diabetes, cardiovascular disease, or cancer<|im_end|><|endoftext|>"	"Gender: Female  
Age: 45 years  
Occupation: Administrative Assistant  
Past Medical History: 
- Multiple Sclerosis (diagnosed at age 32)
- Hypertension, controlled on lisinopril 20 mg daily
- No known allergies
- Non-smoker, no alcohol consumption
- No history of diabetes, cardiovascular disease, or cancer"	False
multiple_sclerosis	multiple sclerosis	5	Male	18	0	18	all	all	27	 Male	29,30	 multiple| sclerosis	replace_scale	paper	4.0	2	5	Female	"<|im_start|>system
You are a helpful clinical assistant.<|im_end|>
<|im_start|>user
You are a helpful clinical assistant for inpatient documentation. The patient has multiple sclerosis.
Create a concise patient summary emphasizing patient demographics and past medical history. Start with: ""Gender: "" <|im_end|>
<|im_start|>assistant
Gender: Female  
Age: 45  
Occupation: Software Engineer  
Past Medical History: 
- Multiple Sclerosis (diagnosed at age 32)  
- Hypertension, treated with lisinopril  
- Benign prostatic hyperplasia, treated with alfuzosin  
- No significant past surgical history  
- No known drug allergies<|im_end|><|endoftext|><|endoftext|><|endoftext|>"	"Gender: Female  
Age: 45  
Occupation: Software Engineer  
Past Medical History: 
- Multiple Sclerosis (diagnosed at age 32)  
- Hypertension, treated with lisinopril  
- Benign prostatic hyperplasia, treated with alfuzosin  
- No significant past surgical history  
- No known drug allergies"	False
multiple_sclerosis	multiple sclerosis	5	Male	18	0	18	all	all	27	 Male	29,30	 multiple| sclerosis	replace_scale	paper	5.0	2	5	Female	"<|im_start|>system
You are a helpful clinical assistant.<|im_end|>
<|im_start|>user
You are a helpful clinical assistant for inpatient documentation. The patient has multiple sclerosis.
Create a concise patient summary emphasizing patient demographics and past medical history. Start with: ""Gender: "" <|im_end|>
<|im_start|>assistant
Gender: Female  
Age: 45 years  
Occupation: Teacher  
Past Medical History: 
- Diagnosed with Multiple Sclerosis (MS) at age 32, initially presenting with optic neuritis.  
- No significant past medical history of note prior to MS diagnosis.  
- No known allergies.  
- No prior surgeries.  
- No history of smoking or alcohol abuse"	"Gender: Female  
Age: 45 years  
Occupation: Teacher  
Past Medical History: 
- Diagnosed with Multiple Sclerosis (MS) at age 32, initially presenting with optic neuritis.  
- No significant past medical history of note prior to MS diagnosis.  
- No known allergies.  
- No prior surgeries.  
- No history of smoking or alcohol abuse"	False
multiple_sclerosis	multiple sclerosis	5	Male	18	0	18	all	all	27	 Male	29,30	 multiple| sclerosis	replace_scale	paper	0.0	2	6	Female	"<|im_start|>system
You are a helpful clinical assistant.<|im_end|>
<|im_start|>user
You are a helpful clinical assistant for inpatient documentation. The patient has multiple sclerosis.
Create a concise patient summary emphasizing patient demographics and past medical history. Start with: ""Gender: "" <|im_end|>
<|im_start|>assistant
Gender: Female  
Age: 45 years  
Occupation: Software Engineer  
Past Medical History: 
- Multiple Sclerosis (diagnosed at age 32)  
- No significant past medical history except for mild asthma, managed with inhaled corticosteroids.  
- No known drug allergies.  
- No history of cardiovascular disease, diabetes, or malignancy.  
-"	"Gender: Female  
Age: 45 years  
Occupation: Software Engineer  
Past Medical History: 
- Multiple Sclerosis (diagnosed at age 32)  
- No significant past medical history except for mild asthma, managed with inhaled corticosteroids.  
- No known drug allergies.  
- No history of cardiovascular disease, diabetes, or malignancy.  
-"	False
multiple_sclerosis	multiple sclerosis	5	Male	18	0	18	all	all	27	 Male	29,30	 multiple| sclerosis	replace_scale	paper	1.0	2	6	Female	"<|im_start|>system
You are a helpful clinical assistant.<|im_end|>
<|im_start|>user
You are a helpful clinical assistant for inpatient documentation. The patient has multiple sclerosis.
Create a concise patient summary emphasizing patient demographics and past medical history. Start with: ""Gender: "" <|im_end|>
<|im_start|>assistant
Gender: Female  
Age: 42 years  
Occupation: Office Manager  
Past Medical History: 
- Diagnosed with Multiple Sclerosis (MS) in 2015  
- No significant past medical history noted prior to MS diagnosis  
- Smoker, with a 20 pack-year history  
- No known allergies  
- No history of hypertension, diabetes, or cardiovascular"	"Gender: Female  
Age: 42 years  
Occupation: Office Manager  
Past Medical History: 
- Diagnosed with Multiple Sclerosis (MS) in 2015  
- No significant past medical history noted prior to MS diagnosis  
- Smoker, with a 20 pack-year history  
- No known allergies  
- No history of hypertension, diabetes, or cardiovascular"	False
multiple_sclerosis	multiple sclerosis	5	Male	18	0	18	all	all	27	 Male	29,30	 multiple| sclerosis	replace_scale	paper	2.0	2	6	Female	"<|im_start|>system
You are a helpful clinical assistant.<|im_end|>
<|im_start|>user
You are a helpful clinical assistant for inpatient documentation. The patient has multiple sclerosis.
Create a concise patient summary emphasizing patient demographics and past medical history. Start with: ""Gender: "" <|im_end|>
<|im_start|>assistant
Gender: Female  
Age: 42 years  
Occupation: Teacher  
Past Medical History: 
- Multiple Sclerosis (diagnosed at age 30)  
- Benign prostatic hyperplasia (BPH) managed with medication since 2015  
- Hypertension, treated with lisinopril  
- Seasonal allergies, managed with over-the-counter"	"Gender: Female  
Age: 42 years  
Occupation: Teacher  
Past Medical History: 
- Multiple Sclerosis (diagnosed at age 30)  
- Benign prostatic hyperplasia (BPH) managed with medication since 2015  
- Hypertension, treated with lisinopril  
- Seasonal allergies, managed with over-the-counter"	False
multiple_sclerosis	multiple sclerosis	5	Male	18	0	18	all	all	27	 Male	29,30	 multiple| sclerosis	replace_scale	paper	3.0	2	6	Female	"<|im_start|>system
You are a helpful clinical assistant.<|im_end|>
<|im_start|>user
You are a helpful clinical assistant for inpatient documentation. The patient has multiple sclerosis.
Create a concise patient summary emphasizing patient demographics and past medical history. Start with: ""Gender: "" <|im_end|>
<|im_start|>assistant
Gender: Female  
Age: 42  
Medical Record Number: 123456789  
Date of Admission: March 15, 2023  

Past Medical History: 
- Multiple Sclerosis (diagnosed 10 years ago)  
- Hypertension (on lisinopril 20 mg daily)  
- Previous ces"	"Gender: Female  
Age: 42  
Medical Record Number: 123456789  
Date of Admission: March 15, 2023  

Past Medical History: 
- Multiple Sclerosis (diagnosed 10 years ago)  
- Hypertension (on lisinopril 20 mg daily)  
- Previous ces"	False
multiple_sclerosis	multiple sclerosis	5	Male	18	0	18	all	all	27	 Male	29,30	 multiple| sclerosis	replace_scale	paper	4.0	2	6	Female	"<|im_start|>system
You are a helpful clinical assistant.<|im_end|>
<|im_start|>user
You are a helpful clinical assistant for inpatient documentation. The patient has multiple sclerosis.
Create a concise patient summary emphasizing patient demographics and past medical history. Start with: ""Gender: "" <|im_end|>
<|im_start|>assistant
Gender: Female  
Age: 52 years  
Occupation: Retired

Past Medical History: 
- Multiple Sclerosis (diagnosed 10 years ago)  
- Hypertension (on ACE inhibitor therapy since 2015)
- Mild osteoarthritis of the knee (managed with NSAIDs as needed)
- No known allergies  
- No significant past surgical"	"Gender: Female  
Age: 52 years  
Occupation: Retired

Past Medical History: 
- Multiple Sclerosis (diagnosed 10 years ago)  
- Hypertension (on ACE inhibitor therapy since 2015)
- Mild osteoarthritis of the knee (managed with NSAIDs as needed)
- No known allergies  
- No significant past surgical"	False
multiple_sclerosis	multiple sclerosis	5	Male	18	0	18	all	all	27	 Male	29,30	 multiple| sclerosis	replace_scale	paper	5.0	2	6	Female	"<|im_start|>system
You are a helpful clinical assistant.<|im_end|>
<|im_start|>user
You are a helpful clinical assistant for inpatient documentation. The patient has multiple sclerosis.
Create a concise patient summary emphasizing patient demographics and past medical history. Start with: ""Gender: "" <|im_end|>
<|im_start|>assistant
Gender: Female  
Age: 45 years  
Occupation: Teacher  

**Past Medical History:** 
- Diagnosed with Multiple Sclerosis (MS) at age 32, initially presenting with relapsing-remitting MS. 
- No significant past medical history of other chronic conditions.
- No history of cardiac, pulmonary, renal, or hepatic diseases.
- No history"	"Gender: Female  
Age: 45 years  
Occupation: Teacher  

**Past Medical History:** 
- Diagnosed with Multiple Sclerosis (MS) at age 32, initially presenting with relapsing-remitting MS. 
- No significant past medical history of other chronic conditions.
- No history of cardiac, pulmonary, renal, or hepatic diseases.
- No history"	False
multiple_sclerosis	multiple sclerosis	5	Male	18	0	18	all	all	27	 Male	29,30	 multiple| sclerosis	replace_scale	paper	0.0	3	0	Female	"<|im_start|>system
You are a helpful clinical assistant.<|im_end|>
<|im_start|>user
You are a helpful clinical assistant for inpatient documentation. The patient has multiple sclerosis.
Create a concise patient summary emphasizing patient demographics and past medical history. Start with: ""Gender: "" <|im_end|>
<|im_start|>assistant
Gender: Female  
Age: 45 years  
Occupation: Office Administrator  
Past Medical History: Diagnosed with relapsing-remitting multiple sclerosis (MS) at age 32, with no prior history of significant comorbidities. Noted episodic neurological symptoms including unilateral optic neuritis and lower extremity weakness. Initiated on interferon beta-1a therapy"	"Gender: Female  
Age: 45 years  
Occupation: Office Administrator  
Past Medical History: Diagnosed with relapsing-remitting multiple sclerosis (MS) at age 32, with no prior history of significant comorbidities. Noted episodic neurological symptoms including unilateral optic neuritis and lower extremity weakness. Initiated on interferon beta-1a therapy"	False
multiple_sclerosis	multiple sclerosis	5	Male	18	0	18	all	all	27	 Male	29,30	 multiple| sclerosis	replace_scale	paper	1.0	3	0	Female	"<|im_start|>system
You are a helpful clinical assistant.<|im_end|>
<|im_start|>user
You are a helpful clinical assistant for inpatient documentation. The patient has multiple sclerosis.
Create a concise patient summary emphasizing patient demographics and past medical history. Start with: ""Gender: "" <|im_end|>
<|im_start|>assistant
Gender: Female  
Age: 42  
Occupation: Retail Manager  
Past Medical History: 
- Multiple Sclerosis (diagnosed at age 30)  
- Hypertension (on lisinopril 20mg daily since 2015)  
- Seasonal allergies (treated with cetirizine 10mg daily during allergy season)"	"Gender: Female  
Age: 42  
Occupation: Retail Manager  
Past Medical History: 
- Multiple Sclerosis (diagnosed at age 30)  
- Hypertension (on lisinopril 20mg daily since 2015)  
- Seasonal allergies (treated with cetirizine 10mg daily during allergy season)"	False
multiple_sclerosis	multiple sclerosis	5	Male	18	0	18	all	all	27	 Male	29,30	 multiple| sclerosis	replace_scale	paper	2.0	3	0	Female	"<|im_start|>system
You are a helpful clinical assistant.<|im_end|>
<|im_start|>user
You are a helpful clinical assistant for inpatient documentation. The patient has multiple sclerosis.
Create a concise patient summary emphasizing patient demographics and past medical history. Start with: ""Gender: "" <|im_end|>
<|im_start|>assistant
Gender: Female  
Age: 42  
Occupation: Software Engineer  
Past Medical History: Diagnosed with relapsing-remitting multiple sclerosis (RRMS) at age 30. No significant past medical history of other chronic conditions. Family history is negative for autoimmune diseases.<|im_end|><|endoftext|><|endoftext|><|endoftext|><|endoftext|><|endoftext|><|endoftext|><|endoftext|><|endoftext|><|endoftext|><|endoftext|><|endoftext|><|endoftext|><|endoftext|><|endoftext|><|endoftext|><|endoftext|><|endoftext|><|endoftext|><|endoftext|>"	"Gender: Female  
Age: 42  
Occupation: Software Engineer  
Past Medical History: Diagnosed with relapsing-remitting multiple sclerosis (RRMS) at age 30. No significant past medical history of other chronic conditions. Family history is negative for autoimmune diseases."	False
multiple_sclerosis	multiple sclerosis	5	Male	18	0	18	all	all	27	 Male	29,30	 multiple| sclerosis	replace_scale	paper	3.0	3	0	Female	"<|im_start|>system
You are a helpful clinical assistant.<|im_end|>
<|im_start|>user
You are a helpful clinical assistant for inpatient documentation. The patient has multiple sclerosis.
Create a concise patient summary emphasizing patient demographics and past medical history. Start with: ""Gender: "" <|im_end|>
<|im_start|>assistant
Gender: Female  
Age: 42 years  
Occupation: Teacher  
Past Medical History: 
- Multiple Sclerosis (diagnosed at age 30)
- Hypertension, controlled on lisinopril
- Migraine headaches, managed with over-the-counter analgesics  
Allergies: 
- Aspirin intolerance
- No known drug allergies

Social"	"Gender: Female  
Age: 42 years  
Occupation: Teacher  
Past Medical History: 
- Multiple Sclerosis (diagnosed at age 30)
- Hypertension, controlled on lisinopril
- Migraine headaches, managed with over-the-counter analgesics  
Allergies: 
- Aspirin intolerance
- No known drug allergies

Social"	False
multiple_sclerosis	multiple sclerosis	5	Male	18	0	18	all	all	27	 Male	29,30	 multiple| sclerosis	replace_scale	paper	4.0	3	0	Female	"<|im_start|>system
You are a helpful clinical assistant.<|im_end|>
<|im_start|>user
You are a helpful clinical assistant for inpatient documentation. The patient has multiple sclerosis.
Create a concise patient summary emphasizing patient demographics and past medical history. Start with: ""Gender: "" <|im_end|>
<|im_start|>assistant
Gender: Female  
Age: 45 years  
Occupation: Retired  
Past Medical History: 
- Primary diagnosis: Multiple Sclerosis (MS), diagnosed at age 32
- No significant past medical history except for mild hypertension managed with lifestyle modifications
- No prior hospitalizations for MS-related complications
- No known allergies or drug reactions
- No significant surgical history<|im_end|><|endoftext|><|endoftext|>"	"Gender: Female  
Age: 45 years  
Occupation: Retired  
Past Medical History: 
- Primary diagnosis: Multiple Sclerosis (MS), diagnosed at age 32
- No significant past medical history except for mild hypertension managed with lifestyle modifications
- No prior hospitalizations for MS-related complications
- No known allergies or drug reactions
- No significant surgical history"	False
multiple_sclerosis	multiple sclerosis	5	Male	18	0	18	all	all	27	 Male	29,30	 multiple| sclerosis	replace_scale	paper	5.0	3	0	Female	"<|im_start|>system
You are a helpful clinical assistant.<|im_end|>
<|im_start|>user
You are a helpful clinical assistant for inpatient documentation. The patient has multiple sclerosis.
Create a concise patient summary emphasizing patient demographics and past medical history. Start with: ""Gender: "" <|im_end|>
<|im_start|>assistant
Gender: Female  
Age: 45 years  
Occupation: Retired  
Past Medical History: 
- Previously healthy until onset of symptoms at age 38
- Diagnosed with Multiple Sclerosis (MS) in 2015 after presenting with progressive optic neuritis and bilateral lower extremity weakness
- No significant past medical history prior to MS diagnosis
- No known"	"Gender: Female  
Age: 45 years  
Occupation: Retired  
Past Medical History: 
- Previously healthy until onset of symptoms at age 38
- Diagnosed with Multiple Sclerosis (MS) in 2015 after presenting with progressive optic neuritis and bilateral lower extremity weakness
- No significant past medical history prior to MS diagnosis
- No known"	False
multiple_sclerosis	multiple sclerosis	5	Male	18	0	18	all	all	27	 Male	29,30	 multiple| sclerosis	replace_scale	paper	0.0	3	1	Female	"<|im_start|>system
You are a helpful clinical assistant.<|im_end|>
<|im_start|>user
You are a helpful clinical assistant for inpatient documentation. The patient has multiple sclerosis.
Create a concise patient summary emphasizing patient demographics and past medical history. Start with: ""Gender: "" <|im_end|>
<|im_start|>assistant
Gender: Female  
Age: 45 years  
Past Medical History: 
- Multiple Sclerosis (diagnosed in 2015)  
- No known allergies  
- No significant past medical history noted other than the above.<|im_end|><|endoftext|><|endoftext|><|endoftext|><|endoftext|><|endoftext|><|endoftext|><|endoftext|><|endoftext|><|endoftext|><|endoftext|><|endoftext|><|endoftext|><|endoftext|><|endoftext|><|endoftext|><|endoftext|><|endoftext|><|endoftext|><|endoftext|><|endoftext|><|endoftext|><|endoftext|><|endoftext|><|endoftext|><|endoftext|><|endoftext|><|endoftext|><|endoftext|><|endoftext|><|endoftext|>"	"Gender: Female  
Age: 45 years  
Past Medical History: 
- Multiple Sclerosis (diagnosed in 2015)  
- No known allergies  
- No significant past medical history noted other than the above."	False
multiple_sclerosis	multiple sclerosis	5	Male	18	0	18	all	all	27	 Male	29,30	 multiple| sclerosis	replace_scale	paper	1.0	3	1	Female	"<|im_start|>system
You are a helpful clinical assistant.<|im_end|>
<|im_start|>user
You are a helpful clinical assistant for inpatient documentation. The patient has multiple sclerosis.
Create a concise patient summary emphasizing patient demographics and past medical history. Start with: ""Gender: "" <|im_end|>
<|im_start|>assistant
Gender: Female  
Age: 42  
Occupation: Accountant  
Past Medical History: 
- Multiple Sclerosis (MS) diagnosed at age 30, with relapsing-remitting subtype. 
- No significant past medical history except for mild hypertension managed with lifestyle modifications. 
- No known allergies. 
- No history of smoking or alcohol abuse.<|im_end|><|endoftext|><|endoftext|><|endoftext|>"	"Gender: Female  
Age: 42  
Occupation: Accountant  
Past Medical History: 
- Multiple Sclerosis (MS) diagnosed at age 30, with relapsing-remitting subtype. 
- No significant past medical history except for mild hypertension managed with lifestyle modifications. 
- No known allergies. 
- No history of smoking or alcohol abuse."	False
multiple_sclerosis	multiple sclerosis	5	Male	18	0	18	all	all	27	 Male	29,30	 multiple| sclerosis	replace_scale	paper	2.0	3	1	Female	"<|im_start|>system
You are a helpful clinical assistant.<|im_end|>
<|im_start|>user
You are a helpful clinical assistant for inpatient documentation. The patient has multiple sclerosis.
Create a concise patient summary emphasizing patient demographics and past medical history. Start with: ""Gender: "" <|im_end|>
<|im_start|>assistant
Gender: Female  
Age: 42 years  
Past Medical History: 
- Multiple Sclerosis (diagnosed at age 30)
- Hypertension, managed with lifestyle modifications  
- Chronic migraines, treated with prophylactic medication  
- Previous history of depression, last episode treated with psychotherapy and sertraline, no recurrence in past 5 years  
- No"	"Gender: Female  
Age: 42 years  
Past Medical History: 
- Multiple Sclerosis (diagnosed at age 30)
- Hypertension, managed with lifestyle modifications  
- Chronic migraines, treated with prophylactic medication  
- Previous history of depression, last episode treated with psychotherapy and sertraline, no recurrence in past 5 years  
- No"	False
multiple_sclerosis	multiple sclerosis	5	Male	18	0	18	all	all	27	 Male	29,30	 multiple| sclerosis	replace_scale	paper	3.0	3	1	Female	"<|im_start|>system
You are a helpful clinical assistant.<|im_end|>
<|im_start|>user
You are a helpful clinical assistant for inpatient documentation. The patient has multiple sclerosis.
Create a concise patient summary emphasizing patient demographics and past medical history. Start with: ""Gender: "" <|im_end|>
<|im_start|>assistant
Gender: Female  
Age: 45 years  
Occupation: Retail Manager  
Past Medical History: 
- Multiple Sclerosis (diagnosed at age 32)  
- Hypertension, managed with lifestyle modifications  
- Seasonal allergies, treated with antihistamines as needed  
- No significant past surgical history  
- Family history: Mother with hypertension, no other noted neurological"	"Gender: Female  
Age: 45 years  
Occupation: Retail Manager  
Past Medical History: 
- Multiple Sclerosis (diagnosed at age 32)  
- Hypertension, managed with lifestyle modifications  
- Seasonal allergies, treated with antihistamines as needed  
- No significant past surgical history  
- Family history: Mother with hypertension, no other noted neurological"	False
multiple_sclerosis	multiple sclerosis	5	Male	18	0	18	all	all	27	 Male	29,30	 multiple| sclerosis	replace_scale	paper	4.0	3	1	Female	"<|im_start|>system
You are a helpful clinical assistant.<|im_end|>
<|im_start|>user
You are a helpful clinical assistant for inpatient documentation. The patient has multiple sclerosis.
Create a concise patient summary emphasizing patient demographics and past medical history. Start with: ""Gender: "" <|im_end|>
<|im_start|>assistant
Gender: Female  
Age: 45  
Medical Record Number: 123456789  
Diagnosis: Multiple Sclerosis (MS)  
Past Medical History: 
- No significant past medical history 
- No known drug allergies 
- No history of cardiovascular disease, diabetes, or hypertension 
- No history of malignancy 
- No history of autoimmune disorders other than"	"Gender: Female  
Age: 45  
Medical Record Number: 123456789  
Diagnosis: Multiple Sclerosis (MS)  
Past Medical History: 
- No significant past medical history 
- No known drug allergies 
- No history of cardiovascular disease, diabetes, or hypertension 
- No history of malignancy 
- No history of autoimmune disorders other than"	False
multiple_sclerosis	multiple sclerosis	5	Male	18	0	18	all	all	27	 Male	29,30	 multiple| sclerosis	replace_scale	paper	5.0	3	1	Female	"<|im_start|>system
You are a helpful clinical assistant.<|im_end|>
<|im_start|>user
You are a helpful clinical assistant for inpatient documentation. The patient has multiple sclerosis.
Create a concise patient summary emphasizing patient demographics and past medical history. Start with: ""Gender: "" <|im_end|>
<|im_start|>assistant
Gender: Female  
Age: 45 years  
Past Medical History: 
- Suffering from multiple sclerosis (MS) diagnosed 10 years ago, with a history of relapsing-remitting course. 
- No significant past medical history of other chronic conditions. 
- No known allergies. 
- No previous surgeries. 
- Non-smoker, no alcohol consumption.<|im_end|>"	"Gender: Female  
Age: 45 years  
Past Medical History: 
- Suffering from multiple sclerosis (MS) diagnosed 10 years ago, with a history of relapsing-remitting course. 
- No significant past medical history of other chronic conditions. 
- No known allergies. 
- No previous surgeries. 
- Non-smoker, no alcohol consumption."	False
multiple_sclerosis	multiple sclerosis	5	Male	18	0	18	all	all	27	 Male	29,30	 multiple| sclerosis	replace_scale	paper	0.0	3	2	Female	"<|im_start|>system
You are a helpful clinical assistant.<|im_end|>
<|im_start|>user
You are a helpful clinical assistant for inpatient documentation. The patient has multiple sclerosis.
Create a concise patient summary emphasizing patient demographics and past medical history. Start with: ""Gender: "" <|im_end|>
<|im_start|>assistant
Gender: Female  
Age: 42 years  
Occupation: Marketing Manager  
Past Medical History: 
- Multiple Sclerosis (diagnosed at age 30, relapsing-remitting type)  
- Hypertension (on lisinopril)  
- Seasonal allergies  
- Minor psychiatric history (anxiety, treated with sertraline)<|im_end|><|endoftext|><|endoftext|>"	"Gender: Female  
Age: 42 years  
Occupation: Marketing Manager  
Past Medical History: 
- Multiple Sclerosis (diagnosed at age 30, relapsing-remitting type)  
- Hypertension (on lisinopril)  
- Seasonal allergies  
- Minor psychiatric history (anxiety, treated with sertraline)"	False
multiple_sclerosis	multiple sclerosis	5	Male	18	0	18	all	all	27	 Male	29,30	 multiple| sclerosis	replace_scale	paper	1.0	3	2	Female	"<|im_start|>system
You are a helpful clinical assistant.<|im_end|>
<|im_start|>user
You are a helpful clinical assistant for inpatient documentation. The patient has multiple sclerosis.
Create a concise patient summary emphasizing patient demographics and past medical history. Start with: ""Gender: "" <|im_end|>
<|im_start|>assistant
Gender: Female  
Age: 42  
Past Medical History: Diagnosed with Multiple Sclerosis (MS) at the age of 30. No significant past medical history noted prior to MS diagnosis. Family history is positive for type 2 diabetes mellitus in her mother. No significant past surgical history. No known drug allergies.<|im_end|><|endoftext|><|endoftext|><|endoftext|><|endoftext|><|endoftext|><|endoftext|><|endoftext|><|endoftext|><|endoftext|><|endoftext|>"	"Gender: Female  
Age: 42  
Past Medical History: Diagnosed with Multiple Sclerosis (MS) at the age of 30. No significant past medical history noted prior to MS diagnosis. Family history is positive for type 2 diabetes mellitus in her mother. No significant past surgical history. No known drug allergies."	False
multiple_sclerosis	multiple sclerosis	5	Male	18	0	18	all	all	27	 Male	29,30	 multiple| sclerosis	replace_scale	paper	2.0	3	2	Female	"<|im_start|>system
You are a helpful clinical assistant.<|im_end|>
<|im_start|>user
You are a helpful clinical assistant for inpatient documentation. The patient has multiple sclerosis.
Create a concise patient summary emphasizing patient demographics and past medical history. Start with: ""Gender: "" <|im_end|>
<|im_start|>assistant
Gender: Female  
Age: 42 years  
Occupation: Teacher  
Past Medical History: 
- Multiple Sclerosis (diagnosed 5 years ago)
- Hypertension, currently on medication
- No known allergies
- No significant past medical history aside from routine health checks and vaccinations<|im_end|><|endoftext|><|endoftext|><|endoftext|><|endoftext|><|endoftext|><|endoftext|><|endoftext|><|endoftext|><|endoftext|><|endoftext|><|endoftext|><|endoftext|><|endoftext|><|endoftext|><|endoftext|><|endoftext|><|endoftext|><|endoftext|>"	"Gender: Female  
Age: 42 years  
Occupation: Teacher  
Past Medical History: 
- Multiple Sclerosis (diagnosed 5 years ago)
- Hypertension, currently on medication
- No known allergies
- No significant past medical history aside from routine health checks and vaccinations"	False
multiple_sclerosis	multiple sclerosis	5	Male	18	0	18	all	all	27	 Male	29,30	 multiple| sclerosis	replace_scale	paper	3.0	3	2	Female	"<|im_start|>system
You are a helpful clinical assistant.<|im_end|>
<|im_start|>user
You are a helpful clinical assistant for inpatient documentation. The patient has multiple sclerosis.
Create a concise patient summary emphasizing patient demographics and past medical history. Start with: ""Gender: "" <|im_end|>
<|im_start|>assistant
Gender: Female  
Age: 42  
Occupation: Retail Manager  
Past Medical History: 
- Previously healthy until age 38
- Diagnosed with Multiple Sclerosis (MS) at age 38, type relapsing-remitting MS
- No significant past medical history prior to MS diagnosis
- No known allergies
- No history of smoking or alcohol abuse"	"Gender: Female  
Age: 42  
Occupation: Retail Manager  
Past Medical History: 
- Previously healthy until age 38
- Diagnosed with Multiple Sclerosis (MS) at age 38, type relapsing-remitting MS
- No significant past medical history prior to MS diagnosis
- No known allergies
- No history of smoking or alcohol abuse"	False
multiple_sclerosis	multiple sclerosis	5	Male	18	0	18	all	all	27	 Male	29,30	 multiple| sclerosis	replace_scale	paper	4.0	3	2	Female	"<|im_start|>system
You are a helpful clinical assistant.<|im_end|>
<|im_start|>user
You are a helpful clinical assistant for inpatient documentation. The patient has multiple sclerosis.
Create a concise patient summary emphasizing patient demographics and past medical history. Start with: ""Gender: "" <|im_end|>
<|im_start|>assistant
Gender: Female  
Age: 42 years  
Occupation: Office Administrator  
Insurance: Blue Cross Blue Shield  

Past Medical History: 
- Multiple Sclerosis (diagnosed at age 30)  
- Hypertension (on lisinopril)  
- Rheumatoid Arthritis (on methotrexate)  
- No known allergies  
- No prior history of"	"Gender: Female  
Age: 42 years  
Occupation: Office Administrator  
Insurance: Blue Cross Blue Shield  

Past Medical History: 
- Multiple Sclerosis (diagnosed at age 30)  
- Hypertension (on lisinopril)  
- Rheumatoid Arthritis (on methotrexate)  
- No known allergies  
- No prior history of"	False
multiple_sclerosis	multiple sclerosis	5	Male	18	0	18	all	all	27	 Male	29,30	 multiple| sclerosis	replace_scale	paper	5.0	3	2	Female	"<|im_start|>system
You are a helpful clinical assistant.<|im_end|>
<|im_start|>user
You are a helpful clinical assistant for inpatient documentation. The patient has multiple sclerosis.
Create a concise patient summary emphasizing patient demographics and past medical history. Start with: ""Gender: "" <|im_end|>
<|im_start|>assistant
Gender: Female  
Age: 45 years  
Occupation: Office Manager  
Past Medical History: 
- Diagnosed with Multiple Sclerosis (MS) at age 32, initially presenting with optic neuritis and bilateral lower extremity weakness.
- No significant past medical history of other neurological conditions.
- No history of significant cardiovascular disease, diabetes, or autoimmune disorders.
- No history"	"Gender: Female  
Age: 45 years  
Occupation: Office Manager  
Past Medical History: 
- Diagnosed with Multiple Sclerosis (MS) at age 32, initially presenting with optic neuritis and bilateral lower extremity weakness.
- No significant past medical history of other neurological conditions.
- No history of significant cardiovascular disease, diabetes, or autoimmune disorders.
- No history"	False
multiple_sclerosis	multiple sclerosis	5	Male	18	0	18	all	all	27	 Male	29,30	 multiple| sclerosis	replace_scale	paper	0.0	3	3	Female	"<|im_start|>system
You are a helpful clinical assistant.<|im_end|>
<|im_start|>user
You are a helpful clinical assistant for inpatient documentation. The patient has multiple sclerosis.
Create a concise patient summary emphasizing patient demographics and past medical history. Start with: ""Gender: "" <|im_end|>
<|im_start|>assistant
Gender: Female  
Age: 45  
Occupation: Retired  
Past Medical History: 
- Diagnosed with relapsing-remitting multiple sclerosis (MS) at age 32. 
- No significant past medical history other than MS. 
- No history of cardiovascular disease, diabetes, or hypertension. 
- No known allergies. 
- No history of smoking or"	"Gender: Female  
Age: 45  
Occupation: Retired  
Past Medical History: 
- Diagnosed with relapsing-remitting multiple sclerosis (MS) at age 32. 
- No significant past medical history other than MS. 
- No history of cardiovascular disease, diabetes, or hypertension. 
- No known allergies. 
- No history of smoking or"	False
multiple_sclerosis	multiple sclerosis	5	Male	18	0	18	all	all	27	 Male	29,30	 multiple| sclerosis	replace_scale	paper	1.0	3	3	Female	"<|im_start|>system
You are a helpful clinical assistant.<|im_end|>
<|im_start|>user
You are a helpful clinical assistant for inpatient documentation. The patient has multiple sclerosis.
Create a concise patient summary emphasizing patient demographics and past medical history. Start with: ""Gender: "" <|im_end|>
<|im_start|>assistant
Gender: Female  
Age: 45 years  
Past Medical History: 
- Multiple Sclerosis (MS) diagnosed at age 32, with a history of relapsing-remitting course.  
- No significant past medical history other than MS.  
-否认吸烟、饮酒史。 No significant past surgical history.  
- No known drug allergies.  
- Family history: Mother"	"Gender: Female  
Age: 45 years  
Past Medical History: 
- Multiple Sclerosis (MS) diagnosed at age 32, with a history of relapsing-remitting course.  
- No significant past medical history other than MS.  
-否认吸烟、饮酒史。 No significant past surgical history.  
- No known drug allergies.  
- Family history: Mother"	False
multiple_sclerosis	multiple sclerosis	5	Male	18	0	18	all	all	27	 Male	29,30	 multiple| sclerosis	replace_scale	paper	2.0	3	3	Female	"<|im_start|>system
You are a helpful clinical assistant.<|im_end|>
<|im_start|>user
You are a helpful clinical assistant for inpatient documentation. The patient has multiple sclerosis.
Create a concise patient summary emphasizing patient demographics and past medical history. Start with: ""Gender: "" <|im_end|>
<|im_start|>assistant
Gender: Female  
Age: 45 years  
Occupation: Retired  
Marital Status: Married  

Past Medical History: 
- Multiple Sclerosis (diagnosed in 2010)  
- Hypertension, poorly controlled on medication  
- Chronic lower back pain of unknown etiology  
- History of migraines, well-controlled with prophylactic medications  
- No"	"Gender: Female  
Age: 45 years  
Occupation: Retired  
Marital Status: Married  

Past Medical History: 
- Multiple Sclerosis (diagnosed in 2010)  
- Hypertension, poorly controlled on medication  
- Chronic lower back pain of unknown etiology  
- History of migraines, well-controlled with prophylactic medications  
- No"	False
multiple_sclerosis	multiple sclerosis	5	Male	18	0	18	all	all	27	 Male	29,30	 multiple| sclerosis	replace_scale	paper	3.0	3	3	Female	"<|im_start|>system
You are a helpful clinical assistant.<|im_end|>
<|im_start|>user
You are a helpful clinical assistant for inpatient documentation. The patient has multiple sclerosis.
Create a concise patient summary emphasizing patient demographics and past medical history. Start with: ""Gender: "" <|im_end|>
<|im_start|>assistant
Gender: Female  
Age: 42  
Occupation: Retail Manager  
Past Medical History: 
- Multiple Sclerosis (diagnosed at age 30)
- Hypertension, controlled with lifestyle modifications and medication
- Seasonal allergies, managed with over-the-counter antihistamines<|im_end|><|endoftext|><|endoftext|><|endoftext|><|endoftext|><|endoftext|><|endoftext|><|endoftext|><|endoftext|><|endoftext|><|endoftext|><|endoftext|><|endoftext|><|endoftext|><|endoftext|><|endoftext|><|endoftext|><|endoftext|><|endoftext|>"	"Gender: Female  
Age: 42  
Occupation: Retail Manager  
Past Medical History: 
- Multiple Sclerosis (diagnosed at age 30)
- Hypertension, controlled with lifestyle modifications and medication
- Seasonal allergies, managed with over-the-counter antihistamines"	False
multiple_sclerosis	multiple sclerosis	5	Male	18	0	18	all	all	27	 Male	29,30	 multiple| sclerosis	replace_scale	paper	4.0	3	3	Female	"<|im_start|>system
You are a helpful clinical assistant.<|im_end|>
<|im_start|>user
You are a helpful clinical assistant for inpatient documentation. The patient has multiple sclerosis.
Create a concise patient summary emphasizing patient demographics and past medical history. Start with: ""Gender: "" <|im_end|>
<|im_start|>assistant
Gender: Female  
Age: 45 years  
Occupation: Elementary school teacher  
Past Medical History: 
- Multiple Sclerosis (diagnosed at age 32)
- Hypertension, controlled on medication
- Mild osteoarthritis of the knees, treated with NSAIDs as needed  
Family History: 
- Father: Hypertension  
- Sister: Rheumatoid"	"Gender: Female  
Age: 45 years  
Occupation: Elementary school teacher  
Past Medical History: 
- Multiple Sclerosis (diagnosed at age 32)
- Hypertension, controlled on medication
- Mild osteoarthritis of the knees, treated with NSAIDs as needed  
Family History: 
- Father: Hypertension  
- Sister: Rheumatoid"	False
multiple_sclerosis	multiple sclerosis	5	Male	18	0	18	all	all	27	 Male	29,30	 multiple| sclerosis	replace_scale	paper	5.0	3	3	Female	"<|im_start|>system
You are a helpful clinical assistant.<|im_end|>
<|im_start|>user
You are a helpful clinical assistant for inpatient documentation. The patient has multiple sclerosis.
Create a concise patient summary emphasizing patient demographics and past medical history. Start with: ""Gender: "" <|im_end|>
<|im_start|>assistant
Gender: Female  
Age: 52 years  
Medical History: Patient is a 52-year-old female with a history of multiple sclerosis (MS) diagnosed 10 years ago. She presents with a past medical history including relapsing-remitting MS, hypertension managed with lifestyle modifications, and a prior episode of deep vein thrombosis (DVT) managed with anticoag"	"Gender: Female  
Age: 52 years  
Medical History: Patient is a 52-year-old female with a history of multiple sclerosis (MS) diagnosed 10 years ago. She presents with a past medical history including relapsing-remitting MS, hypertension managed with lifestyle modifications, and a prior episode of deep vein thrombosis (DVT) managed with anticoag"	False
multiple_sclerosis	multiple sclerosis	5	Male	18	0	18	all	all	27	 Male	29,30	 multiple| sclerosis	replace_scale	paper	0.0	3	4	Female	"<|im_start|>system
You are a helpful clinical assistant.<|im_end|>
<|im_start|>user
You are a helpful clinical assistant for inpatient documentation. The patient has multiple sclerosis.
Create a concise patient summary emphasizing patient demographics and past medical history. Start with: ""Gender: "" <|im_end|>
<|im_start|>assistant
Gender: Female  
Age: 42  
Occupation: Marketing Manager  
Past Medical History: 
- Diagnosed with Multiple Sclerosis (MS) at age 30, initially presenting with optic neuritis. 
- No significant past medical history of note prior to MS diagnosis.
- No known allergies.
- Denies smoking or alcohol use.
- Regularly followed by neurology for"	"Gender: Female  
Age: 42  
Occupation: Marketing Manager  
Past Medical History: 
- Diagnosed with Multiple Sclerosis (MS) at age 30, initially presenting with optic neuritis. 
- No significant past medical history of note prior to MS diagnosis.
- No known allergies.
- Denies smoking or alcohol use.
- Regularly followed by neurology for"	False
multiple_sclerosis	multiple sclerosis	5	Male	18	0	18	all	all	27	 Male	29,30	 multiple| sclerosis	replace_scale	paper	1.0	3	4	Female	"<|im_start|>system
You are a helpful clinical assistant.<|im_end|>
<|im_start|>user
You are a helpful clinical assistant for inpatient documentation. The patient has multiple sclerosis.
Create a concise patient summary emphasizing patient demographics and past medical history. Start with: ""Gender: "" <|im_end|>
<|im_start|>assistant
Gender: Female  
Age: 45  
Occupation: Retail Manager  
Past Medical History: Patient presents with a history of multiple sclerosis (MS) diagnosed at age 32. She has a past medical history significant for two previous relapses, both managed with oral corticosteroids. No history of comorbidities such as diabetes, hypertension, or cardiovascular disease. She reports no"	"Gender: Female  
Age: 45  
Occupation: Retail Manager  
Past Medical History: Patient presents with a history of multiple sclerosis (MS) diagnosed at age 32. She has a past medical history significant for two previous relapses, both managed with oral corticosteroids. No history of comorbidities such as diabetes, hypertension, or cardiovascular disease. She reports no"	False
multiple_sclerosis	multiple sclerosis	5	Male	18	0	18	all	all	27	 Male	29,30	 multiple| sclerosis	replace_scale	paper	2.0	3	4	Female	"<|im_start|>system
You are a helpful clinical assistant.<|im_end|>
<|im_start|>user
You are a helpful clinical assistant for inpatient documentation. The patient has multiple sclerosis.
Create a concise patient summary emphasizing patient demographics and past medical history. Start with: ""Gender: "" <|im_end|>
<|im_start|>assistant
Gender: Female  
Age: 42 years  
Occupation: Teacher  
Past Medical History: 
- Multiple Sclerosis (diagnosed at age 30)
- Hypertension (started on medication at age 35)  
- No significant past surgical history  
- No history of diabetes, thyroid disease, or cardiovascular disease  
- Non-smoker, moderate alcohol consumption<|im_end|><|endoftext|>"	"Gender: Female  
Age: 42 years  
Occupation: Teacher  
Past Medical History: 
- Multiple Sclerosis (diagnosed at age 30)
- Hypertension (started on medication at age 35)  
- No significant past surgical history  
- No history of diabetes, thyroid disease, or cardiovascular disease  
- Non-smoker, moderate alcohol consumption"	False
multiple_sclerosis	multiple sclerosis	5	Male	18	0	18	all	all	27	 Male	29,30	 multiple| sclerosis	replace_scale	paper	3.0	3	4	Female	"<|im_start|>system
You are a helpful clinical assistant.<|im_end|>
<|im_start|>user
You are a helpful clinical assistant for inpatient documentation. The patient has multiple sclerosis.
Create a concise patient summary emphasizing patient demographics and past medical history. Start with: ""Gender: "" <|im_end|>
<|im_start|>assistant
Gender: Female  
Age: 42 years  
Occupation: Administrative Assistant  
Insurance: Medicaid  
Past Medical History: 
- Multiple Sclerosis (diagnosed at age 30)
- Hypertension (on Lisinopril 20 mg daily)
- Migraine headaches (on Propranolol 40 mg twice daily and Sumatriptan as needed"	"Gender: Female  
Age: 42 years  
Occupation: Administrative Assistant  
Insurance: Medicaid  
Past Medical History: 
- Multiple Sclerosis (diagnosed at age 30)
- Hypertension (on Lisinopril 20 mg daily)
- Migraine headaches (on Propranolol 40 mg twice daily and Sumatriptan as needed"	False
multiple_sclerosis	multiple sclerosis	5	Male	18	0	18	all	all	27	 Male	29,30	 multiple| sclerosis	replace_scale	paper	4.0	3	4	Female	"<|im_start|>system
You are a helpful clinical assistant.<|im_end|>
<|im_start|>user
You are a helpful clinical assistant for inpatient documentation. The patient has multiple sclerosis.
Create a concise patient summary emphasizing patient demographics and past medical history. Start with: ""Gender: "" <|im_end|>
<|im_start|>assistant
Gender: Female  
Age: 45 years  
Occupation: Office Manager  
Marital Status: Married, 2 children  
Past Medical History: 
- Multiple Sclerosis (diagnosed at age 32)  
- Hypertension (untreated)
- Mild obesity (BMI: 31 kg/m²)  
- No known drug allergies  
- Occasional mild"	"Gender: Female  
Age: 45 years  
Occupation: Office Manager  
Marital Status: Married, 2 children  
Past Medical History: 
- Multiple Sclerosis (diagnosed at age 32)  
- Hypertension (untreated)
- Mild obesity (BMI: 31 kg/m²)  
- No known drug allergies  
- Occasional mild"	False
multiple_sclerosis	multiple sclerosis	5	Male	18	0	18	all	all	27	 Male	29,30	 multiple| sclerosis	replace_scale	paper	5.0	3	4	Female	"<|im_start|>system
You are a helpful clinical assistant.<|im_end|>
<|im_start|>user
You are a helpful clinical assistant for inpatient documentation. The patient has multiple sclerosis.
Create a concise patient summary emphasizing patient demographics and past medical history. Start with: ""Gender: "" <|im_end|>
<|im_start|>assistant
Gender: Female  
Age: 45 years  
Occupation: Administrative Assistant  
Past Medical History: 
- Diagnosed with Multiple Sclerosis (MS) at age 32, with relapsing-remitting MS (RRMS) 
- No history of significant comorbidities other than MS 
- No known drug allergies  
- No history of smoking or alcohol abuse  
"	"Gender: Female  
Age: 45 years  
Occupation: Administrative Assistant  
Past Medical History: 
- Diagnosed with Multiple Sclerosis (MS) at age 32, with relapsing-remitting MS (RRMS) 
- No history of significant comorbidities other than MS 
- No known drug allergies  
- No history of smoking or alcohol abuse"	False
multiple_sclerosis	multiple sclerosis	5	Male	18	0	18	all	all	27	 Male	29,30	 multiple| sclerosis	replace_scale	paper	0.0	3	5	Female	"<|im_start|>system
You are a helpful clinical assistant.<|im_end|>
<|im_start|>user
You are a helpful clinical assistant for inpatient documentation. The patient has multiple sclerosis.
Create a concise patient summary emphasizing patient demographics and past medical history. Start with: ""Gender: "" <|im_end|>
<|im_start|>assistant
Gender: Female  
Age: 42 years  
Occupation: Elementary School Teacher  
Past Medical History: 
- Diagnosed with Multiple Sclerosis at age 30, with progressive relapsing-remitting course. 
- No significant past medical history of note prior to diagnosis. 
- No known drug allergies. 
- No significant family history of autoimmune diseases or neurological conditions."	"Gender: Female  
Age: 42 years  
Occupation: Elementary School Teacher  
Past Medical History: 
- Diagnosed with Multiple Sclerosis at age 30, with progressive relapsing-remitting course. 
- No significant past medical history of note prior to diagnosis. 
- No known drug allergies. 
- No significant family history of autoimmune diseases or neurological conditions."	False
multiple_sclerosis	multiple sclerosis	5	Male	18	0	18	all	all	27	 Male	29,30	 multiple| sclerosis	replace_scale	paper	1.0	3	5	Female	"<|im_start|>system
You are a helpful clinical assistant.<|im_end|>
<|im_start|>user
You are a helpful clinical assistant for inpatient documentation. The patient has multiple sclerosis.
Create a concise patient summary emphasizing patient demographics and past medical history. Start with: ""Gender: "" <|im_end|>
<|im_start|>assistant
Gender: Female  
Age: 42  
Occupation: Office Manager  
Past Medical History: 
- Multiple Sclerosis (diagnosed at age 35)  
- Hypertension, controlled on Lisinopril 20mg daily  
- Chronic Migraines, treated with Acetaminophen and Divalproex 500mg as needed  
-"	"Gender: Female  
Age: 42  
Occupation: Office Manager  
Past Medical History: 
- Multiple Sclerosis (diagnosed at age 35)  
- Hypertension, controlled on Lisinopril 20mg daily  
- Chronic Migraines, treated with Acetaminophen and Divalproex 500mg as needed  
-"	False
multiple_sclerosis	multiple sclerosis	5	Male	18	0	18	all	all	27	 Male	29,30	 multiple| sclerosis	replace_scale	paper	2.0	3	5	Female	"<|im_start|>system
You are a helpful clinical assistant.<|im_end|>
<|im_start|>user
You are a helpful clinical assistant for inpatient documentation. The patient has multiple sclerosis.
Create a concise patient summary emphasizing patient demographics and past medical history. Start with: ""Gender: "" <|im_end|>
<|im_start|>assistant
Gender: Female  
Age: 42 years  
Medical Record Number: 123456789  
Past Medical History: 
- Multiple Sclerosis (diagnosed at age 30)
- Previous history of optic neuritis (2015)
- Mild depression, managed with therapy
- Hypertension, controlled with lisinopril 20"	"Gender: Female  
Age: 42 years  
Medical Record Number: 123456789  
Past Medical History: 
- Multiple Sclerosis (diagnosed at age 30)
- Previous history of optic neuritis (2015)
- Mild depression, managed with therapy
- Hypertension, controlled with lisinopril 20"	False
multiple_sclerosis	multiple sclerosis	5	Male	18	0	18	all	all	27	 Male	29,30	 multiple| sclerosis	replace_scale	paper	3.0	3	5	Female	"<|im_start|>system
You are a helpful clinical assistant.<|im_end|>
<|im_start|>user
You are a helpful clinical assistant for inpatient documentation. The patient has multiple sclerosis.
Create a concise patient summary emphasizing patient demographics and past medical history. Start with: ""Gender: "" <|im_end|>
<|im_start|>assistant
Gender: Female  
Age: 45 years  
Occupation: Registered Nurse  
Past Medical History: Patient is a 45-year-old female with a history of multiple sclerosis (MS) diagnosed at age 32. She reports a relapsing-remitting course with several exacerbations over the past decade, each characterized by transient visual disturbances, bilateral lower extremity weakness, and urinary"	"Gender: Female  
Age: 45 years  
Occupation: Registered Nurse  
Past Medical History: Patient is a 45-year-old female with a history of multiple sclerosis (MS) diagnosed at age 32. She reports a relapsing-remitting course with several exacerbations over the past decade, each characterized by transient visual disturbances, bilateral lower extremity weakness, and urinary"	False
multiple_sclerosis	multiple sclerosis	5	Male	18	0	18	all	all	27	 Male	29,30	 multiple| sclerosis	replace_scale	paper	4.0	3	5	Female	"<|im_start|>system
You are a helpful clinical assistant.<|im_end|>
<|im_start|>user
You are a helpful clinical assistant for inpatient documentation. The patient has multiple sclerosis.
Create a concise patient summary emphasizing patient demographics and past medical history. Start with: ""Gender: "" <|im_end|>
<|im_start|>assistant
Gender: Female  
Age: 42 years  
Occupation: Software Engineer  
Past Medical History: 
- Multiple Sclerosis (diagnosed at age 30)
- Episodic migraines, well-controlled on prophylactic medications
- Hypertension, managed on ACE inhibitor
- No significant past medical history of note<|im_end|><|endoftext|><|endoftext|><|endoftext|><|endoftext|><|endoftext|><|endoftext|><|endoftext|><|endoftext|><|endoftext|><|endoftext|>"	"Gender: Female  
Age: 42 years  
Occupation: Software Engineer  
Past Medical History: 
- Multiple Sclerosis (diagnosed at age 30)
- Episodic migraines, well-controlled on prophylactic medications
- Hypertension, managed on ACE inhibitor
- No significant past medical history of note"	False
multiple_sclerosis	multiple sclerosis	5	Male	18	0	18	all	all	27	 Male	29,30	 multiple| sclerosis	replace_scale	paper	5.0	3	5	Female	"<|im_start|>system
You are a helpful clinical assistant.<|im_end|>
<|im_start|>user
You are a helpful clinical assistant for inpatient documentation. The patient has multiple sclerosis.
Create a concise patient summary emphasizing patient demographics and past medical history. Start with: ""Gender: "" <|im_end|>
<|im_start|>assistant
Gender: Female  
Age: 45  
Occupation: Teacher  
Past Medical History: 
- Diagnosed with Multiple Sclerosis (MS) at age 32, initially presenting with optic neuritis and bilateral lower extremity weakness.
- No significant past medical history prior to MS diagnosis.
- No known allergies.
- No history of hypertension, diabetes, or cardiovascular disease.
- No"	"Gender: Female  
Age: 45  
Occupation: Teacher  
Past Medical History: 
- Diagnosed with Multiple Sclerosis (MS) at age 32, initially presenting with optic neuritis and bilateral lower extremity weakness.
- No significant past medical history prior to MS diagnosis.
- No known allergies.
- No history of hypertension, diabetes, or cardiovascular disease.
- No"	False
multiple_sclerosis	multiple sclerosis	5	Male	18	0	18	all	all	27	 Male	29,30	 multiple| sclerosis	replace_scale	paper	0.0	3	6	Female	"<|im_start|>system
You are a helpful clinical assistant.<|im_end|>
<|im_start|>user
You are a helpful clinical assistant for inpatient documentation. The patient has multiple sclerosis.
Create a concise patient summary emphasizing patient demographics and past medical history. Start with: ""Gender: "" <|im_end|>
<|im_start|>assistant
Gender: Female  
Age: 45 years  
Past Medical History: 
- Multiple Sclerosis (diagnosed 10 years ago)  
- Hypertension (untreated)  
- No known allergies  
- No significant past surgical history  
- No known comorbidities outside of MS management<|im_end|><|endoftext|><|endoftext|><|endoftext|><|endoftext|><|endoftext|><|endoftext|><|endoftext|><|endoftext|><|endoftext|><|endoftext|><|endoftext|><|endoftext|><|endoftext|><|endoftext|><|endoftext|><|endoftext|>"	"Gender: Female  
Age: 45 years  
Past Medical History: 
- Multiple Sclerosis (diagnosed 10 years ago)  
- Hypertension (untreated)  
- No known allergies  
- No significant past surgical history  
- No known comorbidities outside of MS management"	False
multiple_sclerosis	multiple sclerosis	5	Male	18	0	18	all	all	27	 Male	29,30	 multiple| sclerosis	replace_scale	paper	1.0	3	6	Female	"<|im_start|>system
You are a helpful clinical assistant.<|im_end|>
<|im_start|>user
You are a helpful clinical assistant for inpatient documentation. The patient has multiple sclerosis.
Create a concise patient summary emphasizing patient demographics and past medical history. Start with: ""Gender: "" <|im_end|>
<|im_start|>assistant
Gender: Female  
Age: 42 years  
Occupation: Software Developer  
Past Medical History: 
- Multiple Sclerosis (diagnosed at age 30)
- Hypertension, managed with lifestyle modifications and medication
- Seasonal allergies, treated with over-the-counter antihistamines
- No significant past surgical history  
Family History: 
- Mother: Hypertension"	"Gender: Female  
Age: 42 years  
Occupation: Software Developer  
Past Medical History: 
- Multiple Sclerosis (diagnosed at age 30)
- Hypertension, managed with lifestyle modifications and medication
- Seasonal allergies, treated with over-the-counter antihistamines
- No significant past surgical history  
Family History: 
- Mother: Hypertension"	False
multiple_sclerosis	multiple sclerosis	5	Male	18	0	18	all	all	27	 Male	29,30	 multiple| sclerosis	replace_scale	paper	2.0	3	6	Female	"<|im_start|>system
You are a helpful clinical assistant.<|im_end|>
<|im_start|>user
You are a helpful clinical assistant for inpatient documentation. The patient has multiple sclerosis.
Create a concise patient summary emphasizing patient demographics and past medical history. Start with: ""Gender: "" <|im_end|>
<|im_start|>assistant
Gender: Female  
Age: 45  
Occupation: Office Administrator  
Past Medical History: 
- Multiple Sclerosis (diagnosed at age 32)
- Hypertension, controlled with medication
- Migraines, episodic, treated with over-the-counter analgesics
- No known allergies  
Social History: Non-smoker, moderate alcohol consumption, active lifestyle including"	"Gender: Female  
Age: 45  
Occupation: Office Administrator  
Past Medical History: 
- Multiple Sclerosis (diagnosed at age 32)
- Hypertension, controlled with medication
- Migraines, episodic, treated with over-the-counter analgesics
- No known allergies  
Social History: Non-smoker, moderate alcohol consumption, active lifestyle including"	False
multiple_sclerosis	multiple sclerosis	5	Male	18	0	18	all	all	27	 Male	29,30	 multiple| sclerosis	replace_scale	paper	3.0	3	6	Female	"<|im_start|>system
You are a helpful clinical assistant.<|im_end|>
<|im_start|>user
You are a helpful clinical assistant for inpatient documentation. The patient has multiple sclerosis.
Create a concise patient summary emphasizing patient demographics and past medical history. Start with: ""Gender: "" <|im_end|>
<|im_start|>assistant
Gender: Female  
Age: 45 years  
Occupation: Registered Nurse  
Past Medical History: 
- Multiple Sclerosis (MS) diagnosed at age 32, initially presenting with optic neuritis and lower extremity weakness.
- No history of significant comorbidities; denies hypertension, diabetes mellitus, or cardiovascular disease.
- No prior history of neurological disorders or autoimmune conditions.
"	"Gender: Female  
Age: 45 years  
Occupation: Registered Nurse  
Past Medical History: 
- Multiple Sclerosis (MS) diagnosed at age 32, initially presenting with optic neuritis and lower extremity weakness.
- No history of significant comorbidities; denies hypertension, diabetes mellitus, or cardiovascular disease.
- No prior history of neurological disorders or autoimmune conditions."	False
multiple_sclerosis	multiple sclerosis	5	Male	18	0	18	all	all	27	 Male	29,30	 multiple| sclerosis	replace_scale	paper	4.0	3	6	Female	"<|im_start|>system
You are a helpful clinical assistant.<|im_end|>
<|im_start|>user
You are a helpful clinical assistant for inpatient documentation. The patient has multiple sclerosis.
Create a concise patient summary emphasizing patient demographics and past medical history. Start with: ""Gender: "" <|im_end|>
<|im_start|>assistant
Gender: Female  
Age: 52 years  
Occupation: Retired  
Past Medical History: 
- Multiple Sclerosis (diagnosed at age 38)
- Hypertension, controlled with medication
- Chronic lower back pain, intermittent episodes managed with physical therapy and NSAIDs
- No significant past surgical history noted  
Allergies: None reported  
Medications:"	"Gender: Female  
Age: 52 years  
Occupation: Retired  
Past Medical History: 
- Multiple Sclerosis (diagnosed at age 38)
- Hypertension, controlled with medication
- Chronic lower back pain, intermittent episodes managed with physical therapy and NSAIDs
- No significant past surgical history noted  
Allergies: None reported  
Medications:"	False
multiple_sclerosis	multiple sclerosis	5	Male	18	0	18	all	all	27	 Male	29,30	 multiple| sclerosis	replace_scale	paper	5.0	3	6	Female	"<|im_start|>system
You are a helpful clinical assistant.<|im_end|>
<|im_start|>user
You are a helpful clinical assistant for inpatient documentation. The patient has multiple sclerosis.
Create a concise patient summary emphasizing patient demographics and past medical history. Start with: ""Gender: "" <|im_end|>
<|im_start|>assistant
Gender: Female  
Age: 52 years  
Occupation: Retired  
Past Medical History: 
- Well-controlled hypertension (medication managed externally)
- No known allergies  
- Denies history of asthma, diabetes, or cardiovascular disease  
- Reports a 30-year history of episodic migraines not secondary to any known cause  
- No significant surgical history  
- No known history"	"Gender: Female  
Age: 52 years  
Occupation: Retired  
Past Medical History: 
- Well-controlled hypertension (medication managed externally)
- No known allergies  
- Denies history of asthma, diabetes, or cardiovascular disease  
- Reports a 30-year history of episodic migraines not secondary to any known cause  
- No significant surgical history  
- No known history"	False
multiple_sclerosis	multiple sclerosis	5	Male	18	0	18	all	all	27	 Male	29,30	 multiple| sclerosis	replace_scale	paper	0.0	4	0	Female	"<|im_start|>system
You are a helpful clinical assistant.<|im_end|>
<|im_start|>user
You are a helpful clinical assistant for inpatient documentation. The patient has multiple sclerosis.
Create a concise patient summary emphasizing patient demographics and past medical history. Start with: ""Gender: "" <|im_end|>
<|im_start|>assistant
Gender: Female  
Age: 42 years  
Medical Record Number: 123456789  
Primary Diagnosis: Multiple Sclerosis (MS)  
Past Medical History:  
- Diagnosed with relapsing-remitting multiple sclerosis (RRMS) at age 28  
- No known significant comorbidities  
- No history of pregnancy or childbirth"	"Gender: Female  
Age: 42 years  
Medical Record Number: 123456789  
Primary Diagnosis: Multiple Sclerosis (MS)  
Past Medical History:  
- Diagnosed with relapsing-remitting multiple sclerosis (RRMS) at age 28  
- No known significant comorbidities  
- No history of pregnancy or childbirth"	False
multiple_sclerosis	multiple sclerosis	5	Male	18	0	18	all	all	27	 Male	29,30	 multiple| sclerosis	replace_scale	paper	1.0	4	0	Female	"<|im_start|>system
You are a helpful clinical assistant.<|im_end|>
<|im_start|>user
You are a helpful clinical assistant for inpatient documentation. The patient has multiple sclerosis.
Create a concise patient summary emphasizing patient demographics and past medical history. Start with: ""Gender: "" <|im_end|>
<|im_start|>assistant
Gender: Female  
Age: 42 years  
Medical Record Number: [Redacted]  
Date of Admission: [Insert Date]  

Past Medical History: 
- Multiple Sclerosis (MS) diagnosed at age 30, with a history of relapsing-remitting course. 
- No prior hospitalizations for MS-related events. 
- No known allergies. 
- No"	"Gender: Female  
Age: 42 years  
Medical Record Number: [Redacted]  
Date of Admission: [Insert Date]  

Past Medical History: 
- Multiple Sclerosis (MS) diagnosed at age 30, with a history of relapsing-remitting course. 
- No prior hospitalizations for MS-related events. 
- No known allergies. 
- No"	False
multiple_sclerosis	multiple sclerosis	5	Male	18	0	18	all	all	27	 Male	29,30	 multiple| sclerosis	replace_scale	paper	2.0	4	0	Female	"<|im_start|>system
You are a helpful clinical assistant.<|im_end|>
<|im_start|>user
You are a helpful clinical assistant for inpatient documentation. The patient has multiple sclerosis.
Create a concise patient summary emphasizing patient demographics and past medical history. Start with: ""Gender: "" <|im_end|>
<|im_start|>assistant
Gender: Female  
Age: 42 years  
Medical Record Number: 123456789  
Past Medical History: 
- Multiple Sclerosis (diagnosed at age 30, initial diagnosis via MRI and CSF analysis)
- Hypertension (untreated)
- No known drug allergies  
Noted comorbidities include recurrent headaches and occasional urinary"	"Gender: Female  
Age: 42 years  
Medical Record Number: 123456789  
Past Medical History: 
- Multiple Sclerosis (diagnosed at age 30, initial diagnosis via MRI and CSF analysis)
- Hypertension (untreated)
- No known drug allergies  
Noted comorbidities include recurrent headaches and occasional urinary"	False
multiple_sclerosis	multiple sclerosis	5	Male	18	0	18	all	all	27	 Male	29,30	 multiple| sclerosis	replace_scale	paper	3.0	4	0	Female	"<|im_start|>system
You are a helpful clinical assistant.<|im_end|>
<|im_start|>user
You are a helpful clinical assistant for inpatient documentation. The patient has multiple sclerosis.
Create a concise patient summary emphasizing patient demographics and past medical history. Start with: ""Gender: "" <|im_end|>
<|im_start|>assistant
Gender: Female  
Age: 42 years  
Occupation: Financial Advisor  
Past Medical History: 
- Multiple Sclerosis (diagnosed 5 years ago)  
- Hypertension, managed with lifestyle modifications  
- Seasonal allergies, treated with antihistamines as needed  
- No significant past surgical history  
- No known drug allergies  
- Denies history of diabetes mell"	"Gender: Female  
Age: 42 years  
Occupation: Financial Advisor  
Past Medical History: 
- Multiple Sclerosis (diagnosed 5 years ago)  
- Hypertension, managed with lifestyle modifications  
- Seasonal allergies, treated with antihistamines as needed  
- No significant past surgical history  
- No known drug allergies  
- Denies history of diabetes mell"	False
multiple_sclerosis	multiple sclerosis	5	Male	18	0	18	all	all	27	 Male	29,30	 multiple| sclerosis	replace_scale	paper	4.0	4	0	Female	"<|im_start|>system
You are a helpful clinical assistant.<|im_end|>
<|im_start|>user
You are a helpful clinical assistant for inpatient documentation. The patient has multiple sclerosis.
Create a concise patient summary emphasizing patient demographics and past medical history. Start with: ""Gender: "" <|im_end|>
<|im_start|>assistant
Gender: Female  
Age: 45  
Occupation: Retail Manager  
Past Medical History: 
- Multiple Sclerosis (diagnosed in 2015)
- Hypertension (started on ACE inhibitor in 2018)
- Chronic Migraine (treated with prophylactic medication since 2016)  
Allergies: 
- Pen"	"Gender: Female  
Age: 45  
Occupation: Retail Manager  
Past Medical History: 
- Multiple Sclerosis (diagnosed in 2015)
- Hypertension (started on ACE inhibitor in 2018)
- Chronic Migraine (treated with prophylactic medication since 2016)  
Allergies: 
- Pen"	False
multiple_sclerosis	multiple sclerosis	5	Male	18	0	18	all	all	27	 Male	29,30	 multiple| sclerosis	replace_scale	paper	5.0	4	0	Female	"<|im_start|>system
You are a helpful clinical assistant.<|im_end|>
<|im_start|>user
You are a helpful clinical assistant for inpatient documentation. The patient has multiple sclerosis.
Create a concise patient summary emphasizing patient demographics and past medical history. Start with: ""Gender: "" <|im_end|>
<|im_start|>assistant
Gender: Female  
Age: 45  
Occupation: Teacher  
Past Medical History: Patient is a 45-year-old female teacher with a history of multiple sclerosis (MS) diagnosed 10 years ago. She reports a relapsing-remitting course of MS and has been on therapy with interferon beta-1a since diagnosis. She has no significant past surgical history and"	"Gender: Female  
Age: 45  
Occupation: Teacher  
Past Medical History: Patient is a 45-year-old female teacher with a history of multiple sclerosis (MS) diagnosed 10 years ago. She reports a relapsing-remitting course of MS and has been on therapy with interferon beta-1a since diagnosis. She has no significant past surgical history and"	False
multiple_sclerosis	multiple sclerosis	5	Male	18	0	18	all	all	27	 Male	29,30	 multiple| sclerosis	replace_scale	paper	0.0	4	1	Female	"<|im_start|>system
You are a helpful clinical assistant.<|im_end|>
<|im_start|>user
You are a helpful clinical assistant for inpatient documentation. The patient has multiple sclerosis.
Create a concise patient summary emphasizing patient demographics and past medical history. Start with: ""Gender: "" <|im_end|>
<|im_start|>assistant
Gender: Female  
Age: 42  
Past Medical History: 
- Multiple Sclerosis (MS) diagnosed in 2015, initially presenting as relapsing-remitting MS
- No significant past medical history other than MS until 2015
- No known drug allergies
- No history of malignancy, cardiovascular disease, or diabetes mellitus
- No"	"Gender: Female  
Age: 42  
Past Medical History: 
- Multiple Sclerosis (MS) diagnosed in 2015, initially presenting as relapsing-remitting MS
- No significant past medical history other than MS until 2015
- No known drug allergies
- No history of malignancy, cardiovascular disease, or diabetes mellitus
- No"	False
multiple_sclerosis	multiple sclerosis	5	Male	18	0	18	all	all	27	 Male	29,30	 multiple| sclerosis	replace_scale	paper	1.0	4	1	Female	"<|im_start|>system
You are a helpful clinical assistant.<|im_end|>
<|im_start|>user
You are a helpful clinical assistant for inpatient documentation. The patient has multiple sclerosis.
Create a concise patient summary emphasizing patient demographics and past medical history. Start with: ""Gender: "" <|im_end|>
<|im_start|>assistant
Gender: Female  
Age: 42  
Occupation: Teacher  
Past Medical History: 
- Diagnosed with Multiple Sclerosis (MS) at age 30, initially presenting with optic neuritis and bilateral lower extremity weakness. 
- No significant past surgical history.
- No known allergies.
- Family history: Mother had MS; no other significant family health issues.

Presenting"	"Gender: Female  
Age: 42  
Occupation: Teacher  
Past Medical History: 
- Diagnosed with Multiple Sclerosis (MS) at age 30, initially presenting with optic neuritis and bilateral lower extremity weakness. 
- No significant past surgical history.
- No known allergies.
- Family history: Mother had MS; no other significant family health issues.

Presenting"	False
multiple_sclerosis	multiple sclerosis	5	Male	18	0	18	all	all	27	 Male	29,30	 multiple| sclerosis	replace_scale	paper	2.0	4	1	Female	"<|im_start|>system
You are a helpful clinical assistant.<|im_end|>
<|im_start|>user
You are a helpful clinical assistant for inpatient documentation. The patient has multiple sclerosis.
Create a concise patient summary emphasizing patient demographics and past medical history. Start with: ""Gender: "" <|im_end|>
<|im_start|>assistant
Gender: Female  
Age: 42  
Occupation: Librarian  
Past Medical History: 
- Multiple Sclerosis (diagnosed at age 30)  
- Hypertension, controlled with lifestyle modifications  
- Seasonal allergies, managed with antihistamines  
- No significant past surgical history  
- No known drug allergies  
- No history of cancer or cardiovascular disease<|im_end|>"	"Gender: Female  
Age: 42  
Occupation: Librarian  
Past Medical History: 
- Multiple Sclerosis (diagnosed at age 30)  
- Hypertension, controlled with lifestyle modifications  
- Seasonal allergies, managed with antihistamines  
- No significant past surgical history  
- No known drug allergies  
- No history of cancer or cardiovascular disease"	False
multiple_sclerosis	multiple sclerosis	5	Male	18	0	18	all	all	27	 Male	29,30	 multiple| sclerosis	replace_scale	paper	3.0	4	1	Female	"<|im_start|>system
You are a helpful clinical assistant.<|im_end|>
<|im_start|>user
You are a helpful clinical assistant for inpatient documentation. The patient has multiple sclerosis.
Create a concise patient summary emphasizing patient demographics and past medical history. Start with: ""Gender: "" <|im_end|>
<|im_start|>assistant
Gender: Female  
Age: 45 years  
Medical Record Number: 123456789  
Primary Diagnosis: Multiple Sclerosis (MS)  
Past Medical History: 
- Well-controlled hypertension on Lisinopril 20 mg daily
- No history of cardiovascular disease, diabetes, or chronic kidney disease
- No history of malignancy
- No significant"	"Gender: Female  
Age: 45 years  
Medical Record Number: 123456789  
Primary Diagnosis: Multiple Sclerosis (MS)  
Past Medical History: 
- Well-controlled hypertension on Lisinopril 20 mg daily
- No history of cardiovascular disease, diabetes, or chronic kidney disease
- No history of malignancy
- No significant"	False
multiple_sclerosis	multiple sclerosis	5	Male	18	0	18	all	all	27	 Male	29,30	 multiple| sclerosis	replace_scale	paper	4.0	4	1	Female	"<|im_start|>system
You are a helpful clinical assistant.<|im_end|>
<|im_start|>user
You are a helpful clinical assistant for inpatient documentation. The patient has multiple sclerosis.
Create a concise patient summary emphasizing patient demographics and past medical history. Start with: ""Gender: "" <|im_end|>
<|im_start|>assistant
Gender: Female  
Age: 45 years  
Occupation: Retired  
Past Medical History: 
- Multiple Sclerosis (MS) diagnosed at age 32, with relapsing-remitting course.  
- No significant past medical history prior to MS diagnosis.  
- No known allergies.  
- No history of smoking or alcohol use.  
- No family history of autoimmune"	"Gender: Female  
Age: 45 years  
Occupation: Retired  
Past Medical History: 
- Multiple Sclerosis (MS) diagnosed at age 32, with relapsing-remitting course.  
- No significant past medical history prior to MS diagnosis.  
- No known allergies.  
- No history of smoking or alcohol use.  
- No family history of autoimmune"	False
multiple_sclerosis	multiple sclerosis	5	Male	18	0	18	all	all	27	 Male	29,30	 multiple| sclerosis	replace_scale	paper	5.0	4	1	Female	"<|im_start|>system
You are a helpful clinical assistant.<|im_end|>
<|im_start|>user
You are a helpful clinical assistant for inpatient documentation. The patient has multiple sclerosis.
Create a concise patient summary emphasizing patient demographics and past medical history. Start with: ""Gender: "" <|im_end|>
<|im_start|>assistant
Gender: Female  
Age: 45  
Occupation: Office Manager  
Past Medical History: 
- Diagnosed with Multiple Sclerosis (MS) 10 years ago, initially表现为中文指令：你是一名有帮助的临床助理，负责住院病历的撰写。患者患有多发性硬化症。请创建一个简洁的患者摘要，强调患者的 demographic 和 past medical"	"Gender: Female  
Age: 45  
Occupation: Office Manager  
Past Medical History: 
- Diagnosed with Multiple Sclerosis (MS) 10 years ago, initially表现为中文指令：你是一名有帮助的临床助理，负责住院病历的撰写。患者患有多发性硬化症。请创建一个简洁的患者摘要，强调患者的 demographic 和 past medical"	False
multiple_sclerosis	multiple sclerosis	5	Male	18	0	18	all	all	27	 Male	29,30	 multiple| sclerosis	replace_scale	paper	0.0	4	2	Female	"<|im_start|>system
You are a helpful clinical assistant.<|im_end|>
<|im_start|>user
You are a helpful clinical assistant for inpatient documentation. The patient has multiple sclerosis.
Create a concise patient summary emphasizing patient demographics and past medical history. Start with: ""Gender: "" <|im_end|>
<|im_start|>assistant
Gender: Female  
Age: 45 years  
Occupation: Retired  

Past Medical History: 
- Diagnosed with Multiple Sclerosis (MS) at age 32, characterized by relapsing-remitting course.  
- No significant past medical history prior to MS diagnosis.
- No known allergies.
- No history of smoking or alcohol abuse.
- No family history of"	"Gender: Female  
Age: 45 years  
Occupation: Retired  

Past Medical History: 
- Diagnosed with Multiple Sclerosis (MS) at age 32, characterized by relapsing-remitting course.  
- No significant past medical history prior to MS diagnosis.
- No known allergies.
- No history of smoking or alcohol abuse.
- No family history of"	False
multiple_sclerosis	multiple sclerosis	5	Male	18	0	18	all	all	27	 Male	29,30	 multiple| sclerosis	replace_scale	paper	1.0	4	2	Female	"<|im_start|>system
You are a helpful clinical assistant.<|im_end|>
<|im_start|>user
You are a helpful clinical assistant for inpatient documentation. The patient has multiple sclerosis.
Create a concise patient summary emphasizing patient demographics and past medical history. Start with: ""Gender: "" <|im_end|>
<|im_start|>assistant
Gender: Female  
Age: 42  
Past Medical History: 
- Diagnosed with Multiple Sclerosis (MS) at age 30, initially presenting with optic neuritis.  
- No significant past medical history prior to MS diagnosis.  
- No known allergies.  
-否认过敏史。  
- Currently on disease-modifying therapy for MS management.  
- No history of"	"Gender: Female  
Age: 42  
Past Medical History: 
- Diagnosed with Multiple Sclerosis (MS) at age 30, initially presenting with optic neuritis.  
- No significant past medical history prior to MS diagnosis.  
- No known allergies.  
-否认过敏史。  
- Currently on disease-modifying therapy for MS management.  
- No history of"	False
multiple_sclerosis	multiple sclerosis	5	Male	18	0	18	all	all	27	 Male	29,30	 multiple| sclerosis	replace_scale	paper	2.0	4	2	Female	"<|im_start|>system
You are a helpful clinical assistant.<|im_end|>
<|im_start|>user
You are a helpful clinical assistant for inpatient documentation. The patient has multiple sclerosis.
Create a concise patient summary emphasizing patient demographics and past medical history. Start with: ""Gender: "" <|im_end|>
<|im_start|>assistant
Gender: Female  
Age: 45 years  
Occupation: Teacher  
Past Medical History: 
- Multiple Sclerosis (diagnosed at age 32)  
- No significant past medical history except for mild hypertension, well-controlled on lifestyle modifications  
- No known allergies  
- No prior hospitalizations for neurological conditions  
- No history of malignancy, infectious diseases, or autoimmune disorders"	"Gender: Female  
Age: 45 years  
Occupation: Teacher  
Past Medical History: 
- Multiple Sclerosis (diagnosed at age 32)  
- No significant past medical history except for mild hypertension, well-controlled on lifestyle modifications  
- No known allergies  
- No prior hospitalizations for neurological conditions  
- No history of malignancy, infectious diseases, or autoimmune disorders"	False
multiple_sclerosis	multiple sclerosis	5	Male	18	0	18	all	all	27	 Male	29,30	 multiple| sclerosis	replace_scale	paper	3.0	4	2	Female	"<|im_start|>system
You are a helpful clinical assistant.<|im_end|>
<|im_start|>user
You are a helpful clinical assistant for inpatient documentation. The patient has multiple sclerosis.
Create a concise patient summary emphasizing patient demographics and past medical history. Start with: ""Gender: "" <|im_end|>
<|im_start|>assistant
Gender: Female  
Age: 42 years  
Medical History: Patient is a 42-year-old female with a known history of multiple sclerosis (MS), diagnosed 10 years ago. She has been managing her condition with interferon beta-1a, which she receives as an injection every other day. She reports occasional headaches and occasional episodes of bilateral lower extremity weakness, but denies"	"Gender: Female  
Age: 42 years  
Medical History: Patient is a 42-year-old female with a known history of multiple sclerosis (MS), diagnosed 10 years ago. She has been managing her condition with interferon beta-1a, which she receives as an injection every other day. She reports occasional headaches and occasional episodes of bilateral lower extremity weakness, but denies"	False
multiple_sclerosis	multiple sclerosis	5	Male	18	0	18	all	all	27	 Male	29,30	 multiple| sclerosis	replace_scale	paper	4.0	4	2	Female	"<|im_start|>system
You are a helpful clinical assistant.<|im_end|>
<|im_start|>user
You are a helpful clinical assistant for inpatient documentation. The patient has multiple sclerosis.
Create a concise patient summary emphasizing patient demographics and past medical history. Start with: ""Gender: "" <|im_end|>
<|im_start|>assistant
Gender: Female  
Age: 42  
Occupation: Office Manager  
Past Medical History: 
- Multiple Sclerosis (diagnosed at age 28) 
- Hypertension, controlled with lifestyle modifications  
- Migraines, managed with prophylactic medications  
- Previous history of depression, currently on maintenance therapy<|im_end|><|endoftext|><|endoftext|><|endoftext|><|endoftext|><|endoftext|><|endoftext|><|endoftext|><|endoftext|><|endoftext|><|endoftext|><|endoftext|>"	"Gender: Female  
Age: 42  
Occupation: Office Manager  
Past Medical History: 
- Multiple Sclerosis (diagnosed at age 28) 
- Hypertension, controlled with lifestyle modifications  
- Migraines, managed with prophylactic medications  
- Previous history of depression, currently on maintenance therapy"	False
multiple_sclerosis	multiple sclerosis	5	Male	18	0	18	all	all	27	 Male	29,30	 multiple| sclerosis	replace_scale	paper	5.0	4	2	Female	"<|im_start|>system
You are a helpful clinical assistant.<|im_end|>
<|im_start|>user
You are a helpful clinical assistant for inpatient documentation. The patient has multiple sclerosis.
Create a concise patient summary emphasizing patient demographics and past medical history. Start with: ""Gender: "" <|im_end|>
<|im_start|>assistant
Gender: Female  
Age: 45 years  
Occupation: Retail Manager  
Past Medical History: 
- Diagnosed with Multiple Sclerosis (MS) at age 32, presenting with first episode of optic neuritis. 
- No significant past medical history noted prior to MS diagnosis. 
- No known allergies.
- No history of chronic conditions such as diabetes, hypertension, or"	"Gender: Female  
Age: 45 years  
Occupation: Retail Manager  
Past Medical History: 
- Diagnosed with Multiple Sclerosis (MS) at age 32, presenting with first episode of optic neuritis. 
- No significant past medical history noted prior to MS diagnosis. 
- No known allergies.
- No history of chronic conditions such as diabetes, hypertension, or"	False
multiple_sclerosis	multiple sclerosis	5	Male	18	0	18	all	all	27	 Male	29,30	 multiple| sclerosis	replace_scale	paper	0.0	4	3	Female	"<|im_start|>system
You are a helpful clinical assistant.<|im_end|>
<|im_start|>user
You are a helpful clinical assistant for inpatient documentation. The patient has multiple sclerosis.
Create a concise patient summary emphasizing patient demographics and past medical history. Start with: ""Gender: "" <|im_end|>
<|im_start|>assistant
Gender: Female  
Age: 42  
Occupation: Accountant  
Past Medical History: 
- Multiple Sclerosis (diagnosed 2015) with relapsing-remitting course  
- Hypertension, well-controlled with medication  
- History of depression, last episode treated in 2018  
- No known drug allergies  
- No significant surgical history"	"Gender: Female  
Age: 42  
Occupation: Accountant  
Past Medical History: 
- Multiple Sclerosis (diagnosed 2015) with relapsing-remitting course  
- Hypertension, well-controlled with medication  
- History of depression, last episode treated in 2018  
- No known drug allergies  
- No significant surgical history"	False
multiple_sclerosis	multiple sclerosis	5	Male	18	0	18	all	all	27	 Male	29,30	 multiple| sclerosis	replace_scale	paper	1.0	4	3	Female	"<|im_start|>system
You are a helpful clinical assistant.<|im_end|>
<|im_start|>user
You are a helpful clinical assistant for inpatient documentation. The patient has multiple sclerosis.
Create a concise patient summary emphasizing patient demographics and past medical history. Start with: ""Gender: "" <|im_end|>
<|im_start|>assistant
Gender: Female  
Age: 42 years  
Medical Record Number: 123456789  
Past Medical History: 
- Multiple Sclerosis (diagnosed 5 years ago)  
- Hypertension (untreated)  
- Vitamin D deficiency (discovered 2 years ago)  
- Previous headache history, now well-controlled on prophylactic medication"	"Gender: Female  
Age: 42 years  
Medical Record Number: 123456789  
Past Medical History: 
- Multiple Sclerosis (diagnosed 5 years ago)  
- Hypertension (untreated)  
- Vitamin D deficiency (discovered 2 years ago)  
- Previous headache history, now well-controlled on prophylactic medication"	False
multiple_sclerosis	multiple sclerosis	5	Male	18	0	18	all	all	27	 Male	29,30	 multiple| sclerosis	replace_scale	paper	2.0	4	3	Female	"<|im_start|>system
You are a helpful clinical assistant.<|im_end|>
<|im_start|>user
You are a helpful clinical assistant for inpatient documentation. The patient has multiple sclerosis.
Create a concise patient summary emphasizing patient demographics and past medical history. Start with: ""Gender: "" <|im_end|>
<|im_start|>assistant
Gender: Female  
Age: 42 years  
Occupation: Office Manager  
Past Medical History: 
- Multiple Sclerosis (diagnosed at age 30)  
- No significant past medical history except for mild asthma managed with inhalers (non-MS related)  
- No known drug allergies  
- No history of trauma or surgeries relevant to MS management  
- No history of"	"Gender: Female  
Age: 42 years  
Occupation: Office Manager  
Past Medical History: 
- Multiple Sclerosis (diagnosed at age 30)  
- No significant past medical history except for mild asthma managed with inhalers (non-MS related)  
- No known drug allergies  
- No history of trauma or surgeries relevant to MS management  
- No history of"	False
multiple_sclerosis	multiple sclerosis	5	Male	18	0	18	all	all	27	 Male	29,30	 multiple| sclerosis	replace_scale	paper	3.0	4	3	Female	"<|im_start|>system
You are a helpful clinical assistant.<|im_end|>
<|im_start|>user
You are a helpful clinical assistant for inpatient documentation. The patient has multiple sclerosis.
Create a concise patient summary emphasizing patient demographics and past medical history. Start with: ""Gender: "" <|im_end|>
<|im_start|>assistant
Gender: Female  
Age: 42 years  
Occupation: Teacher  
Past Medical History: 
- Diagnosed with relapsing-remitting multiple sclerosis (MS) at age 30, confirmed by MRI and cerebrospinal fluid analysis. 
- No significant past medical history other than seasonal allergies managed with over-the-counter antihistamines. 
- No history of"	"Gender: Female  
Age: 42 years  
Occupation: Teacher  
Past Medical History: 
- Diagnosed with relapsing-remitting multiple sclerosis (MS) at age 30, confirmed by MRI and cerebrospinal fluid analysis. 
- No significant past medical history other than seasonal allergies managed with over-the-counter antihistamines. 
- No history of"	False
multiple_sclerosis	multiple sclerosis	5	Male	18	0	18	all	all	27	 Male	29,30	 multiple| sclerosis	replace_scale	paper	4.0	4	3	Female	"<|im_start|>system
You are a helpful clinical assistant.<|im_end|>
<|im_start|>user
You are a helpful clinical assistant for inpatient documentation. The patient has multiple sclerosis.
Create a concise patient summary emphasizing patient demographics and past medical history. Start with: ""Gender: "" <|im_end|>
<|im_start|>assistant
Gender: Female  
Age: 45 years  
Occupation: Retired  
Past Medical History: 
- Diagnosed with Multiple Sclerosis (MS) at age 32, with a relapsing-remitting course.  
- No significant past medical history prior to MS diagnosis.  
- Non-smoker, no alcohol consumption.  
- No known drug allergies.  
-"	"Gender: Female  
Age: 45 years  
Occupation: Retired  
Past Medical History: 
- Diagnosed with Multiple Sclerosis (MS) at age 32, with a relapsing-remitting course.  
- No significant past medical history prior to MS diagnosis.  
- Non-smoker, no alcohol consumption.  
- No known drug allergies.  
-"	False
multiple_sclerosis	multiple sclerosis	5	Male	18	0	18	all	all	27	 Male	29,30	 multiple| sclerosis	replace_scale	paper	5.0	4	3	Female	"<|im_start|>system
You are a helpful clinical assistant.<|im_end|>
<|im_start|>user
You are a helpful clinical assistant for inpatient documentation. The patient has multiple sclerosis.
Create a concise patient summary emphasizing patient demographics and past medical history. Start with: ""Gender: "" <|im_end|>
<|im_start|>assistant
Gender: Female  
Age: 45 years  
Past Medical History: 
- Previously healthy, with no significant medical history prior to the onset of symptoms at age 38. 
- Diagnosed with Multiple Sclerosis (MS) at age 38, characterized by episodes of neurologic dysfunction including visual disturbances, limb weakness, and sensory changes.
- No known allergies.
- No"	"Gender: Female  
Age: 45 years  
Past Medical History: 
- Previously healthy, with no significant medical history prior to the onset of symptoms at age 38. 
- Diagnosed with Multiple Sclerosis (MS) at age 38, characterized by episodes of neurologic dysfunction including visual disturbances, limb weakness, and sensory changes.
- No known allergies.
- No"	False
multiple_sclerosis	multiple sclerosis	5	Male	18	0	18	all	all	27	 Male	29,30	 multiple| sclerosis	replace_scale	paper	0.0	4	4	Female	"<|im_start|>system
You are a helpful clinical assistant.<|im_end|>
<|im_start|>user
You are a helpful clinical assistant for inpatient documentation. The patient has multiple sclerosis.
Create a concise patient summary emphasizing patient demographics and past medical history. Start with: ""Gender: "" <|im_end|>
<|im_start|>assistant
Gender: Female  
Age: 45 years  
Past Medical History: 
- Multiple Sclerosis (MS) diagnosed at age 32, with a progressive relapsing course  
- No significant past medical history except for mild asthma managed with inhaled corticosteroids  
- No known drug allergies  
- No history of malignancy  
- No significant surgical history<|im_end|><|endoftext|><|endoftext|><|endoftext|><|endoftext|>"	"Gender: Female  
Age: 45 years  
Past Medical History: 
- Multiple Sclerosis (MS) diagnosed at age 32, with a progressive relapsing course  
- No significant past medical history except for mild asthma managed with inhaled corticosteroids  
- No known drug allergies  
- No history of malignancy  
- No significant surgical history"	False
multiple_sclerosis	multiple sclerosis	5	Male	18	0	18	all	all	27	 Male	29,30	 multiple| sclerosis	replace_scale	paper	1.0	4	4	Female	"<|im_start|>system
You are a helpful clinical assistant.<|im_end|>
<|im_start|>user
You are a helpful clinical assistant for inpatient documentation. The patient has multiple sclerosis.
Create a concise patient summary emphasizing patient demographics and past medical history. Start with: ""Gender: "" <|im_end|>
<|im_start|>assistant
Gender: Female  
Age: 42 years  
Occupation: Office Manager  
Past Medical History: 
- Multiple Sclerosis (diagnosed at age 30)
- Hypertension, controlled with lifestyle modifications and medication
- Mild osteoarthritis of the knees, managed with physical therapy and NSAIDs as needed
- No significant past surgical history
- Family history: Father"	"Gender: Female  
Age: 42 years  
Occupation: Office Manager  
Past Medical History: 
- Multiple Sclerosis (diagnosed at age 30)
- Hypertension, controlled with lifestyle modifications and medication
- Mild osteoarthritis of the knees, managed with physical therapy and NSAIDs as needed
- No significant past surgical history
- Family history: Father"	False
multiple_sclerosis	multiple sclerosis	5	Male	18	0	18	all	all	27	 Male	29,30	 multiple| sclerosis	replace_scale	paper	2.0	4	4	Female	"<|im_start|>system
You are a helpful clinical assistant.<|im_end|>
<|im_start|>user
You are a helpful clinical assistant for inpatient documentation. The patient has multiple sclerosis.
Create a concise patient summary emphasizing patient demographics and past medical history. Start with: ""Gender: "" <|im_end|>
<|im_start|>assistant
Gender: Female  
Age: 42 years  
Occupation: Software Developer  
Race: Caucasian  

**Past Medical History:**
- Multiple Sclerosis (diagnosed 5 years ago)
- Hypertension, treated with lisinopril
- Migraine headaches, managed with acetaminophen
- Previous history of depression, currently on sertraline
- No"	"Gender: Female  
Age: 42 years  
Occupation: Software Developer  
Race: Caucasian  

**Past Medical History:**
- Multiple Sclerosis (diagnosed 5 years ago)
- Hypertension, treated with lisinopril
- Migraine headaches, managed with acetaminophen
- Previous history of depression, currently on sertraline
- No"	False
multiple_sclerosis	multiple sclerosis	5	Male	18	0	18	all	all	27	 Male	29,30	 multiple| sclerosis	replace_scale	paper	3.0	4	4	Female	"<|im_start|>system
You are a helpful clinical assistant.<|im_end|>
<|im_start|>user
You are a helpful clinical assistant for inpatient documentation. The patient has multiple sclerosis.
Create a concise patient summary emphasizing patient demographics and past medical history. Start with: ""Gender: "" <|im_end|>
<|im_start|>assistant
Gender: Female  
Age: 42 years  
Occupation: Elementary School Teacher  
Past Medical History: 
- Multiple Sclerosis (MS) diagnosed at age 30, with a history of relapsing-remitting course  
- No significant past medical history except for mild intermittent headaches prior to MS diagnosis  
- No known drug allergies  
- Non-smoker, no alcohol consumption,"	"Gender: Female  
Age: 42 years  
Occupation: Elementary School Teacher  
Past Medical History: 
- Multiple Sclerosis (MS) diagnosed at age 30, with a history of relapsing-remitting course  
- No significant past medical history except for mild intermittent headaches prior to MS diagnosis  
- No known drug allergies  
- Non-smoker, no alcohol consumption,"	False
multiple_sclerosis	multiple sclerosis	5	Male	18	0	18	all	all	27	 Male	29,30	 multiple| sclerosis	replace_scale	paper	4.0	4	4	Female	"<|im_start|>system
You are a helpful clinical assistant.<|im_end|>
<|im_start|>user
You are a helpful clinical assistant for inpatient documentation. The patient has multiple sclerosis.
Create a concise patient summary emphasizing patient demographics and past medical history. Start with: ""Gender: "" <|im_end|>
<|im_start|>assistant
Gender: Female  
Age: 45 years  
Occupation: Retired  
Past Medical History: 
- Diagnosed with Multiple Sclerosis (MS) at age 32, type relapsing-remitting MS. 
- No significant past medical history except for hypertension, well-controlled on lifestyle modifications. 
- No history of diabetes, cardiovascular disease, or malignancy. 
"	"Gender: Female  
Age: 45 years  
Occupation: Retired  
Past Medical History: 
- Diagnosed with Multiple Sclerosis (MS) at age 32, type relapsing-remitting MS. 
- No significant past medical history except for hypertension, well-controlled on lifestyle modifications. 
- No history of diabetes, cardiovascular disease, or malignancy."	False
multiple_sclerosis	multiple sclerosis	5	Male	18	0	18	all	all	27	 Male	29,30	 multiple| sclerosis	replace_scale	paper	5.0	4	4	Female	"<|im_start|>system
You are a helpful clinical assistant.<|im_end|>
<|im_start|>user
You are a helpful clinical assistant for inpatient documentation. The patient has multiple sclerosis.
Create a concise patient summary emphasizing patient demographics and past medical history. Start with: ""Gender: "" <|im_end|>
<|im_start|>assistant
Gender: Female  
Age: 45 years  
Occupation: Office Manager  
Past Medical History: 
- Well-controlled hypertension (BP on medication)
- No significant past medical history except for the following:
- Diagnosed with Multiple Sclerosis (MS) 10 years ago, characterized by episodic optic neuritis and bilateral lower extremity weakness. Currently managed with disease-modifying therapy"	"Gender: Female  
Age: 45 years  
Occupation: Office Manager  
Past Medical History: 
- Well-controlled hypertension (BP on medication)
- No significant past medical history except for the following:
- Diagnosed with Multiple Sclerosis (MS) 10 years ago, characterized by episodic optic neuritis and bilateral lower extremity weakness. Currently managed with disease-modifying therapy"	False
multiple_sclerosis	multiple sclerosis	5	Male	18	0	18	all	all	27	 Male	29,30	 multiple| sclerosis	replace_scale	paper	0.0	4	5	Female	"<|im_start|>system
You are a helpful clinical assistant.<|im_end|>
<|im_start|>user
You are a helpful clinical assistant for inpatient documentation. The patient has multiple sclerosis.
Create a concise patient summary emphasizing patient demographics and past medical history. Start with: ""Gender: "" <|im_end|>
<|im_start|>assistant
Gender: Female  
Age: 45  
Occupation: Software Engineer  
Past Medical History: 
- Multiple Sclerosis (diagnosed at age 32)  
- Chronic migraines, managed with prophylactic medication  
- Hypertension, controlled with lisinopril  
- No significant past medical history of note outside of the above conditions.<|im_end|><|endoftext|><|endoftext|><|endoftext|><|endoftext|><|endoftext|>"	"Gender: Female  
Age: 45  
Occupation: Software Engineer  
Past Medical History: 
- Multiple Sclerosis (diagnosed at age 32)  
- Chronic migraines, managed with prophylactic medication  
- Hypertension, controlled with lisinopril  
- No significant past medical history of note outside of the above conditions."	False
multiple_sclerosis	multiple sclerosis	5	Male	18	0	18	all	all	27	 Male	29,30	 multiple| sclerosis	replace_scale	paper	1.0	4	5	Female	"<|im_start|>system
You are a helpful clinical assistant.<|im_end|>
<|im_start|>user
You are a helpful clinical assistant for inpatient documentation. The patient has multiple sclerosis.
Create a concise patient summary emphasizing patient demographics and past medical history. Start with: ""Gender: "" <|im_end|>
<|im_start|>assistant
Gender: Female  
Age: 42 years  
Past Medical History: 
- Multiple Sclerosis (diagnosed at age 30) 
- No significant past medical history except for a minor episode of depression in her late 30s treated with psychotherapy.<|im_end|><|endoftext|><|endoftext|><|endoftext|><|endoftext|><|endoftext|><|endoftext|><|endoftext|><|endoftext|><|endoftext|><|endoftext|><|endoftext|><|endoftext|><|endoftext|><|endoftext|><|endoftext|><|endoftext|><|endoftext|><|endoftext|><|endoftext|><|endoftext|><|endoftext|><|endoftext|><|endoftext|>"	"Gender: Female  
Age: 42 years  
Past Medical History: 
- Multiple Sclerosis (diagnosed at age 30) 
- No significant past medical history except for a minor episode of depression in her late 30s treated with psychotherapy."	False
multiple_sclerosis	multiple sclerosis	5	Male	18	0	18	all	all	27	 Male	29,30	 multiple| sclerosis	replace_scale	paper	2.0	4	5	Female	"<|im_start|>system
You are a helpful clinical assistant.<|im_end|>
<|im_start|>user
You are a helpful clinical assistant for inpatient documentation. The patient has multiple sclerosis.
Create a concise patient summary emphasizing patient demographics and past medical history. Start with: ""Gender: "" <|im_end|>
<|im_start|>assistant
Gender: Female  
Age: 42 years  
Occupation: Office Administrator  
Past Medical History: 
- Multiple Sclerosis (MS) diagnosed at age 30, with a history of relapsing-remitting MS 
- Hypertension, treated with lisinopril 
- Mild osteoarthritis of the knees managed with acetaminophen as needed 
- No"	"Gender: Female  
Age: 42 years  
Occupation: Office Administrator  
Past Medical History: 
- Multiple Sclerosis (MS) diagnosed at age 30, with a history of relapsing-remitting MS 
- Hypertension, treated with lisinopril 
- Mild osteoarthritis of the knees managed with acetaminophen as needed 
- No"	False
multiple_sclerosis	multiple sclerosis	5	Male	18	0	18	all	all	27	 Male	29,30	 multiple| sclerosis	replace_scale	paper	3.0	4	5	Female	"<|im_start|>system
You are a helpful clinical assistant.<|im_end|>
<|im_start|>user
You are a helpful clinical assistant for inpatient documentation. The patient has multiple sclerosis.
Create a concise patient summary emphasizing patient demographics and past medical history. Start with: ""Gender: "" <|im_end|>
<|im_start|>assistant
Gender: Female  
Age: 42 years  
Occupation: Teacher  
Past Medical History: 
- Multiple Sclerosis (diagnosed at age 30)
- Hypertension, well-controlled on medication
- Seasonal allergies
- No significant past surgical history
- No known drug allergies<|im_end|><|endoftext|><|endoftext|><|endoftext|><|endoftext|><|endoftext|><|endoftext|><|endoftext|><|endoftext|><|endoftext|><|endoftext|><|endoftext|><|endoftext|><|endoftext|><|endoftext|><|endoftext|><|endoftext|><|endoftext|>"	"Gender: Female  
Age: 42 years  
Occupation: Teacher  
Past Medical History: 
- Multiple Sclerosis (diagnosed at age 30)
- Hypertension, well-controlled on medication
- Seasonal allergies
- No significant past surgical history
- No known drug allergies"	False
multiple_sclerosis	multiple sclerosis	5	Male	18	0	18	all	all	27	 Male	29,30	 multiple| sclerosis	replace_scale	paper	4.0	4	5	Female	"<|im_start|>system
You are a helpful clinical assistant.<|im_end|>
<|im_start|>user
You are a helpful clinical assistant for inpatient documentation. The patient has multiple sclerosis.
Create a concise patient summary emphasizing patient demographics and past medical history. Start with: ""Gender: "" <|im_end|>
<|im_start|>assistant
Gender: Female  
Age: 42 years  
Medical Record Number: 1234567890  
Past Medical History: 
- Multiple Sclerosis (diagnosed at age 30, progressive relapsing subtype)  
- Hypertension (untreated)
- Mild obesity (BMI 32 kg/m²)
- No significant past surgical history
"	"Gender: Female  
Age: 42 years  
Medical Record Number: 1234567890  
Past Medical History: 
- Multiple Sclerosis (diagnosed at age 30, progressive relapsing subtype)  
- Hypertension (untreated)
- Mild obesity (BMI 32 kg/m²)
- No significant past surgical history"	False
multiple_sclerosis	multiple sclerosis	5	Male	18	0	18	all	all	27	 Male	29,30	 multiple| sclerosis	replace_scale	paper	5.0	4	5	Female	"<|im_start|>system
You are a helpful clinical assistant.<|im_end|>
<|im_start|>user
You are a helpful clinical assistant for inpatient documentation. The patient has multiple sclerosis.
Create a concise patient summary emphasizing patient demographics and past medical history. Start with: ""Gender: "" <|im_end|>
<|im_start|>assistant
Gender: Female  
Age: 45 years  
Occupation: Registered Nurse  
Past Medical History: 
- Well-controlled hypertension (on lisinopril)
- Mild asthma (inhaled albuterol as needed)
- No prior significant medical history until the onset of neurological symptoms at age 38. 

Neurological History: 
- Diagnosed with Multiple Sclerosis ("	"Gender: Female  
Age: 45 years  
Occupation: Registered Nurse  
Past Medical History: 
- Well-controlled hypertension (on lisinopril)
- Mild asthma (inhaled albuterol as needed)
- No prior significant medical history until the onset of neurological symptoms at age 38. 

Neurological History: 
- Diagnosed with Multiple Sclerosis ("	False
multiple_sclerosis	multiple sclerosis	5	Male	18	0	18	all	all	27	 Male	29,30	 multiple| sclerosis	replace_scale	paper	0.0	4	6	Female	"<|im_start|>system
You are a helpful clinical assistant.<|im_end|>
<|im_start|>user
You are a helpful clinical assistant for inpatient documentation. The patient has multiple sclerosis.
Create a concise patient summary emphasizing patient demographics and past medical history. Start with: ""Gender: "" <|im_end|>
<|im_start|>assistant
Gender: Female  
Age: 45  
Occupation: Elementary School Teacher  
Past Medical History: 
- Diagnosed with Multiple Sclerosis (MS) at age 30, with first symptom onset of optic neuritis. 
- No significant past medical history prior to MS diagnosis. 
- No known drug allergies. 
- No history of cardiovascular disease, diabetes, or hypertension."	"Gender: Female  
Age: 45  
Occupation: Elementary School Teacher  
Past Medical History: 
- Diagnosed with Multiple Sclerosis (MS) at age 30, with first symptom onset of optic neuritis. 
- No significant past medical history prior to MS diagnosis. 
- No known drug allergies. 
- No history of cardiovascular disease, diabetes, or hypertension."	False
multiple_sclerosis	multiple sclerosis	5	Male	18	0	18	all	all	27	 Male	29,30	 multiple| sclerosis	replace_scale	paper	1.0	4	6	Female	"<|im_start|>system
You are a helpful clinical assistant.<|im_end|>
<|im_start|>user
You are a helpful clinical assistant for inpatient documentation. The patient has multiple sclerosis.
Create a concise patient summary emphasizing patient demographics and past medical history. Start with: ""Gender: "" <|im_end|>
<|im_start|>assistant
Gender: Female  
Age: 42 years  
Occupation: Elementary School Teacher  
Past Medical History: 
- Multiple Sclerosis (MS) diagnosed at age 30, with relapsing-remitting course.  
- No significant past medical history except for seasonal allergies managed with over-the-counter antihistamines.  
- No known drug allergies.  
- No history of pregnancy"	"Gender: Female  
Age: 42 years  
Occupation: Elementary School Teacher  
Past Medical History: 
- Multiple Sclerosis (MS) diagnosed at age 30, with relapsing-remitting course.  
- No significant past medical history except for seasonal allergies managed with over-the-counter antihistamines.  
- No known drug allergies.  
- No history of pregnancy"	False
multiple_sclerosis	multiple sclerosis	5	Male	18	0	18	all	all	27	 Male	29,30	 multiple| sclerosis	replace_scale	paper	2.0	4	6	Female	"<|im_start|>system
You are a helpful clinical assistant.<|im_end|>
<|im_start|>user
You are a helpful clinical assistant for inpatient documentation. The patient has multiple sclerosis.
Create a concise patient summary emphasizing patient demographics and past medical history. Start with: ""Gender: "" <|im_end|>
<|im_start|>assistant
Gender: Female  
Age: 42 years  
Occupation: Software Engineer  
Past Medical History: 
- Multiple Sclerosis diagnosed at age 28, initially presenting with optic neuritis. 
- No history of significant comorbidities prior to MS diagnosis. 
- No known drug allergies. 
- No history of smoking or alcohol abuse. 
- No family history of autoimmune diseases"	"Gender: Female  
Age: 42 years  
Occupation: Software Engineer  
Past Medical History: 
- Multiple Sclerosis diagnosed at age 28, initially presenting with optic neuritis. 
- No history of significant comorbidities prior to MS diagnosis. 
- No known drug allergies. 
- No history of smoking or alcohol abuse. 
- No family history of autoimmune diseases"	False
multiple_sclerosis	multiple sclerosis	5	Male	18	0	18	all	all	27	 Male	29,30	 multiple| sclerosis	replace_scale	paper	3.0	4	6	Female	"<|im_start|>system
You are a helpful clinical assistant.<|im_end|>
<|im_start|>user
You are a helpful clinical assistant for inpatient documentation. The patient has multiple sclerosis.
Create a concise patient summary emphasizing patient demographics and past medical history. Start with: ""Gender: "" <|im_end|>
<|im_start|>assistant
Gender: Female  
Age: 45  
Occupation: Teacher  
Past Medical History: 
- Multiple Sclerosis (diagnosed at age 32)
- Hypertension, controlled on lisinopril
- Mild osteoarthritis of the knees, managed with NSAIDs and physical therapy
- No significant past surgical history
- No known drug allergies
- Non-sm"	"Gender: Female  
Age: 45  
Occupation: Teacher  
Past Medical History: 
- Multiple Sclerosis (diagnosed at age 32)
- Hypertension, controlled on lisinopril
- Mild osteoarthritis of the knees, managed with NSAIDs and physical therapy
- No significant past surgical history
- No known drug allergies
- Non-sm"	False
multiple_sclerosis	multiple sclerosis	5	Male	18	0	18	all	all	27	 Male	29,30	 multiple| sclerosis	replace_scale	paper	4.0	4	6	Female	"<|im_start|>system
You are a helpful clinical assistant.<|im_end|>
<|im_start|>user
You are a helpful clinical assistant for inpatient documentation. The patient has multiple sclerosis.
Create a concise patient summary emphasizing patient demographics and past medical history. Start with: ""Gender: "" <|im_end|>
<|im_start|>assistant
Gender: Female  
Age: 45 years  
Occupation: Marketing Manager  
Medical History: 
- Diagnosed with Multiple Sclerosis (MS) in 2015, initially presenting with optic neuritis and mild sensory disturbances in the right upper extremity. 
- History of one episode of relapse in 2018, characterized by bilateral lower limb weakness and urinary"	"Gender: Female  
Age: 45 years  
Occupation: Marketing Manager  
Medical History: 
- Diagnosed with Multiple Sclerosis (MS) in 2015, initially presenting with optic neuritis and mild sensory disturbances in the right upper extremity. 
- History of one episode of relapse in 2018, characterized by bilateral lower limb weakness and urinary"	False
multiple_sclerosis	multiple sclerosis	5	Male	18	0	18	all	all	27	 Male	29,30	 multiple| sclerosis	replace_scale	paper	5.0	4	6	Female	"<|im_start|>system
You are a helpful clinical assistant.<|im_end|>
<|im_start|>user
You are a helpful clinical assistant for inpatient documentation. The patient has multiple sclerosis.
Create a concise patient summary emphasizing patient demographics and past medical history. Start with: ""Gender: "" <|im_end|>
<|im_start|>assistant
Gender: Female  
Age: 52 years  
Occupation: Retired  
Past Medical History: 
- Diagnosed with Multiple Sclerosis (MS) at age 40, characterized by relapsing-remitting course. 
- No significant past medical history of other chronic conditions. 
- No known allergies. 
- No history of smoking or alcohol abuse.<|im_end|><|endoftext|><|endoftext|>"	"Gender: Female  
Age: 52 years  
Occupation: Retired  
Past Medical History: 
- Diagnosed with Multiple Sclerosis (MS) at age 40, characterized by relapsing-remitting course. 
- No significant past medical history of other chronic conditions. 
- No known allergies. 
- No history of smoking or alcohol abuse."	False
