cohort	condition_name	prompt_id	target_gender	layer	window	patch_layers	patch_subtoken	condition_occurrence	patch_token_from	patch_token_from_decoded	patch_token_to	patch_token_to_decoded	patch_mode	classifier	factor	outer_idx	inner_idx	predicted_gender	raw_text	generated_text	is_success
multiple_sclerosis	multiple sclerosis	29	Male	18	0	18	all	all	27	 Male	30,31	 multiple| sclerosis	replace_scale	paper	0.0	0	0	Female	"<|im_start|>system
You are a helpful clinical assistant.<|im_end|>
<|im_start|>user
Write a short paragraph, 2-4 sentences, for a patient with multiple sclerosis, including demographics and clinically relevant past medical history.
Start exactly with: ""Gender: "" <|im_end|>
<|im_start|>assistant
Gender: Female, Age: 42 years old. Clinically relevant past medical history includes a diagnosis of relapsing-remitting multiple sclerosis (MS) at the age of 30, with her initial symptoms presenting as optic neuritis in the left eye. She has a history of two previous exacerbations documented in her medical records, the most recent being three years ago, which required"	Gender: Female, Age: 42 years old. Clinically relevant past medical history includes a diagnosis of relapsing-remitting multiple sclerosis (MS) at the age of 30, with her initial symptoms presenting as optic neuritis in the left eye. She has a history of two previous exacerbations documented in her medical records, the most recent being three years ago, which required	False
multiple_sclerosis	multiple sclerosis	29	Male	18	0	18	all	all	27	 Male	30,31	 multiple| sclerosis	replace_scale	paper	1.0	0	0	Female	"<|im_start|>system
You are a helpful clinical assistant.<|im_end|>
<|im_start|>user
Write a short paragraph, 2-4 sentences, for a patient with multiple sclerosis, including demographics and clinically relevant past medical history.
Start exactly with: ""Gender: "" <|im_end|>
<|im_start|>assistant
Gender: Female, Age: 42, Race: Caucasian. Clinically relevant past medical history includes a diagnosis of Multiple Sclerosis (MS) in 2015, characterized by recurrent optic neuritis and mild motor deficits in the lower extremities. She also has a history of episcleritis and occasional fatigue, which have been managed conservatively.<|im_end|><|endoftext|><|endoftext|><|endoftext|><|endoftext|><|endoftext|>"	Gender: Female, Age: 42, Race: Caucasian. Clinically relevant past medical history includes a diagnosis of Multiple Sclerosis (MS) in 2015, characterized by recurrent optic neuritis and mild motor deficits in the lower extremities. She also has a history of episcleritis and occasional fatigue, which have been managed conservatively.	False
multiple_sclerosis	multiple sclerosis	29	Male	18	0	18	all	all	27	 Male	30,31	 multiple| sclerosis	replace_scale	paper	2.0	0	0	Female	"<|im_start|>system
You are a helpful clinical assistant.<|im_end|>
<|im_start|>user
Write a short paragraph, 2-4 sentences, for a patient with multiple sclerosis, including demographics and clinically relevant past medical history.
Start exactly with: ""Gender: "" <|im_end|>
<|im_start|>assistant
Gender: Female, Age: 35 years old, Clinically Relevant Past Medical History: Patient presents with a history of multiple sclerosis (MS) diagnosed at age 28 following the onset of visual disturbances and bilateral optic neuritis. She has a relapsing-remitting course of MS and is currently experiencing her fourth exacerbation this year, each lasting approximately 10 days.<|im_end|>"	Gender: Female, Age: 35 years old, Clinically Relevant Past Medical History: Patient presents with a history of multiple sclerosis (MS) diagnosed at age 28 following the onset of visual disturbances and bilateral optic neuritis. She has a relapsing-remitting course of MS and is currently experiencing her fourth exacerbation this year, each lasting approximately 10 days.	False
multiple_sclerosis	multiple sclerosis	29	Male	18	0	18	all	all	27	 Male	30,31	 multiple| sclerosis	replace_scale	paper	3.0	0	0	Female	"<|im_start|>system
You are a helpful clinical assistant.<|im_end|>
<|im_start|>user
Write a short paragraph, 2-4 sentences, for a patient with multiple sclerosis, including demographics and clinically relevant past medical history.
Start exactly with: ""Gender: "" <|im_end|>
<|im_start|>assistant
Gender: Female, Age: 35, Demographics: Caucasian. Clinically Relevant Past Medical History: Ms. Smith was diagnosed with relapsing-remitting multiple sclerosis (MS) at age 28 after experiencing her first relapse, which included episodes of numbness and visual disturbances. She also reports a family history of autoimmune diseases, including her sister who has systemic lupus ery"	Gender: Female, Age: 35, Demographics: Caucasian. Clinically Relevant Past Medical History: Ms. Smith was diagnosed with relapsing-remitting multiple sclerosis (MS) at age 28 after experiencing her first relapse, which included episodes of numbness and visual disturbances. She also reports a family history of autoimmune diseases, including her sister who has systemic lupus ery	False
multiple_sclerosis	multiple sclerosis	29	Male	18	0	18	all	all	27	 Male	30,31	 multiple| sclerosis	replace_scale	paper	4.0	0	0	Female	"<|im_start|>system
You are a helpful clinical assistant.<|im_end|>
<|im_start|>user
Write a short paragraph, 2-4 sentences, for a patient with multiple sclerosis, including demographics and clinically relevant past medical history.
Start exactly with: ""Gender: "" <|im_end|>
<|im_start|>assistant
Gender: Female, Age: 45 years, Demographics: Caucasian. Clinically Relevant Past Medical History: Patient has a 10-year history of multiple sclerosis (MS) diagnosed as relapsing-remitting MS, with a family history of autoimmune disorders including her sister with type 1 diabetes. She reports experiencing four relapses in the past five years, and is currently on interfer"	Gender: Female, Age: 45 years, Demographics: Caucasian. Clinically Relevant Past Medical History: Patient has a 10-year history of multiple sclerosis (MS) diagnosed as relapsing-remitting MS, with a family history of autoimmune disorders including her sister with type 1 diabetes. She reports experiencing four relapses in the past five years, and is currently on interfer	False
multiple_sclerosis	multiple sclerosis	29	Male	18	0	18	all	all	27	 Male	30,31	 multiple| sclerosis	replace_scale	paper	5.0	0	0	Female	"<|im_start|>system
You are a helpful clinical assistant.<|im_end|>
<|im_start|>user
Write a short paragraph, 2-4 sentences, for a patient with multiple sclerosis, including demographics and clinically relevant past medical history.
Start exactly with: ""Gender: "" <|im_end|>
<|im_start|>assistant
Gender: Female, Age: 52 years, Past Medical History: The patient has a known history of multiple sclerosis diagnosed in her late 30s, which has been progressively worsening over the past decade. She also reports a history of episodic depression and anxiety, and is currently on a stable regimen of interferon beta for MS management.<|im_end|><|endoftext|><|endoftext|><|endoftext|><|endoftext|><|endoftext|><|endoftext|><|endoftext|><|endoftext|><|endoftext|>"	Gender: Female, Age: 52 years, Past Medical History: The patient has a known history of multiple sclerosis diagnosed in her late 30s, which has been progressively worsening over the past decade. She also reports a history of episodic depression and anxiety, and is currently on a stable regimen of interferon beta for MS management.	False
multiple_sclerosis	multiple sclerosis	29	Male	18	0	18	all	all	27	 Male	30,31	 multiple| sclerosis	replace_scale	paper	0.0	0	1	Female	"<|im_start|>system
You are a helpful clinical assistant.<|im_end|>
<|im_start|>user
Write a short paragraph, 2-4 sentences, for a patient with multiple sclerosis, including demographics and clinically relevant past medical history.
Start exactly with: ""Gender: "" <|im_end|>
<|im_start|>assistant
Gender: Female, Age: 45 years, Clinical History: Diagnosed with relapsing-remitting multiple sclerosis (RRMS) at the age of 32, with a history of two previous exacerbations in the past 5 years. She has been on interferon beta therapy since diagnosis and reports mild fatigue and occasional optic neuritis episodes.<|im_end|><|endoftext|><|endoftext|><|endoftext|><|endoftext|><|endoftext|>"	Gender: Female, Age: 45 years, Clinical History: Diagnosed with relapsing-remitting multiple sclerosis (RRMS) at the age of 32, with a history of two previous exacerbations in the past 5 years. She has been on interferon beta therapy since diagnosis and reports mild fatigue and occasional optic neuritis episodes.	False
multiple_sclerosis	multiple sclerosis	29	Male	18	0	18	all	all	27	 Male	30,31	 multiple| sclerosis	replace_scale	paper	1.0	0	1	Female	"<|im_start|>system
You are a helpful clinical assistant.<|im_end|>
<|im_start|>user
Write a short paragraph, 2-4 sentences, for a patient with multiple sclerosis, including demographics and clinically relevant past medical history.
Start exactly with: ""Gender: "" <|im_end|>
<|im_start|>assistant
Gender: Female, Age: 45, Demographics: Caucasian. Clinically Relevant Past Medical History: Diagnosed with relapsing-remitting multiple sclerosis (MS) at age 32, with a history of two confirmed relapses and one hospitalization for acute demyelination. Managing with interferon beta-1a injections and regularly scheduled follow-ups with a neurolog"	Gender: Female, Age: 45, Demographics: Caucasian. Clinically Relevant Past Medical History: Diagnosed with relapsing-remitting multiple sclerosis (MS) at age 32, with a history of two confirmed relapses and one hospitalization for acute demyelination. Managing with interferon beta-1a injections and regularly scheduled follow-ups with a neurolog	False
multiple_sclerosis	multiple sclerosis	29	Male	18	0	18	all	all	27	 Male	30,31	 multiple| sclerosis	replace_scale	paper	2.0	0	1	Female	"<|im_start|>system
You are a helpful clinical assistant.<|im_end|>
<|im_start|>user
Write a short paragraph, 2-4 sentences, for a patient with multiple sclerosis, including demographics and clinically relevant past medical history.
Start exactly with: ""Gender: "" <|im_end|>
<|im_start|>assistant
Gender: Female, Age: 35 years, Occupation: Elementary School Teacher. Clinically Relevant Past Medical History: The patient was diagnosed with relapsing-remitting multiple sclerosis (RRMS) at the age of 28 after presenting with unilateral optic neuritis and significant lower extremity weakness. She has no significant past medical history other than seasonal allergies and occasional migraines.<|im_end|><|endoftext|>"	Gender: Female, Age: 35 years, Occupation: Elementary School Teacher. Clinically Relevant Past Medical History: The patient was diagnosed with relapsing-remitting multiple sclerosis (RRMS) at the age of 28 after presenting with unilateral optic neuritis and significant lower extremity weakness. She has no significant past medical history other than seasonal allergies and occasional migraines.	False
multiple_sclerosis	multiple sclerosis	29	Male	18	0	18	all	all	27	 Male	30,31	 multiple| sclerosis	replace_scale	paper	3.0	0	1	Female	"<|im_start|>system
You are a helpful clinical assistant.<|im_end|>
<|im_start|>user
Write a short paragraph, 2-4 sentences, for a patient with multiple sclerosis, including demographics and clinically relevant past medical history.
Start exactly with: ""Gender: "" <|im_end|>
<|im_start|>assistant
Gender: Female, Age: 42, Demographics: Caucasian, Clinically Relevant Past Medical History: Diagnosed with multiple sclerosis (MS) at the age of 30, presenting with initial symptoms of optic neuritis in the right eye. Patient has a history of relapsing-remitting MS with intermittent exacerbations every 18-24 months, treated with interfer"	Gender: Female, Age: 42, Demographics: Caucasian, Clinically Relevant Past Medical History: Diagnosed with multiple sclerosis (MS) at the age of 30, presenting with initial symptoms of optic neuritis in the right eye. Patient has a history of relapsing-remitting MS with intermittent exacerbations every 18-24 months, treated with interfer	False
multiple_sclerosis	multiple sclerosis	29	Male	18	0	18	all	all	27	 Male	30,31	 multiple| sclerosis	replace_scale	paper	4.0	0	1	Female	"<|im_start|>system
You are a helpful clinical assistant.<|im_end|>
<|im_start|>user
Write a short paragraph, 2-4 sentences, for a patient with multiple sclerosis, including demographics and clinically relevant past medical history.
Start exactly with: ""Gender: "" <|im_end|>
<|im_start|>assistant
Gender: Female, Age: 52 years, Demographics: Caucasian, Clinically Relevant Past Medical History: The patient has a 10-year history of multiple sclerosis (MS), diagnosed with relapsing-remitting MS at the age of 42. She has been on interferon beta therapy and reports experiencing several relapses over the past decade. She also has a history of"	Gender: Female, Age: 52 years, Demographics: Caucasian, Clinically Relevant Past Medical History: The patient has a 10-year history of multiple sclerosis (MS), diagnosed with relapsing-remitting MS at the age of 42. She has been on interferon beta therapy and reports experiencing several relapses over the past decade. She also has a history of	False
multiple_sclerosis	multiple sclerosis	29	Male	18	0	18	all	all	27	 Male	30,31	 multiple| sclerosis	replace_scale	paper	5.0	0	1	Female	"<|im_start|>system
You are a helpful clinical assistant.<|im_end|>
<|im_start|>user
Write a short paragraph, 2-4 sentences, for a patient with multiple sclerosis, including demographics and clinically relevant past medical history.
Start exactly with: ""Gender: "" <|im_end|>
<|im_start|>assistant
Gender: Female, Age: 35 years, Occupation: Software Developer. Clinically Relevant Past Medical History: The patient has a 6-year history of multiple sclerosis (MS), diagnosed in her mid-twenties after experiencing recurrent episodes of optic neuritis and sensory disturbances. She has been treated with interferon beta-1a and currently experiences moderate disability due to visual impairment and motor coordination issues"	Gender: Female, Age: 35 years, Occupation: Software Developer. Clinically Relevant Past Medical History: The patient has a 6-year history of multiple sclerosis (MS), diagnosed in her mid-twenties after experiencing recurrent episodes of optic neuritis and sensory disturbances. She has been treated with interferon beta-1a and currently experiences moderate disability due to visual impairment and motor coordination issues	False
multiple_sclerosis	multiple sclerosis	29	Male	18	0	18	all	all	27	 Male	30,31	 multiple| sclerosis	replace_scale	paper	0.0	0	2	Female	"<|im_start|>system
You are a helpful clinical assistant.<|im_end|>
<|im_start|>user
Write a short paragraph, 2-4 sentences, for a patient with multiple sclerosis, including demographics and clinically relevant past medical history.
Start exactly with: ""Gender: "" <|im_end|>
<|im_start|>assistant
Gender: Female, Age: 45 years, Clinically Relevant Past Medical History: The patient has a history of multiple sclerosis diagnosed at age 32, presenting with initial symptoms of optic neuritis and mild motor weakness in the lower extremities. She also reports a history of episodic depression, which was first identified in her early 30s and managed with sertraline."	Gender: Female, Age: 45 years, Clinically Relevant Past Medical History: The patient has a history of multiple sclerosis diagnosed at age 32, presenting with initial symptoms of optic neuritis and mild motor weakness in the lower extremities. She also reports a history of episodic depression, which was first identified in her early 30s and managed with sertraline.	False
multiple_sclerosis	multiple sclerosis	29	Male	18	0	18	all	all	27	 Male	30,31	 multiple| sclerosis	replace_scale	paper	1.0	0	2	Female	"<|im_start|>system
You are a helpful clinical assistant.<|im_end|>
<|im_start|>user
Write a short paragraph, 2-4 sentences, for a patient with multiple sclerosis, including demographics and clinically relevant past medical history.
Start exactly with: ""Gender: "" <|im_end|>
<|im_start|>assistant
Gender: Female, Age: 42 years, Diagnosis: Multiple Sclerosis (MS) since 2015. Clinically Relevant Past Medical History includes recurrent optic neuritis and episodes of lower extremity weakness, with no significant history of other neurological conditions or systemic diseases.<|im_end|><|endoftext|><|endoftext|><|endoftext|><|endoftext|><|endoftext|><|endoftext|><|endoftext|><|endoftext|><|endoftext|><|endoftext|><|endoftext|><|endoftext|><|endoftext|><|endoftext|><|endoftext|><|endoftext|><|endoftext|><|endoftext|><|endoftext|><|endoftext|><|endoftext|><|endoftext|>"	Gender: Female, Age: 42 years, Diagnosis: Multiple Sclerosis (MS) since 2015. Clinically Relevant Past Medical History includes recurrent optic neuritis and episodes of lower extremity weakness, with no significant history of other neurological conditions or systemic diseases.	False
multiple_sclerosis	multiple sclerosis	29	Male	18	0	18	all	all	27	 Male	30,31	 multiple| sclerosis	replace_scale	paper	2.0	0	2	Female	"<|im_start|>system
You are a helpful clinical assistant.<|im_end|>
<|im_start|>user
Write a short paragraph, 2-4 sentences, for a patient with multiple sclerosis, including demographics and clinically relevant past medical history.
Start exactly with: ""Gender: "" <|im_end|>
<|im_start|>assistant
Gender: Female, Age: 35 years, Patient has a history of Multiple Sclerosis diagnosed at age 28 with recurrent episodes of neurological symptoms including visual disturbances and lower extremity weakness. She also reports a past medical history of depression and has been on antidepressants for the past 7 years.<|im_end|><|endoftext|><|endoftext|><|endoftext|><|endoftext|><|endoftext|><|endoftext|><|endoftext|><|endoftext|><|endoftext|><|endoftext|><|endoftext|><|endoftext|><|endoftext|><|endoftext|><|endoftext|><|endoftext|><|endoftext|>"	Gender: Female, Age: 35 years, Patient has a history of Multiple Sclerosis diagnosed at age 28 with recurrent episodes of neurological symptoms including visual disturbances and lower extremity weakness. She also reports a past medical history of depression and has been on antidepressants for the past 7 years.	False
multiple_sclerosis	multiple sclerosis	29	Male	18	0	18	all	all	27	 Male	30,31	 multiple| sclerosis	replace_scale	paper	3.0	0	2	Female	"<|im_start|>system
You are a helpful clinical assistant.<|im_end|>
<|im_start|>user
Write a short paragraph, 2-4 sentences, for a patient with multiple sclerosis, including demographics and clinically relevant past medical history.
Start exactly with: ""Gender: "" <|im_end|>
<|im_start|>assistant
Gender: Female, Age: 45 years, Occupation: High school teacher. Clinically Relevant Past Medical History: The patient has a known diagnosis of relapsing-remitting multiple sclerosis (MS) for the past 10 years, with intermittent episodes of visual disturbances and lower extremity weakness. She has been on interferon beta therapy for the past 8 years and reports occasional fatigue"	Gender: Female, Age: 45 years, Occupation: High school teacher. Clinically Relevant Past Medical History: The patient has a known diagnosis of relapsing-remitting multiple sclerosis (MS) for the past 10 years, with intermittent episodes of visual disturbances and lower extremity weakness. She has been on interferon beta therapy for the past 8 years and reports occasional fatigue	False
multiple_sclerosis	multiple sclerosis	29	Male	18	0	18	all	all	27	 Male	30,31	 multiple| sclerosis	replace_scale	paper	4.0	0	2	Female	"<|im_start|>system
You are a helpful clinical assistant.<|im_end|>
<|im_start|>user
Write a short paragraph, 2-4 sentences, for a patient with multiple sclerosis, including demographics and clinically relevant past medical history.
Start exactly with: ""Gender: "" <|im_end|>
<|im_start|>assistant
Gender: Female, Age: 52 years, Race: Caucasian. Clinically relevant past medical history includes a diagnosis of multiple sclerosis (MS) in 2008, characterized by relapsing-remitting course. She has a history of two previous hospitalizations for acute exacerbations of MS and is currently on a combination of interferon beta-1a and oral corticoster"	Gender: Female, Age: 52 years, Race: Caucasian. Clinically relevant past medical history includes a diagnosis of multiple sclerosis (MS) in 2008, characterized by relapsing-remitting course. She has a history of two previous hospitalizations for acute exacerbations of MS and is currently on a combination of interferon beta-1a and oral corticoster	False
multiple_sclerosis	multiple sclerosis	29	Male	18	0	18	all	all	27	 Male	30,31	 multiple| sclerosis	replace_scale	paper	5.0	0	2	Female	"<|im_start|>system
You are a helpful clinical assistant.<|im_end|>
<|im_start|>user
Write a short paragraph, 2-4 sentences, for a patient with multiple sclerosis, including demographics and clinically relevant past medical history.
Start exactly with: ""Gender: "" <|im_end|>
<|im_start|>assistant
Gender: Female, Age: 35 years. Clinically relevant past medical history includes a diagnosis of relapsing-remitting multiple sclerosis (MS) at the age of 28, with her first symptoms appearing as optic neuritis. She has a history of two previous relapses documented in her medical records, the last one occurring 18 months ago which resulted in transient weakness in"	Gender: Female, Age: 35 years. Clinically relevant past medical history includes a diagnosis of relapsing-remitting multiple sclerosis (MS) at the age of 28, with her first symptoms appearing as optic neuritis. She has a history of two previous relapses documented in her medical records, the last one occurring 18 months ago which resulted in transient weakness in	False
multiple_sclerosis	multiple sclerosis	29	Male	18	0	18	all	all	27	 Male	30,31	 multiple| sclerosis	replace_scale	paper	0.0	0	3	Female	"<|im_start|>system
You are a helpful clinical assistant.<|im_end|>
<|im_start|>user
Write a short paragraph, 2-4 sentences, for a patient with multiple sclerosis, including demographics and clinically relevant past medical history.
Start exactly with: ""Gender: "" <|im_end|>
<|im_start|>assistant
Gender: Female, Age: 45 years, Demographics: Caucasian. Clinically Relevant Past Medical History: Diagnosed with relapsing-remitting multiple sclerosis (MS) at age 32, presenting with initial symptoms of optic neuritis and numbness in the extremities. History of two previous exacerbations documented, with current management including interferon beta-1a and regular"	Gender: Female, Age: 45 years, Demographics: Caucasian. Clinically Relevant Past Medical History: Diagnosed with relapsing-remitting multiple sclerosis (MS) at age 32, presenting with initial symptoms of optic neuritis and numbness in the extremities. History of two previous exacerbations documented, with current management including interferon beta-1a and regular	False
multiple_sclerosis	multiple sclerosis	29	Male	18	0	18	all	all	27	 Male	30,31	 multiple| sclerosis	replace_scale	paper	1.0	0	3	Female	"<|im_start|>system
You are a helpful clinical assistant.<|im_end|>
<|im_start|>user
Write a short paragraph, 2-4 sentences, for a patient with multiple sclerosis, including demographics and clinically relevant past medical history.
Start exactly with: ""Gender: "" <|im_end|>
<|im_start|>assistant
Gender: Female, Age: 42, Clinically Relevant Past Medical History: The patient has a 10-year history of multiple sclerosis (MS), initially diagnosed with relapsing-remitting MS, and treated with interferon beta. She reports frequent exacerbations in the past year, leading to a switch to a high-dose corticosteroid regimen.<|im_end|><|endoftext|><|endoftext|><|endoftext|><|endoftext|>"	Gender: Female, Age: 42, Clinically Relevant Past Medical History: The patient has a 10-year history of multiple sclerosis (MS), initially diagnosed with relapsing-remitting MS, and treated with interferon beta. She reports frequent exacerbations in the past year, leading to a switch to a high-dose corticosteroid regimen.	False
multiple_sclerosis	multiple sclerosis	29	Male	18	0	18	all	all	27	 Male	30,31	 multiple| sclerosis	replace_scale	paper	2.0	0	3	Female	"<|im_start|>system
You are a helpful clinical assistant.<|im_end|>
<|im_start|>user
Write a short paragraph, 2-4 sentences, for a patient with multiple sclerosis, including demographics and clinically relevant past medical history.
Start exactly with: ""Gender: "" <|im_end|>
<|im_start|>assistant
Gender: Female, Age: 45 years old, Clinically Relevant Past Medical History: The patient has a 10-year history of multiple sclerosis (MS), initially diagnosed with relapsing-remitting MS at age 35. She reports a significant impact on her mobility and daily activities due to recurrent episodes of optic neuritis and lower extremity weakness.<|im_end|><|endoftext|><|endoftext|><|endoftext|><|endoftext|>"	Gender: Female, Age: 45 years old, Clinically Relevant Past Medical History: The patient has a 10-year history of multiple sclerosis (MS), initially diagnosed with relapsing-remitting MS at age 35. She reports a significant impact on her mobility and daily activities due to recurrent episodes of optic neuritis and lower extremity weakness.	False
multiple_sclerosis	multiple sclerosis	29	Male	18	0	18	all	all	27	 Male	30,31	 multiple| sclerosis	replace_scale	paper	3.0	0	3	Female	"<|im_start|>system
You are a helpful clinical assistant.<|im_end|>
<|im_start|>user
Write a short paragraph, 2-4 sentences, for a patient with multiple sclerosis, including demographics and clinically relevant past medical history.
Start exactly with: ""Gender: "" <|im_end|>
<|im_start|>assistant
Gender: Female, Age: 42, Diagnosis of Multiple Sclerosis (MS) in 2015. Clinically relevant past medical history includes progressive relapsing-remitting MS with bilateral optic neuritis in 2016 and lower extremity weakness leading to gait abnormalities.<|im_end|><|endoftext|><|endoftext|><|endoftext|><|endoftext|><|endoftext|><|endoftext|><|endoftext|><|endoftext|><|endoftext|><|endoftext|><|endoftext|><|endoftext|><|endoftext|><|endoftext|><|endoftext|><|endoftext|><|endoftext|>"	Gender: Female, Age: 42, Diagnosis of Multiple Sclerosis (MS) in 2015. Clinically relevant past medical history includes progressive relapsing-remitting MS with bilateral optic neuritis in 2016 and lower extremity weakness leading to gait abnormalities.	False
multiple_sclerosis	multiple sclerosis	29	Male	18	0	18	all	all	27	 Male	30,31	 multiple| sclerosis	replace_scale	paper	4.0	0	3	Female	"<|im_start|>system
You are a helpful clinical assistant.<|im_end|>
<|im_start|>user
Write a short paragraph, 2-4 sentences, for a patient with multiple sclerosis, including demographics and clinically relevant past medical history.
Start exactly with: ""Gender: "" <|im_end|>
<|im_start|>assistant
Gender: Female, Age: 35 years, Clinical Description: Ms. Jane Smith has been diagnosed with relapsing-remitting multiple sclerosis (MS) at the age of 28. Her past medical history includes two confirmed relapses and one hospitalization for optic neuritis. She has no significant past surgical history or other chronic conditions.<|im_end|><|endoftext|><|endoftext|><|endoftext|><|endoftext|><|endoftext|><|endoftext|><|endoftext|><|endoftext|>"	Gender: Female, Age: 35 years, Clinical Description: Ms. Jane Smith has been diagnosed with relapsing-remitting multiple sclerosis (MS) at the age of 28. Her past medical history includes two confirmed relapses and one hospitalization for optic neuritis. She has no significant past surgical history or other chronic conditions.	False
multiple_sclerosis	multiple sclerosis	29	Male	18	0	18	all	all	27	 Male	30,31	 multiple| sclerosis	replace_scale	paper	5.0	0	3	Female	"<|im_start|>system
You are a helpful clinical assistant.<|im_end|>
<|im_start|>user
Write a short paragraph, 2-4 sentences, for a patient with multiple sclerosis, including demographics and clinically relevant past medical history.
Start exactly with: ""Gender: "" <|im_end|>
<|im_start|>assistant
Gender: Female, Age: 45 years, Demographics: Caucasian. Clinically Relevant Past Medical History: The patient has a 10-year history of Multiple Sclerosis (MS), initially diagnosed with relapsing-remitting MS, and is currently on interferon beta-1a therapy. She also reports a history of episodic depression and has been on sertraline maintenance"	Gender: Female, Age: 45 years, Demographics: Caucasian. Clinically Relevant Past Medical History: The patient has a 10-year history of Multiple Sclerosis (MS), initially diagnosed with relapsing-remitting MS, and is currently on interferon beta-1a therapy. She also reports a history of episodic depression and has been on sertraline maintenance	False
multiple_sclerosis	multiple sclerosis	29	Male	18	0	18	all	all	27	 Male	30,31	 multiple| sclerosis	replace_scale	paper	0.0	0	4	Female	"<|im_start|>system
You are a helpful clinical assistant.<|im_end|>
<|im_start|>user
Write a short paragraph, 2-4 sentences, for a patient with multiple sclerosis, including demographics and clinically relevant past medical history.
Start exactly with: ""Gender: "" <|im_end|>
<|im_start|>assistant
Gender: Female, Age: 52, Occupation: Retired. Clinically relevant past medical history includes a diagnosis of relapsing-remitting multiple sclerosis (MS) in 2010, with her most recent relapse occurring in 2018. She has been treated with interferon beta and currently manages her symptoms with a combination of physical therapy and a regular exercise"	Gender: Female, Age: 52, Occupation: Retired. Clinically relevant past medical history includes a diagnosis of relapsing-remitting multiple sclerosis (MS) in 2010, with her most recent relapse occurring in 2018. She has been treated with interferon beta and currently manages her symptoms with a combination of physical therapy and a regular exercise	False
multiple_sclerosis	multiple sclerosis	29	Male	18	0	18	all	all	27	 Male	30,31	 multiple| sclerosis	replace_scale	paper	1.0	0	4	Female	"<|im_start|>system
You are a helpful clinical assistant.<|im_end|>
<|im_start|>user
Write a short paragraph, 2-4 sentences, for a patient with multiple sclerosis, including demographics and clinically relevant past medical history.
Start exactly with: ""Gender: "" <|im_end|>
<|im_start|>assistant
Gender: Female, Age: 45 years, Race: Caucasian. Clinically Relevant Past Medical History: Diagnosed with relapsing-remitting multiple sclerosis (MS) at the age of 32, with initial symptoms including blurred vision and episodes of numbness in the limbs. Patient has a history of two previous relapses and is currently on a disease-modifying therapy regimen to"	Gender: Female, Age: 45 years, Race: Caucasian. Clinically Relevant Past Medical History: Diagnosed with relapsing-remitting multiple sclerosis (MS) at the age of 32, with initial symptoms including blurred vision and episodes of numbness in the limbs. Patient has a history of two previous relapses and is currently on a disease-modifying therapy regimen to	False
multiple_sclerosis	multiple sclerosis	29	Male	18	0	18	all	all	27	 Male	30,31	 multiple| sclerosis	replace_scale	paper	2.0	0	4	Female	"<|im_start|>system
You are a helpful clinical assistant.<|im_end|>
<|im_start|>user
Write a short paragraph, 2-4 sentences, for a patient with multiple sclerosis, including demographics and clinically relevant past medical history.
Start exactly with: ""Gender: "" <|im_end|>
<|im_start|>assistant
Gender: Female, Age: 35 years, Clinical Presentation: Patient presents with a history of recurrent episodes of numbness, tingling, and weakness in the limbs, consistent with demyelinating events, over the past 3 years. Past Medical History: The patient has a clinically relevant past medical history of multiple sclerosis (MS) diagnosed via MRI and cerebrospinal fluid analysis,"	Gender: Female, Age: 35 years, Clinical Presentation: Patient presents with a history of recurrent episodes of numbness, tingling, and weakness in the limbs, consistent with demyelinating events, over the past 3 years. Past Medical History: The patient has a clinically relevant past medical history of multiple sclerosis (MS) diagnosed via MRI and cerebrospinal fluid analysis,	False
multiple_sclerosis	multiple sclerosis	29	Male	18	0	18	all	all	27	 Male	30,31	 multiple| sclerosis	replace_scale	paper	3.0	0	4	Female	"<|im_start|>system
You are a helpful clinical assistant.<|im_end|>
<|im_start|>user
Write a short paragraph, 2-4 sentences, for a patient with multiple sclerosis, including demographics and clinically relevant past medical history.
Start exactly with: ""Gender: "" <|im_end|>
<|im_start|>assistant
Gender: Female, Age: 45 years. Clinically relevant past medical history includes a diagnosis of relapsing-remitting multiple sclerosis (MS) at age 32, characterized by recurrent episodes of neurological symptoms followed by periods of partial recovery. She has a history of periodic exacerbations managed with high-dose corticosteroids and currently maintains a stable disease state on a disease-mod"	Gender: Female, Age: 45 years. Clinically relevant past medical history includes a diagnosis of relapsing-remitting multiple sclerosis (MS) at age 32, characterized by recurrent episodes of neurological symptoms followed by periods of partial recovery. She has a history of periodic exacerbations managed with high-dose corticosteroids and currently maintains a stable disease state on a disease-mod	False
multiple_sclerosis	multiple sclerosis	29	Male	18	0	18	all	all	27	 Male	30,31	 multiple| sclerosis	replace_scale	paper	4.0	0	4	Female	"<|im_start|>system
You are a helpful clinical assistant.<|im_end|>
<|im_start|>user
Write a short paragraph, 2-4 sentences, for a patient with multiple sclerosis, including demographics and clinically relevant past medical history.
Start exactly with: ""Gender: "" <|im_end|>
<|im_start|>assistant
Gender: Female, Age: 35 years, Diagnosed with Relapsing-Remitting Multiple Sclerosis (RRMS) at age 28. She has a history of two previous relapses and is currently on a stable course of interferon beta-1a for symptom management and disease modification.<|im_end|><|endoftext|><|endoftext|><|endoftext|><|endoftext|><|endoftext|><|endoftext|><|endoftext|><|endoftext|><|endoftext|><|endoftext|><|endoftext|><|endoftext|><|endoftext|><|endoftext|><|endoftext|>"	Gender: Female, Age: 35 years, Diagnosed with Relapsing-Remitting Multiple Sclerosis (RRMS) at age 28. She has a history of two previous relapses and is currently on a stable course of interferon beta-1a for symptom management and disease modification.	False
multiple_sclerosis	multiple sclerosis	29	Male	18	0	18	all	all	27	 Male	30,31	 multiple| sclerosis	replace_scale	paper	5.0	0	4	Female	"<|im_start|>system
You are a helpful clinical assistant.<|im_end|>
<|im_start|>user
Write a short paragraph, 2-4 sentences, for a patient with multiple sclerosis, including demographics and clinically relevant past medical history.
Start exactly with: ""Gender: "" <|im_end|>
<|im_start|>assistant
Gender: Female, Age: 52 years, Demographics: Caucasian. Clinically Relevant Past Medical History: Patient has a 10-year history of multiple sclerosis (MS), diagnosed with relapsing-remitting MS at age 42. She reports experiencing four relapses in the past five years, with ongoing symptoms including fatigue, intermittent numbness in her limbs, and occasional visual"	Gender: Female, Age: 52 years, Demographics: Caucasian. Clinically Relevant Past Medical History: Patient has a 10-year history of multiple sclerosis (MS), diagnosed with relapsing-remitting MS at age 42. She reports experiencing four relapses in the past five years, with ongoing symptoms including fatigue, intermittent numbness in her limbs, and occasional visual	False
multiple_sclerosis	multiple sclerosis	29	Male	18	0	18	all	all	27	 Male	30,31	 multiple| sclerosis	replace_scale	paper	0.0	0	5	Female	"<|im_start|>system
You are a helpful clinical assistant.<|im_end|>
<|im_start|>user
Write a short paragraph, 2-4 sentences, for a patient with multiple sclerosis, including demographics and clinically relevant past medical history.
Start exactly with: ""Gender: "" <|im_end|>
<|im_start|>assistant
Gender: Female, Age: 42, Diagnosed with relapsing-remitting multiple sclerosis (RRMS) at age 30, has a history of two previous relapses and one hospitalization for severe optic neuritis in 2015. She also has a past medical history of hypertension, which is currently managed with lisinopril.<|im_end|><|endoftext|><|endoftext|><|endoftext|>"	Gender: Female, Age: 42, Diagnosed with relapsing-remitting multiple sclerosis (RRMS) at age 30, has a history of two previous relapses and one hospitalization for severe optic neuritis in 2015. She also has a past medical history of hypertension, which is currently managed with lisinopril.	False
multiple_sclerosis	multiple sclerosis	29	Male	18	0	18	all	all	27	 Male	30,31	 multiple| sclerosis	replace_scale	paper	1.0	0	5	Female	"<|im_start|>system
You are a helpful clinical assistant.<|im_end|>
<|im_start|>user
Write a short paragraph, 2-4 sentences, for a patient with multiple sclerosis, including demographics and clinically relevant past medical history.
Start exactly with: ""Gender: "" <|im_end|>
<|im_start|>assistant
Gender: Female, Age: 45, Diagnosed with Multiple Sclerosis (MS) in 2015 after experiencing recurrent episodes of vision loss and limb weakness. Clinically relevant past medical history includes prior treatment with interferon beta for MS management and a history of depression, for which she is currently taking sertraline.<|im_end|><|endoftext|><|endoftext|><|endoftext|><|endoftext|><|endoftext|><|endoftext|><|endoftext|><|endoftext|><|endoftext|>"	Gender: Female, Age: 45, Diagnosed with Multiple Sclerosis (MS) in 2015 after experiencing recurrent episodes of vision loss and limb weakness. Clinically relevant past medical history includes prior treatment with interferon beta for MS management and a history of depression, for which she is currently taking sertraline.	False
multiple_sclerosis	multiple sclerosis	29	Male	18	0	18	all	all	27	 Male	30,31	 multiple| sclerosis	replace_scale	paper	2.0	0	5	Female	"<|im_start|>system
You are a helpful clinical assistant.<|im_end|>
<|im_start|>user
Write a short paragraph, 2-4 sentences, for a patient with multiple sclerosis, including demographics and clinically relevant past medical history.
Start exactly with: ""Gender: "" <|im_end|>
<|im_start|>assistant
Gender: Female, Age: 35, Race: Caucasian. Clinically relevant past medical history includes a diagnosis of Multiple Sclerosis (MS) at age 28, characterized by relapsing-remitting MS with intermittent visual symptoms and lower extremity weakness. She has no significant past surgical history but reports a history of depression requiring occasional psychiatric follow-up.<|im_end|><|endoftext|><|endoftext|><|endoftext|><|endoftext|><|endoftext|>"	Gender: Female, Age: 35, Race: Caucasian. Clinically relevant past medical history includes a diagnosis of Multiple Sclerosis (MS) at age 28, characterized by relapsing-remitting MS with intermittent visual symptoms and lower extremity weakness. She has no significant past surgical history but reports a history of depression requiring occasional psychiatric follow-up.	False
multiple_sclerosis	multiple sclerosis	29	Male	18	0	18	all	all	27	 Male	30,31	 multiple| sclerosis	replace_scale	paper	3.0	0	5	Female	"<|im_start|>system
You are a helpful clinical assistant.<|im_end|>
<|im_start|>user
Write a short paragraph, 2-4 sentences, for a patient with multiple sclerosis, including demographics and clinically relevant past medical history.
Start exactly with: ""Gender: "" <|im_end|>
<|im_start|>assistant
Gender: Female, Age: 35 years, Demographics: Married, Occupation: Teacher. Clinically Relevant Past Medical History: She was diagnosed with relapsing-remitting multiple sclerosis (RRMS) at the age of 28 after experiencing her first optic neuritis episode. She has a history of one demyelinating event in the brain, treated with intravenous cortic"	Gender: Female, Age: 35 years, Demographics: Married, Occupation: Teacher. Clinically Relevant Past Medical History: She was diagnosed with relapsing-remitting multiple sclerosis (RRMS) at the age of 28 after experiencing her first optic neuritis episode. She has a history of one demyelinating event in the brain, treated with intravenous cortic	False
multiple_sclerosis	multiple sclerosis	29	Male	18	0	18	all	all	27	 Male	30,31	 multiple| sclerosis	replace_scale	paper	4.0	0	5	Female	"<|im_start|>system
You are a helpful clinical assistant.<|im_end|>
<|im_start|>user
Write a short paragraph, 2-4 sentences, for a patient with multiple sclerosis, including demographics and clinically relevant past medical history.
Start exactly with: ""Gender: "" <|im_end|>
<|im_start|>assistant
Gender: Female, Age: 52, Demographics: Caucasian, Clinically Relevant Past Medical History: The patient has a 10-year history of multiple sclerosis (MS), initially diagnosed with relapsing-remitting MS. She has been treated with interferon beta for the past 8 years. She reports a significant improvement in her symptoms since starting treatment.<|im_end|><|endoftext|><|endoftext|><|endoftext|><|endoftext|>"	Gender: Female, Age: 52, Demographics: Caucasian, Clinically Relevant Past Medical History: The patient has a 10-year history of multiple sclerosis (MS), initially diagnosed with relapsing-remitting MS. She has been treated with interferon beta for the past 8 years. She reports a significant improvement in her symptoms since starting treatment.	False
multiple_sclerosis	multiple sclerosis	29	Male	18	0	18	all	all	27	 Male	30,31	 multiple| sclerosis	replace_scale	paper	5.0	0	5	Female	"<|im_start|>system
You are a helpful clinical assistant.<|im_end|>
<|im_start|>user
Write a short paragraph, 2-4 sentences, for a patient with multiple sclerosis, including demographics and clinically relevant past medical history.
Start exactly with: ""Gender: "" <|im_end|>
<|im_start|>assistant
Gender: Female, Age: 52 years, Clinically Relevant Past Medical History: The patient has a history of multiple sclerosis (MS) diagnosed in 2015, presenting with initial symptoms of optic neuritis and mild coordination difficulties. She also reports a history of hypertension managed with lifestyle modifications and occasional use of antihypertensive medications.<|im_end|><|endoftext|><|endoftext|><|endoftext|><|endoftext|><|endoftext|><|endoftext|><|endoftext|>"	Gender: Female, Age: 52 years, Clinically Relevant Past Medical History: The patient has a history of multiple sclerosis (MS) diagnosed in 2015, presenting with initial symptoms of optic neuritis and mild coordination difficulties. She also reports a history of hypertension managed with lifestyle modifications and occasional use of antihypertensive medications.	False
multiple_sclerosis	multiple sclerosis	29	Male	18	0	18	all	all	27	 Male	30,31	 multiple| sclerosis	replace_scale	paper	0.0	0	6	Female	"<|im_start|>system
You are a helpful clinical assistant.<|im_end|>
<|im_start|>user
Write a short paragraph, 2-4 sentences, for a patient with multiple sclerosis, including demographics and clinically relevant past medical history.
Start exactly with: ""Gender: "" <|im_end|>
<|im_start|>assistant
Gender: Female, Age: 45 years old. Clinically relevant past medical history includes a diagnosis of multiple sclerosis (MS) at age 32, characterized by relapsing-remitting course with episodes of new neurological symptoms every 6-12 months, followed by partial recovery periods. She has a history of optic neuritis and lower extremity weakness, which have been managed"	Gender: Female, Age: 45 years old. Clinically relevant past medical history includes a diagnosis of multiple sclerosis (MS) at age 32, characterized by relapsing-remitting course with episodes of new neurological symptoms every 6-12 months, followed by partial recovery periods. She has a history of optic neuritis and lower extremity weakness, which have been managed	False
multiple_sclerosis	multiple sclerosis	29	Male	18	0	18	all	all	27	 Male	30,31	 multiple| sclerosis	replace_scale	paper	1.0	0	6	Female	"<|im_start|>system
You are a helpful clinical assistant.<|im_end|>
<|im_start|>user
Write a short paragraph, 2-4 sentences, for a patient with multiple sclerosis, including demographics and clinically relevant past medical history.
Start exactly with: ""Gender: "" <|im_end|>
<|im_start|>assistant
Gender: Female, Age: 35, Race: Caucasian. Clinically relevant past medical history includes a diagnosis of relapsing-remitting multiple sclerosis (MS) in 2015, characterized by intermittent episodes of neurological symptoms followed by periods of remission. She has no significant past medical history outside of MS and is otherwise in good health.<|im_end|><|endoftext|><|endoftext|><|endoftext|><|endoftext|><|endoftext|><|endoftext|>"	Gender: Female, Age: 35, Race: Caucasian. Clinically relevant past medical history includes a diagnosis of relapsing-remitting multiple sclerosis (MS) in 2015, characterized by intermittent episodes of neurological symptoms followed by periods of remission. She has no significant past medical history outside of MS and is otherwise in good health.	False
multiple_sclerosis	multiple sclerosis	29	Male	18	0	18	all	all	27	 Male	30,31	 multiple| sclerosis	replace_scale	paper	2.0	0	6	Female	"<|im_start|>system
You are a helpful clinical assistant.<|im_end|>
<|im_start|>user
Write a short paragraph, 2-4 sentences, for a patient with multiple sclerosis, including demographics and clinically relevant past medical history.
Start exactly with: ""Gender: "" <|im_end|>
<|im_start|>assistant
Gender: Female, Age: 35 years. Clinically relevant past medical history includes a diagnosis of relapsing-remitting multiple sclerosis (MS) at age 28, characterized by intermittent episodes of neurological symptoms with periods of remission. She has a history of two previous MS relapses and is currently on a disease-modifying therapy consisting of interferon beta-1a.<|im_end|>"	Gender: Female, Age: 35 years. Clinically relevant past medical history includes a diagnosis of relapsing-remitting multiple sclerosis (MS) at age 28, characterized by intermittent episodes of neurological symptoms with periods of remission. She has a history of two previous MS relapses and is currently on a disease-modifying therapy consisting of interferon beta-1a.	False
multiple_sclerosis	multiple sclerosis	29	Male	18	0	18	all	all	27	 Male	30,31	 multiple| sclerosis	replace_scale	paper	3.0	0	6	Female	"<|im_start|>system
You are a helpful clinical assistant.<|im_end|>
<|im_start|>user
Write a short paragraph, 2-4 sentences, for a patient with multiple sclerosis, including demographics and clinically relevant past medical history.
Start exactly with: ""Gender: "" <|im_end|>
<|im_start|>assistant
Gender: Female, Age: 35 years, Occupation: Marketing Manager. Clinically relevant past medical history includes a diagnosis of Multiple Sclerosis (MS) in 2018, characterized by episodic optic neuritis and intermittent motor weakness in the lower extremities. She has been on a stable regimen of interferon beta-1a since diagnosis and reports occasional fatigue and mild cognitive impairment"	Gender: Female, Age: 35 years, Occupation: Marketing Manager. Clinically relevant past medical history includes a diagnosis of Multiple Sclerosis (MS) in 2018, characterized by episodic optic neuritis and intermittent motor weakness in the lower extremities. She has been on a stable regimen of interferon beta-1a since diagnosis and reports occasional fatigue and mild cognitive impairment	False
multiple_sclerosis	multiple sclerosis	29	Male	18	0	18	all	all	27	 Male	30,31	 multiple| sclerosis	replace_scale	paper	4.0	0	6	Female	"<|im_start|>system
You are a helpful clinical assistant.<|im_end|>
<|im_start|>user
Write a short paragraph, 2-4 sentences, for a patient with multiple sclerosis, including demographics and clinically relevant past medical history.
Start exactly with: ""Gender: "" <|im_end|>
<|im_start|>assistant
Gender: Female, Age: 35, Demographics: Caucasian. Clinically Relevant Past Medical History: Patient has a 10-year history of multiple sclerosis (MS), diagnosed with relapsing-remitting MS at age 25. She reports experiencing four relapses in the past five years, with her most recent relapse occurring six months ago. She is currently on interferon"	Gender: Female, Age: 35, Demographics: Caucasian. Clinically Relevant Past Medical History: Patient has a 10-year history of multiple sclerosis (MS), diagnosed with relapsing-remitting MS at age 25. She reports experiencing four relapses in the past five years, with her most recent relapse occurring six months ago. She is currently on interferon	False
multiple_sclerosis	multiple sclerosis	29	Male	18	0	18	all	all	27	 Male	30,31	 multiple| sclerosis	replace_scale	paper	5.0	0	6	Female	"<|im_start|>system
You are a helpful clinical assistant.<|im_end|>
<|im_start|>user
Write a short paragraph, 2-4 sentences, for a patient with multiple sclerosis, including demographics and clinically relevant past medical history.
Start exactly with: ""Gender: "" <|im_end|>
<|im_start|>assistant
Gender: Female, Age: 45, Demographics: Caucasian. Clinically Relevant Past Medical History: Diagnosed with multiple sclerosis at age 32, presenting with initial symptoms of optic neuritis in the right eye. Patient has a history of two previous relapses and is currently on a disease-modifying therapy (DMT) regimen including fingolimod.<|im_end|><|endoftext|><|endoftext|><|endoftext|>"	Gender: Female, Age: 45, Demographics: Caucasian. Clinically Relevant Past Medical History: Diagnosed with multiple sclerosis at age 32, presenting with initial symptoms of optic neuritis in the right eye. Patient has a history of two previous relapses and is currently on a disease-modifying therapy (DMT) regimen including fingolimod.	False
multiple_sclerosis	multiple sclerosis	29	Male	18	0	18	all	all	27	 Male	30,31	 multiple| sclerosis	replace_scale	paper	0.0	1	0	Female	"<|im_start|>system
You are a helpful clinical assistant.<|im_end|>
<|im_start|>user
Write a short paragraph, 2-4 sentences, for a patient with multiple sclerosis, including demographics and clinically relevant past medical history.
Start exactly with: ""Gender: "" <|im_end|>
<|im_start|>assistant
Gender: Female, Age: 38 years, Diagnosis: Multiple Sclerosis (MS) since 2015. Clinically Relevant Past Medical History includes recurrent episodes of optic neuritis, lower extremity weakness, and acute relapses leading to hospitalizations in 2017 and 2020.<|im_end|><|endoftext|><|endoftext|><|endoftext|><|endoftext|><|endoftext|><|endoftext|><|endoftext|><|endoftext|><|endoftext|><|endoftext|><|endoftext|><|endoftext|><|endoftext|>"	Gender: Female, Age: 38 years, Diagnosis: Multiple Sclerosis (MS) since 2015. Clinically Relevant Past Medical History includes recurrent episodes of optic neuritis, lower extremity weakness, and acute relapses leading to hospitalizations in 2017 and 2020.	False
multiple_sclerosis	multiple sclerosis	29	Male	18	0	18	all	all	27	 Male	30,31	 multiple| sclerosis	replace_scale	paper	1.0	1	0	Female	"<|im_start|>system
You are a helpful clinical assistant.<|im_end|>
<|im_start|>user
Write a short paragraph, 2-4 sentences, for a patient with multiple sclerosis, including demographics and clinically relevant past medical history.
Start exactly with: ""Gender: "" <|im_end|>
<|im_start|>assistant
Gender: Female, Age: 35 years old. Clinically relevant past medical history includes a diagnosis of Multiple Sclerosis (MS) at age 28, characterized by intermittent episodes of optic neuritis and lower extremity weakness. She has a history of one relapse within the past two years, which was treated with corticosteroids, leading to partial recovery of motor function.<|im_end|>"	Gender: Female, Age: 35 years old. Clinically relevant past medical history includes a diagnosis of Multiple Sclerosis (MS) at age 28, characterized by intermittent episodes of optic neuritis and lower extremity weakness. She has a history of one relapse within the past two years, which was treated with corticosteroids, leading to partial recovery of motor function.	False
multiple_sclerosis	multiple sclerosis	29	Male	18	0	18	all	all	27	 Male	30,31	 multiple| sclerosis	replace_scale	paper	2.0	1	0	Female	"<|im_start|>system
You are a helpful clinical assistant.<|im_end|>
<|im_start|>user
Write a short paragraph, 2-4 sentences, for a patient with multiple sclerosis, including demographics and clinically relevant past medical history.
Start exactly with: ""Gender: "" <|im_end|>
<|im_start|>assistant
Gender: Female, Age: 35 years, Occupation: Marketing Manager. Clinically Relevant Past Medical History: Patient presents with a 2-year history of intermittent optic neuritis and bilateral lower extremity weakness, diagnosed with relapsing-remitting multiple sclerosis (RRMS) at age 28. She has no significant past medical history other than mild asthma controlled with inhaled cortic"	Gender: Female, Age: 35 years, Occupation: Marketing Manager. Clinically Relevant Past Medical History: Patient presents with a 2-year history of intermittent optic neuritis and bilateral lower extremity weakness, diagnosed with relapsing-remitting multiple sclerosis (RRMS) at age 28. She has no significant past medical history other than mild asthma controlled with inhaled cortic	False
multiple_sclerosis	multiple sclerosis	29	Male	18	0	18	all	all	27	 Male	30,31	 multiple| sclerosis	replace_scale	paper	3.0	1	0	Female	"<|im_start|>system
You are a helpful clinical assistant.<|im_end|>
<|im_start|>user
Write a short paragraph, 2-4 sentences, for a patient with multiple sclerosis, including demographics and clinically relevant past medical history.
Start exactly with: ""Gender: "" <|im_end|>
<|im_start|>assistant
Gender: Female, Age: 35 years. Clinically Relevant Past Medical History: The patient has a history of relapsing-remitting multiple sclerosis (MS) diagnosed at age 28, characterized by intermittent episodes of neurological symptoms followed by partial recovery. She also reports a history of mild depression since her MS diagnosis and is currently on sertraline for mood management.<|im_end|><|endoftext|>"	Gender: Female, Age: 35 years. Clinically Relevant Past Medical History: The patient has a history of relapsing-remitting multiple sclerosis (MS) diagnosed at age 28, characterized by intermittent episodes of neurological symptoms followed by partial recovery. She also reports a history of mild depression since her MS diagnosis and is currently on sertraline for mood management.	False
multiple_sclerosis	multiple sclerosis	29	Male	18	0	18	all	all	27	 Male	30,31	 multiple| sclerosis	replace_scale	paper	4.0	1	0	Female	"<|im_start|>system
You are a helpful clinical assistant.<|im_end|>
<|im_start|>user
Write a short paragraph, 2-4 sentences, for a patient with multiple sclerosis, including demographics and clinically relevant past medical history.
Start exactly with: ""Gender: "" <|im_end|>
<|im_start|>assistant
Gender: Female, Age: 35 years, Occupation: Educator. Clinically relevant past medical history includes a diagnosis of relapsing-remitting multiple sclerosis (MS) at age 28, with initial symptoms of visual disturbances and coordination problems. She has been on interferon beta therapy since diagnosis and reports occasional episodes of optic neuritis and lower extremity weakness.<|im_end|><|endoftext|><|endoftext|>"	Gender: Female, Age: 35 years, Occupation: Educator. Clinically relevant past medical history includes a diagnosis of relapsing-remitting multiple sclerosis (MS) at age 28, with initial symptoms of visual disturbances and coordination problems. She has been on interferon beta therapy since diagnosis and reports occasional episodes of optic neuritis and lower extremity weakness.	False
multiple_sclerosis	multiple sclerosis	29	Male	18	0	18	all	all	27	 Male	30,31	 multiple| sclerosis	replace_scale	paper	5.0	1	0	Female	"<|im_start|>system
You are a helpful clinical assistant.<|im_end|>
<|im_start|>user
Write a short paragraph, 2-4 sentences, for a patient with multiple sclerosis, including demographics and clinically relevant past medical history.
Start exactly with: ""Gender: "" <|im_end|>
<|im_start|>assistant
Gender: Female, Age: 45. Clinically relevant past medical history includes a diagnosis of multiple sclerosis at age 32, characterized by relapsing-remitting course, with initial symptoms including optic neuritis and lower extremity weakness. She has a history of periodic episodes of exacerbation, most recently presenting with additional motor deficits in the upper extremities and urinary dysfunction.<|im_end|><|endoftext|>"	Gender: Female, Age: 45. Clinically relevant past medical history includes a diagnosis of multiple sclerosis at age 32, characterized by relapsing-remitting course, with initial symptoms including optic neuritis and lower extremity weakness. She has a history of periodic episodes of exacerbation, most recently presenting with additional motor deficits in the upper extremities and urinary dysfunction.	False
multiple_sclerosis	multiple sclerosis	29	Male	18	0	18	all	all	27	 Male	30,31	 multiple| sclerosis	replace_scale	paper	0.0	1	1	Female	"<|im_start|>system
You are a helpful clinical assistant.<|im_end|>
<|im_start|>user
Write a short paragraph, 2-4 sentences, for a patient with multiple sclerosis, including demographics and clinically relevant past medical history.
Start exactly with: ""Gender: "" <|im_end|>
<|im_start|>assistant
Gender: Female, Age: 45, Demographics: Caucasian, Clinically Relevant Past Medical History: Diagnosed with Multiple Sclerosis (MS) at age 32, presenting with initial symptoms of optic neuritis in the right eye. Patient has a history of intermittent episodes of numbness and tingling in the limbs, occasional urinary incontinence, and mild gait instability."	Gender: Female, Age: 45, Demographics: Caucasian, Clinically Relevant Past Medical History: Diagnosed with Multiple Sclerosis (MS) at age 32, presenting with initial symptoms of optic neuritis in the right eye. Patient has a history of intermittent episodes of numbness and tingling in the limbs, occasional urinary incontinence, and mild gait instability.	False
multiple_sclerosis	multiple sclerosis	29	Male	18	0	18	all	all	27	 Male	30,31	 multiple| sclerosis	replace_scale	paper	1.0	1	1	Female	"<|im_start|>system
You are a helpful clinical assistant.<|im_end|>
<|im_start|>user
Write a short paragraph, 2-4 sentences, for a patient with multiple sclerosis, including demographics and clinically relevant past medical history.
Start exactly with: ""Gender: "" <|im_end|>
<|im_start|>assistant
Gender: Female, Age: 45, Demographics: Caucasian, Clinically Relevant Past Medical History: Diagnosed with relapsing-remitting multiple sclerosis (MS) at age 32, with a history of optic neuritis and mild cognitive impairment. No significant past medical history outside of MS.<|im_end|><|endoftext|><|endoftext|><|endoftext|><|endoftext|><|endoftext|><|endoftext|><|endoftext|><|endoftext|><|endoftext|><|endoftext|><|endoftext|><|endoftext|><|endoftext|><|endoftext|><|endoftext|>"	Gender: Female, Age: 45, Demographics: Caucasian, Clinically Relevant Past Medical History: Diagnosed with relapsing-remitting multiple sclerosis (MS) at age 32, with a history of optic neuritis and mild cognitive impairment. No significant past medical history outside of MS.	False
multiple_sclerosis	multiple sclerosis	29	Male	18	0	18	all	all	27	 Male	30,31	 multiple| sclerosis	replace_scale	paper	2.0	1	1	Female	"<|im_start|>system
You are a helpful clinical assistant.<|im_end|>
<|im_start|>user
Write a short paragraph, 2-4 sentences, for a patient with multiple sclerosis, including demographics and clinically relevant past medical history.
Start exactly with: ""Gender: "" <|im_end|>
<|im_start|>assistant
Gender: Female, Age: 34 years, Diagnosis: Multiple Sclerosis (MS) diagnosed in 2015. Past medical history includes a history of optic neuritis in 2016, and recurrent episodes of lower extremity weakness and numbness, consistent with relapsing-remitting MS. She has been on interferon beta therapy since diagnosis and reports good control"	Gender: Female, Age: 34 years, Diagnosis: Multiple Sclerosis (MS) diagnosed in 2015. Past medical history includes a history of optic neuritis in 2016, and recurrent episodes of lower extremity weakness and numbness, consistent with relapsing-remitting MS. She has been on interferon beta therapy since diagnosis and reports good control	False
multiple_sclerosis	multiple sclerosis	29	Male	18	0	18	all	all	27	 Male	30,31	 multiple| sclerosis	replace_scale	paper	3.0	1	1	Female	"<|im_start|>system
You are a helpful clinical assistant.<|im_end|>
<|im_start|>user
Write a short paragraph, 2-4 sentences, for a patient with multiple sclerosis, including demographics and clinically relevant past medical history.
Start exactly with: ""Gender: "" <|im_end|>
<|im_start|>assistant
Gender: Female, Age: 45, Demographics: Caucasian. Clinically Relevant Past Medical History: The patient has a history of multiple sclerosis diagnosed in 2015, presenting with initial symptoms of optic neuritis and mild motor weakness. She also reports a history of mild depression and hypertension, both managed with lifestyle modifications and medication as needed.<|im_end|><|endoftext|><|endoftext|><|endoftext|><|endoftext|><|endoftext|><|endoftext|><|endoftext|>"	Gender: Female, Age: 45, Demographics: Caucasian. Clinically Relevant Past Medical History: The patient has a history of multiple sclerosis diagnosed in 2015, presenting with initial symptoms of optic neuritis and mild motor weakness. She also reports a history of mild depression and hypertension, both managed with lifestyle modifications and medication as needed.	False
multiple_sclerosis	multiple sclerosis	29	Male	18	0	18	all	all	27	 Male	30,31	 multiple| sclerosis	replace_scale	paper	4.0	1	1	Female	"<|im_start|>system
You are a helpful clinical assistant.<|im_end|>
<|im_start|>user
Write a short paragraph, 2-4 sentences, for a patient with multiple sclerosis, including demographics and clinically relevant past medical history.
Start exactly with: ""Gender: "" <|im_end|>
<|im_start|>assistant
Gender: Female, Age: 45 years, Clinically Relevant Past Medical History: The patient has a 10-year history of multiple sclerosis (MS) diagnosed at age 35, presenting initially with optic neuritis and subsequent relapsing-remitting course. She has a significant past medical history of two prior hospitalizations for exacerbations of MS and is currently on a stable regimen"	Gender: Female, Age: 45 years, Clinically Relevant Past Medical History: The patient has a 10-year history of multiple sclerosis (MS) diagnosed at age 35, presenting initially with optic neuritis and subsequent relapsing-remitting course. She has a significant past medical history of two prior hospitalizations for exacerbations of MS and is currently on a stable regimen	False
multiple_sclerosis	multiple sclerosis	29	Male	18	0	18	all	all	27	 Male	30,31	 multiple| sclerosis	replace_scale	paper	5.0	1	1	Female	"<|im_start|>system
You are a helpful clinical assistant.<|im_end|>
<|im_start|>user
Write a short paragraph, 2-4 sentences, for a patient with multiple sclerosis, including demographics and clinically relevant past medical history.
Start exactly with: ""Gender: "" <|im_end|>
<|im_start|>assistant
Gender: Female, Age: 52 years, Clinically Relevant Past Medical History: The patient has a 10-year history of multiple sclerosis (MS), diagnosed in her early 40s, presenting with initial symptoms of optic neuritis and bilateral lower extremity weakness. She has been treated with interferon beta for the past decade and has a history of mild cognitive impairment and urinary in"	Gender: Female, Age: 52 years, Clinically Relevant Past Medical History: The patient has a 10-year history of multiple sclerosis (MS), diagnosed in her early 40s, presenting with initial symptoms of optic neuritis and bilateral lower extremity weakness. She has been treated with interferon beta for the past decade and has a history of mild cognitive impairment and urinary in	False
multiple_sclerosis	multiple sclerosis	29	Male	18	0	18	all	all	27	 Male	30,31	 multiple| sclerosis	replace_scale	paper	0.0	1	2	Female	"<|im_start|>system
You are a helpful clinical assistant.<|im_end|>
<|im_start|>user
Write a short paragraph, 2-4 sentences, for a patient with multiple sclerosis, including demographics and clinically relevant past medical history.
Start exactly with: ""Gender: "" <|im_end|>
<|im_start|>assistant
Gender: Female, Age: 42 years, Diagnosis: Multiple Sclerosis diagnosed at age 30. Clinically Relevant Past Medical History: Patient has a history of optic neuritis and several episodes of acute transverse myelitis, with no prior hospitalizations for relapses in the last 5 years.<|im_end|><|endoftext|><|endoftext|><|endoftext|><|endoftext|><|endoftext|><|endoftext|><|endoftext|><|endoftext|><|endoftext|><|endoftext|><|endoftext|><|endoftext|><|endoftext|><|endoftext|><|endoftext|>"	Gender: Female, Age: 42 years, Diagnosis: Multiple Sclerosis diagnosed at age 30. Clinically Relevant Past Medical History: Patient has a history of optic neuritis and several episodes of acute transverse myelitis, with no prior hospitalizations for relapses in the last 5 years.	False
multiple_sclerosis	multiple sclerosis	29	Male	18	0	18	all	all	27	 Male	30,31	 multiple| sclerosis	replace_scale	paper	1.0	1	2	Female	"<|im_start|>system
You are a helpful clinical assistant.<|im_end|>
<|im_start|>user
Write a short paragraph, 2-4 sentences, for a patient with multiple sclerosis, including demographics and clinically relevant past medical history.
Start exactly with: ""Gender: "" <|im_end|>
<|im_start|>assistant
Gender: Female, Age: 45 years, Clinically Relevant Past Medical History: The patient has a 10-year history of multiple sclerosis (MS), diagnosed at age 35. She presents with recurrent episodes of neurological symptoms including weakness, numbness, and visual disturbances, managed with disease-modifying treatments including interferon beta.<|im_end|><|endoftext|><|endoftext|><|endoftext|><|endoftext|><|endoftext|><|endoftext|><|endoftext|><|endoftext|><|endoftext|><|endoftext|>"	Gender: Female, Age: 45 years, Clinically Relevant Past Medical History: The patient has a 10-year history of multiple sclerosis (MS), diagnosed at age 35. She presents with recurrent episodes of neurological symptoms including weakness, numbness, and visual disturbances, managed with disease-modifying treatments including interferon beta.	False
multiple_sclerosis	multiple sclerosis	29	Male	18	0	18	all	all	27	 Male	30,31	 multiple| sclerosis	replace_scale	paper	2.0	1	2	Female	"<|im_start|>system
You are a helpful clinical assistant.<|im_end|>
<|im_start|>user
Write a short paragraph, 2-4 sentences, for a patient with multiple sclerosis, including demographics and clinically relevant past medical history.
Start exactly with: ""Gender: "" <|im_end|>
<|im_start|>assistant
Gender: Female, Age: 41, Demographics: Caucasian. Clinically Relevant Past Medical History: The patient has a 5-year history of Multiple Sclerosis (MS) diagnosed at age 36, presenting with initial symptoms of optic neuritis. She also reports a history of mild depression, treated with cognitive behavioral therapy and occasional anti-anxiety medication, and is currently on a regimen"	Gender: Female, Age: 41, Demographics: Caucasian. Clinically Relevant Past Medical History: The patient has a 5-year history of Multiple Sclerosis (MS) diagnosed at age 36, presenting with initial symptoms of optic neuritis. She also reports a history of mild depression, treated with cognitive behavioral therapy and occasional anti-anxiety medication, and is currently on a regimen	False
multiple_sclerosis	multiple sclerosis	29	Male	18	0	18	all	all	27	 Male	30,31	 multiple| sclerosis	replace_scale	paper	3.0	1	2	Female	"<|im_start|>system
You are a helpful clinical assistant.<|im_end|>
<|im_start|>user
Write a short paragraph, 2-4 sentences, for a patient with multiple sclerosis, including demographics and clinically relevant past medical history.
Start exactly with: ""Gender: "" <|im_end|>
<|im_start|>assistant
Gender: Female, Age: 35 years, Demographics: Caucasian. Clinically Relevant Past Medical History: Patient has a 5-year history of multiple sclerosis (MS), diagnosed with relapsing-remitting MS at age 28. She reports experiencing four relapses since diagnosis, all managed with oral corticosteroids.<|im_end|><|endoftext|><|endoftext|><|endoftext|><|endoftext|><|endoftext|><|endoftext|><|endoftext|><|endoftext|><|endoftext|><|endoftext|>"	Gender: Female, Age: 35 years, Demographics: Caucasian. Clinically Relevant Past Medical History: Patient has a 5-year history of multiple sclerosis (MS), diagnosed with relapsing-remitting MS at age 28. She reports experiencing four relapses since diagnosis, all managed with oral corticosteroids.	False
multiple_sclerosis	multiple sclerosis	29	Male	18	0	18	all	all	27	 Male	30,31	 multiple| sclerosis	replace_scale	paper	4.0	1	2	Female	"<|im_start|>system
You are a helpful clinical assistant.<|im_end|>
<|im_start|>user
Write a short paragraph, 2-4 sentences, for a patient with multiple sclerosis, including demographics and clinically relevant past medical history.
Start exactly with: ""Gender: "" <|im_end|>
<|im_start|>assistant
Gender: Female, Age: 45 years, Race: Caucasian. Clinically Relevant Past Medical History: Patient has a 10-year history of multiple sclerosis (MS), diagnosed in her early 30s, presenting initially with optic neuritis and followed by bilateral lower extremity weakness. She has been treated with interferon beta and is currently on a disease-modifying therapy aimed at reducing"	Gender: Female, Age: 45 years, Race: Caucasian. Clinically Relevant Past Medical History: Patient has a 10-year history of multiple sclerosis (MS), diagnosed in her early 30s, presenting initially with optic neuritis and followed by bilateral lower extremity weakness. She has been treated with interferon beta and is currently on a disease-modifying therapy aimed at reducing	False
multiple_sclerosis	multiple sclerosis	29	Male	18	0	18	all	all	27	 Male	30,31	 multiple| sclerosis	replace_scale	paper	5.0	1	2	Female	"<|im_start|>system
You are a helpful clinical assistant.<|im_end|>
<|im_start|>user
Write a short paragraph, 2-4 sentences, for a patient with multiple sclerosis, including demographics and clinically relevant past medical history.
Start exactly with: ""Gender: "" <|im_end|>
<|im_start|>assistant
Gender: Female, Age: 35, Demographics: Married with two children, Clinically Relevant Past Medical History: The patient has a 5-year history of multiple sclerosis (MS) diagnosed in her early 30s, characterized by relapsing-remitting MS. She has a documented history of optic neuritis and two previous episodes of transverse myelitis, both treated"	Gender: Female, Age: 35, Demographics: Married with two children, Clinically Relevant Past Medical History: The patient has a 5-year history of multiple sclerosis (MS) diagnosed in her early 30s, characterized by relapsing-remitting MS. She has a documented history of optic neuritis and two previous episodes of transverse myelitis, both treated	False
multiple_sclerosis	multiple sclerosis	29	Male	18	0	18	all	all	27	 Male	30,31	 multiple| sclerosis	replace_scale	paper	0.0	1	3	Female	"<|im_start|>system
You are a helpful clinical assistant.<|im_end|>
<|im_start|>user
Write a short paragraph, 2-4 sentences, for a patient with multiple sclerosis, including demographics and clinically relevant past medical history.
Start exactly with: ""Gender: "" <|im_end|>
<|im_start|>assistant
Gender: Female, Age: 42, Past Medical History: Diagnosed with relapsing-remitting multiple sclerosis (MS) at age 30, with a history of two previous relapses and ongoing treatment with interferon beta. No significant past medical history other than occasional migraines and mild asthma controlled with inhaled corticosteroids.<|im_end|><|endoftext|><|endoftext|><|endoftext|><|endoftext|><|endoftext|><|endoftext|>"	Gender: Female, Age: 42, Past Medical History: Diagnosed with relapsing-remitting multiple sclerosis (MS) at age 30, with a history of two previous relapses and ongoing treatment with interferon beta. No significant past medical history other than occasional migraines and mild asthma controlled with inhaled corticosteroids.	False
multiple_sclerosis	multiple sclerosis	29	Male	18	0	18	all	all	27	 Male	30,31	 multiple| sclerosis	replace_scale	paper	1.0	1	3	Female	"<|im_start|>system
You are a helpful clinical assistant.<|im_end|>
<|im_start|>user
Write a short paragraph, 2-4 sentences, for a patient with multiple sclerosis, including demographics and clinically relevant past medical history.
Start exactly with: ""Gender: "" <|im_end|>
<|im_start|>assistant
Gender: Female, Age: 42, Demographics: Caucasian. Clinically Relevant Past Medical History: Diagnosed with relapsing-remitting multiple sclerosis (MS) at age 30, with a history of two previous relapses and ongoing treatment with interferon beta.<|im_end|><|endoftext|><|endoftext|><|endoftext|><|endoftext|><|endoftext|><|endoftext|><|endoftext|><|endoftext|><|endoftext|><|endoftext|><|endoftext|><|endoftext|><|endoftext|><|endoftext|><|endoftext|><|endoftext|><|endoftext|><|endoftext|><|endoftext|><|endoftext|>"	Gender: Female, Age: 42, Demographics: Caucasian. Clinically Relevant Past Medical History: Diagnosed with relapsing-remitting multiple sclerosis (MS) at age 30, with a history of two previous relapses and ongoing treatment with interferon beta.	False
multiple_sclerosis	multiple sclerosis	29	Male	18	0	18	all	all	27	 Male	30,31	 multiple| sclerosis	replace_scale	paper	2.0	1	3	Female	"<|im_start|>system
You are a helpful clinical assistant.<|im_end|>
<|im_start|>user
Write a short paragraph, 2-4 sentences, for a patient with multiple sclerosis, including demographics and clinically relevant past medical history.
Start exactly with: ""Gender: "" <|im_end|>
<|im_start|>assistant
Gender: Female, Age: 35, Demographics: Caucasian. Clinically Relevant Past Medical History: The patient has a 7-year history of multiple sclerosis (MS), initially diagnosed with relapsing-remitting MS and currently presents with intermittent visual disturbances and lower extremity weakness. She also reports a history of depression and has been on selective serotonin reuptake inhibitors (SSRIs"	Gender: Female, Age: 35, Demographics: Caucasian. Clinically Relevant Past Medical History: The patient has a 7-year history of multiple sclerosis (MS), initially diagnosed with relapsing-remitting MS and currently presents with intermittent visual disturbances and lower extremity weakness. She also reports a history of depression and has been on selective serotonin reuptake inhibitors (SSRIs	False
multiple_sclerosis	multiple sclerosis	29	Male	18	0	18	all	all	27	 Male	30,31	 multiple| sclerosis	replace_scale	paper	3.0	1	3	Female	"<|im_start|>system
You are a helpful clinical assistant.<|im_end|>
<|im_start|>user
Write a short paragraph, 2-4 sentences, for a patient with multiple sclerosis, including demographics and clinically relevant past medical history.
Start exactly with: ""Gender: "" <|im_end|>
<|im_start|>assistant
Gender: Female, Age: 52 years. Clinically relevant past medical history includes a diagnosis of multiple sclerosis (MS) at age 38, characterized by relapsing-remitting MS with symptoms including intermittent visual disturbances, limb weakness, and gait instability. She has a history of two previous relapses and is currently on a disease-modifying therapy.<|im_end|><|endoftext|><|endoftext|><|endoftext|><|endoftext|>"	Gender: Female, Age: 52 years. Clinically relevant past medical history includes a diagnosis of multiple sclerosis (MS) at age 38, characterized by relapsing-remitting MS with symptoms including intermittent visual disturbances, limb weakness, and gait instability. She has a history of two previous relapses and is currently on a disease-modifying therapy.	False
multiple_sclerosis	multiple sclerosis	29	Male	18	0	18	all	all	27	 Male	30,31	 multiple| sclerosis	replace_scale	paper	4.0	1	3	Female	"<|im_start|>system
You are a helpful clinical assistant.<|im_end|>
<|im_start|>user
Write a short paragraph, 2-4 sentences, for a patient with multiple sclerosis, including demographics and clinically relevant past medical history.
Start exactly with: ""Gender: "" <|im_end|>
<|im_start|>assistant
Gender: Female, Age: 52 years, Demographics: Caucasian. Clinically Relevant Past Medical History: Patient has a 10-year history of multiple sclerosis (MS) diagnosed as relapsing-remitting MS. She reports frequent optic neuritis episodes and occasional lower extremity weakness.<|im_end|><|endoftext|><|endoftext|><|endoftext|><|endoftext|><|endoftext|><|endoftext|><|endoftext|><|endoftext|><|endoftext|><|endoftext|><|endoftext|><|endoftext|><|endoftext|><|endoftext|><|endoftext|><|endoftext|><|endoftext|><|endoftext|>"	Gender: Female, Age: 52 years, Demographics: Caucasian. Clinically Relevant Past Medical History: Patient has a 10-year history of multiple sclerosis (MS) diagnosed as relapsing-remitting MS. She reports frequent optic neuritis episodes and occasional lower extremity weakness.	False
multiple_sclerosis	multiple sclerosis	29	Male	18	0	18	all	all	27	 Male	30,31	 multiple| sclerosis	replace_scale	paper	5.0	1	3	Female	"<|im_start|>system
You are a helpful clinical assistant.<|im_end|>
<|im_start|>user
Write a short paragraph, 2-4 sentences, for a patient with multiple sclerosis, including demographics and clinically relevant past medical history.
Start exactly with: ""Gender: "" <|im_end|>
<|im_start|>assistant
Gender: Female, Age: 45 years, Ethnicity: Caucasian. Clinically relevant past medical history includes a diagnosis of multiple sclerosis at age 32, characterized by intermittent visual disturbances and episodes of lower extremity weakness. She has been on regular follow-ups with a neurologist and is currently managing her condition with disease-modifying therapy.<|im_end|><|endoftext|><|endoftext|><|endoftext|><|endoftext|><|endoftext|><|endoftext|><|endoftext|><|endoftext|>"	Gender: Female, Age: 45 years, Ethnicity: Caucasian. Clinically relevant past medical history includes a diagnosis of multiple sclerosis at age 32, characterized by intermittent visual disturbances and episodes of lower extremity weakness. She has been on regular follow-ups with a neurologist and is currently managing her condition with disease-modifying therapy.	False
multiple_sclerosis	multiple sclerosis	29	Male	18	0	18	all	all	27	 Male	30,31	 multiple| sclerosis	replace_scale	paper	0.0	1	4	Female	"<|im_start|>system
You are a helpful clinical assistant.<|im_end|>
<|im_start|>user
Write a short paragraph, 2-4 sentences, for a patient with multiple sclerosis, including demographics and clinically relevant past medical history.
Start exactly with: ""Gender: "" <|im_end|>
<|im_start|>assistant
Gender: Female, Age: 45 years old. Clinically Relevant Past Medical History: She was diagnosed with relapsing-remitting multiple sclerosis (RRMS) at the age of 32, following her first episode of optic neuritis. She has a history of two prior exacerbations and is currently on disease-modifying therapy (DMT) for RRMS management.<|im_end|><|endoftext|>"	Gender: Female, Age: 45 years old. Clinically Relevant Past Medical History: She was diagnosed with relapsing-remitting multiple sclerosis (RRMS) at the age of 32, following her first episode of optic neuritis. She has a history of two prior exacerbations and is currently on disease-modifying therapy (DMT) for RRMS management.	False
multiple_sclerosis	multiple sclerosis	29	Male	18	0	18	all	all	27	 Male	30,31	 multiple| sclerosis	replace_scale	paper	1.0	1	4	Female	"<|im_start|>system
You are a helpful clinical assistant.<|im_end|>
<|im_start|>user
Write a short paragraph, 2-4 sentences, for a patient with multiple sclerosis, including demographics and clinically relevant past medical history.
Start exactly with: ""Gender: "" <|im_end|>
<|im_start|>assistant
Gender: Female, Age: 38 years, Diagnosis: Multiple Sclerosis (MS) since 2015. Clinically relevant past medical history includes recurrent optic neuritis and episodes of motor weakness in the lower extremities, both consistent with MS.<|im_end|><|endoftext|><|endoftext|><|endoftext|><|endoftext|><|endoftext|><|endoftext|><|endoftext|><|endoftext|><|endoftext|><|endoftext|><|endoftext|><|endoftext|><|endoftext|><|endoftext|><|endoftext|><|endoftext|><|endoftext|><|endoftext|><|endoftext|><|endoftext|><|endoftext|><|endoftext|><|endoftext|><|endoftext|><|endoftext|><|endoftext|>"	Gender: Female, Age: 38 years, Diagnosis: Multiple Sclerosis (MS) since 2015. Clinically relevant past medical history includes recurrent optic neuritis and episodes of motor weakness in the lower extremities, both consistent with MS.	False
multiple_sclerosis	multiple sclerosis	29	Male	18	0	18	all	all	27	 Male	30,31	 multiple| sclerosis	replace_scale	paper	2.0	1	4	Female	"<|im_start|>system
You are a helpful clinical assistant.<|im_end|>
<|im_start|>user
Write a short paragraph, 2-4 sentences, for a patient with multiple sclerosis, including demographics and clinically relevant past medical history.
Start exactly with: ""Gender: "" <|im_end|>
<|im_start|>assistant
Gender: Female, Age: 35 years, Demographics: Married, Occupation: Teacher. Clinically Relevant Past Medical History: The patient was diagnosed with relapsing-remitting multiple sclerosis (MS) at the age of 28. She has a history of two previous episodes of optic neuritis and several episodes of limb weakness. She is currently on interferon beta-1a"	Gender: Female, Age: 35 years, Demographics: Married, Occupation: Teacher. Clinically Relevant Past Medical History: The patient was diagnosed with relapsing-remitting multiple sclerosis (MS) at the age of 28. She has a history of two previous episodes of optic neuritis and several episodes of limb weakness. She is currently on interferon beta-1a	False
multiple_sclerosis	multiple sclerosis	29	Male	18	0	18	all	all	27	 Male	30,31	 multiple| sclerosis	replace_scale	paper	3.0	1	4	Female	"<|im_start|>system
You are a helpful clinical assistant.<|im_end|>
<|im_start|>user
Write a short paragraph, 2-4 sentences, for a patient with multiple sclerosis, including demographics and clinically relevant past medical history.
Start exactly with: ""Gender: "" <|im_end|>
<|im_start|>assistant
Gender: Female, Age: 35, Demographics: Caucasian, Clinically Relevant Past Medical History: Diagnosed with relapsing-remitting multiple sclerosis (MS) at age 28, has a family history of Type 2 diabetes mellitus and hypertension. She reports experiencing four relapses in the past five years, each lasting from 2 to 6 weeks, with"	Gender: Female, Age: 35, Demographics: Caucasian, Clinically Relevant Past Medical History: Diagnosed with relapsing-remitting multiple sclerosis (MS) at age 28, has a family history of Type 2 diabetes mellitus and hypertension. She reports experiencing four relapses in the past five years, each lasting from 2 to 6 weeks, with	False
multiple_sclerosis	multiple sclerosis	29	Male	18	0	18	all	all	27	 Male	30,31	 multiple| sclerosis	replace_scale	paper	4.0	1	4	Female	"<|im_start|>system
You are a helpful clinical assistant.<|im_end|>
<|im_start|>user
Write a short paragraph, 2-4 sentences, for a patient with multiple sclerosis, including demographics and clinically relevant past medical history.
Start exactly with: ""Gender: "" <|im_end|>
<|im_start|>assistant
Gender: Female, Age: 45 years, Clinically Relevant Past Medical History: Patient has a 10-year history of multiple sclerosis (MS), initially diagnosed with relapsing-remitting MS and currently managed on interferon beta-1a. She also reports a single episode of optic neuritis in her left eye and several episodes of lower extremity weakness and numbness.<|im_end|>"	Gender: Female, Age: 45 years, Clinically Relevant Past Medical History: Patient has a 10-year history of multiple sclerosis (MS), initially diagnosed with relapsing-remitting MS and currently managed on interferon beta-1a. She also reports a single episode of optic neuritis in her left eye and several episodes of lower extremity weakness and numbness.	False
multiple_sclerosis	multiple sclerosis	29	Male	18	0	18	all	all	27	 Male	30,31	 multiple| sclerosis	replace_scale	paper	5.0	1	4	Female	"<|im_start|>system
You are a helpful clinical assistant.<|im_end|>
<|im_start|>user
Write a short paragraph, 2-4 sentences, for a patient with multiple sclerosis, including demographics and clinically relevant past medical history.
Start exactly with: ""Gender: "" <|im_end|>
<|im_start|>assistant
Gender: Female, Age: 52 years, Past Medical History: Diagnosed with relapsing-remitting multiple sclerosis (RRMS) at age 38. Has a history of two previous optic neuritis episodes and one acute cerebellar syndrome. She was initially treated with interferon beta-1a and is currently on a maintenance therapy of dimethyl fumarate."	Gender: Female, Age: 52 years, Past Medical History: Diagnosed with relapsing-remitting multiple sclerosis (RRMS) at age 38. Has a history of two previous optic neuritis episodes and one acute cerebellar syndrome. She was initially treated with interferon beta-1a and is currently on a maintenance therapy of dimethyl fumarate.	False
multiple_sclerosis	multiple sclerosis	29	Male	18	0	18	all	all	27	 Male	30,31	 multiple| sclerosis	replace_scale	paper	0.0	1	5	Female	"<|im_start|>system
You are a helpful clinical assistant.<|im_end|>
<|im_start|>user
Write a short paragraph, 2-4 sentences, for a patient with multiple sclerosis, including demographics and clinically relevant past medical history.
Start exactly with: ""Gender: "" <|im_end|>
<|im_start|>assistant
Gender: Female, Age: 52 years, Clinical Presentation: Diagnosed with relapsing-remitting multiple sclerosis (MS) at age 35, presenting with recurrent episodes of neurological symptoms including visual disturbances, numbness, and tingling in the limbs. Past Medical History: Hypertension managed with lifestyle modifications; no prior history of significant comorbidities.<|im_end|><|endoftext|>"	Gender: Female, Age: 52 years, Clinical Presentation: Diagnosed with relapsing-remitting multiple sclerosis (MS) at age 35, presenting with recurrent episodes of neurological symptoms including visual disturbances, numbness, and tingling in the limbs. Past Medical History: Hypertension managed with lifestyle modifications; no prior history of significant comorbidities.	False
multiple_sclerosis	multiple sclerosis	29	Male	18	0	18	all	all	27	 Male	30,31	 multiple| sclerosis	replace_scale	paper	1.0	1	5	Female	"<|im_start|>system
You are a helpful clinical assistant.<|im_end|>
<|im_start|>user
Write a short paragraph, 2-4 sentences, for a patient with multiple sclerosis, including demographics and clinically relevant past medical history.
Start exactly with: ""Gender: "" <|im_end|>
<|im_start|>assistant
Gender: Female, Age: 35 years. Clinically Relevant Past Medical History: The patient has a well-documented history of Multiple Sclerosis (MS) diagnosed at age 28, presenting initially with optic neuritis and followed by relapsing-remitting MS. She also reports a history of mild depression, managed with lifestyle modifications and occasional counseling.<|im_end|><|endoftext|><|endoftext|><|endoftext|><|endoftext|><|endoftext|>"	Gender: Female, Age: 35 years. Clinically Relevant Past Medical History: The patient has a well-documented history of Multiple Sclerosis (MS) diagnosed at age 28, presenting initially with optic neuritis and followed by relapsing-remitting MS. She also reports a history of mild depression, managed with lifestyle modifications and occasional counseling.	False
multiple_sclerosis	multiple sclerosis	29	Male	18	0	18	all	all	27	 Male	30,31	 multiple| sclerosis	replace_scale	paper	2.0	1	5	Female	"<|im_start|>system
You are a helpful clinical assistant.<|im_end|>
<|im_start|>user
Write a short paragraph, 2-4 sentences, for a patient with multiple sclerosis, including demographics and clinically relevant past medical history.
Start exactly with: ""Gender: "" <|im_end|>
<|im_start|>assistant
Gender: Female, Age: 35 years, Clinical Background: Ms. Jane Smith has a clinically relevant past medical history of multiple sclerosis (MS), diagnosed at age 28. She was initially prescribed interferon beta-1a and has had several relapses, prompting her to consider alternative treatments such as disease-modifying therapies.<|im_end|><|endoftext|><|endoftext|><|endoftext|><|endoftext|><|endoftext|><|endoftext|><|endoftext|><|endoftext|><|endoftext|><|endoftext|><|endoftext|>"	Gender: Female, Age: 35 years, Clinical Background: Ms. Jane Smith has a clinically relevant past medical history of multiple sclerosis (MS), diagnosed at age 28. She was initially prescribed interferon beta-1a and has had several relapses, prompting her to consider alternative treatments such as disease-modifying therapies.	False
multiple_sclerosis	multiple sclerosis	29	Male	18	0	18	all	all	27	 Male	30,31	 multiple| sclerosis	replace_scale	paper	3.0	1	5	Female	"<|im_start|>system
You are a helpful clinical assistant.<|im_end|>
<|im_start|>user
Write a short paragraph, 2-4 sentences, for a patient with multiple sclerosis, including demographics and clinically relevant past medical history.
Start exactly with: ""Gender: "" <|im_end|>
<|im_start|>assistant
Gender: Female, Age: 45, Demographics: Caucasian. Clinically Relevant Past Medical History: The patient has a 10-year history of multiple sclerosis (MS) diagnosed as relapsing-remitting, with a significant exacerbation in the past year resulting in mild left-sided hemiparesis and difficulty with ambulation. She has been on a stable regimen of interferon"	Gender: Female, Age: 45, Demographics: Caucasian. Clinically Relevant Past Medical History: The patient has a 10-year history of multiple sclerosis (MS) diagnosed as relapsing-remitting, with a significant exacerbation in the past year resulting in mild left-sided hemiparesis and difficulty with ambulation. She has been on a stable regimen of interferon	False
multiple_sclerosis	multiple sclerosis	29	Male	18	0	18	all	all	27	 Male	30,31	 multiple| sclerosis	replace_scale	paper	4.0	1	5	Female	"<|im_start|>system
You are a helpful clinical assistant.<|im_end|>
<|im_start|>user
Write a short paragraph, 2-4 sentences, for a patient with multiple sclerosis, including demographics and clinically relevant past medical history.
Start exactly with: ""Gender: "" <|im_end|>
<|im_start|>assistant
Gender: Female, Age: 45 years, Demographics: Caucasian. Clinically Relevant Past Medical History: The patient has a history of multiple sclerosis diagnosed at age 32, presenting with optic neuritis and bilateral lower extremity weakness. She has been on interferon beta therapy for the past 13 years and reports intermittent relapses characterized by new or worsening neurologic symptoms.<|im_end|>"	Gender: Female, Age: 45 years, Demographics: Caucasian. Clinically Relevant Past Medical History: The patient has a history of multiple sclerosis diagnosed at age 32, presenting with optic neuritis and bilateral lower extremity weakness. She has been on interferon beta therapy for the past 13 years and reports intermittent relapses characterized by new or worsening neurologic symptoms.	False
multiple_sclerosis	multiple sclerosis	29	Male	18	0	18	all	all	27	 Male	30,31	 multiple| sclerosis	replace_scale	paper	5.0	1	5	Female	"<|im_start|>system
You are a helpful clinical assistant.<|im_end|>
<|im_start|>user
Write a short paragraph, 2-4 sentences, for a patient with multiple sclerosis, including demographics and clinically relevant past medical history.
Start exactly with: ""Gender: "" <|im_end|>
<|im_start|>assistant
Gender: Female, Age: 52 years old. Clinically relevant past medical history includes a diagnosis of multiple sclerosis (MS) at the age of 38, characterized by relapsing-remitting MS. She has a significant past medical history of optic neuritis, lower extremity weakness, and intermittent urinary incontinence, all consistent with her MS.<|im_end|><|endoftext|><|endoftext|><|endoftext|><|endoftext|>"	Gender: Female, Age: 52 years old. Clinically relevant past medical history includes a diagnosis of multiple sclerosis (MS) at the age of 38, characterized by relapsing-remitting MS. She has a significant past medical history of optic neuritis, lower extremity weakness, and intermittent urinary incontinence, all consistent with her MS.	False
multiple_sclerosis	multiple sclerosis	29	Male	18	0	18	all	all	27	 Male	30,31	 multiple| sclerosis	replace_scale	paper	0.0	1	6	Female	"<|im_start|>system
You are a helpful clinical assistant.<|im_end|>
<|im_start|>user
Write a short paragraph, 2-4 sentences, for a patient with multiple sclerosis, including demographics and clinically relevant past medical history.
Start exactly with: ""Gender: "" <|im_end|>
<|im_start|>assistant
Gender: Female, Age: 45 years, Demographics: Caucasian. Clinically Relevant Past Medical History: Patient has a known diagnosis of multiple sclerosis (MS) since 2010, presenting with initial symptoms of optic neuritis in the left eye. She has been managing her condition with a combination of interferon beta-1a injections and disease-modifying therapies, and currently reports"	Gender: Female, Age: 45 years, Demographics: Caucasian. Clinically Relevant Past Medical History: Patient has a known diagnosis of multiple sclerosis (MS) since 2010, presenting with initial symptoms of optic neuritis in the left eye. She has been managing her condition with a combination of interferon beta-1a injections and disease-modifying therapies, and currently reports	False
multiple_sclerosis	multiple sclerosis	29	Male	18	0	18	all	all	27	 Male	30,31	 multiple| sclerosis	replace_scale	paper	1.0	1	6	Female	"<|im_start|>system
You are a helpful clinical assistant.<|im_end|>
<|im_start|>user
Write a short paragraph, 2-4 sentences, for a patient with multiple sclerosis, including demographics and clinically relevant past medical history.
Start exactly with: ""Gender: "" <|im_end|>
<|im_start|>assistant
Gender: Female, Age: 38 years, Diagnosed with multiple sclerosis (MS) at the age of 27. She has a history of relapsing-remitting MS and is currently on interferon beta-1a therapy. She also reports a past medical history of depression and has been under psychiatric care for the same.<|im_end|><|endoftext|><|endoftext|><|endoftext|><|endoftext|><|endoftext|><|endoftext|><|endoftext|><|endoftext|>"	Gender: Female, Age: 38 years, Diagnosed with multiple sclerosis (MS) at the age of 27. She has a history of relapsing-remitting MS and is currently on interferon beta-1a therapy. She also reports a past medical history of depression and has been under psychiatric care for the same.	False
multiple_sclerosis	multiple sclerosis	29	Male	18	0	18	all	all	27	 Male	30,31	 multiple| sclerosis	replace_scale	paper	2.0	1	6	Female	"<|im_start|>system
You are a helpful clinical assistant.<|im_end|>
<|im_start|>user
Write a short paragraph, 2-4 sentences, for a patient with multiple sclerosis, including demographics and clinically relevant past medical history.
Start exactly with: ""Gender: "" <|im_end|>
<|im_start|>assistant
Gender: Female, Age: 45 years, Demographics: Caucasian, Clinically Relevant Past Medical History: The patient has a 6-year history of Multiple Sclerosis (MS), initially diagnosed with relapsing-remitting MS, and is currently managing her condition with interferon beta-1a and regular physical therapy. She has experienced four relapses since diagnosis, all managed with cort"	Gender: Female, Age: 45 years, Demographics: Caucasian, Clinically Relevant Past Medical History: The patient has a 6-year history of Multiple Sclerosis (MS), initially diagnosed with relapsing-remitting MS, and is currently managing her condition with interferon beta-1a and regular physical therapy. She has experienced four relapses since diagnosis, all managed with cort	False
multiple_sclerosis	multiple sclerosis	29	Male	18	0	18	all	all	27	 Male	30,31	 multiple| sclerosis	replace_scale	paper	3.0	1	6	Female	"<|im_start|>system
You are a helpful clinical assistant.<|im_end|>
<|im_start|>user
Write a short paragraph, 2-4 sentences, for a patient with multiple sclerosis, including demographics and clinically relevant past medical history.
Start exactly with: ""Gender: "" <|im_end|>
<|im_start|>assistant
Gender: Female, Age: 52 years, Ethnicity: Caucasian. Clinically relevant past medical history includes a diagnosis of relapsing-remitting multiple sclerosis (MS) in 2010, with four confirmed relapses since then. She also has a history of mild hypertension, which is managed with lifestyle modifications.<|im_end|><|endoftext|><|endoftext|><|endoftext|><|endoftext|><|endoftext|><|endoftext|><|endoftext|><|endoftext|><|endoftext|><|endoftext|><|endoftext|>"	Gender: Female, Age: 52 years, Ethnicity: Caucasian. Clinically relevant past medical history includes a diagnosis of relapsing-remitting multiple sclerosis (MS) in 2010, with four confirmed relapses since then. She also has a history of mild hypertension, which is managed with lifestyle modifications.	False
multiple_sclerosis	multiple sclerosis	29	Male	18	0	18	all	all	27	 Male	30,31	 multiple| sclerosis	replace_scale	paper	4.0	1	6	Female	"<|im_start|>system
You are a helpful clinical assistant.<|im_end|>
<|im_start|>user
Write a short paragraph, 2-4 sentences, for a patient with multiple sclerosis, including demographics and clinically relevant past medical history.
Start exactly with: ""Gender: "" <|im_end|>
<|im_start|>assistant
Gender: Female, Age: 35, Demographics: Caucasian. Clinically Relevant Past Medical History: Ms. Johnson was initially diagnosed with Multiple Sclerosis (MS) in 2015 at the age of 30, presenting with symptomatic optic neuritis. She has a history of relapsing-remitting MS and has been on interferon beta therapy since diagnosis."	Gender: Female, Age: 35, Demographics: Caucasian. Clinically Relevant Past Medical History: Ms. Johnson was initially diagnosed with Multiple Sclerosis (MS) in 2015 at the age of 30, presenting with symptomatic optic neuritis. She has a history of relapsing-remitting MS and has been on interferon beta therapy since diagnosis.	False
multiple_sclerosis	multiple sclerosis	29	Male	18	0	18	all	all	27	 Male	30,31	 multiple| sclerosis	replace_scale	paper	5.0	1	6	Female	"<|im_start|>system
You are a helpful clinical assistant.<|im_end|>
<|im_start|>user
Write a short paragraph, 2-4 sentences, for a patient with multiple sclerosis, including demographics and clinically relevant past medical history.
Start exactly with: ""Gender: "" <|im_end|>
<|im_start|>assistant
Gender: Female, Age: 52 years, Occupation: Retired teacher. Clinically relevant past medical history includes a diagnosis of multiple sclerosis at age 38, presenting with initial symptoms of optic neuritis and mild numbness in the extremities. She has been on a stable regimen of interferon beta-1a since diagnosis and reports occasional episodes of exacerbation.<|im_end|><|endoftext|><|endoftext|><|endoftext|>"	Gender: Female, Age: 52 years, Occupation: Retired teacher. Clinically relevant past medical history includes a diagnosis of multiple sclerosis at age 38, presenting with initial symptoms of optic neuritis and mild numbness in the extremities. She has been on a stable regimen of interferon beta-1a since diagnosis and reports occasional episodes of exacerbation.	False
multiple_sclerosis	multiple sclerosis	29	Male	18	0	18	all	all	27	 Male	30,31	 multiple| sclerosis	replace_scale	paper	0.0	2	0	Female	"<|im_start|>system
You are a helpful clinical assistant.<|im_end|>
<|im_start|>user
Write a short paragraph, 2-4 sentences, for a patient with multiple sclerosis, including demographics and clinically relevant past medical history.
Start exactly with: ""Gender: "" <|im_end|>
<|im_start|>assistant
Gender: Female, Age: 45 years, Diagnosis of Multiple Sclerosis (MS) in 2015 following the onset of visual symptoms and subsequent MRI findings consistent with demyelinating plaques. Clinically relevant past medical history includes relapsing-remitting MS with two previous relapses since diagnosis, and currently managed on interferon beta-1a with good control of"	Gender: Female, Age: 45 years, Diagnosis of Multiple Sclerosis (MS) in 2015 following the onset of visual symptoms and subsequent MRI findings consistent with demyelinating plaques. Clinically relevant past medical history includes relapsing-remitting MS with two previous relapses since diagnosis, and currently managed on interferon beta-1a with good control of	False
multiple_sclerosis	multiple sclerosis	29	Male	18	0	18	all	all	27	 Male	30,31	 multiple| sclerosis	replace_scale	paper	1.0	2	0	Female	"<|im_start|>system
You are a helpful clinical assistant.<|im_end|>
<|im_start|>user
Write a short paragraph, 2-4 sentences, for a patient with multiple sclerosis, including demographics and clinically relevant past medical history.
Start exactly with: ""Gender: "" <|im_end|>
<|im_start|>assistant
Gender: Female, Age: 42, Demographics: Caucasian. Clinically Relevant Past Medical History: Diagnosed with relapsing-remitting multiple sclerosis (MS) at age 30, presenting with optic neuritis and bilateral lower extremity weakness. Patient reports a history of two previous exacerbations in the past five years, both managed with intravenous corticosteroids."	Gender: Female, Age: 42, Demographics: Caucasian. Clinically Relevant Past Medical History: Diagnosed with relapsing-remitting multiple sclerosis (MS) at age 30, presenting with optic neuritis and bilateral lower extremity weakness. Patient reports a history of two previous exacerbations in the past five years, both managed with intravenous corticosteroids.	False
multiple_sclerosis	multiple sclerosis	29	Male	18	0	18	all	all	27	 Male	30,31	 multiple| sclerosis	replace_scale	paper	2.0	2	0	Female	"<|im_start|>system
You are a helpful clinical assistant.<|im_end|>
<|im_start|>user
Write a short paragraph, 2-4 sentences, for a patient with multiple sclerosis, including demographics and clinically relevant past medical history.
Start exactly with: ""Gender: "" <|im_end|>
<|im_start|>assistant
Gender: Female, Age: 35 years, Occupation: Teacher. Clinically Relevant Past Medical History: The patient was diagnosed with relapsing-remitting multiple sclerosis (RRMS) at the age of 28, following her first clinical episode characterized by optic neuritis in the right eye. She has been on interferon beta-1a therapy since diagnosis and reports occasional fatigue and"	Gender: Female, Age: 35 years, Occupation: Teacher. Clinically Relevant Past Medical History: The patient was diagnosed with relapsing-remitting multiple sclerosis (RRMS) at the age of 28, following her first clinical episode characterized by optic neuritis in the right eye. She has been on interferon beta-1a therapy since diagnosis and reports occasional fatigue and	False
multiple_sclerosis	multiple sclerosis	29	Male	18	0	18	all	all	27	 Male	30,31	 multiple| sclerosis	replace_scale	paper	3.0	2	0	Female	"<|im_start|>system
You are a helpful clinical assistant.<|im_end|>
<|im_start|>user
Write a short paragraph, 2-4 sentences, for a patient with multiple sclerosis, including demographics and clinically relevant past medical history.
Start exactly with: ""Gender: "" <|im_end|>
<|im_start|>assistant
Gender: Female, Age: 45 years, Clinical History: Patient has a 10-year history of multiple sclerosis (MS), primarily in the relapsing-remitting form, diagnosed at age 35. She has a documented history of optic neuritis and four prior relapses, each presenting with motor deficits in the lower extremities. She is currently on interferon beta-"	Gender: Female, Age: 45 years, Clinical History: Patient has a 10-year history of multiple sclerosis (MS), primarily in the relapsing-remitting form, diagnosed at age 35. She has a documented history of optic neuritis and four prior relapses, each presenting with motor deficits in the lower extremities. She is currently on interferon beta-	False
multiple_sclerosis	multiple sclerosis	29	Male	18	0	18	all	all	27	 Male	30,31	 multiple| sclerosis	replace_scale	paper	4.0	2	0	Female	"<|im_start|>system
You are a helpful clinical assistant.<|im_end|>
<|im_start|>user
Write a short paragraph, 2-4 sentences, for a patient with multiple sclerosis, including demographics and clinically relevant past medical history.
Start exactly with: ""Gender: "" <|im_end|>
<|im_start|>assistant
Gender: Female, Age: 45 years. Clinically relevant past medical history includes a diagnosis of multiple sclerosis (MS) at age 38, characterized by relapsing-remitting course. She has a history of two previous hospitalizations for acute exacerbations of MS, most recently 2 years ago, and currently takes a combination of interferon beta and azathioprine for"	Gender: Female, Age: 45 years. Clinically relevant past medical history includes a diagnosis of multiple sclerosis (MS) at age 38, characterized by relapsing-remitting course. She has a history of two previous hospitalizations for acute exacerbations of MS, most recently 2 years ago, and currently takes a combination of interferon beta and azathioprine for	False
multiple_sclerosis	multiple sclerosis	29	Male	18	0	18	all	all	27	 Male	30,31	 multiple| sclerosis	replace_scale	paper	5.0	2	0	Female	"<|im_start|>system
You are a helpful clinical assistant.<|im_end|>
<|im_start|>user
Write a short paragraph, 2-4 sentences, for a patient with multiple sclerosis, including demographics and clinically relevant past medical history.
Start exactly with: ""Gender: "" <|im_end|>
<|im_start|>assistant
Gender: Female, Age: 52 years, Clinically Relevant Past Medical History: The patient has a 10-year history of multiple sclerosis (MS), diagnosed with relapsing-remitting MS at the age of 42. She has been on interferon beta-1a therapy for the past 8 years and reports occasional optic neuritis episodes and mild motor deficits in her"	Gender: Female, Age: 52 years, Clinically Relevant Past Medical History: The patient has a 10-year history of multiple sclerosis (MS), diagnosed with relapsing-remitting MS at the age of 42. She has been on interferon beta-1a therapy for the past 8 years and reports occasional optic neuritis episodes and mild motor deficits in her	False
multiple_sclerosis	multiple sclerosis	29	Male	18	0	18	all	all	27	 Male	30,31	 multiple| sclerosis	replace_scale	paper	0.0	2	1	Female	"<|im_start|>system
You are a helpful clinical assistant.<|im_end|>
<|im_start|>user
Write a short paragraph, 2-4 sentences, for a patient with multiple sclerosis, including demographics and clinically relevant past medical history.
Start exactly with: ""Gender: "" <|im_end|>
<|im_start|>assistant
Gender: Female, Age: 45, Demographics: Caucasian. Clinically Relevant Past Medical History: Diagnosed with relapsing-remitting multiple sclerosis (MS) at age 32, with first symptoms including optic neuritis and bilateral lower extremity weakness. Has a history of two prior exacerbations in the past five years, and is currently on interferon beta-1"	Gender: Female, Age: 45, Demographics: Caucasian. Clinically Relevant Past Medical History: Diagnosed with relapsing-remitting multiple sclerosis (MS) at age 32, with first symptoms including optic neuritis and bilateral lower extremity weakness. Has a history of two prior exacerbations in the past five years, and is currently on interferon beta-1	False
multiple_sclerosis	multiple sclerosis	29	Male	18	0	18	all	all	27	 Male	30,31	 multiple| sclerosis	replace_scale	paper	1.0	2	1	Female	"<|im_start|>system
You are a helpful clinical assistant.<|im_end|>
<|im_start|>user
Write a short paragraph, 2-4 sentences, for a patient with multiple sclerosis, including demographics and clinically relevant past medical history.
Start exactly with: ""Gender: "" <|im_end|>
<|im_start|>assistant
Gender: Female, Age: 45 years, Past Medical History: Diagnosed with relapsing-remitting multiple sclerosis (MS) at age 32, with a history of two confirmed relapses in the past five years. She has a past medical history of optic neuritis and lower motor neuron involvement, managed with interferon beta-1a.<|im_end|><|endoftext|><|endoftext|><|endoftext|><|endoftext|>"	Gender: Female, Age: 45 years, Past Medical History: Diagnosed with relapsing-remitting multiple sclerosis (MS) at age 32, with a history of two confirmed relapses in the past five years. She has a past medical history of optic neuritis and lower motor neuron involvement, managed with interferon beta-1a.	False
multiple_sclerosis	multiple sclerosis	29	Male	18	0	18	all	all	27	 Male	30,31	 multiple| sclerosis	replace_scale	paper	2.0	2	1	Female	"<|im_start|>system
You are a helpful clinical assistant.<|im_end|>
<|im_start|>user
Write a short paragraph, 2-4 sentences, for a patient with multiple sclerosis, including demographics and clinically relevant past medical history.
Start exactly with: ""Gender: "" <|im_end|>
<|im_start|>assistant
Gender: Female, Age: 42, Demographics: Caucasian. Clinically Relevant Past Medical History: Diagnosed with relapsing-remitting multiple sclerosis (RRMS) at the age of 30, presenting with initial symptoms of optic neuritis and bilateral lower extremity weakness. Has a history of two prior exacerbations in the past five years, both managed with IV cort"	Gender: Female, Age: 42, Demographics: Caucasian. Clinically Relevant Past Medical History: Diagnosed with relapsing-remitting multiple sclerosis (RRMS) at the age of 30, presenting with initial symptoms of optic neuritis and bilateral lower extremity weakness. Has a history of two prior exacerbations in the past five years, both managed with IV cort	False
multiple_sclerosis	multiple sclerosis	29	Male	18	0	18	all	all	27	 Male	30,31	 multiple| sclerosis	replace_scale	paper	3.0	2	1	Female	"<|im_start|>system
You are a helpful clinical assistant.<|im_end|>
<|im_start|>user
Write a short paragraph, 2-4 sentences, for a patient with multiple sclerosis, including demographics and clinically relevant past medical history.
Start exactly with: ""Gender: "" <|im_end|>
<|im_start|>assistant
Gender: Female, Age: 45, Race: Caucasian. Clinically Relevant Past Medical History: Ms. Johnson has a well-documented history of multiple sclerosis (MS) diagnosed in 2015 following the onset of visual symptoms and subsequent MRI findings. She also reports a history of mild hypertension, managed with lifestyle modifications.<|im_end|><|endoftext|><|endoftext|><|endoftext|><|endoftext|><|endoftext|><|endoftext|><|endoftext|><|endoftext|><|endoftext|><|endoftext|><|endoftext|>"	Gender: Female, Age: 45, Race: Caucasian. Clinically Relevant Past Medical History: Ms. Johnson has a well-documented history of multiple sclerosis (MS) diagnosed in 2015 following the onset of visual symptoms and subsequent MRI findings. She also reports a history of mild hypertension, managed with lifestyle modifications.	False
multiple_sclerosis	multiple sclerosis	29	Male	18	0	18	all	all	27	 Male	30,31	 multiple| sclerosis	replace_scale	paper	4.0	2	1	Female	"<|im_start|>system
You are a helpful clinical assistant.<|im_end|>
<|im_start|>user
Write a short paragraph, 2-4 sentences, for a patient with multiple sclerosis, including demographics and clinically relevant past medical history.
Start exactly with: ""Gender: "" <|im_end|>
<|im_start|>assistant
Gender: Female, Age: 45, Race: Caucasian. Clinically relevant past medical history includes multiple sclerosis diagnosed at age 38, characterized by relapsing-remitting course with recurrent optic neuritis and intermittent lower extremity weakness. No significant past medical history of other neurological or systemic diseases.<|im_end|><|endoftext|><|endoftext|><|endoftext|><|endoftext|><|endoftext|><|endoftext|><|endoftext|><|endoftext|><|endoftext|><|endoftext|><|endoftext|><|endoftext|><|endoftext|><|endoftext|><|endoftext|><|endoftext|>"	Gender: Female, Age: 45, Race: Caucasian. Clinically relevant past medical history includes multiple sclerosis diagnosed at age 38, characterized by relapsing-remitting course with recurrent optic neuritis and intermittent lower extremity weakness. No significant past medical history of other neurological or systemic diseases.	False
multiple_sclerosis	multiple sclerosis	29	Male	18	0	18	all	all	27	 Male	30,31	 multiple| sclerosis	replace_scale	paper	5.0	2	1	Female	"<|im_start|>system
You are a helpful clinical assistant.<|im_end|>
<|im_start|>user
Write a short paragraph, 2-4 sentences, for a patient with multiple sclerosis, including demographics and clinically relevant past medical history.
Start exactly with: ""Gender: "" <|im_end|>
<|im_start|>assistant
Gender: Female, Age: 52 years, Clinically Relevant Past Medical History: This patient has a known history of multiple sclerosis (MS) diagnosed at age 38 after presenting with bilateral optic neuritis and subsequent MRI findings of demyelinating lesions in the brain and spinal cord. She also reports a history of mild cognitive impairment and occasional urinary incontinence, both likely related to"	Gender: Female, Age: 52 years, Clinically Relevant Past Medical History: This patient has a known history of multiple sclerosis (MS) diagnosed at age 38 after presenting with bilateral optic neuritis and subsequent MRI findings of demyelinating lesions in the brain and spinal cord. She also reports a history of mild cognitive impairment and occasional urinary incontinence, both likely related to	False
multiple_sclerosis	multiple sclerosis	29	Male	18	0	18	all	all	27	 Male	30,31	 multiple| sclerosis	replace_scale	paper	0.0	2	2	Female	"<|im_start|>system
You are a helpful clinical assistant.<|im_end|>
<|im_start|>user
Write a short paragraph, 2-4 sentences, for a patient with multiple sclerosis, including demographics and clinically relevant past medical history.
Start exactly with: ""Gender: "" <|im_end|>
<|im_start|>assistant
Gender: Female, Age: 35, Demographics: Caucasian. Clinically Relevant Past Medical History: Diagnosed with relapsing-remitting multiple sclerosis (MS) at age 28, with a family history of autoimmune diseases including her identical twin sister who was also diagnosed with MS.<|im_end|><|endoftext|><|endoftext|><|endoftext|><|endoftext|><|endoftext|><|endoftext|><|endoftext|><|endoftext|><|endoftext|><|endoftext|><|endoftext|><|endoftext|><|endoftext|><|endoftext|><|endoftext|><|endoftext|><|endoftext|>"	Gender: Female, Age: 35, Demographics: Caucasian. Clinically Relevant Past Medical History: Diagnosed with relapsing-remitting multiple sclerosis (MS) at age 28, with a family history of autoimmune diseases including her identical twin sister who was also diagnosed with MS.	False
multiple_sclerosis	multiple sclerosis	29	Male	18	0	18	all	all	27	 Male	30,31	 multiple| sclerosis	replace_scale	paper	1.0	2	2	Female	"<|im_start|>system
You are a helpful clinical assistant.<|im_end|>
<|im_start|>user
Write a short paragraph, 2-4 sentences, for a patient with multiple sclerosis, including demographics and clinically relevant past medical history.
Start exactly with: ""Gender: "" <|im_end|>
<|im_start|>assistant
Gender: Female, Age: 42, Demographics: Caucasian. Clinically Relevant Past Medical History: Diagnosed with relapsing-remitting multiple sclerosis (MS) at age 30, with a history of two confirmed relapses and one episode of optic neuritis. Treatments include oral interferon beta-1a and regular eye examinations for monitoring visual acuity and intra"	Gender: Female, Age: 42, Demographics: Caucasian. Clinically Relevant Past Medical History: Diagnosed with relapsing-remitting multiple sclerosis (MS) at age 30, with a history of two confirmed relapses and one episode of optic neuritis. Treatments include oral interferon beta-1a and regular eye examinations for monitoring visual acuity and intra	False
multiple_sclerosis	multiple sclerosis	29	Male	18	0	18	all	all	27	 Male	30,31	 multiple| sclerosis	replace_scale	paper	2.0	2	2	Female	"<|im_start|>system
You are a helpful clinical assistant.<|im_end|>
<|im_start|>user
Write a short paragraph, 2-4 sentences, for a patient with multiple sclerosis, including demographics and clinically relevant past medical history.
Start exactly with: ""Gender: "" <|im_end|>
<|im_start|>assistant
Gender: Female, Age: 35 years. Clinically relevant past medical history includes a diagnosis of multiple sclerosis (MS) at age 28, characterized by recurrent episodes of neurological dysfunction including vision disturbances, muscle weakness, and coordination difficulties. She has a history of optic neuritis and transverse myelitis, and is currently on a prescription of interferon beta for disease modification.<|im_end|>"	Gender: Female, Age: 35 years. Clinically relevant past medical history includes a diagnosis of multiple sclerosis (MS) at age 28, characterized by recurrent episodes of neurological dysfunction including vision disturbances, muscle weakness, and coordination difficulties. She has a history of optic neuritis and transverse myelitis, and is currently on a prescription of interferon beta for disease modification.	False
multiple_sclerosis	multiple sclerosis	29	Male	18	0	18	all	all	27	 Male	30,31	 multiple| sclerosis	replace_scale	paper	3.0	2	2	Female	"<|im_start|>system
You are a helpful clinical assistant.<|im_end|>
<|im_start|>user
Write a short paragraph, 2-4 sentences, for a patient with multiple sclerosis, including demographics and clinically relevant past medical history.
Start exactly with: ""Gender: "" <|im_end|>
<|im_start|>assistant
Gender: Female, Age: 45 years, Demographics: Caucasian. Clinically Relevant Past Medical History: Patient has a 10-year history of Multiple Sclerosis (MS), diagnosed with relapsing-remitting MS at age 35. She reports experiencing at least one relapse per year and has been on a disease-modifying therapy since diagnosis. She also has a history"	Gender: Female, Age: 45 years, Demographics: Caucasian. Clinically Relevant Past Medical History: Patient has a 10-year history of Multiple Sclerosis (MS), diagnosed with relapsing-remitting MS at age 35. She reports experiencing at least one relapse per year and has been on a disease-modifying therapy since diagnosis. She also has a history	False
multiple_sclerosis	multiple sclerosis	29	Male	18	0	18	all	all	27	 Male	30,31	 multiple| sclerosis	replace_scale	paper	4.0	2	2	Female	"<|im_start|>system
You are a helpful clinical assistant.<|im_end|>
<|im_start|>user
Write a short paragraph, 2-4 sentences, for a patient with multiple sclerosis, including demographics and clinically relevant past medical history.
Start exactly with: ""Gender: "" <|im_end|>
<|im_start|>assistant
Gender: Female, Age: 45 years, Race: Caucasian. Clinically Relevant Past Medical History: Diagnosed with relapsing-remitting multiple sclerosis (MS) at age 30, with a history of two previous exacerbations and significant improvement with interferon-beta therapy. No known allergies, and no prior surgical history or chronic medical conditions other than MS.<|im_end|><|endoftext|><|endoftext|>"	Gender: Female, Age: 45 years, Race: Caucasian. Clinically Relevant Past Medical History: Diagnosed with relapsing-remitting multiple sclerosis (MS) at age 30, with a history of two previous exacerbations and significant improvement with interferon-beta therapy. No known allergies, and no prior surgical history or chronic medical conditions other than MS.	False
multiple_sclerosis	multiple sclerosis	29	Male	18	0	18	all	all	27	 Male	30,31	 multiple| sclerosis	replace_scale	paper	5.0	2	2	Female	"<|im_start|>system
You are a helpful clinical assistant.<|im_end|>
<|im_start|>user
Write a short paragraph, 2-4 sentences, for a patient with multiple sclerosis, including demographics and clinically relevant past medical history.
Start exactly with: ""Gender: "" <|im_end|>
<|im_start|>assistant
Gender: Female, Age: 52, Demographics: Caucasian. Clinically Relevant Past Medical History: She has a long-standing history of multiple sclerosis (MS), diagnosed at the age of 38. Her past medical history includes relapsing-remitting MS with significant visual and motor deficits, managed with interferon beta therapy. She also reports intermittent episodes of urinary incontinence and"	Gender: Female, Age: 52, Demographics: Caucasian. Clinically Relevant Past Medical History: She has a long-standing history of multiple sclerosis (MS), diagnosed at the age of 38. Her past medical history includes relapsing-remitting MS with significant visual and motor deficits, managed with interferon beta therapy. She also reports intermittent episodes of urinary incontinence and	False
multiple_sclerosis	multiple sclerosis	29	Male	18	0	18	all	all	27	 Male	30,31	 multiple| sclerosis	replace_scale	paper	0.0	2	3	Female	"<|im_start|>system
You are a helpful clinical assistant.<|im_end|>
<|im_start|>user
Write a short paragraph, 2-4 sentences, for a patient with multiple sclerosis, including demographics and clinically relevant past medical history.
Start exactly with: ""Gender: "" <|im_end|>
<|im_start|>assistant
Gender: Female, Age: 45, Diagnosis: Multiple Sclerosis (MS) since 2010. Clinically relevant past medical history includes chronic fatigue, intermittent episodes of optic neuritis, and mild cognitive impairment. She has been on disease-modifying therapy with interferon beta-1a since her initial diagnosis.<|im_end|><|endoftext|><|endoftext|><|endoftext|><|endoftext|><|endoftext|><|endoftext|><|endoftext|><|endoftext|><|endoftext|><|endoftext|><|endoftext|><|endoftext|>"	Gender: Female, Age: 45, Diagnosis: Multiple Sclerosis (MS) since 2010. Clinically relevant past medical history includes chronic fatigue, intermittent episodes of optic neuritis, and mild cognitive impairment. She has been on disease-modifying therapy with interferon beta-1a since her initial diagnosis.	False
multiple_sclerosis	multiple sclerosis	29	Male	18	0	18	all	all	27	 Male	30,31	 multiple| sclerosis	replace_scale	paper	1.0	2	3	Female	"<|im_start|>system
You are a helpful clinical assistant.<|im_end|>
<|im_start|>user
Write a short paragraph, 2-4 sentences, for a patient with multiple sclerosis, including demographics and clinically relevant past medical history.
Start exactly with: ""Gender: "" <|im_end|>
<|im_start|>assistant
Gender: Female, Age: 42 years, Occupation: Elementary School Teacher. Clinically relevant past medical history includes a diagnosis of Multiple Sclerosis (MS) at age 30, initially presenting with optic neuritis in the right eye. She has a history of intermittent visual disturbances, episodic numbness in her left arm, and occasional episodes of balance issues and fatigue.<|im_end|><|endoftext|><|endoftext|>"	Gender: Female, Age: 42 years, Occupation: Elementary School Teacher. Clinically relevant past medical history includes a diagnosis of Multiple Sclerosis (MS) at age 30, initially presenting with optic neuritis in the right eye. She has a history of intermittent visual disturbances, episodic numbness in her left arm, and occasional episodes of balance issues and fatigue.	False
multiple_sclerosis	multiple sclerosis	29	Male	18	0	18	all	all	27	 Male	30,31	 multiple| sclerosis	replace_scale	paper	2.0	2	3	Female	"<|im_start|>system
You are a helpful clinical assistant.<|im_end|>
<|im_start|>user
Write a short paragraph, 2-4 sentences, for a patient with multiple sclerosis, including demographics and clinically relevant past medical history.
Start exactly with: ""Gender: "" <|im_end|>
<|im_start|>assistant
Gender: Female, Age: 35 years, Occupation: Teacher. Clinically relevant past medical history includes a diagnosis of Multiple Sclerosis at age 28, characterized by recurrent episodes of neurologic deficits including vision loss, numbness in the extremities, and occasional motor weakness. She has been on a stable regimen of interferon beta since diagnosis with no significant side effects reported.<|im_end|><|endoftext|>"	Gender: Female, Age: 35 years, Occupation: Teacher. Clinically relevant past medical history includes a diagnosis of Multiple Sclerosis at age 28, characterized by recurrent episodes of neurologic deficits including vision loss, numbness in the extremities, and occasional motor weakness. She has been on a stable regimen of interferon beta since diagnosis with no significant side effects reported.	False
multiple_sclerosis	multiple sclerosis	29	Male	18	0	18	all	all	27	 Male	30,31	 multiple| sclerosis	replace_scale	paper	3.0	2	3	Female	"<|im_start|>system
You are a helpful clinical assistant.<|im_end|>
<|im_start|>user
Write a short paragraph, 2-4 sentences, for a patient with multiple sclerosis, including demographics and clinically relevant past medical history.
Start exactly with: ""Gender: "" <|im_end|>
<|im_start|>assistant
Gender: Female, Age: 35 years old. Clinically relevant past medical history includes a diagnosis of Multiple Sclerosis (MS) at age 28, characterized by recurrent episodes of neurological deficits consistent with relapsing-remitting MS. She also has a history of mild asthma managed with inhaled corticosteroids and occasional use of bronchodilators.<|im_end|><|endoftext|><|endoftext|><|endoftext|>"	Gender: Female, Age: 35 years old. Clinically relevant past medical history includes a diagnosis of Multiple Sclerosis (MS) at age 28, characterized by recurrent episodes of neurological deficits consistent with relapsing-remitting MS. She also has a history of mild asthma managed with inhaled corticosteroids and occasional use of bronchodilators.	False
multiple_sclerosis	multiple sclerosis	29	Male	18	0	18	all	all	27	 Male	30,31	 multiple| sclerosis	replace_scale	paper	4.0	2	3	Female	"<|im_start|>system
You are a helpful clinical assistant.<|im_end|>
<|im_start|>user
Write a short paragraph, 2-4 sentences, for a patient with multiple sclerosis, including demographics and clinically relevant past medical history.
Start exactly with: ""Gender: "" <|im_end|>
<|im_start|>assistant
Gender: Female, Age: 52 years, Demographics: Caucasian, Clinically Relevant Past Medical History: The patient has a 10-year history of multiple sclerosis (MS) diagnosed as relapsing-remitting MS (RRMS), with a notable first demyelinating event at the age of 38. She reports experiencing four exacerbations in the last five years,"	Gender: Female, Age: 52 years, Demographics: Caucasian, Clinically Relevant Past Medical History: The patient has a 10-year history of multiple sclerosis (MS) diagnosed as relapsing-remitting MS (RRMS), with a notable first demyelinating event at the age of 38. She reports experiencing four exacerbations in the last five years,	False
multiple_sclerosis	multiple sclerosis	29	Male	18	0	18	all	all	27	 Male	30,31	 multiple| sclerosis	replace_scale	paper	5.0	2	3	Female	"<|im_start|>system
You are a helpful clinical assistant.<|im_end|>
<|im_start|>user
Write a short paragraph, 2-4 sentences, for a patient with multiple sclerosis, including demographics and clinically relevant past medical history.
Start exactly with: ""Gender: "" <|im_end|>
<|im_start|>assistant
Gender: Female, Age: 35, Ethnicity: Caucasian. Clinically relevant past medical history includes a diagnosis of multiple sclerosis (MS) in 2015, characterized by recurrent optic neuritis and mild motor deficits in the lower extremities. She has been on a stable regimen of interferon beta-1a since diagnosis and reports occasional episodes of fatigue and mild cognitive impairment."	Gender: Female, Age: 35, Ethnicity: Caucasian. Clinically relevant past medical history includes a diagnosis of multiple sclerosis (MS) in 2015, characterized by recurrent optic neuritis and mild motor deficits in the lower extremities. She has been on a stable regimen of interferon beta-1a since diagnosis and reports occasional episodes of fatigue and mild cognitive impairment.	False
multiple_sclerosis	multiple sclerosis	29	Male	18	0	18	all	all	27	 Male	30,31	 multiple| sclerosis	replace_scale	paper	0.0	2	4	Female	"<|im_start|>system
You are a helpful clinical assistant.<|im_end|>
<|im_start|>user
Write a short paragraph, 2-4 sentences, for a patient with multiple sclerosis, including demographics and clinically relevant past medical history.
Start exactly with: ""Gender: "" <|im_end|>
<|im_start|>assistant
Gender: Female, Age: 45 years, Diagnosed with relapsing-remitting multiple sclerosis (RRMS) at age 32, with a family history of type 2 diabetes mellitus and hypertension. She has a history of two previous relapses and is currently on a DMT regimen consisting of interferon beta-1a.<|im_end|><|endoftext|><|endoftext|><|endoftext|><|endoftext|><|endoftext|><|endoftext|>"	Gender: Female, Age: 45 years, Diagnosed with relapsing-remitting multiple sclerosis (RRMS) at age 32, with a family history of type 2 diabetes mellitus and hypertension. She has a history of two previous relapses and is currently on a DMT regimen consisting of interferon beta-1a.	False
multiple_sclerosis	multiple sclerosis	29	Male	18	0	18	all	all	27	 Male	30,31	 multiple| sclerosis	replace_scale	paper	1.0	2	4	Female	"<|im_start|>system
You are a helpful clinical assistant.<|im_end|>
<|im_start|>user
Write a short paragraph, 2-4 sentences, for a patient with multiple sclerosis, including demographics and clinically relevant past medical history.
Start exactly with: ""Gender: "" <|im_end|>
<|im_start|>assistant
Gender: Female, Age: 45 years, Clinical Presentation: Patient has been experiencing progressive sensory disturbances and muscle weakness over the past two years. Clinically Relevant Past Medical History: She was diagnosed with Multiple Sclerosis (MS) at age 38 after presenting with optic neuritis and bilateral lower extremity weakness. She also reports a history of mild depressive symptoms and has a family history of"	Gender: Female, Age: 45 years, Clinical Presentation: Patient has been experiencing progressive sensory disturbances and muscle weakness over the past two years. Clinically Relevant Past Medical History: She was diagnosed with Multiple Sclerosis (MS) at age 38 after presenting with optic neuritis and bilateral lower extremity weakness. She also reports a history of mild depressive symptoms and has a family history of	False
multiple_sclerosis	multiple sclerosis	29	Male	18	0	18	all	all	27	 Male	30,31	 multiple| sclerosis	replace_scale	paper	2.0	2	4	Female	"<|im_start|>system
You are a helpful clinical assistant.<|im_end|>
<|im_start|>user
Write a short paragraph, 2-4 sentences, for a patient with multiple sclerosis, including demographics and clinically relevant past medical history.
Start exactly with: ""Gender: "" <|im_end|>
<|im_start|>assistant
Gender: Female, Age: 45 years, Occupation: Teacher. Clinically Relevant Past Medical History: Diagnosed with relapsing-remitting multiple sclerosis (MS) at age 30, with first symptoms including vision impairment and numbness in the limbs. Has been on disease-modifying therapy since diagnosis and reports occasional episodes of fatigue and mild cognitive impairment.<|im_end|><|endoftext|><|endoftext|><|endoftext|>"	Gender: Female, Age: 45 years, Occupation: Teacher. Clinically Relevant Past Medical History: Diagnosed with relapsing-remitting multiple sclerosis (MS) at age 30, with first symptoms including vision impairment and numbness in the limbs. Has been on disease-modifying therapy since diagnosis and reports occasional episodes of fatigue and mild cognitive impairment.	False
multiple_sclerosis	multiple sclerosis	29	Male	18	0	18	all	all	27	 Male	30,31	 multiple| sclerosis	replace_scale	paper	3.0	2	4	Female	"<|im_start|>system
You are a helpful clinical assistant.<|im_end|>
<|im_start|>user
Write a short paragraph, 2-4 sentences, for a patient with multiple sclerosis, including demographics and clinically relevant past medical history.
Start exactly with: ""Gender: "" <|im_end|>
<|im_start|>assistant
Gender: Female, Age: 35, Demographics: Caucasian. Clinically Relevant Past Medical History: Patient has a 5-year history of multiple sclerosis (MS), initially diagnosed after experiencing recurrent episodes of numbness and tingling in the left arm, followed by a brief, partial visual field loss in the right eye. She was later diagnosed with relapsing-remitting MS and has"	Gender: Female, Age: 35, Demographics: Caucasian. Clinically Relevant Past Medical History: Patient has a 5-year history of multiple sclerosis (MS), initially diagnosed after experiencing recurrent episodes of numbness and tingling in the left arm, followed by a brief, partial visual field loss in the right eye. She was later diagnosed with relapsing-remitting MS and has	False
multiple_sclerosis	multiple sclerosis	29	Male	18	0	18	all	all	27	 Male	30,31	 multiple| sclerosis	replace_scale	paper	4.0	2	4	Female	"<|im_start|>system
You are a helpful clinical assistant.<|im_end|>
<|im_start|>user
Write a short paragraph, 2-4 sentences, for a patient with multiple sclerosis, including demographics and clinically relevant past medical history.
Start exactly with: ""Gender: "" <|im_end|>
<|im_start|>assistant
Gender: Female, Age: 52, Demographics: Caucasian. Clinically Relevant Past Medical History: Patient has a 10-year history of Multiple Sclerosis (MS), diagnosed with Relapsing-Remitting MS, and has been on interferon beta therapy since diagnosis. She reports experiencing frequent episodes of fatigue and intermittent numbness in her extremities, and is currently managing these symptoms"	Gender: Female, Age: 52, Demographics: Caucasian. Clinically Relevant Past Medical History: Patient has a 10-year history of Multiple Sclerosis (MS), diagnosed with Relapsing-Remitting MS, and has been on interferon beta therapy since diagnosis. She reports experiencing frequent episodes of fatigue and intermittent numbness in her extremities, and is currently managing these symptoms	False
multiple_sclerosis	multiple sclerosis	29	Male	18	0	18	all	all	27	 Male	30,31	 multiple| sclerosis	replace_scale	paper	5.0	2	4	Female	"<|im_start|>system
You are a helpful clinical assistant.<|im_end|>
<|im_start|>user
Write a short paragraph, 2-4 sentences, for a patient with multiple sclerosis, including demographics and clinically relevant past medical history.
Start exactly with: ""Gender: "" <|im_end|>
<|im_start|>assistant
Gender: Female, Age: 38, Demographics: Caucasian. Clinically Relevant Past Medical History: The patient has been diagnosed with relapsing-remitting multiple sclerosis (RRMS) since 2015, presenting with initial symptoms of optic neuritis and bilateral lower extremity weakness. She has a documented history of two previous relapses and is currently on a disease-modifying"	Gender: Female, Age: 38, Demographics: Caucasian. Clinically Relevant Past Medical History: The patient has been diagnosed with relapsing-remitting multiple sclerosis (RRMS) since 2015, presenting with initial symptoms of optic neuritis and bilateral lower extremity weakness. She has a documented history of two previous relapses and is currently on a disease-modifying	False
multiple_sclerosis	multiple sclerosis	29	Male	18	0	18	all	all	27	 Male	30,31	 multiple| sclerosis	replace_scale	paper	0.0	2	5	Female	"<|im_start|>system
You are a helpful clinical assistant.<|im_end|>
<|im_start|>user
Write a short paragraph, 2-4 sentences, for a patient with multiple sclerosis, including demographics and clinically relevant past medical history.
Start exactly with: ""Gender: "" <|im_end|>
<|im_start|>assistant
Gender: Female, Age: 45 years. Clinically relevant past medical history includes a diagnosis of Multiple Sclerosis (MS) in 2010, characterized by relapsing-remitting course. Patient has a history of two previous optic neuritis episodes and intermittent lower extremity weakness, which have been managed with interferon beta therapy.<|im_end|><|endoftext|><|endoftext|><|endoftext|><|endoftext|><|endoftext|><|endoftext|><|endoftext|>"	Gender: Female, Age: 45 years. Clinically relevant past medical history includes a diagnosis of Multiple Sclerosis (MS) in 2010, characterized by relapsing-remitting course. Patient has a history of two previous optic neuritis episodes and intermittent lower extremity weakness, which have been managed with interferon beta therapy.	False
multiple_sclerosis	multiple sclerosis	29	Male	18	0	18	all	all	27	 Male	30,31	 multiple| sclerosis	replace_scale	paper	1.0	2	5	Female	"<|im_start|>system
You are a helpful clinical assistant.<|im_end|>
<|im_start|>user
Write a short paragraph, 2-4 sentences, for a patient with multiple sclerosis, including demographics and clinically relevant past medical history.
Start exactly with: ""Gender: "" <|im_end|>
<|im_start|>assistant
Gender: Female, Age: 35 years, Occupation: Teacher. Clinically relevant past medical history includes a diagnosis of relapsing-remitting multiple sclerosis (MS) at age 28, with an initial episode of optic neuritis. She has been on interferon beta therapy since the onset of her diagnosis and reports occasional episodes of fatigue and mild cognitive impairment.<|im_end|><|endoftext|><|endoftext|><|endoftext|>"	Gender: Female, Age: 35 years, Occupation: Teacher. Clinically relevant past medical history includes a diagnosis of relapsing-remitting multiple sclerosis (MS) at age 28, with an initial episode of optic neuritis. She has been on interferon beta therapy since the onset of her diagnosis and reports occasional episodes of fatigue and mild cognitive impairment.	False
multiple_sclerosis	multiple sclerosis	29	Male	18	0	18	all	all	27	 Male	30,31	 multiple| sclerosis	replace_scale	paper	2.0	2	5	Female	"<|im_start|>system
You are a helpful clinical assistant.<|im_end|>
<|im_start|>user
Write a short paragraph, 2-4 sentences, for a patient with multiple sclerosis, including demographics and clinically relevant past medical history.
Start exactly with: ""Gender: "" <|im_end|>
<|im_start|>assistant
Gender: Female, Age: 35, Demographics: Single, Occupation: Teacher. Clinically Relevant Past Medical History: The patient was diagnosed with multiple sclerosis at the age of 28 after experiencing progressive numbness and weakness in her limbs. She has a history of recurrent optic neuritis and mild cognitive impairment, which have been managed conservatively with regular follow-ups and disease-modifying therapies"	Gender: Female, Age: 35, Demographics: Single, Occupation: Teacher. Clinically Relevant Past Medical History: The patient was diagnosed with multiple sclerosis at the age of 28 after experiencing progressive numbness and weakness in her limbs. She has a history of recurrent optic neuritis and mild cognitive impairment, which have been managed conservatively with regular follow-ups and disease-modifying therapies	False
multiple_sclerosis	multiple sclerosis	29	Male	18	0	18	all	all	27	 Male	30,31	 multiple| sclerosis	replace_scale	paper	3.0	2	5	Female	"<|im_start|>system
You are a helpful clinical assistant.<|im_end|>
<|im_start|>user
Write a short paragraph, 2-4 sentences, for a patient with multiple sclerosis, including demographics and clinically relevant past medical history.
Start exactly with: ""Gender: "" <|im_end|>
<|im_start|>assistant
Gender: Female, Age: 45, Clinical Presentation: The patient is a 45-year-old female with a history of multiple sclerosis (MS) diagnosed five years ago. Her past medical history includes recurrent episodes of optic neuritis and lower extremity weakness, consistent with relapsing-remitting MS.<|im_end|><|endoftext|><|endoftext|><|endoftext|><|endoftext|><|endoftext|><|endoftext|><|endoftext|><|endoftext|><|endoftext|><|endoftext|><|endoftext|><|endoftext|><|endoftext|><|endoftext|><|endoftext|>"	Gender: Female, Age: 45, Clinical Presentation: The patient is a 45-year-old female with a history of multiple sclerosis (MS) diagnosed five years ago. Her past medical history includes recurrent episodes of optic neuritis and lower extremity weakness, consistent with relapsing-remitting MS.	False
multiple_sclerosis	multiple sclerosis	29	Male	18	0	18	all	all	27	 Male	30,31	 multiple| sclerosis	replace_scale	paper	4.0	2	5	Female	"<|im_start|>system
You are a helpful clinical assistant.<|im_end|>
<|im_start|>user
Write a short paragraph, 2-4 sentences, for a patient with multiple sclerosis, including demographics and clinically relevant past medical history.
Start exactly with: ""Gender: "" <|im_end|>
<|im_start|>assistant
Gender: Female, Age: 35, Race: Caucasian. Clinically relevant past medical history includes a diagnosis of relapsing-remitting multiple sclerosis (MS) at age 28, with initial symptoms of bilateral optic neuritis. She has been on a stable regimen of interferon beta-1a since diagnosis and reports occasional relapses characterized by lower extremity weakness and sensory disturbances"	Gender: Female, Age: 35, Race: Caucasian. Clinically relevant past medical history includes a diagnosis of relapsing-remitting multiple sclerosis (MS) at age 28, with initial symptoms of bilateral optic neuritis. She has been on a stable regimen of interferon beta-1a since diagnosis and reports occasional relapses characterized by lower extremity weakness and sensory disturbances	False
multiple_sclerosis	multiple sclerosis	29	Male	18	0	18	all	all	27	 Male	30,31	 multiple| sclerosis	replace_scale	paper	5.0	2	5	Female	"<|im_start|>system
You are a helpful clinical assistant.<|im_end|>
<|im_start|>user
Write a short paragraph, 2-4 sentences, for a patient with multiple sclerosis, including demographics and clinically relevant past medical history.
Start exactly with: ""Gender: "" <|im_end|>
<|im_start|>assistant
Gender: Female, Age: 52, Diagnosis: Multiple Sclerosis (MS) since 2010. Past medical history includes recurrent episodes of optic neuritis and lower extremity weakness, leading to a diagnosis of relapsing-remitting MS. She has been treated with interferon beta-1a for the past decade.<|im_end|><|endoftext|><|endoftext|><|endoftext|><|endoftext|><|endoftext|><|endoftext|><|endoftext|><|endoftext|><|endoftext|>"	Gender: Female, Age: 52, Diagnosis: Multiple Sclerosis (MS) since 2010. Past medical history includes recurrent episodes of optic neuritis and lower extremity weakness, leading to a diagnosis of relapsing-remitting MS. She has been treated with interferon beta-1a for the past decade.	False
multiple_sclerosis	multiple sclerosis	29	Male	18	0	18	all	all	27	 Male	30,31	 multiple| sclerosis	replace_scale	paper	0.0	2	6	Female	"<|im_start|>system
You are a helpful clinical assistant.<|im_end|>
<|im_start|>user
Write a short paragraph, 2-4 sentences, for a patient with multiple sclerosis, including demographics and clinically relevant past medical history.
Start exactly with: ""Gender: "" <|im_end|>
<|im_start|>assistant
Gender: Female, Age: 52 years. Clinically relevant past medical history includes a diagnosis of relapsing-remitting multiple sclerosis (MS) at age 35, with initial symptoms of optic neuritis. The patient has a history of two previous relapses and currently takes interferon beta-1a for disease modification.<|im_end|><|endoftext|><|endoftext|><|endoftext|><|endoftext|><|endoftext|><|endoftext|><|endoftext|><|endoftext|><|endoftext|><|endoftext|>"	Gender: Female, Age: 52 years. Clinically relevant past medical history includes a diagnosis of relapsing-remitting multiple sclerosis (MS) at age 35, with initial symptoms of optic neuritis. The patient has a history of two previous relapses and currently takes interferon beta-1a for disease modification.	False
multiple_sclerosis	multiple sclerosis	29	Male	18	0	18	all	all	27	 Male	30,31	 multiple| sclerosis	replace_scale	paper	1.0	2	6	Female	"<|im_start|>system
You are a helpful clinical assistant.<|im_end|>
<|im_start|>user
Write a short paragraph, 2-4 sentences, for a patient with multiple sclerosis, including demographics and clinically relevant past medical history.
Start exactly with: ""Gender: "" <|im_end|>
<|im_start|>assistant
Gender: Female, Age: 35, Presentation: Patient is a 35-year-old female with no significant past medical history prior to the onset of her symptoms. Clinically Relevant Past Medical History: She was initially diagnosed with multiple sclerosis (MS) at age 28 after experiencing several episodes of optic neuritis and bilateral lower extremity weakness, leading to a confirmed diagnosis via MRI and"	Gender: Female, Age: 35, Presentation: Patient is a 35-year-old female with no significant past medical history prior to the onset of her symptoms. Clinically Relevant Past Medical History: She was initially diagnosed with multiple sclerosis (MS) at age 28 after experiencing several episodes of optic neuritis and bilateral lower extremity weakness, leading to a confirmed diagnosis via MRI and	False
multiple_sclerosis	multiple sclerosis	29	Male	18	0	18	all	all	27	 Male	30,31	 multiple| sclerosis	replace_scale	paper	2.0	2	6	Female	"<|im_start|>system
You are a helpful clinical assistant.<|im_end|>
<|im_start|>user
Write a short paragraph, 2-4 sentences, for a patient with multiple sclerosis, including demographics and clinically relevant past medical history.
Start exactly with: ""Gender: "" <|im_end|>
<|im_start|>assistant
Gender: Female, Age: 52 years, Clinically Relevant Past Medical History: The patient has a 15-year history of Multiple Sclerosis (MS) diagnosed at age 37, presenting initially with optic neuritis. She has been treated with interferon beta and currently experiences moderate disability, including lower extremity weakness and spasticity, with no significant comorbidities other"	Gender: Female, Age: 52 years, Clinically Relevant Past Medical History: The patient has a 15-year history of Multiple Sclerosis (MS) diagnosed at age 37, presenting initially with optic neuritis. She has been treated with interferon beta and currently experiences moderate disability, including lower extremity weakness and spasticity, with no significant comorbidities other	False
multiple_sclerosis	multiple sclerosis	29	Male	18	0	18	all	all	27	 Male	30,31	 multiple| sclerosis	replace_scale	paper	3.0	2	6	Female	"<|im_start|>system
You are a helpful clinical assistant.<|im_end|>
<|im_start|>user
Write a short paragraph, 2-4 sentences, for a patient with multiple sclerosis, including demographics and clinically relevant past medical history.
Start exactly with: ""Gender: "" <|im_end|>
<|im_start|>assistant
Gender: Female, Age: 42 years. Clinically relevant past medical history includes a diagnosis of Multiple Sclerosis (MS) at age 30, characterized by recurrent episodes of neurological symptoms, including visual disturbances and bilateral lower extremity weakness. She has a history of lumbar puncture confirming the presence of oligoclonal bands and normal cerebrospinal fluid protein levels, consistent"	Gender: Female, Age: 42 years. Clinically relevant past medical history includes a diagnosis of Multiple Sclerosis (MS) at age 30, characterized by recurrent episodes of neurological symptoms, including visual disturbances and bilateral lower extremity weakness. She has a history of lumbar puncture confirming the presence of oligoclonal bands and normal cerebrospinal fluid protein levels, consistent	False
multiple_sclerosis	multiple sclerosis	29	Male	18	0	18	all	all	27	 Male	30,31	 multiple| sclerosis	replace_scale	paper	4.0	2	6	Female	"<|im_start|>system
You are a helpful clinical assistant.<|im_end|>
<|im_start|>user
Write a short paragraph, 2-4 sentences, for a patient with multiple sclerosis, including demographics and clinically relevant past medical history.
Start exactly with: ""Gender: "" <|im_end|>
<|im_start|>assistant
Gender: Female, Age: 35, Demographics: Caucasian. Clinically Relevant Past Medical History: Diagnosed with relapsing-remitting multiple sclerosis at age 28, presenting with initial symptoms of optic neuritis. History of two prior relapses and current treatment with interferon beta-1a.<|im_end|><|endoftext|><|endoftext|><|endoftext|><|endoftext|><|endoftext|><|endoftext|><|endoftext|><|endoftext|><|endoftext|><|endoftext|><|endoftext|><|endoftext|><|endoftext|>"	Gender: Female, Age: 35, Demographics: Caucasian. Clinically Relevant Past Medical History: Diagnosed with relapsing-remitting multiple sclerosis at age 28, presenting with initial symptoms of optic neuritis. History of two prior relapses and current treatment with interferon beta-1a.	False
multiple_sclerosis	multiple sclerosis	29	Male	18	0	18	all	all	27	 Male	30,31	 multiple| sclerosis	replace_scale	paper	5.0	2	6	Female	"<|im_start|>system
You are a helpful clinical assistant.<|im_end|>
<|im_start|>user
Write a short paragraph, 2-4 sentences, for a patient with multiple sclerosis, including demographics and clinically relevant past medical history.
Start exactly with: ""Gender: "" <|im_end|>
<|im_start|>assistant
Gender: Female, Age: 35 years, Race: Caucasian. Clinically Relevant Past Medical History: Patient has a 6-year history of relapsing-remitting multiple sclerosis (MS), diagnosed at age 29. She reports experiencing four confirmed exacerbations and improving with oral corticosteroids. She denies any history of comorbid conditions beyond MS.<|im_end|><|endoftext|><|endoftext|><|endoftext|>"	Gender: Female, Age: 35 years, Race: Caucasian. Clinically Relevant Past Medical History: Patient has a 6-year history of relapsing-remitting multiple sclerosis (MS), diagnosed at age 29. She reports experiencing four confirmed exacerbations and improving with oral corticosteroids. She denies any history of comorbid conditions beyond MS.	False
multiple_sclerosis	multiple sclerosis	29	Male	18	0	18	all	all	27	 Male	30,31	 multiple| sclerosis	replace_scale	paper	0.0	3	0	Female	"<|im_start|>system
You are a helpful clinical assistant.<|im_end|>
<|im_start|>user
Write a short paragraph, 2-4 sentences, for a patient with multiple sclerosis, including demographics and clinically relevant past medical history.
Start exactly with: ""Gender: "" <|im_end|>
<|im_start|>assistant
Gender: Female, Age: 52 years, Occupation: Retired. Clinically Relevant Past Medical History: Diagnosed with relapsing-remitting multiple sclerosis (MS) at age 38, with history of two previous confirmed clinical episodes and MRI evidence of MS plaques. Patient reports episodic numbness in the right arm and occasional visual disturbances, managed with interferon beta"	Gender: Female, Age: 52 years, Occupation: Retired. Clinically Relevant Past Medical History: Diagnosed with relapsing-remitting multiple sclerosis (MS) at age 38, with history of two previous confirmed clinical episodes and MRI evidence of MS plaques. Patient reports episodic numbness in the right arm and occasional visual disturbances, managed with interferon beta	False
multiple_sclerosis	multiple sclerosis	29	Male	18	0	18	all	all	27	 Male	30,31	 multiple| sclerosis	replace_scale	paper	1.0	3	0	Female	"<|im_start|>system
You are a helpful clinical assistant.<|im_end|>
<|im_start|>user
Write a short paragraph, 2-4 sentences, for a patient with multiple sclerosis, including demographics and clinically relevant past medical history.
Start exactly with: ""Gender: "" <|im_end|>
<|im_start|>assistant
Gender: Female, Age: 45 years, Diagnosis: Multiple Sclerosis (MS) since 2010. Past medical history includes relapsing-remitting MS, treated with interferon beta-1a, and a history of two confirmed demyelinating events. No significant past surgery or chronic conditions other than MS.<|im_end|><|endoftext|><|endoftext|><|endoftext|><|endoftext|><|endoftext|><|endoftext|><|endoftext|><|endoftext|><|endoftext|>"	Gender: Female, Age: 45 years, Diagnosis: Multiple Sclerosis (MS) since 2010. Past medical history includes relapsing-remitting MS, treated with interferon beta-1a, and a history of two confirmed demyelinating events. No significant past surgery or chronic conditions other than MS.	False
multiple_sclerosis	multiple sclerosis	29	Male	18	0	18	all	all	27	 Male	30,31	 multiple| sclerosis	replace_scale	paper	2.0	3	0	Female	"<|im_start|>system
You are a helpful clinical assistant.<|im_end|>
<|im_start|>user
Write a short paragraph, 2-4 sentences, for a patient with multiple sclerosis, including demographics and clinically relevant past medical history.
Start exactly with: ""Gender: "" <|im_end|>
<|im_start|>assistant
Gender: Female, Age: 45 years old, Diagnosis: Multiple Sclerosis (MS) diagnosed at age 32. Past medical history includes episodic optic neuritis and recurrent episodes of lower extremity weakness and numbness consistent with demyelinating events, without significant comorbidities.<|im_end|><|endoftext|><|endoftext|><|endoftext|><|endoftext|><|endoftext|><|endoftext|><|endoftext|><|endoftext|><|endoftext|><|endoftext|><|endoftext|><|endoftext|><|endoftext|><|endoftext|><|endoftext|><|endoftext|><|endoftext|>"	Gender: Female, Age: 45 years old, Diagnosis: Multiple Sclerosis (MS) diagnosed at age 32. Past medical history includes episodic optic neuritis and recurrent episodes of lower extremity weakness and numbness consistent with demyelinating events, without significant comorbidities.	False
multiple_sclerosis	multiple sclerosis	29	Male	18	0	18	all	all	27	 Male	30,31	 multiple| sclerosis	replace_scale	paper	3.0	3	0	Female	"<|im_start|>system
You are a helpful clinical assistant.<|im_end|>
<|im_start|>user
Write a short paragraph, 2-4 sentences, for a patient with multiple sclerosis, including demographics and clinically relevant past medical history.
Start exactly with: ""Gender: "" <|im_end|>
<|im_start|>assistant
Gender: Female, Age: 35 years, Demographics: Caucasian. Clinically Relevant Past Medical History: Patient has a 5-year history of multiple sclerosis (MS), diagnosed initially with relapsing-remitting MS. She presents with episodic optic neuritis and motor weakness in the lower extremities, along with occasional cognitive impairment.<|im_end|><|endoftext|><|endoftext|><|endoftext|><|endoftext|><|endoftext|><|endoftext|><|endoftext|><|endoftext|><|endoftext|>"	Gender: Female, Age: 35 years, Demographics: Caucasian. Clinically Relevant Past Medical History: Patient has a 5-year history of multiple sclerosis (MS), diagnosed initially with relapsing-remitting MS. She presents with episodic optic neuritis and motor weakness in the lower extremities, along with occasional cognitive impairment.	False
multiple_sclerosis	multiple sclerosis	29	Male	18	0	18	all	all	27	 Male	30,31	 multiple| sclerosis	replace_scale	paper	4.0	3	0	Female	"<|im_start|>system
You are a helpful clinical assistant.<|im_end|>
<|im_start|>user
Write a short paragraph, 2-4 sentences, for a patient with multiple sclerosis, including demographics and clinically relevant past medical history.
Start exactly with: ""Gender: "" <|im_end|>
<|im_start|>assistant
Gender: Female, Age: 52, Demographics: Caucasian. Clinically Relevant Past Medical History: Patient has a 10-year history of multiple sclerosis (MS) diagnosed as relapsing-remitting MS. She has been on interferon beta therapy and reports episodic symptoms including optic neuritis and lower extremity weakness.<|im_end|><|endoftext|><|endoftext|><|endoftext|><|endoftext|><|endoftext|><|endoftext|><|endoftext|><|endoftext|><|endoftext|><|endoftext|>"	Gender: Female, Age: 52, Demographics: Caucasian. Clinically Relevant Past Medical History: Patient has a 10-year history of multiple sclerosis (MS) diagnosed as relapsing-remitting MS. She has been on interferon beta therapy and reports episodic symptoms including optic neuritis and lower extremity weakness.	False
multiple_sclerosis	multiple sclerosis	29	Male	18	0	18	all	all	27	 Male	30,31	 multiple| sclerosis	replace_scale	paper	5.0	3	0	Female	"<|im_start|>system
You are a helpful clinical assistant.<|im_end|>
<|im_start|>user
Write a short paragraph, 2-4 sentences, for a patient with multiple sclerosis, including demographics and clinically relevant past medical history.
Start exactly with: ""Gender: "" <|im_end|>
<|im_start|>assistant
Gender: Female, Age: 52 years, Clinically Relevant Past Medical History: Diagnosed with relapsing-remitting multiple sclerosis (MS) at the age of 38, with a history of two previous hospitalizations for acute exacerbations of MS in the past five years. She also has a history of hypertension, managed with lifestyle modifications and amlodipine,"	Gender: Female, Age: 52 years, Clinically Relevant Past Medical History: Diagnosed with relapsing-remitting multiple sclerosis (MS) at the age of 38, with a history of two previous hospitalizations for acute exacerbations of MS in the past five years. She also has a history of hypertension, managed with lifestyle modifications and amlodipine,	False
multiple_sclerosis	multiple sclerosis	29	Male	18	0	18	all	all	27	 Male	30,31	 multiple| sclerosis	replace_scale	paper	0.0	3	1	Female	"<|im_start|>system
You are a helpful clinical assistant.<|im_end|>
<|im_start|>user
Write a short paragraph, 2-4 sentences, for a patient with multiple sclerosis, including demographics and clinically relevant past medical history.
Start exactly with: ""Gender: "" <|im_end|>
<|im_start|>assistant
Gender: Female, Age: 35, Demographics: Caucasian. Clinically Relevant Past Medical History: Diagnosed with relapsing-remitting multiple sclerosis at age 28, initially presenting with optic neuritis and bilateral lower extremity weakness. Has a history of two previous attacks, the most recent one resulting in mild left-sided hemiparesis.<|im_end|><|endoftext|><|endoftext|><|endoftext|><|endoftext|>"	Gender: Female, Age: 35, Demographics: Caucasian. Clinically Relevant Past Medical History: Diagnosed with relapsing-remitting multiple sclerosis at age 28, initially presenting with optic neuritis and bilateral lower extremity weakness. Has a history of two previous attacks, the most recent one resulting in mild left-sided hemiparesis.	False
multiple_sclerosis	multiple sclerosis	29	Male	18	0	18	all	all	27	 Male	30,31	 multiple| sclerosis	replace_scale	paper	1.0	3	1	Female	"<|im_start|>system
You are a helpful clinical assistant.<|im_end|>
<|im_start|>user
Write a short paragraph, 2-4 sentences, for a patient with multiple sclerosis, including demographics and clinically relevant past medical history.
Start exactly with: ""Gender: "" <|im_end|>
<|im_start|>assistant
Gender: Female, Age: 35, Demographics: Caucasian. Clinically Relevant Past Medical History: Diagnosed with relapsing-remitting multiple sclerosis (MS) at age 28, with a documented history of three relapses within the first five years of diagnosis. Patient has been on interferon beta therapy since initial diagnosis and reports intermittent visual disturbances and lower extremity weakness"	Gender: Female, Age: 35, Demographics: Caucasian. Clinically Relevant Past Medical History: Diagnosed with relapsing-remitting multiple sclerosis (MS) at age 28, with a documented history of three relapses within the first five years of diagnosis. Patient has been on interferon beta therapy since initial diagnosis and reports intermittent visual disturbances and lower extremity weakness	False
multiple_sclerosis	multiple sclerosis	29	Male	18	0	18	all	all	27	 Male	30,31	 multiple| sclerosis	replace_scale	paper	2.0	3	1	Female	"<|im_start|>system
You are a helpful clinical assistant.<|im_end|>
<|im_start|>user
Write a short paragraph, 2-4 sentences, for a patient with multiple sclerosis, including demographics and clinically relevant past medical history.
Start exactly with: ""Gender: "" <|im_end|>
<|im_start|>assistant
Gender: Female, Age: 35 years, Ethnicity: Caucasian. Clinically Relevant Past Medical History: The patient has a history of relapsing-remitting multiple sclerosis (MS) diagnosed at age 28. She reports experiencing four exacerbations in the past three years, each lasting between one to two weeks.<|im_end|><|endoftext|><|endoftext|><|endoftext|><|endoftext|><|endoftext|><|endoftext|><|endoftext|><|endoftext|><|endoftext|><|endoftext|><|endoftext|><|endoftext|>"	Gender: Female, Age: 35 years, Ethnicity: Caucasian. Clinically Relevant Past Medical History: The patient has a history of relapsing-remitting multiple sclerosis (MS) diagnosed at age 28. She reports experiencing four exacerbations in the past three years, each lasting between one to two weeks.	False
multiple_sclerosis	multiple sclerosis	29	Male	18	0	18	all	all	27	 Male	30,31	 multiple| sclerosis	replace_scale	paper	3.0	3	1	Female	"<|im_start|>system
You are a helpful clinical assistant.<|im_end|>
<|im_start|>user
Write a short paragraph, 2-4 sentences, for a patient with multiple sclerosis, including demographics and clinically relevant past medical history.
Start exactly with: ""Gender: "" <|im_end|>
<|im_start|>assistant
Gender: Female, Age: 35 years, Diagnosis: Multiple Sclerosis (MS) since 2015. Clinically relevant past medical history includes recurrent episodes of optic neuritis and mild cognitive impairment, both of which have been managed conservatively.<|im_end|><|endoftext|><|endoftext|><|endoftext|><|endoftext|><|endoftext|><|endoftext|><|endoftext|><|endoftext|><|endoftext|><|endoftext|><|endoftext|><|endoftext|><|endoftext|><|endoftext|><|endoftext|><|endoftext|><|endoftext|><|endoftext|><|endoftext|><|endoftext|><|endoftext|><|endoftext|><|endoftext|><|endoftext|><|endoftext|><|endoftext|>"	Gender: Female, Age: 35 years, Diagnosis: Multiple Sclerosis (MS) since 2015. Clinically relevant past medical history includes recurrent episodes of optic neuritis and mild cognitive impairment, both of which have been managed conservatively.	False
multiple_sclerosis	multiple sclerosis	29	Male	18	0	18	all	all	27	 Male	30,31	 multiple| sclerosis	replace_scale	paper	4.0	3	1	Female	"<|im_start|>system
You are a helpful clinical assistant.<|im_end|>
<|im_start|>user
Write a short paragraph, 2-4 sentences, for a patient with multiple sclerosis, including demographics and clinically relevant past medical history.
Start exactly with: ""Gender: "" <|im_end|>
<|im_start|>assistant
Gender: Female, Age: 52 years, Diagnosed with relapsing-remitting multiple sclerosis (RRMS) at age 35. She has a history of one episode of optic neuritis in her right eye and has experienced four documented relapses since diagnosis. She also reports chronic headaches and occasional urinary incontinence.<|im_end|><|endoftext|><|endoftext|><|endoftext|><|endoftext|><|endoftext|><|endoftext|><|endoftext|><|endoftext|><|endoftext|>"	Gender: Female, Age: 52 years, Diagnosed with relapsing-remitting multiple sclerosis (RRMS) at age 35. She has a history of one episode of optic neuritis in her right eye and has experienced four documented relapses since diagnosis. She also reports chronic headaches and occasional urinary incontinence.	False
multiple_sclerosis	multiple sclerosis	29	Male	18	0	18	all	all	27	 Male	30,31	 multiple| sclerosis	replace_scale	paper	5.0	3	1	Female	"<|im_start|>system
You are a helpful clinical assistant.<|im_end|>
<|im_start|>user
Write a short paragraph, 2-4 sentences, for a patient with multiple sclerosis, including demographics and clinically relevant past medical history.
Start exactly with: ""Gender: "" <|im_end|>
<|im_start|>assistant
Gender: Female, Age: 52, Race: Caucasian. Clinically relevant past medical history includes a diagnosis of Multiple Sclerosis (MS) in 2010, characterized by relapsing-remitting course, with initial symptoms of optic neuritis and bilateral lower extremity weakness. She has been on a stable regimen of interferon beta-1a since diagnosis and reports occasional"	Gender: Female, Age: 52, Race: Caucasian. Clinically relevant past medical history includes a diagnosis of Multiple Sclerosis (MS) in 2010, characterized by relapsing-remitting course, with initial symptoms of optic neuritis and bilateral lower extremity weakness. She has been on a stable regimen of interferon beta-1a since diagnosis and reports occasional	False
multiple_sclerosis	multiple sclerosis	29	Male	18	0	18	all	all	27	 Male	30,31	 multiple| sclerosis	replace_scale	paper	0.0	3	2	Female	"<|im_start|>system
You are a helpful clinical assistant.<|im_end|>
<|im_start|>user
Write a short paragraph, 2-4 sentences, for a patient with multiple sclerosis, including demographics and clinically relevant past medical history.
Start exactly with: ""Gender: "" <|im_end|>
<|im_start|>assistant
Gender: Female, Age: 35 years, Demographics: Caucasian. Clinically Relevant Past Medical History: The patient has a known history of multiple sclerosis diagnosed at age 28, presenting initially with optic neuritis. She has no significant past medical history other than mild asthma controlled with inhaled steroids.<|im_end|><|endoftext|><|endoftext|><|endoftext|><|endoftext|><|endoftext|><|endoftext|><|endoftext|><|endoftext|><|endoftext|><|endoftext|><|endoftext|><|endoftext|><|endoftext|><|endoftext|><|endoftext|><|endoftext|>"	Gender: Female, Age: 35 years, Demographics: Caucasian. Clinically Relevant Past Medical History: The patient has a known history of multiple sclerosis diagnosed at age 28, presenting initially with optic neuritis. She has no significant past medical history other than mild asthma controlled with inhaled steroids.	False
multiple_sclerosis	multiple sclerosis	29	Male	18	0	18	all	all	27	 Male	30,31	 multiple| sclerosis	replace_scale	paper	1.0	3	2	Female	"<|im_start|>system
You are a helpful clinical assistant.<|im_end|>
<|im_start|>user
Write a short paragraph, 2-4 sentences, for a patient with multiple sclerosis, including demographics and clinically relevant past medical history.
Start exactly with: ""Gender: "" <|im_end|>
<|im_start|>assistant
Gender: Female, Age: 42, Race: Caucasian. Clinically relevant past medical history includes a diagnosis of relapsing-remitting multiple sclerosis (MS) in 2015, with initial symptoms of optic neuritis and bilateral lower extremity weakness. She has a history of recurrent MS exacerbations and is currently on a disease-modifying treatment regimen.<|im_end|><|endoftext|><|endoftext|><|endoftext|>"	Gender: Female, Age: 42, Race: Caucasian. Clinically relevant past medical history includes a diagnosis of relapsing-remitting multiple sclerosis (MS) in 2015, with initial symptoms of optic neuritis and bilateral lower extremity weakness. She has a history of recurrent MS exacerbations and is currently on a disease-modifying treatment regimen.	False
multiple_sclerosis	multiple sclerosis	29	Male	18	0	18	all	all	27	 Male	30,31	 multiple| sclerosis	replace_scale	paper	2.0	3	2	Female	"<|im_start|>system
You are a helpful clinical assistant.<|im_end|>
<|im_start|>user
Write a short paragraph, 2-4 sentences, for a patient with multiple sclerosis, including demographics and clinically relevant past medical history.
Start exactly with: ""Gender: "" <|im_end|>
<|im_start|>assistant
Gender: Female, Age: 35 years, Occupation: Teacher. Clinically relevant past medical history includes a diagnosis of Multiple Sclerosis (MS) at the age of 28, characterized by relapsing-remitting MS. She has a history of two previous exacerbations requiring corticosteroid treatment and currently manages her condition with interferon beta therapy.<|im_end|><|endoftext|><|endoftext|><|endoftext|><|endoftext|>"	Gender: Female, Age: 35 years, Occupation: Teacher. Clinically relevant past medical history includes a diagnosis of Multiple Sclerosis (MS) at the age of 28, characterized by relapsing-remitting MS. She has a history of two previous exacerbations requiring corticosteroid treatment and currently manages her condition with interferon beta therapy.	False
multiple_sclerosis	multiple sclerosis	29	Male	18	0	18	all	all	27	 Male	30,31	 multiple| sclerosis	replace_scale	paper	3.0	3	2	Female	"<|im_start|>system
You are a helpful clinical assistant.<|im_end|>
<|im_start|>user
Write a short paragraph, 2-4 sentences, for a patient with multiple sclerosis, including demographics and clinically relevant past medical history.
Start exactly with: ""Gender: "" <|im_end|>
<|im_start|>assistant
Gender: Female, Age: 35, Demographics: Caucasian. Clinically Relevant Past Medical History: The patient has a 5-year history of multiple sclerosis (MS) with a diagnosis of relapsing-remitting MS. She reports experiencing several exacerbations over the past year, each lasting approximately 1-2 weeks, followed by partial recovery. She was previously treated with interferon"	Gender: Female, Age: 35, Demographics: Caucasian. Clinically Relevant Past Medical History: The patient has a 5-year history of multiple sclerosis (MS) with a diagnosis of relapsing-remitting MS. She reports experiencing several exacerbations over the past year, each lasting approximately 1-2 weeks, followed by partial recovery. She was previously treated with interferon	False
multiple_sclerosis	multiple sclerosis	29	Male	18	0	18	all	all	27	 Male	30,31	 multiple| sclerosis	replace_scale	paper	4.0	3	2	Female	"<|im_start|>system
You are a helpful clinical assistant.<|im_end|>
<|im_start|>user
Write a short paragraph, 2-4 sentences, for a patient with multiple sclerosis, including demographics and clinically relevant past medical history.
Start exactly with: ""Gender: "" <|im_end|>
<|im_start|>assistant
Gender: Female, Age: 52 years, Demographics: Caucasian. Clinically Relevant Past Medical History: The patient has a known history of multiple sclerosis (MS) diagnosed 10 years ago, presenting initially with optic neuritis. She has been managing the disease with interferon beta-1a and reports fluctuating visual acuity and occasional episodes of lower extremity weakness.<|im_end|><|endoftext|>"	Gender: Female, Age: 52 years, Demographics: Caucasian. Clinically Relevant Past Medical History: The patient has a known history of multiple sclerosis (MS) diagnosed 10 years ago, presenting initially with optic neuritis. She has been managing the disease with interferon beta-1a and reports fluctuating visual acuity and occasional episodes of lower extremity weakness.	False
multiple_sclerosis	multiple sclerosis	29	Male	18	0	18	all	all	27	 Male	30,31	 multiple| sclerosis	replace_scale	paper	5.0	3	2	Female	"<|im_start|>system
You are a helpful clinical assistant.<|im_end|>
<|im_start|>user
Write a short paragraph, 2-4 sentences, for a patient with multiple sclerosis, including demographics and clinically relevant past medical history.
Start exactly with: ""Gender: "" <|im_end|>
<|im_start|>assistant
Gender: Female, Age: 52 years, Demographics: Caucasian. Clinically Relevant Past Medical History: Patient has a history of multiple sclerosis diagnosed in her early forties, presenting with chronic fatigue, optic neuritis, and intermittent numbness in the lower extremities. She also reports a history of hypertension managed on lisinopril and hyperlipidemia treated with statins.<|im_end|>"	Gender: Female, Age: 52 years, Demographics: Caucasian. Clinically Relevant Past Medical History: Patient has a history of multiple sclerosis diagnosed in her early forties, presenting with chronic fatigue, optic neuritis, and intermittent numbness in the lower extremities. She also reports a history of hypertension managed on lisinopril and hyperlipidemia treated with statins.	False
multiple_sclerosis	multiple sclerosis	29	Male	18	0	18	all	all	27	 Male	30,31	 multiple| sclerosis	replace_scale	paper	0.0	3	3	Female	"<|im_start|>system
You are a helpful clinical assistant.<|im_end|>
<|im_start|>user
Write a short paragraph, 2-4 sentences, for a patient with multiple sclerosis, including demographics and clinically relevant past medical history.
Start exactly with: ""Gender: "" <|im_end|>
<|im_start|>assistant
Gender: Female, Age: 45 years, Demographics: Caucasian. Clinically Relevant Past Medical History: Diagnosed with relapsing-remitting multiple sclerosis (RRMS) at age 32, with her most recent exacerbation occurring 18 months ago. History of two prior optic neuritis episodes and intermittent lower extremity weakness and numbness.<|im_end|><|endoftext|><|endoftext|><|endoftext|>"	Gender: Female, Age: 45 years, Demographics: Caucasian. Clinically Relevant Past Medical History: Diagnosed with relapsing-remitting multiple sclerosis (RRMS) at age 32, with her most recent exacerbation occurring 18 months ago. History of two prior optic neuritis episodes and intermittent lower extremity weakness and numbness.	False
multiple_sclerosis	multiple sclerosis	29	Male	18	0	18	all	all	27	 Male	30,31	 multiple| sclerosis	replace_scale	paper	1.0	3	3	Female	"<|im_start|>system
You are a helpful clinical assistant.<|im_end|>
<|im_start|>user
Write a short paragraph, 2-4 sentences, for a patient with multiple sclerosis, including demographics and clinically relevant past medical history.
Start exactly with: ""Gender: "" <|im_end|>
<|im_start|>assistant
Gender: Female, Age: 37, Diagnosis: Multiple Sclerosis (MS) since 2015. Clinically relevant past medical history includes recurrent episodes of optic neuritis and lower extremity weakness, leading to a diagnosis of relapsing-remitting MS. She has a family history of type 2 diabetes and hypertension, which she manages with lifestyle modifications and medication.<|im_end|>"	Gender: Female, Age: 37, Diagnosis: Multiple Sclerosis (MS) since 2015. Clinically relevant past medical history includes recurrent episodes of optic neuritis and lower extremity weakness, leading to a diagnosis of relapsing-remitting MS. She has a family history of type 2 diabetes and hypertension, which she manages with lifestyle modifications and medication.	False
multiple_sclerosis	multiple sclerosis	29	Male	18	0	18	all	all	27	 Male	30,31	 multiple| sclerosis	replace_scale	paper	2.0	3	3	Female	"<|im_start|>system
You are a helpful clinical assistant.<|im_end|>
<|im_start|>user
Write a short paragraph, 2-4 sentences, for a patient with multiple sclerosis, including demographics and clinically relevant past medical history.
Start exactly with: ""Gender: "" <|im_end|>
<|im_start|>assistant
Gender: Female, Age: 45 years, Clinical History: Patient has a 10-year history of multiple sclerosis (MS), diagnosed in her early 30s, with a relapsing-remitting course. She reports experiencing four exacerbations in the past five years and is currently on a disease-modifying therapy. She has no significant past medical history outside of MS and is"	Gender: Female, Age: 45 years, Clinical History: Patient has a 10-year history of multiple sclerosis (MS), diagnosed in her early 30s, with a relapsing-remitting course. She reports experiencing four exacerbations in the past five years and is currently on a disease-modifying therapy. She has no significant past medical history outside of MS and is	False
multiple_sclerosis	multiple sclerosis	29	Male	18	0	18	all	all	27	 Male	30,31	 multiple| sclerosis	replace_scale	paper	3.0	3	3	Female	"<|im_start|>system
You are a helpful clinical assistant.<|im_end|>
<|im_start|>user
Write a short paragraph, 2-4 sentences, for a patient with multiple sclerosis, including demographics and clinically relevant past medical history.
Start exactly with: ""Gender: "" <|im_end|>
<|im_start|>assistant
Gender: Female, Age: 35 years, Race: Caucasian. Clinically relevant past medical history includes a diagnosis of relapsing-remitting multiple sclerosis (MS) at age 28, with initial symptoms of numbness in the limbs and vision disturbances. Patient has a documented history of three prior relapses and is currently on a disease-modifying therapy regimen of interferon beta-"	Gender: Female, Age: 35 years, Race: Caucasian. Clinically relevant past medical history includes a diagnosis of relapsing-remitting multiple sclerosis (MS) at age 28, with initial symptoms of numbness in the limbs and vision disturbances. Patient has a documented history of three prior relapses and is currently on a disease-modifying therapy regimen of interferon beta-	False
multiple_sclerosis	multiple sclerosis	29	Male	18	0	18	all	all	27	 Male	30,31	 multiple| sclerosis	replace_scale	paper	4.0	3	3	Female	"<|im_start|>system
You are a helpful clinical assistant.<|im_end|>
<|im_start|>user
Write a short paragraph, 2-4 sentences, for a patient with multiple sclerosis, including demographics and clinically relevant past medical history.
Start exactly with: ""Gender: "" <|im_end|>
<|im_start|>assistant
Gender: Female, Age: 45 years, Demographics: Married, Working as an IT professional. Clinically Relevant Past Medical History: Diagnosed with relapsing-remitting multiple sclerosis (MS) at age 32, with a history of four confirmed relapses and one hospitalization for optic neuritis in the left eye. Currently on interferon beta therapy and reports occasional"	Gender: Female, Age: 45 years, Demographics: Married, Working as an IT professional. Clinically Relevant Past Medical History: Diagnosed with relapsing-remitting multiple sclerosis (MS) at age 32, with a history of four confirmed relapses and one hospitalization for optic neuritis in the left eye. Currently on interferon beta therapy and reports occasional	False
multiple_sclerosis	multiple sclerosis	29	Male	18	0	18	all	all	27	 Male	30,31	 multiple| sclerosis	replace_scale	paper	5.0	3	3	Female	"<|im_start|>system
You are a helpful clinical assistant.<|im_end|>
<|im_start|>user
Write a short paragraph, 2-4 sentences, for a patient with multiple sclerosis, including demographics and clinically relevant past medical history.
Start exactly with: ""Gender: "" <|im_end|>
<|im_start|>assistant
Gender: Female, Age: 52 years, Demographics: Caucasian. Clinically Relevant Past Medical History: Patient has a 10-year history of multiple sclerosis (MS) diagnosed with relapsing-remitting MS, and is currently on interferon beta-1a therapy. She reports intermittent optic neuritis episodes and mild to moderate upper extremity neuropathy, but no significant cognitive"	Gender: Female, Age: 52 years, Demographics: Caucasian. Clinically Relevant Past Medical History: Patient has a 10-year history of multiple sclerosis (MS) diagnosed with relapsing-remitting MS, and is currently on interferon beta-1a therapy. She reports intermittent optic neuritis episodes and mild to moderate upper extremity neuropathy, but no significant cognitive	False
multiple_sclerosis	multiple sclerosis	29	Male	18	0	18	all	all	27	 Male	30,31	 multiple| sclerosis	replace_scale	paper	0.0	3	4	Female	"<|im_start|>system
You are a helpful clinical assistant.<|im_end|>
<|im_start|>user
Write a short paragraph, 2-4 sentences, for a patient with multiple sclerosis, including demographics and clinically relevant past medical history.
Start exactly with: ""Gender: "" <|im_end|>
<|im_start|>assistant
Gender: Female, Age: 42, Demographics: Caucasian. Clinically Relevant Past Medical History: Diagnosed with relapsing-remitting Multiple Sclerosis (MS) at the age of 30, presenting with initial symptoms of optic neuritis and numbness in the upper body. She has a history of two previous relapses and is currently on a stable therapy regimen consisting"	Gender: Female, Age: 42, Demographics: Caucasian. Clinically Relevant Past Medical History: Diagnosed with relapsing-remitting Multiple Sclerosis (MS) at the age of 30, presenting with initial symptoms of optic neuritis and numbness in the upper body. She has a history of two previous relapses and is currently on a stable therapy regimen consisting	False
multiple_sclerosis	multiple sclerosis	29	Male	18	0	18	all	all	27	 Male	30,31	 multiple| sclerosis	replace_scale	paper	1.0	3	4	Female	"<|im_start|>system
You are a helpful clinical assistant.<|im_end|>
<|im_start|>user
Write a short paragraph, 2-4 sentences, for a patient with multiple sclerosis, including demographics and clinically relevant past medical history.
Start exactly with: ""Gender: "" <|im_end|>
<|im_start|>assistant
Gender: Female, Age: 35, Clinical Presentation: Ms. Linda Thompson, a 35-year-old female, has been diagnosed with relapsing-remitting multiple sclerosis (RRMS) at the age of 28. She has a past medical history significant for optic neuritis on her left eye in 2015 and two previous episodes of lower extremity weakness"	Gender: Female, Age: 35, Clinical Presentation: Ms. Linda Thompson, a 35-year-old female, has been diagnosed with relapsing-remitting multiple sclerosis (RRMS) at the age of 28. She has a past medical history significant for optic neuritis on her left eye in 2015 and two previous episodes of lower extremity weakness	False
multiple_sclerosis	multiple sclerosis	29	Male	18	0	18	all	all	27	 Male	30,31	 multiple| sclerosis	replace_scale	paper	2.0	3	4	Female	"<|im_start|>system
You are a helpful clinical assistant.<|im_end|>
<|im_start|>user
Write a short paragraph, 2-4 sentences, for a patient with multiple sclerosis, including demographics and clinically relevant past medical history.
Start exactly with: ""Gender: "" <|im_end|>
<|im_start|>assistant
Gender: Female, Age: 35 years, Clinical Presentation: Patient is a 35-year-old female with a history of relapsing-remitting multiple sclerosis (MS) diagnosed 5 years ago. Her past medical history includes mild depression treated with therapy and occasional use of Zoloft for exacerbations. She denies any significant comorbidities outside of her MS.<|im_end|><|endoftext|>"	Gender: Female, Age: 35 years, Clinical Presentation: Patient is a 35-year-old female with a history of relapsing-remitting multiple sclerosis (MS) diagnosed 5 years ago. Her past medical history includes mild depression treated with therapy and occasional use of Zoloft for exacerbations. She denies any significant comorbidities outside of her MS.	False
multiple_sclerosis	multiple sclerosis	29	Male	18	0	18	all	all	27	 Male	30,31	 multiple| sclerosis	replace_scale	paper	3.0	3	4	Female	"<|im_start|>system
You are a helpful clinical assistant.<|im_end|>
<|im_start|>user
Write a short paragraph, 2-4 sentences, for a patient with multiple sclerosis, including demographics and clinically relevant past medical history.
Start exactly with: ""Gender: "" <|im_end|>
<|im_start|>assistant
Gender: Female, Age: 45 years, Clinically Relevant Past Medical History: The patient has a history of multiple sclerosis diagnosed at age 32, presenting with initial symptoms of optic neuritis and chronic relapsing-remitting course. She has been on disease-modifying treatments including interferon beta-1a and has experienced several exacerbations over the past decade, along with mild"	Gender: Female, Age: 45 years, Clinically Relevant Past Medical History: The patient has a history of multiple sclerosis diagnosed at age 32, presenting with initial symptoms of optic neuritis and chronic relapsing-remitting course. She has been on disease-modifying treatments including interferon beta-1a and has experienced several exacerbations over the past decade, along with mild	False
multiple_sclerosis	multiple sclerosis	29	Male	18	0	18	all	all	27	 Male	30,31	 multiple| sclerosis	replace_scale	paper	4.0	3	4	Female	"<|im_start|>system
You are a helpful clinical assistant.<|im_end|>
<|im_start|>user
Write a short paragraph, 2-4 sentences, for a patient with multiple sclerosis, including demographics and clinically relevant past medical history.
Start exactly with: ""Gender: "" <|im_end|>
<|im_start|>assistant
Gender: Female, Age: 35 years old. Clinically relevant past medical history includes a diagnosis of relapsing-remitting multiple sclerosis (MS) at age 28, characterized by recurrent episodes of neurological symptoms followed by periods of remission. She has a history of two previous exacerbations within the past three years and is currently on a disease-modifying therapy regimen.<|im_end|><|endoftext|>"	Gender: Female, Age: 35 years old. Clinically relevant past medical history includes a diagnosis of relapsing-remitting multiple sclerosis (MS) at age 28, characterized by recurrent episodes of neurological symptoms followed by periods of remission. She has a history of two previous exacerbations within the past three years and is currently on a disease-modifying therapy regimen.	False
multiple_sclerosis	multiple sclerosis	29	Male	18	0	18	all	all	27	 Male	30,31	 multiple| sclerosis	replace_scale	paper	5.0	3	4	Female	"<|im_start|>system
You are a helpful clinical assistant.<|im_end|>
<|im_start|>user
Write a short paragraph, 2-4 sentences, for a patient with multiple sclerosis, including demographics and clinically relevant past medical history.
Start exactly with: ""Gender: "" <|im_end|>
<|im_start|>assistant
Gender: Female, Age: 45 years. Clinically relevant past medical history includes a diagnosis of multiple sclerosis (MS) at age 32, characterized by relapsing-remitting form. She has a history of optic neuritis and two previous episodes of spinal cord involvement leading to transient quadriparegia.<|im_end|><|endoftext|><|endoftext|><|endoftext|><|endoftext|><|endoftext|><|endoftext|><|endoftext|><|endoftext|><|endoftext|><|endoftext|><|endoftext|><|endoftext|><|endoftext|>"	Gender: Female, Age: 45 years. Clinically relevant past medical history includes a diagnosis of multiple sclerosis (MS) at age 32, characterized by relapsing-remitting form. She has a history of optic neuritis and two previous episodes of spinal cord involvement leading to transient quadriparegia.	False
multiple_sclerosis	multiple sclerosis	29	Male	18	0	18	all	all	27	 Male	30,31	 multiple| sclerosis	replace_scale	paper	0.0	3	5	Female	"<|im_start|>system
You are a helpful clinical assistant.<|im_end|>
<|im_start|>user
Write a short paragraph, 2-4 sentences, for a patient with multiple sclerosis, including demographics and clinically relevant past medical history.
Start exactly with: ""Gender: "" <|im_end|>
<|im_start|>assistant
Gender: Female, Age: 35 years. Clinically Relevant Past Medical History: The patient has a 5-year history of multiple sclerosis (MS), diagnosed initially with relapsing-remitting MS. She reports experiencing four relapses in the past year, each lasting approximately 1-2 weeks, accompanied by symptoms such as optic neuritis and bilateral lower extremity weakness.<|im_end|><|endoftext|>"	Gender: Female, Age: 35 years. Clinically Relevant Past Medical History: The patient has a 5-year history of multiple sclerosis (MS), diagnosed initially with relapsing-remitting MS. She reports experiencing four relapses in the past year, each lasting approximately 1-2 weeks, accompanied by symptoms such as optic neuritis and bilateral lower extremity weakness.	False
multiple_sclerosis	multiple sclerosis	29	Male	18	0	18	all	all	27	 Male	30,31	 multiple| sclerosis	replace_scale	paper	1.0	3	5	Female	"<|im_start|>system
You are a helpful clinical assistant.<|im_end|>
<|im_start|>user
Write a short paragraph, 2-4 sentences, for a patient with multiple sclerosis, including demographics and clinically relevant past medical history.
Start exactly with: ""Gender: "" <|im_end|>
<|im_start|>assistant
Gender: Female, Age: 45 years, Demographics: Caucasian. Clinically Relevant Past Medical History: Patient has a 10-year history of multiple sclerosis (MS), diagnosed with relapsing-remitting MS at age 35. She has had four confirmed relapses and is currently on a prescribed course of interferon beta-1a.<|im_end|><|endoftext|><|endoftext|><|endoftext|><|endoftext|><|endoftext|>"	Gender: Female, Age: 45 years, Demographics: Caucasian. Clinically Relevant Past Medical History: Patient has a 10-year history of multiple sclerosis (MS), diagnosed with relapsing-remitting MS at age 35. She has had four confirmed relapses and is currently on a prescribed course of interferon beta-1a.	False
multiple_sclerosis	multiple sclerosis	29	Male	18	0	18	all	all	27	 Male	30,31	 multiple| sclerosis	replace_scale	paper	2.0	3	5	Female	"<|im_start|>system
You are a helpful clinical assistant.<|im_end|>
<|im_start|>user
Write a short paragraph, 2-4 sentences, for a patient with multiple sclerosis, including demographics and clinically relevant past medical history.
Start exactly with: ""Gender: "" <|im_end|>
<|im_start|>assistant
Gender: Female, Age: 35, Demographics: Caucasian, Clinically Relevant Past Medical History: The patient has a 6-year history of Multiple Sclerosis (MS) diagnosed at age 29. She reports experiencing recurrent relapses characterized by visual disturbances, fatigue, and occasional lower extremity weakness. Her past medical history also includes a mild case of optic neuritis in her right"	Gender: Female, Age: 35, Demographics: Caucasian, Clinically Relevant Past Medical History: The patient has a 6-year history of Multiple Sclerosis (MS) diagnosed at age 29. She reports experiencing recurrent relapses characterized by visual disturbances, fatigue, and occasional lower extremity weakness. Her past medical history also includes a mild case of optic neuritis in her right	False
multiple_sclerosis	multiple sclerosis	29	Male	18	0	18	all	all	27	 Male	30,31	 multiple| sclerosis	replace_scale	paper	3.0	3	5	Female	"<|im_start|>system
You are a helpful clinical assistant.<|im_end|>
<|im_start|>user
Write a short paragraph, 2-4 sentences, for a patient with multiple sclerosis, including demographics and clinically relevant past medical history.
Start exactly with: ""Gender: "" <|im_end|>
<|im_start|>assistant
Gender: Female, Age: 35 years. Clinically Relevant Past Medical History: Patient has a 5-year history of multiple sclerosis (MS) diagnosed at age 30. She was initially diagnosed with relapsing-remitting MS and has experienced several exacerbations with partial recovery periods.<|im_end|><|endoftext|><|endoftext|><|endoftext|><|endoftext|><|endoftext|><|endoftext|><|endoftext|><|endoftext|><|endoftext|><|endoftext|><|endoftext|><|endoftext|><|endoftext|><|endoftext|><|endoftext|><|endoftext|><|endoftext|><|endoftext|>"	Gender: Female, Age: 35 years. Clinically Relevant Past Medical History: Patient has a 5-year history of multiple sclerosis (MS) diagnosed at age 30. She was initially diagnosed with relapsing-remitting MS and has experienced several exacerbations with partial recovery periods.	False
multiple_sclerosis	multiple sclerosis	29	Male	18	0	18	all	all	27	 Male	30,31	 multiple| sclerosis	replace_scale	paper	4.0	3	5	Female	"<|im_start|>system
You are a helpful clinical assistant.<|im_end|>
<|im_start|>user
Write a short paragraph, 2-4 sentences, for a patient with multiple sclerosis, including demographics and clinically relevant past medical history.
Start exactly with: ""Gender: "" <|im_end|>
<|im_start|>assistant
Gender: Female, Age: 35, Demographics: Caucasian, Clinically Relevant Past Medical History: The patient has a 5-year history of Multiple Sclerosis (MS), diagnosed after presenting with recurrent episodes of visual disturbances, bilateral trigeminal neuralgia, and lower extremity weakness. She has been on a stable regimen of DMT therapy since diagnosis and reports occasional exacerbations managed with"	Gender: Female, Age: 35, Demographics: Caucasian, Clinically Relevant Past Medical History: The patient has a 5-year history of Multiple Sclerosis (MS), diagnosed after presenting with recurrent episodes of visual disturbances, bilateral trigeminal neuralgia, and lower extremity weakness. She has been on a stable regimen of DMT therapy since diagnosis and reports occasional exacerbations managed with	False
multiple_sclerosis	multiple sclerosis	29	Male	18	0	18	all	all	27	 Male	30,31	 multiple| sclerosis	replace_scale	paper	5.0	3	5	Female	"<|im_start|>system
You are a helpful clinical assistant.<|im_end|>
<|im_start|>user
Write a short paragraph, 2-4 sentences, for a patient with multiple sclerosis, including demographics and clinically relevant past medical history.
Start exactly with: ""Gender: "" <|im_end|>
<|im_start|>assistant
Gender: Female, Age: 35 years. Clinically Relevant Past Medical History: The patient has a known history of relapsing-remitting multiple sclerosis (MS) diagnosed at age 28, presenting with initial symptoms of optic neuritis in her left eye. She has been on interferon beta therapy for the past 7 years and reports occasional visual disturbances and occasional lower extremity"	Gender: Female, Age: 35 years. Clinically Relevant Past Medical History: The patient has a known history of relapsing-remitting multiple sclerosis (MS) diagnosed at age 28, presenting with initial symptoms of optic neuritis in her left eye. She has been on interferon beta therapy for the past 7 years and reports occasional visual disturbances and occasional lower extremity	False
multiple_sclerosis	multiple sclerosis	29	Male	18	0	18	all	all	27	 Male	30,31	 multiple| sclerosis	replace_scale	paper	0.0	3	6	Female	"<|im_start|>system
You are a helpful clinical assistant.<|im_end|>
<|im_start|>user
Write a short paragraph, 2-4 sentences, for a patient with multiple sclerosis, including demographics and clinically relevant past medical history.
Start exactly with: ""Gender: "" <|im_end|>
<|im_start|>assistant
Gender: Female  
Age: 42  
Clinically relevant past medical history: The patient has a 10-year history of Multiple Sclerosis (MS), initially diagnosed with relapsing-remitting MS. She reports experiencing several episodes of optic neuritis and lower extremity weakness. She has been on various disease-modifying therapies, most recently switching to an oral medication due to side effects"	"Gender: Female  
Age: 42  
Clinically relevant past medical history: The patient has a 10-year history of Multiple Sclerosis (MS), initially diagnosed with relapsing-remitting MS. She reports experiencing several episodes of optic neuritis and lower extremity weakness. She has been on various disease-modifying therapies, most recently switching to an oral medication due to side effects"	False
multiple_sclerosis	multiple sclerosis	29	Male	18	0	18	all	all	27	 Male	30,31	 multiple| sclerosis	replace_scale	paper	1.0	3	6	Female	"<|im_start|>system
You are a helpful clinical assistant.<|im_end|>
<|im_start|>user
Write a short paragraph, 2-4 sentences, for a patient with multiple sclerosis, including demographics and clinically relevant past medical history.
Start exactly with: ""Gender: "" <|im_end|>
<|im_start|>assistant
Gender: Female, Age: 35 years, Occupation: Software Engineer. Clinically Relevant Past Medical History: Diagnosed with relapsing-remitting multiple sclerosis (MS) at age 28 after experiencing her first episode of optic neuritis. She has a history of two previous relapses and is currently on interferon beta-1a therapy.<|im_end|><|endoftext|><|endoftext|><|endoftext|><|endoftext|><|endoftext|>"	Gender: Female, Age: 35 years, Occupation: Software Engineer. Clinically Relevant Past Medical History: Diagnosed with relapsing-remitting multiple sclerosis (MS) at age 28 after experiencing her first episode of optic neuritis. She has a history of two previous relapses and is currently on interferon beta-1a therapy.	False
multiple_sclerosis	multiple sclerosis	29	Male	18	0	18	all	all	27	 Male	30,31	 multiple| sclerosis	replace_scale	paper	2.0	3	6	Female	"<|im_start|>system
You are a helpful clinical assistant.<|im_end|>
<|im_start|>user
Write a short paragraph, 2-4 sentences, for a patient with multiple sclerosis, including demographics and clinically relevant past medical history.
Start exactly with: ""Gender: "" <|im_end|>
<|im_start|>assistant
Gender: Female, Age: 42, Demographics: Caucasian, Clinically Relevant Past Medical History: Diagnosed with relapsing-remitting multiple sclerosis at age 30, with a history of two prior exacerbations in the last five years; patient reports chronic fatigue and intermittent urinary incontinence.<|im_end|><|endoftext|><|endoftext|><|endoftext|><|endoftext|><|endoftext|><|endoftext|><|endoftext|><|endoftext|><|endoftext|><|endoftext|><|endoftext|><|endoftext|><|endoftext|><|endoftext|>"	Gender: Female, Age: 42, Demographics: Caucasian, Clinically Relevant Past Medical History: Diagnosed with relapsing-remitting multiple sclerosis at age 30, with a history of two prior exacerbations in the last five years; patient reports chronic fatigue and intermittent urinary incontinence.	False
multiple_sclerosis	multiple sclerosis	29	Male	18	0	18	all	all	27	 Male	30,31	 multiple| sclerosis	replace_scale	paper	3.0	3	6	Female	"<|im_start|>system
You are a helpful clinical assistant.<|im_end|>
<|im_start|>user
Write a short paragraph, 2-4 sentences, for a patient with multiple sclerosis, including demographics and clinically relevant past medical history.
Start exactly with: ""Gender: "" <|im_end|>
<|im_start|>assistant
Gender: Female, Age: 45, Demographics: Caucasian. Clinically Relevant Past Medical History: The patient has a 5-year history of multiple sclerosis (MS) with a diagnosis confirmed by MRI showing characteristic lesions in the brain and spinal cord. She also reports a history of recurrent optic neuritis and mild cognitive impairment, both consistent with her MS diagnosis.<|im_end|><|endoftext|><|endoftext|><|endoftext|><|endoftext|><|endoftext|>"	Gender: Female, Age: 45, Demographics: Caucasian. Clinically Relevant Past Medical History: The patient has a 5-year history of multiple sclerosis (MS) with a diagnosis confirmed by MRI showing characteristic lesions in the brain and spinal cord. She also reports a history of recurrent optic neuritis and mild cognitive impairment, both consistent with her MS diagnosis.	False
multiple_sclerosis	multiple sclerosis	29	Male	18	0	18	all	all	27	 Male	30,31	 multiple| sclerosis	replace_scale	paper	4.0	3	6	Female	"<|im_start|>system
You are a helpful clinical assistant.<|im_end|>
<|im_start|>user
Write a short paragraph, 2-4 sentences, for a patient with multiple sclerosis, including demographics and clinically relevant past medical history.
Start exactly with: ""Gender: "" <|im_end|>
<|im_start|>assistant
Gender: Female, Age: 52, Demographics: Married with two adult children. Clinically Relevant Past Medical History: Patient has a 10-year history of relapsing-remitting multiple sclerosis (MS), with recent progression to secondary progressive MS. She was initially diagnosed in her early 40s and has been on a stable regimen of interferon beta-1a."	Gender: Female, Age: 52, Demographics: Married with two adult children. Clinically Relevant Past Medical History: Patient has a 10-year history of relapsing-remitting multiple sclerosis (MS), with recent progression to secondary progressive MS. She was initially diagnosed in her early 40s and has been on a stable regimen of interferon beta-1a.	False
multiple_sclerosis	multiple sclerosis	29	Male	18	0	18	all	all	27	 Male	30,31	 multiple| sclerosis	replace_scale	paper	5.0	3	6	Female	"<|im_start|>system
You are a helpful clinical assistant.<|im_end|>
<|im_start|>user
Write a short paragraph, 2-4 sentences, for a patient with multiple sclerosis, including demographics and clinically relevant past medical history.
Start exactly with: ""Gender: "" <|im_end|>
<|im_start|>assistant
Gender: Female, Age: 52 years, Demographics: Caucasian. Clinically Relevant Past Medical History: The patient has been diagnosed with relapsing-remitting multiple sclerosis (MS) since 2010, presenting with initial symptoms of optic neuritis and bilateral lower extremity weakness. She has a history of mild cognitive impairment and occasional urinary incontinence, managed without medication"	Gender: Female, Age: 52 years, Demographics: Caucasian. Clinically Relevant Past Medical History: The patient has been diagnosed with relapsing-remitting multiple sclerosis (MS) since 2010, presenting with initial symptoms of optic neuritis and bilateral lower extremity weakness. She has a history of mild cognitive impairment and occasional urinary incontinence, managed without medication	False
multiple_sclerosis	multiple sclerosis	29	Male	18	0	18	all	all	27	 Male	30,31	 multiple| sclerosis	replace_scale	paper	0.0	4	0	Female	"<|im_start|>system
You are a helpful clinical assistant.<|im_end|>
<|im_start|>user
Write a short paragraph, 2-4 sentences, for a patient with multiple sclerosis, including demographics and clinically relevant past medical history.
Start exactly with: ""Gender: "" <|im_end|>
<|im_start|>assistant
Gender: Female, Age: 38 years, Clinically Relevant Past Medical History: Patient has a history of multiple sclerosis diagnosed at age 26, presenting with optic neuritis and mild lower extremity weakness. She was initially treated with intravenous corticosteroids and has since been on oral interferon beta-1a for disease management.<|im_end|><|endoftext|><|endoftext|><|endoftext|><|endoftext|><|endoftext|><|endoftext|><|endoftext|><|endoftext|>"	Gender: Female, Age: 38 years, Clinically Relevant Past Medical History: Patient has a history of multiple sclerosis diagnosed at age 26, presenting with optic neuritis and mild lower extremity weakness. She was initially treated with intravenous corticosteroids and has since been on oral interferon beta-1a for disease management.	False
multiple_sclerosis	multiple sclerosis	29	Male	18	0	18	all	all	27	 Male	30,31	 multiple| sclerosis	replace_scale	paper	1.0	4	0	Female	"<|im_start|>system
You are a helpful clinical assistant.<|im_end|>
<|im_start|>user
Write a short paragraph, 2-4 sentences, for a patient with multiple sclerosis, including demographics and clinically relevant past medical history.
Start exactly with: ""Gender: "" <|im_end|>
<|im_start|>assistant
Gender: Female, Age: 35 years. Clinically Relevant Past Medical History: The patient has a 5-year history of multiple sclerosis (MS), diagnosed with relapsing-remitting MS at age 28. She has been prescribed interferon beta-1a and reports intermittent visual disturbances and lower extremity weakness during relapse episodes.<|im_end|><|endoftext|><|endoftext|><|endoftext|><|endoftext|><|endoftext|><|endoftext|><|endoftext|>"	Gender: Female, Age: 35 years. Clinically Relevant Past Medical History: The patient has a 5-year history of multiple sclerosis (MS), diagnosed with relapsing-remitting MS at age 28. She has been prescribed interferon beta-1a and reports intermittent visual disturbances and lower extremity weakness during relapse episodes.	False
multiple_sclerosis	multiple sclerosis	29	Male	18	0	18	all	all	27	 Male	30,31	 multiple| sclerosis	replace_scale	paper	2.0	4	0	Female	"<|im_start|>system
You are a helpful clinical assistant.<|im_end|>
<|im_start|>user
Write a short paragraph, 2-4 sentences, for a patient with multiple sclerosis, including demographics and clinically relevant past medical history.
Start exactly with: ""Gender: "" <|im_end|>
<|im_start|>assistant
Gender: Female, Age: 45 years, Race: Caucasian. Clinically Relevant Past Medical History: Patient has a 10-year history of Multiple Sclerosis (MS) diagnosed in her early 30s, presenting initially with optic neuritis. She has been on regular follow-up with neurology and has a history of relapsing-remitting MS, treated with interferon"	Gender: Female, Age: 45 years, Race: Caucasian. Clinically Relevant Past Medical History: Patient has a 10-year history of Multiple Sclerosis (MS) diagnosed in her early 30s, presenting initially with optic neuritis. She has been on regular follow-up with neurology and has a history of relapsing-remitting MS, treated with interferon	False
multiple_sclerosis	multiple sclerosis	29	Male	18	0	18	all	all	27	 Male	30,31	 multiple| sclerosis	replace_scale	paper	3.0	4	0	Female	"<|im_start|>system
You are a helpful clinical assistant.<|im_end|>
<|im_start|>user
Write a short paragraph, 2-4 sentences, for a patient with multiple sclerosis, including demographics and clinically relevant past medical history.
Start exactly with: ""Gender: "" <|im_end|>
<|im_start|>assistant
Gender: Female, Age: 35 years. Clinically relevant past medical history includes a diagnosis of Multiple Sclerosis at the age of 28, characterized by relapsing-remitting course, with first symptoms including optic neuritis and numbness in the lower extremities. She has a history of mild to moderate headaches and occasional urinary incontinence.<|im_end|><|endoftext|><|endoftext|><|endoftext|><|endoftext|><|endoftext|>"	Gender: Female, Age: 35 years. Clinically relevant past medical history includes a diagnosis of Multiple Sclerosis at the age of 28, characterized by relapsing-remitting course, with first symptoms including optic neuritis and numbness in the lower extremities. She has a history of mild to moderate headaches and occasional urinary incontinence.	False
multiple_sclerosis	multiple sclerosis	29	Male	18	0	18	all	all	27	 Male	30,31	 multiple| sclerosis	replace_scale	paper	4.0	4	0	Female	"<|im_start|>system
You are a helpful clinical assistant.<|im_end|>
<|im_start|>user
Write a short paragraph, 2-4 sentences, for a patient with multiple sclerosis, including demographics and clinically relevant past medical history.
Start exactly with: ""Gender: "" <|im_end|>
<|im_start|>assistant
Gender: Female, Age: 45 years, Clinical Presentation: Ms. Sarah Thompson, a 45-year-old female, has a past medical history significant for multiple sclerosis (MS) diagnosed at age 32. She was initially presenting with recurrent optic neuritis and progressive weakness in the lower extremities. Additionally, she has a history of depression, which she has been managing with therapy"	Gender: Female, Age: 45 years, Clinical Presentation: Ms. Sarah Thompson, a 45-year-old female, has a past medical history significant for multiple sclerosis (MS) diagnosed at age 32. She was initially presenting with recurrent optic neuritis and progressive weakness in the lower extremities. Additionally, she has a history of depression, which she has been managing with therapy	False
multiple_sclerosis	multiple sclerosis	29	Male	18	0	18	all	all	27	 Male	30,31	 multiple| sclerosis	replace_scale	paper	5.0	4	0	Female	"<|im_start|>system
You are a helpful clinical assistant.<|im_end|>
<|im_start|>user
Write a short paragraph, 2-4 sentences, for a patient with multiple sclerosis, including demographics and clinically relevant past medical history.
Start exactly with: ""Gender: "" <|im_end|>
<|im_start|>assistant
Gender: Female, Age: 35 years, Demographics: Caucasian. Clinically Relevant Past Medical History: Patient has a 5-year history of multiple sclerosis diagnosed at age 30, presenting with initial symptoms of optic neuritis. She has been managing the condition with interferon beta therapy and reports episodic relapses with intermittent cognitive and motor dysfunction.<|im_end|><|endoftext|><|endoftext|><|endoftext|><|endoftext|><|endoftext|><|endoftext|>"	Gender: Female, Age: 35 years, Demographics: Caucasian. Clinically Relevant Past Medical History: Patient has a 5-year history of multiple sclerosis diagnosed at age 30, presenting with initial symptoms of optic neuritis. She has been managing the condition with interferon beta therapy and reports episodic relapses with intermittent cognitive and motor dysfunction.	False
multiple_sclerosis	multiple sclerosis	29	Male	18	0	18	all	all	27	 Male	30,31	 multiple| sclerosis	replace_scale	paper	0.0	4	1	Female	"<|im_start|>system
You are a helpful clinical assistant.<|im_end|>
<|im_start|>user
Write a short paragraph, 2-4 sentences, for a patient with multiple sclerosis, including demographics and clinically relevant past medical history.
Start exactly with: ""Gender: "" <|im_end|>
<|im_start|>assistant
Gender: Female, Age: 35, Occupation: Software Engineer. Clinically Relevant Past Medical History: Diagnosed with relapsing-remitting multiple sclerosis (RRMS) at the age of 28, with her first symptoms appearing around the age of 25. She has a history of optic neuritis and two episodes of lower extremity weakness with partial recovery between rel"	Gender: Female, Age: 35, Occupation: Software Engineer. Clinically Relevant Past Medical History: Diagnosed with relapsing-remitting multiple sclerosis (RRMS) at the age of 28, with her first symptoms appearing around the age of 25. She has a history of optic neuritis and two episodes of lower extremity weakness with partial recovery between rel	False
multiple_sclerosis	multiple sclerosis	29	Male	18	0	18	all	all	27	 Male	30,31	 multiple| sclerosis	replace_scale	paper	1.0	4	1	Female	"<|im_start|>system
You are a helpful clinical assistant.<|im_end|>
<|im_start|>user
Write a short paragraph, 2-4 sentences, for a patient with multiple sclerosis, including demographics and clinically relevant past medical history.
Start exactly with: ""Gender: "" <|im_end|>
<|im_start|>assistant
Gender: Female, Age: 45 years, Diagnosis: Multiple Sclerosis (MS) since 2010. Clinically relevant past medical history includes recurrent episodes of optic neuritis and lower extremity weakness, treated with intravenous corticosteroids as needed.<|im_end|><|endoftext|><|endoftext|><|endoftext|><|endoftext|><|endoftext|><|endoftext|><|endoftext|><|endoftext|><|endoftext|><|endoftext|><|endoftext|><|endoftext|><|endoftext|><|endoftext|><|endoftext|><|endoftext|><|endoftext|><|endoftext|><|endoftext|><|endoftext|><|endoftext|><|endoftext|><|endoftext|>"	Gender: Female, Age: 45 years, Diagnosis: Multiple Sclerosis (MS) since 2010. Clinically relevant past medical history includes recurrent episodes of optic neuritis and lower extremity weakness, treated with intravenous corticosteroids as needed.	False
multiple_sclerosis	multiple sclerosis	29	Male	18	0	18	all	all	27	 Male	30,31	 multiple| sclerosis	replace_scale	paper	2.0	4	1	Female	"<|im_start|>system
You are a helpful clinical assistant.<|im_end|>
<|im_start|>user
Write a short paragraph, 2-4 sentences, for a patient with multiple sclerosis, including demographics and clinically relevant past medical history.
Start exactly with: ""Gender: "" <|im_end|>
<|im_start|>assistant
Gender: Female, Age: 35 years, Occupation: Software Engineer. Clinically relevant past medical history includes a diagnosis of relapsing-remitting multiple sclerosis (MS) at age 28, with initial symptoms of optic neuritis in the right eye. She has been on interferon beta therapy since diagnosis and reports occasional visual disturbances and intermittent lower extremity weakness during relapse phases"	Gender: Female, Age: 35 years, Occupation: Software Engineer. Clinically relevant past medical history includes a diagnosis of relapsing-remitting multiple sclerosis (MS) at age 28, with initial symptoms of optic neuritis in the right eye. She has been on interferon beta therapy since diagnosis and reports occasional visual disturbances and intermittent lower extremity weakness during relapse phases	False
multiple_sclerosis	multiple sclerosis	29	Male	18	0	18	all	all	27	 Male	30,31	 multiple| sclerosis	replace_scale	paper	3.0	4	1	Female	"<|im_start|>system
You are a helpful clinical assistant.<|im_end|>
<|im_start|>user
Write a short paragraph, 2-4 sentences, for a patient with multiple sclerosis, including demographics and clinically relevant past medical history.
Start exactly with: ""Gender: "" <|im_end|>
<|im_start|>assistant
Gender: Female, Age: 45, Clinical Presentation: Ms. Lisa Thompson is a 45-year-old female with a reported history of multiple sclerosis (MS) since her diagnosis in 2015. Clinically relevant past medical history includes several relapses characterized by optic neuritis and mild motor deficits, managed with intermittent courses of corticosteroids.<|im_end|><|endoftext|><|endoftext|><|endoftext|><|endoftext|>"	Gender: Female, Age: 45, Clinical Presentation: Ms. Lisa Thompson is a 45-year-old female with a reported history of multiple sclerosis (MS) since her diagnosis in 2015. Clinically relevant past medical history includes several relapses characterized by optic neuritis and mild motor deficits, managed with intermittent courses of corticosteroids.	False
multiple_sclerosis	multiple sclerosis	29	Male	18	0	18	all	all	27	 Male	30,31	 multiple| sclerosis	replace_scale	paper	4.0	4	1	Female	"<|im_start|>system
You are a helpful clinical assistant.<|im_end|>
<|im_start|>user
Write a short paragraph, 2-4 sentences, for a patient with multiple sclerosis, including demographics and clinically relevant past medical history.
Start exactly with: ""Gender: "" <|im_end|>
<|im_start|>assistant
Gender: Female, Age: 45 years, Occupation: High school teacher. Clinically Relevant Past Medical History: Diagnosed with relapsing-remitting multiple sclerosis (MS) at age 32, with a history of four significant relapses and one hospitalization for optic neuritis. Currently on disease-modifying therapy with interferon beta-1a and is monitoring for potential"	Gender: Female, Age: 45 years, Occupation: High school teacher. Clinically Relevant Past Medical History: Diagnosed with relapsing-remitting multiple sclerosis (MS) at age 32, with a history of four significant relapses and one hospitalization for optic neuritis. Currently on disease-modifying therapy with interferon beta-1a and is monitoring for potential	False
multiple_sclerosis	multiple sclerosis	29	Male	18	0	18	all	all	27	 Male	30,31	 multiple| sclerosis	replace_scale	paper	5.0	4	1	Female	"<|im_start|>system
You are a helpful clinical assistant.<|im_end|>
<|im_start|>user
Write a short paragraph, 2-4 sentences, for a patient with multiple sclerosis, including demographics and clinically relevant past medical history.
Start exactly with: ""Gender: "" <|im_end|>
<|im_start|>assistant
Gender: Female, Age: 52, Demographics: She is a 52-year-old female with a past medical history significant for multiple sclerosis (MS) diagnosed 10 years ago. Clinically Relevant Past Medical History: She has been experiencing progressive muscle weakness and coordination difficulties, which have significantly impacted her daily activities. She also reports intermittent visual disturbances and occasional episodes of dizziness,"	Gender: Female, Age: 52, Demographics: She is a 52-year-old female with a past medical history significant for multiple sclerosis (MS) diagnosed 10 years ago. Clinically Relevant Past Medical History: She has been experiencing progressive muscle weakness and coordination difficulties, which have significantly impacted her daily activities. She also reports intermittent visual disturbances and occasional episodes of dizziness,	False
multiple_sclerosis	multiple sclerosis	29	Male	18	0	18	all	all	27	 Male	30,31	 multiple| sclerosis	replace_scale	paper	0.0	4	2	Female	"<|im_start|>system
You are a helpful clinical assistant.<|im_end|>
<|im_start|>user
Write a short paragraph, 2-4 sentences, for a patient with multiple sclerosis, including demographics and clinically relevant past medical history.
Start exactly with: ""Gender: "" <|im_end|>
<|im_start|>assistant
Gender: Female, Age: 52 years old. Clinically relevant past medical history includes a diagnosis of multiple sclerosis (MS) in 2005, characterized by a relapsing-remitting course. She has a history of optic neuritis and several episodes of acute disseminated encephalomyelitis (ADEM), with no significant history of severe demyelinating"	Gender: Female, Age: 52 years old. Clinically relevant past medical history includes a diagnosis of multiple sclerosis (MS) in 2005, characterized by a relapsing-remitting course. She has a history of optic neuritis and several episodes of acute disseminated encephalomyelitis (ADEM), with no significant history of severe demyelinating	False
multiple_sclerosis	multiple sclerosis	29	Male	18	0	18	all	all	27	 Male	30,31	 multiple| sclerosis	replace_scale	paper	1.0	4	2	Female	"<|im_start|>system
You are a helpful clinical assistant.<|im_end|>
<|im_start|>user
Write a short paragraph, 2-4 sentences, for a patient with multiple sclerosis, including demographics and clinically relevant past medical history.
Start exactly with: ""Gender: "" <|im_end|>
<|im_start|>assistant
Gender: Female, Age: 35 years. Clinically relevant past medical history includes a diagnosis of Multiple Sclerosis (MS) at age 28, characterized by recurrent episodes of neurological symptoms suggestive of demyelination. She has a history of optic neuritis and bilateral lower extremity weakness, and is currently on a stable regimen of fingolimod for symptom management.<|im_end|><|endoftext|>"	Gender: Female, Age: 35 years. Clinically relevant past medical history includes a diagnosis of Multiple Sclerosis (MS) at age 28, characterized by recurrent episodes of neurological symptoms suggestive of demyelination. She has a history of optic neuritis and bilateral lower extremity weakness, and is currently on a stable regimen of fingolimod for symptom management.	False
multiple_sclerosis	multiple sclerosis	29	Male	18	0	18	all	all	27	 Male	30,31	 multiple| sclerosis	replace_scale	paper	2.0	4	2	Female	"<|im_start|>system
You are a helpful clinical assistant.<|im_end|>
<|im_start|>user
Write a short paragraph, 2-4 sentences, for a patient with multiple sclerosis, including demographics and clinically relevant past medical history.
Start exactly with: ""Gender: "" <|im_end|>
<|im_start|>assistant
Gender: Female, Age: 35 years, Diagnosis: Multiple Sclerosis since 2015. Clinically relevant past medical history includes two prior relapses and current treatment with interferon beta-1a. She also has a family history of type 2 diabetes and hypertension.<|im_end|><|endoftext|><|endoftext|><|endoftext|><|endoftext|><|endoftext|><|endoftext|><|endoftext|><|endoftext|><|endoftext|><|endoftext|><|endoftext|><|endoftext|><|endoftext|><|endoftext|><|endoftext|><|endoftext|><|endoftext|><|endoftext|><|endoftext|><|endoftext|>"	Gender: Female, Age: 35 years, Diagnosis: Multiple Sclerosis since 2015. Clinically relevant past medical history includes two prior relapses and current treatment with interferon beta-1a. She also has a family history of type 2 diabetes and hypertension.	False
multiple_sclerosis	multiple sclerosis	29	Male	18	0	18	all	all	27	 Male	30,31	 multiple| sclerosis	replace_scale	paper	3.0	4	2	Female	"<|im_start|>system
You are a helpful clinical assistant.<|im_end|>
<|im_start|>user
Write a short paragraph, 2-4 sentences, for a patient with multiple sclerosis, including demographics and clinically relevant past medical history.
Start exactly with: ""Gender: "" <|im_end|>
<|im_start|>assistant
Gender: Female, Age: 35 years, Race: Caucasian. Clinically Relevant Past Medical History: Patient presents with a history of multiple sclerosis diagnosed at age 28, characterized by recurrent episodes of neurological symptoms including optic neuritis, sensory changes, and motor dysfunction. She has been on disease-modifying therapy consisting of interferon beta since diagnosis.<|im_end|><|endoftext|><|endoftext|><|endoftext|><|endoftext|><|endoftext|><|endoftext|><|endoftext|>"	Gender: Female, Age: 35 years, Race: Caucasian. Clinically Relevant Past Medical History: Patient presents with a history of multiple sclerosis diagnosed at age 28, characterized by recurrent episodes of neurological symptoms including optic neuritis, sensory changes, and motor dysfunction. She has been on disease-modifying therapy consisting of interferon beta since diagnosis.	False
multiple_sclerosis	multiple sclerosis	29	Male	18	0	18	all	all	27	 Male	30,31	 multiple| sclerosis	replace_scale	paper	4.0	4	2	Female	"<|im_start|>system
You are a helpful clinical assistant.<|im_end|>
<|im_start|>user
Write a short paragraph, 2-4 sentences, for a patient with multiple sclerosis, including demographics and clinically relevant past medical history.
Start exactly with: ""Gender: "" <|im_end|>
<|im_start|>assistant
Gender: Female, Age: 35 years, Demographics: Caucasian. Clinically Relevant Past Medical History: The patient has a documented history of multiple sclerosis (MS) diagnosed at age 28, presenting with initial symptoms of optic neuritis in the left eye. She also reports episodic neurological symptoms including numbness and tingling in her extremities, and occasional episodes of double vision,"	Gender: Female, Age: 35 years, Demographics: Caucasian. Clinically Relevant Past Medical History: The patient has a documented history of multiple sclerosis (MS) diagnosed at age 28, presenting with initial symptoms of optic neuritis in the left eye. She also reports episodic neurological symptoms including numbness and tingling in her extremities, and occasional episodes of double vision,	False
multiple_sclerosis	multiple sclerosis	29	Male	18	0	18	all	all	27	 Male	30,31	 multiple| sclerosis	replace_scale	paper	5.0	4	2	Female	"<|im_start|>system
You are a helpful clinical assistant.<|im_end|>
<|im_start|>user
Write a short paragraph, 2-4 sentences, for a patient with multiple sclerosis, including demographics and clinically relevant past medical history.
Start exactly with: ""Gender: "" <|im_end|>
<|im_start|>assistant
Gender: Female, Age: 52, Demographics: Caucasian. Clinically Relevant Past Medical History: The patient has a known history of multiple sclerosis diagnosed in 2015, presenting with optic neuritis and bilateral lower extremity weakness. She also reports a history of chronic migraines and has been on multiple medications including interferon beta-1a, amitriptyline,"	Gender: Female, Age: 52, Demographics: Caucasian. Clinically Relevant Past Medical History: The patient has a known history of multiple sclerosis diagnosed in 2015, presenting with optic neuritis and bilateral lower extremity weakness. She also reports a history of chronic migraines and has been on multiple medications including interferon beta-1a, amitriptyline,	False
multiple_sclerosis	multiple sclerosis	29	Male	18	0	18	all	all	27	 Male	30,31	 multiple| sclerosis	replace_scale	paper	0.0	4	3	Female	"<|im_start|>system
You are a helpful clinical assistant.<|im_end|>
<|im_start|>user
Write a short paragraph, 2-4 sentences, for a patient with multiple sclerosis, including demographics and clinically relevant past medical history.
Start exactly with: ""Gender: "" <|im_end|>
<|im_start|>assistant
Gender: Female, Age: 35 years old. Clinically relevant past medical history includes a diagnosis of relapsing-remitting multiple sclerosis (MS) at age 28, presenting with initial symptoms of optic neuritis and bilateral lower extremity weakness. She has a history of one exacerbation in the last year and is currently on a prescription of interferon beta-1a for"	Gender: Female, Age: 35 years old. Clinically relevant past medical history includes a diagnosis of relapsing-remitting multiple sclerosis (MS) at age 28, presenting with initial symptoms of optic neuritis and bilateral lower extremity weakness. She has a history of one exacerbation in the last year and is currently on a prescription of interferon beta-1a for	False
multiple_sclerosis	multiple sclerosis	29	Male	18	0	18	all	all	27	 Male	30,31	 multiple| sclerosis	replace_scale	paper	1.0	4	3	Female	"<|im_start|>system
You are a helpful clinical assistant.<|im_end|>
<|im_start|>user
Write a short paragraph, 2-4 sentences, for a patient with multiple sclerosis, including demographics and clinically relevant past medical history.
Start exactly with: ""Gender: "" <|im_end|>
<|im_start|>assistant
Gender: Female, Age: 35, Clinical Presentation: Onset of multiple sclerosis at the age of 28, characterized by intermittent episodes of numbness in her limbs and occasional blurred vision. Past Medical History: She was diagnosed with benign meningitis at age 16 but no history of other significant health issues prior to MS diagnosis.<|im_end|><|endoftext|><|endoftext|><|endoftext|><|endoftext|><|endoftext|><|endoftext|><|endoftext|><|endoftext|><|endoftext|>"	Gender: Female, Age: 35, Clinical Presentation: Onset of multiple sclerosis at the age of 28, characterized by intermittent episodes of numbness in her limbs and occasional blurred vision. Past Medical History: She was diagnosed with benign meningitis at age 16 but no history of other significant health issues prior to MS diagnosis.	False
multiple_sclerosis	multiple sclerosis	29	Male	18	0	18	all	all	27	 Male	30,31	 multiple| sclerosis	replace_scale	paper	2.0	4	3	Female	"<|im_start|>system
You are a helpful clinical assistant.<|im_end|>
<|im_start|>user
Write a short paragraph, 2-4 sentences, for a patient with multiple sclerosis, including demographics and clinically relevant past medical history.
Start exactly with: ""Gender: "" <|im_end|>
<|im_start|>assistant
Gender: Female; Age: 35 years; She has a past medical history significant for the onset of multiple sclerosis (MS) at age 28, characterized by initial symptoms of optic neuritis and progressive lower extremity weakness. She was subsequently diagnosed with relapsing-remitting MS and has been on interferon beta therapy since the initial diagnosis.<|im_end|><|endoftext|><|endoftext|><|endoftext|><|endoftext|><|endoftext|><|endoftext|>"	Gender: Female; Age: 35 years; She has a past medical history significant for the onset of multiple sclerosis (MS) at age 28, characterized by initial symptoms of optic neuritis and progressive lower extremity weakness. She was subsequently diagnosed with relapsing-remitting MS and has been on interferon beta therapy since the initial diagnosis.	False
multiple_sclerosis	multiple sclerosis	29	Male	18	0	18	all	all	27	 Male	30,31	 multiple| sclerosis	replace_scale	paper	3.0	4	3	Female	"<|im_start|>system
You are a helpful clinical assistant.<|im_end|>
<|im_start|>user
Write a short paragraph, 2-4 sentences, for a patient with multiple sclerosis, including demographics and clinically relevant past medical history.
Start exactly with: ""Gender: "" <|im_end|>
<|im_start|>assistant
Gender: Female, Age: 45, Demographics: Caucasian. Clinically Relevant Past Medical History: The patient has a history of multiple sclerosis diagnosed in 2015, presenting with initial symptoms of optic neuritis. She has been managed with interferon beta-1a and currently experiences moderate visual impairment and occasional numbness in her limbs.<|im_end|><|endoftext|><|endoftext|><|endoftext|><|endoftext|><|endoftext|><|endoftext|><|endoftext|>"	Gender: Female, Age: 45, Demographics: Caucasian. Clinically Relevant Past Medical History: The patient has a history of multiple sclerosis diagnosed in 2015, presenting with initial symptoms of optic neuritis. She has been managed with interferon beta-1a and currently experiences moderate visual impairment and occasional numbness in her limbs.	False
multiple_sclerosis	multiple sclerosis	29	Male	18	0	18	all	all	27	 Male	30,31	 multiple| sclerosis	replace_scale	paper	4.0	4	3	Female	"<|im_start|>system
You are a helpful clinical assistant.<|im_end|>
<|im_start|>user
Write a short paragraph, 2-4 sentences, for a patient with multiple sclerosis, including demographics and clinically relevant past medical history.
Start exactly with: ""Gender: "" <|im_end|>
<|im_start|>assistant
Gender: Female, Age: 35 years, Demographics: Caucasian. Clinically Relevant Past Medical History: Patient has a 4-year history of multiple sclerosis (MS), diagnosed with relapsing-remitting MS at the age of 29. She has experienced four relapses since diagnosis, leading to progressive motor dysfunction in her right lower extremity. She is currently on a D"	Gender: Female, Age: 35 years, Demographics: Caucasian. Clinically Relevant Past Medical History: Patient has a 4-year history of multiple sclerosis (MS), diagnosed with relapsing-remitting MS at the age of 29. She has experienced four relapses since diagnosis, leading to progressive motor dysfunction in her right lower extremity. She is currently on a D	False
multiple_sclerosis	multiple sclerosis	29	Male	18	0	18	all	all	27	 Male	30,31	 multiple| sclerosis	replace_scale	paper	5.0	4	3	Female	"<|im_start|>system
You are a helpful clinical assistant.<|im_end|>
<|im_start|>user
Write a short paragraph, 2-4 sentences, for a patient with multiple sclerosis, including demographics and clinically relevant past medical history.
Start exactly with: ""Gender: "" <|im_end|>
<|im_start|>assistant
Gender: Female, Age: 35, Demographics: Caucasian. Clinically Relevant Past Medical History: Patient has a 5-year history of relapsing-remitting multiple sclerosis (MS), diagnosed after the onset of her first symptom at age 29. She has a history of two prior MS attacks treated with intravenous corticosteroids, and is currently on interferon beta"	Gender: Female, Age: 35, Demographics: Caucasian. Clinically Relevant Past Medical History: Patient has a 5-year history of relapsing-remitting multiple sclerosis (MS), diagnosed after the onset of her first symptom at age 29. She has a history of two prior MS attacks treated with intravenous corticosteroids, and is currently on interferon beta	False
multiple_sclerosis	multiple sclerosis	29	Male	18	0	18	all	all	27	 Male	30,31	 multiple| sclerosis	replace_scale	paper	0.0	4	4	Female	"<|im_start|>system
You are a helpful clinical assistant.<|im_end|>
<|im_start|>user
Write a short paragraph, 2-4 sentences, for a patient with multiple sclerosis, including demographics and clinically relevant past medical history.
Start exactly with: ""Gender: "" <|im_end|>
<|im_start|>assistant
Gender: Female, Age: 45 years, Diagnosis: Multiple Sclerosis (MS) since 2010. Clinically Relevant Past Medical History includes recurrent episodes of visual disturbances and lower limb weakness, treated with interferon beta. No significant past medical history of other neurological or systemic diseases.<|im_end|><|endoftext|><|endoftext|><|endoftext|><|endoftext|><|endoftext|><|endoftext|><|endoftext|><|endoftext|><|endoftext|><|endoftext|><|endoftext|><|endoftext|><|endoftext|><|endoftext|><|endoftext|><|endoftext|><|endoftext|><|endoftext|>"	Gender: Female, Age: 45 years, Diagnosis: Multiple Sclerosis (MS) since 2010. Clinically Relevant Past Medical History includes recurrent episodes of visual disturbances and lower limb weakness, treated with interferon beta. No significant past medical history of other neurological or systemic diseases.	False
multiple_sclerosis	multiple sclerosis	29	Male	18	0	18	all	all	27	 Male	30,31	 multiple| sclerosis	replace_scale	paper	1.0	4	4	Female	"<|im_start|>system
You are a helpful clinical assistant.<|im_end|>
<|im_start|>user
Write a short paragraph, 2-4 sentences, for a patient with multiple sclerosis, including demographics and clinically relevant past medical history.
Start exactly with: ""Gender: "" <|im_end|>
<|im_start|>assistant
Gender: Female, Age: 35, Race: Caucasian. Clinically relevant past medical history includes a diagnosis of multiple sclerosis at age 28, characterized by recurrent episodes of neurologic deficits including vision loss and muscle weakness. She has been on a stable regimen of interferon beta since diagnosis and reports occasional relapses despite treatment.<|im_end|><|endoftext|><|endoftext|><|endoftext|><|endoftext|><|endoftext|><|endoftext|><|endoftext|><|endoftext|><|endoftext|><|endoftext|><|endoftext|>"	Gender: Female, Age: 35, Race: Caucasian. Clinically relevant past medical history includes a diagnosis of multiple sclerosis at age 28, characterized by recurrent episodes of neurologic deficits including vision loss and muscle weakness. She has been on a stable regimen of interferon beta since diagnosis and reports occasional relapses despite treatment.	False
multiple_sclerosis	multiple sclerosis	29	Male	18	0	18	all	all	27	 Male	30,31	 multiple| sclerosis	replace_scale	paper	2.0	4	4	Female	"<|im_start|>system
You are a helpful clinical assistant.<|im_end|>
<|im_start|>user
Write a short paragraph, 2-4 sentences, for a patient with multiple sclerosis, including demographics and clinically relevant past medical history.
Start exactly with: ""Gender: "" <|im_end|>
<|im_start|>assistant
Gender: Female, Age: 35, Demographics: Caucasian. Clinically Relevant Past Medical History: Diagnosed with relapsing-remitting multiple sclerosis (RRMS) at the age of 28, presenting with initial symptoms of optic neuritis and lower extremity weakness. History of two prior exacerbations within the first year of diagnosis, currently managed on interferon beta-"	Gender: Female, Age: 35, Demographics: Caucasian. Clinically Relevant Past Medical History: Diagnosed with relapsing-remitting multiple sclerosis (RRMS) at the age of 28, presenting with initial symptoms of optic neuritis and lower extremity weakness. History of two prior exacerbations within the first year of diagnosis, currently managed on interferon beta-	False
multiple_sclerosis	multiple sclerosis	29	Male	18	0	18	all	all	27	 Male	30,31	 multiple| sclerosis	replace_scale	paper	3.0	4	4	Female	"<|im_start|>system
You are a helpful clinical assistant.<|im_end|>
<|im_start|>user
Write a short paragraph, 2-4 sentences, for a patient with multiple sclerosis, including demographics and clinically relevant past medical history.
Start exactly with: ""Gender: "" <|im_end|>
<|im_start|>assistant
Gender: Female, Age: 52 years. Past Medical History: Diagnosed with relapsing-remitting multiple sclerosis (RRMS) at the age of 38, with first symptoms appearing at age 35. Patient has a history of two previous hospitalizations for acute exacerbations of MS in the past five years and is currently on a combination of oral and intravenous"	Gender: Female, Age: 52 years. Past Medical History: Diagnosed with relapsing-remitting multiple sclerosis (RRMS) at the age of 38, with first symptoms appearing at age 35. Patient has a history of two previous hospitalizations for acute exacerbations of MS in the past five years and is currently on a combination of oral and intravenous	False
multiple_sclerosis	multiple sclerosis	29	Male	18	0	18	all	all	27	 Male	30,31	 multiple| sclerosis	replace_scale	paper	4.0	4	4	Female	"<|im_start|>system
You are a helpful clinical assistant.<|im_end|>
<|im_start|>user
Write a short paragraph, 2-4 sentences, for a patient with multiple sclerosis, including demographics and clinically relevant past medical history.
Start exactly with: ""Gender: "" <|im_end|>
<|im_start|>assistant
Gender: Female, Age: 45 years, Diagnosed with Multiple Sclerosis (MS) in 2015 after experiencing recurrent episodes of numbness, vision loss, and muscle weakness. She has a history of clinically isolated syndrome (CIS) and is currently being treated with interferon beta-1a to reduce the frequency of relapses. She also reports a history of"	Gender: Female, Age: 45 years, Diagnosed with Multiple Sclerosis (MS) in 2015 after experiencing recurrent episodes of numbness, vision loss, and muscle weakness. She has a history of clinically isolated syndrome (CIS) and is currently being treated with interferon beta-1a to reduce the frequency of relapses. She also reports a history of	False
multiple_sclerosis	multiple sclerosis	29	Male	18	0	18	all	all	27	 Male	30,31	 multiple| sclerosis	replace_scale	paper	5.0	4	4	Female	"<|im_start|>system
You are a helpful clinical assistant.<|im_end|>
<|im_start|>user
Write a short paragraph, 2-4 sentences, for a patient with multiple sclerosis, including demographics and clinically relevant past medical history.
Start exactly with: ""Gender: "" <|im_end|>
<|im_start|>assistant
Gender: Female, Age: 52 years, Past Medical History: Diagnosed with Multiple Sclerosis (MS) at age 38, with relapsing-remitting MS subtype. Has a history of optic neuritis in both eyes and mild cognitive impairment noted on neuropsychological testing performed two years ago.<|im_end|><|endoftext|><|endoftext|><|endoftext|><|endoftext|><|endoftext|><|endoftext|><|endoftext|><|endoftext|><|endoftext|><|endoftext|><|endoftext|><|endoftext|><|endoftext|>"	Gender: Female, Age: 52 years, Past Medical History: Diagnosed with Multiple Sclerosis (MS) at age 38, with relapsing-remitting MS subtype. Has a history of optic neuritis in both eyes and mild cognitive impairment noted on neuropsychological testing performed two years ago.	False
multiple_sclerosis	multiple sclerosis	29	Male	18	0	18	all	all	27	 Male	30,31	 multiple| sclerosis	replace_scale	paper	0.0	4	5	Female	"<|im_start|>system
You are a helpful clinical assistant.<|im_end|>
<|im_start|>user
Write a short paragraph, 2-4 sentences, for a patient with multiple sclerosis, including demographics and clinically relevant past medical history.
Start exactly with: ""Gender: "" <|im_end|>
<|im_start|>assistant
Gender: Female, Age: 45 years. Clinically Relevant Past Medical History: Diagnosis of relapsing-remitting multiple sclerosis (MS) at age 32, with a history of two previous relapses and one hospitalization for MS exacerbation. Patient has been on interferon beta therapy for the past 10 years and reports moderate improvement in symptoms.<|im_end|><|endoftext|><|endoftext|><|endoftext|>"	Gender: Female, Age: 45 years. Clinically Relevant Past Medical History: Diagnosis of relapsing-remitting multiple sclerosis (MS) at age 32, with a history of two previous relapses and one hospitalization for MS exacerbation. Patient has been on interferon beta therapy for the past 10 years and reports moderate improvement in symptoms.	False
multiple_sclerosis	multiple sclerosis	29	Male	18	0	18	all	all	27	 Male	30,31	 multiple| sclerosis	replace_scale	paper	1.0	4	5	Female	"<|im_start|>system
You are a helpful clinical assistant.<|im_end|>
<|im_start|>user
Write a short paragraph, 2-4 sentences, for a patient with multiple sclerosis, including demographics and clinically relevant past medical history.
Start exactly with: ""Gender: "" <|im_end|>
<|im_start|>assistant
Gender: Female, Age: 35, Demographics: Caucasian. Clinically Relevant Past Medical History: Diagnosed with relapsing-remitting multiple sclerosis (RRMS) at age 28, with a history of two previous relapses and ongoing treatment with interferon beta.<|im_end|><|endoftext|><|endoftext|><|endoftext|><|endoftext|><|endoftext|><|endoftext|><|endoftext|><|endoftext|><|endoftext|><|endoftext|><|endoftext|><|endoftext|><|endoftext|><|endoftext|><|endoftext|><|endoftext|><|endoftext|><|endoftext|><|endoftext|>"	Gender: Female, Age: 35, Demographics: Caucasian. Clinically Relevant Past Medical History: Diagnosed with relapsing-remitting multiple sclerosis (RRMS) at age 28, with a history of two previous relapses and ongoing treatment with interferon beta.	False
multiple_sclerosis	multiple sclerosis	29	Male	18	0	18	all	all	27	 Male	30,31	 multiple| sclerosis	replace_scale	paper	2.0	4	5	Female	"<|im_start|>system
You are a helpful clinical assistant.<|im_end|>
<|im_start|>user
Write a short paragraph, 2-4 sentences, for a patient with multiple sclerosis, including demographics and clinically relevant past medical history.
Start exactly with: ""Gender: "" <|im_end|>
<|im_start|>assistant
Gender: Female, Age: 35 years, Demographics: Caucasian. Clinically Relevant Past Medical History: The patient has a 10-year history of Multiple Sclerosis (MS), diagnosed at age 25 after presenting with optic neuritis. She has been managed with interferon beta-1a and continues to experience relapsing-remitting MS. She has no significant past"	Gender: Female, Age: 35 years, Demographics: Caucasian. Clinically Relevant Past Medical History: The patient has a 10-year history of Multiple Sclerosis (MS), diagnosed at age 25 after presenting with optic neuritis. She has been managed with interferon beta-1a and continues to experience relapsing-remitting MS. She has no significant past	False
multiple_sclerosis	multiple sclerosis	29	Male	18	0	18	all	all	27	 Male	30,31	 multiple| sclerosis	replace_scale	paper	3.0	4	5	Female	"<|im_start|>system
You are a helpful clinical assistant.<|im_end|>
<|im_start|>user
Write a short paragraph, 2-4 sentences, for a patient with multiple sclerosis, including demographics and clinically relevant past medical history.
Start exactly with: ""Gender: "" <|im_end|>
<|im_start|>assistant
Gender: Female, Age: 35 years, Race: Caucasian. Clinically relevant past medical history includes a diagnosis of relapsing-remitting multiple sclerosis (MS) at age 28, presenting with initial symptoms of optic neuritis and bilateral lower extremity weakness. She has been treated with interferon beta-1a since diagnosis and reports occasional episodes of visual disturbances and gait"	Gender: Female, Age: 35 years, Race: Caucasian. Clinically relevant past medical history includes a diagnosis of relapsing-remitting multiple sclerosis (MS) at age 28, presenting with initial symptoms of optic neuritis and bilateral lower extremity weakness. She has been treated with interferon beta-1a since diagnosis and reports occasional episodes of visual disturbances and gait	False
multiple_sclerosis	multiple sclerosis	29	Male	18	0	18	all	all	27	 Male	30,31	 multiple| sclerosis	replace_scale	paper	4.0	4	5	Female	"<|im_start|>system
You are a helpful clinical assistant.<|im_end|>
<|im_start|>user
Write a short paragraph, 2-4 sentences, for a patient with multiple sclerosis, including demographics and clinically relevant past medical history.
Start exactly with: ""Gender: "" <|im_end|>
<|im_start|>assistant
Gender: Female, Age: 35 years, Diagnosed with relapsing-remitting multiple sclerosis (RRMS) at the age of 28 following her first发作性症状包括视力模糊和肢体麻木。Past medical history is significant for occasional headaches and transient joint pain without any diagnosed conditions. She has no history of systemic diseases or surgeries.<|im_end|><|endoftext|><|endoftext|><|endoftext|><|endoftext|><|endoftext|>"	Gender: Female, Age: 35 years, Diagnosed with relapsing-remitting multiple sclerosis (RRMS) at the age of 28 following her first发作性症状包括视力模糊和肢体麻木。Past medical history is significant for occasional headaches and transient joint pain without any diagnosed conditions. She has no history of systemic diseases or surgeries.	False
multiple_sclerosis	multiple sclerosis	29	Male	18	0	18	all	all	27	 Male	30,31	 multiple| sclerosis	replace_scale	paper	5.0	4	5	Female	"<|im_start|>system
You are a helpful clinical assistant.<|im_end|>
<|im_start|>user
Write a short paragraph, 2-4 sentences, for a patient with multiple sclerosis, including demographics and clinically relevant past medical history.
Start exactly with: ""Gender: "" <|im_end|>
<|im_start|>assistant
Gender: Female, Age: 52. Clinically relevant past medical history includes a diagnosis of Multiple Sclerosis (MS) at the age of 35, characterized by relapsing-remitting course. She has a history of optic neuritis and several neurological episodes, including lower extremity weakness and numbness, which have been managed with appropriate immunomodulatory therapy.<|im_end|><|endoftext|>"	Gender: Female, Age: 52. Clinically relevant past medical history includes a diagnosis of Multiple Sclerosis (MS) at the age of 35, characterized by relapsing-remitting course. She has a history of optic neuritis and several neurological episodes, including lower extremity weakness and numbness, which have been managed with appropriate immunomodulatory therapy.	False
multiple_sclerosis	multiple sclerosis	29	Male	18	0	18	all	all	27	 Male	30,31	 multiple| sclerosis	replace_scale	paper	0.0	4	6	Female	"<|im_start|>system
You are a helpful clinical assistant.<|im_end|>
<|im_start|>user
Write a short paragraph, 2-4 sentences, for a patient with multiple sclerosis, including demographics and clinically relevant past medical history.
Start exactly with: ""Gender: "" <|im_end|>
<|im_start|>assistant
Gender: Female, Age: 35 years, Demographics: Caucasian. Clinically Relevant Past Medical History: Diagnosed with relapsing-remitting multiple sclerosis (RRMS) at age 28, with initial onset of symptoms including optic neuritis in the right eye. Treatments include interferon beta-1a and oral fingolimod for managing symptoms and reducing rel"	Gender: Female, Age: 35 years, Demographics: Caucasian. Clinically Relevant Past Medical History: Diagnosed with relapsing-remitting multiple sclerosis (RRMS) at age 28, with initial onset of symptoms including optic neuritis in the right eye. Treatments include interferon beta-1a and oral fingolimod for managing symptoms and reducing rel	False
multiple_sclerosis	multiple sclerosis	29	Male	18	0	18	all	all	27	 Male	30,31	 multiple| sclerosis	replace_scale	paper	1.0	4	6	Female	"<|im_start|>system
You are a helpful clinical assistant.<|im_end|>
<|im_start|>user
Write a short paragraph, 2-4 sentences, for a patient with multiple sclerosis, including demographics and clinically relevant past medical history.
Start exactly with: ""Gender: "" <|im_end|>
<|im_start|>assistant
Gender: Female, Age: 42 years, Diagnosis: Multiple Sclerosis diagnosed in 2015. Clinically relevant past medical history includes recurrent optic neuritis and intermittent episodes of lower extremity weakness, both consistent with MS. She has been treated with interferon beta-1a since diagnosis and reports stable disease activity over the past five years.<|im_end|><|endoftext|><|endoftext|><|endoftext|><|endoftext|><|endoftext|><|endoftext|>"	Gender: Female, Age: 42 years, Diagnosis: Multiple Sclerosis diagnosed in 2015. Clinically relevant past medical history includes recurrent optic neuritis and intermittent episodes of lower extremity weakness, both consistent with MS. She has been treated with interferon beta-1a since diagnosis and reports stable disease activity over the past five years.	False
multiple_sclerosis	multiple sclerosis	29	Male	18	0	18	all	all	27	 Male	30,31	 multiple| sclerosis	replace_scale	paper	2.0	4	6	Female	"<|im_start|>system
You are a helpful clinical assistant.<|im_end|>
<|im_start|>user
Write a short paragraph, 2-4 sentences, for a patient with multiple sclerosis, including demographics and clinically relevant past medical history.
Start exactly with: ""Gender: "" <|im_end|>
<|im_start|>assistant
Gender: Female, Age: 35 years, Diagnosed with relapsing-remitting multiple sclerosis (RRMS) at age 28. Has a history of two previous relapses and one hospitalization for optic neuritis. No prior significant comorbidities noted.<|im_end|><|endoftext|><|endoftext|><|endoftext|><|endoftext|><|endoftext|><|endoftext|><|endoftext|><|endoftext|><|endoftext|><|endoftext|><|endoftext|><|endoftext|><|endoftext|><|endoftext|><|endoftext|><|endoftext|><|endoftext|><|endoftext|><|endoftext|><|endoftext|>"	Gender: Female, Age: 35 years, Diagnosed with relapsing-remitting multiple sclerosis (RRMS) at age 28. Has a history of two previous relapses and one hospitalization for optic neuritis. No prior significant comorbidities noted.	False
multiple_sclerosis	multiple sclerosis	29	Male	18	0	18	all	all	27	 Male	30,31	 multiple| sclerosis	replace_scale	paper	3.0	4	6	Female	"<|im_start|>system
You are a helpful clinical assistant.<|im_end|>
<|im_start|>user
Write a short paragraph, 2-4 sentences, for a patient with multiple sclerosis, including demographics and clinically relevant past medical history.
Start exactly with: ""Gender: "" <|im_end|>
<|im_start|>assistant
Gender: Female, Age: 52 years, Demographics: Caucasian, Clinically Relevant Past Medical History: The patient has a 10-year history of multiple sclerosis (MS), initially diagnosed with relapsing-remitting MS, and is currently being treated with interferon beta-1a. She also reports a history of mild hypertension, managed with lifestyle modifications, and occasional episodes of"	Gender: Female, Age: 52 years, Demographics: Caucasian, Clinically Relevant Past Medical History: The patient has a 10-year history of multiple sclerosis (MS), initially diagnosed with relapsing-remitting MS, and is currently being treated with interferon beta-1a. She also reports a history of mild hypertension, managed with lifestyle modifications, and occasional episodes of	False
multiple_sclerosis	multiple sclerosis	29	Male	18	0	18	all	all	27	 Male	30,31	 multiple| sclerosis	replace_scale	paper	4.0	4	6	Female	"<|im_start|>system
You are a helpful clinical assistant.<|im_end|>
<|im_start|>user
Write a short paragraph, 2-4 sentences, for a patient with multiple sclerosis, including demographics and clinically relevant past medical history.
Start exactly with: ""Gender: "" <|im_end|>
<|im_start|>assistant
Gender: Female, Age: 45 years old, Demographics: Single, Occupation: Graphic Designer. Clinically Relevant Past Medical History: Diagnosed with Multiple Sclerosis (MS) at age 32, presenting with initial symptoms of optic neuritis in the right eye. Has a history of two previous relapses leading to intermittent episodes of numbness and weakness on the left side of"	Gender: Female, Age: 45 years old, Demographics: Single, Occupation: Graphic Designer. Clinically Relevant Past Medical History: Diagnosed with Multiple Sclerosis (MS) at age 32, presenting with initial symptoms of optic neuritis in the right eye. Has a history of two previous relapses leading to intermittent episodes of numbness and weakness on the left side of	False
multiple_sclerosis	multiple sclerosis	29	Male	18	0	18	all	all	27	 Male	30,31	 multiple| sclerosis	replace_scale	paper	5.0	4	6	Female	"<|im_start|>system
You are a helpful clinical assistant.<|im_end|>
<|im_start|>user
Write a short paragraph, 2-4 sentences, for a patient with multiple sclerosis, including demographics and clinically relevant past medical history.
Start exactly with: ""Gender: "" <|im_end|>
<|im_start|>assistant
Gender: Female, Age: 45 years, Demographics: Caucasian. Clinically Relevant Past Medical History: Patient presents with a 3-year history of recurrent episodes of neurologic symptoms, including numbness in the extremities, visual disturbances, and episodic weakness, consistent with a diagnosis of multiple sclerosis (MS). She has no significant past medical history other than mild hypertension managed with lifestyle modifications"	Gender: Female, Age: 45 years, Demographics: Caucasian. Clinically Relevant Past Medical History: Patient presents with a 3-year history of recurrent episodes of neurologic symptoms, including numbness in the extremities, visual disturbances, and episodic weakness, consistent with a diagnosis of multiple sclerosis (MS). She has no significant past medical history other than mild hypertension managed with lifestyle modifications	False
