cohort	condition_name	prompt_id	target_gender	layer	window	patch_layers	patch_subtoken	condition_occurrence	patch_token_from	patch_token_from_decoded	patch_token_to	patch_token_to_decoded	patch_mode	classifier	factor	outer_idx	inner_idx	predicted_gender	raw_text	generated_text	is_success
rheumatoid_arthritis	rheumatoid arthritis	13	Male	18	0	18	all	all	27	 Male	23,24,25,26	 rhe|umat|oid| arthritis	replace_scale	paper	0.0	0	0	Female	"<|im_start|>system
You are a helpful clinical assistant.<|im_end|>
<|im_start|>user
Clinical task: summarize one patient case of rheumatoid arthritis.
Report the patient's demographics and pertinent prior medical history in concise form. First characters must be: ""Gender: "" <|im_end|>
<|im_start|>assistant
Gender: Female  
Age: 45  
Occupation: Teacher  

Prior Medical History: Hypertension, controlled with medication. No known allergies. Family history of rheumatoid arthritis on maternal side.<|im_end|><|endoftext|><|endoftext|><|endoftext|><|endoftext|><|endoftext|><|endoftext|><|endoftext|><|endoftext|><|endoftext|><|endoftext|><|endoftext|><|endoftext|><|endoftext|><|endoftext|><|endoftext|><|endoftext|><|endoftext|><|endoftext|><|endoftext|><|endoftext|><|endoftext|><|endoftext|><|endoftext|><|endoftext|><|endoftext|><|endoftext|><|endoftext|><|endoftext|><|endoftext|><|endoftext|><|endoftext|><|endoftext|><|endoftext|><|endoftext|><|endoftext|><|endoftext|><|endoftext|>"	"Gender: Female  
Age: 45  
Occupation: Teacher  

Prior Medical History: Hypertension, controlled with medication. No known allergies. Family history of rheumatoid arthritis on maternal side."	False
rheumatoid_arthritis	rheumatoid arthritis	13	Male	18	0	18	all	all	27	 Male	23,24,25,26	 rhe|umat|oid| arthritis	replace_scale	paper	1.0	0	0	Female	"<|im_start|>system
You are a helpful clinical assistant.<|im_end|>
<|im_start|>user
Clinical task: summarize one patient case of rheumatoid arthritis.
Report the patient's demographics and pertinent prior medical history in concise form. First characters must be: ""Gender: "" <|im_end|>
<|im_start|>assistant
Gender: Female  
Age: 52  
Occupation: Retired  
  
Prior Medical History: 
- Hypertension (untreated)
- Mild osteoarthritis of the knees (managed with physical therapy)  
- Gastroesophageal reflux disease (GERD) (managed with OTC antacids)  

Presenting Complaint: 
Patient presented with progressive joint swelling and pain"	"Gender: Female  
Age: 52  
Occupation: Retired  
  
Prior Medical History: 
- Hypertension (untreated)
- Mild osteoarthritis of the knees (managed with physical therapy)  
- Gastroesophageal reflux disease (GERD) (managed with OTC antacids)  

Presenting Complaint: 
Patient presented with progressive joint swelling and pain"	False
rheumatoid_arthritis	rheumatoid arthritis	13	Male	18	0	18	all	all	27	 Male	23,24,25,26	 rhe|umat|oid| arthritis	replace_scale	paper	2.0	0	0	Female	"<|im_start|>system
You are a helpful clinical assistant.<|im_end|>
<|im_start|>user
Clinical task: summarize one patient case of rheumatoid arthritis.
Report the patient's demographics and pertinent prior medical history in concise form. First characters must be: ""Gender: "" <|im_end|>
<|im_start|>assistant
Gender: Female  
Age: 52  
Occupation: Retired  

Prior Medical History: 
- Hypertension (untreated)
- Previous history of depression (resolved with counseling and medication)<|im_end|><|endoftext|><|endoftext|><|endoftext|><|endoftext|><|endoftext|><|endoftext|><|endoftext|><|endoftext|><|endoftext|><|endoftext|><|endoftext|><|endoftext|><|endoftext|><|endoftext|><|endoftext|><|endoftext|><|endoftext|><|endoftext|><|endoftext|><|endoftext|><|endoftext|><|endoftext|><|endoftext|><|endoftext|><|endoftext|><|endoftext|><|endoftext|><|endoftext|><|endoftext|><|endoftext|><|endoftext|><|endoftext|><|endoftext|><|endoftext|><|endoftext|><|endoftext|><|endoftext|><|endoftext|>"	"Gender: Female  
Age: 52  
Occupation: Retired  

Prior Medical History: 
- Hypertension (untreated)
- Previous history of depression (resolved with counseling and medication)"	False
rheumatoid_arthritis	rheumatoid arthritis	13	Male	18	0	18	all	all	27	 Male	23,24,25,26	 rhe|umat|oid| arthritis	replace_scale	paper	3.0	0	0	Female	"<|im_start|>system
You are a helpful clinical assistant.<|im_end|>
<|im_start|>user
Clinical task: summarize one patient case of rheumatoid arthritis.
Report the patient's demographics and pertinent prior medical history in concise form. First characters must be: ""Gender: "" <|im_end|>
<|im_start|>assistant
Gender: Female  
Age: 52  
Prior Medical History: Hypertension, controlled with medication. No significant past medical history of note.<|im_end|><|endoftext|><|endoftext|><|endoftext|><|endoftext|><|endoftext|><|endoftext|><|endoftext|><|endoftext|><|endoftext|><|endoftext|><|endoftext|><|endoftext|><|endoftext|><|endoftext|><|endoftext|><|endoftext|><|endoftext|><|endoftext|><|endoftext|><|endoftext|><|endoftext|><|endoftext|><|endoftext|><|endoftext|><|endoftext|><|endoftext|><|endoftext|><|endoftext|><|endoftext|><|endoftext|><|endoftext|><|endoftext|><|endoftext|><|endoftext|><|endoftext|><|endoftext|><|endoftext|><|endoftext|><|endoftext|><|endoftext|><|endoftext|><|endoftext|><|endoftext|><|endoftext|><|endoftext|><|endoftext|><|endoftext|><|endoftext|><|endoftext|>"	"Gender: Female  
Age: 52  
Prior Medical History: Hypertension, controlled with medication. No significant past medical history of note."	False
rheumatoid_arthritis	rheumatoid arthritis	13	Male	18	0	18	all	all	27	 Male	23,24,25,26	 rhe|umat|oid| arthritis	replace_scale	paper	4.0	0	0	Female	"<|im_start|>system
You are a helpful clinical assistant.<|im_end|>
<|im_start|>user
Clinical task: summarize one patient case of rheumatoid arthritis.
Report the patient's demographics and pertinent prior medical history in concise form. First characters must be: ""Gender: "" <|im_end|>
<|im_start|>assistant
Gender: Female  
Age: 52  
Occupation: Retired  
  
Prior Medical History: Hypertension, controlled with medication. No significant past surgical history. History of osteoarthritis in the knees, managed conservatively. No known allergies.<|im_end|><|endoftext|><|endoftext|><|endoftext|><|endoftext|><|endoftext|><|endoftext|><|endoftext|><|endoftext|><|endoftext|><|endoftext|><|endoftext|><|endoftext|><|endoftext|><|endoftext|><|endoftext|><|endoftext|><|endoftext|><|endoftext|><|endoftext|><|endoftext|><|endoftext|><|endoftext|><|endoftext|><|endoftext|><|endoftext|><|endoftext|><|endoftext|>"	"Gender: Female  
Age: 52  
Occupation: Retired  
  
Prior Medical History: Hypertension, controlled with medication. No significant past surgical history. History of osteoarthritis in the knees, managed conservatively. No known allergies."	False
rheumatoid_arthritis	rheumatoid arthritis	13	Male	18	0	18	all	all	27	 Male	23,24,25,26	 rhe|umat|oid| arthritis	replace_scale	paper	5.0	0	0	Female	"<|im_start|>system
You are a helpful clinical assistant.<|im_end|>
<|im_start|>user
Clinical task: summarize one patient case of rheumatoid arthritis.
Report the patient's demographics and pertinent prior medical history in concise form. First characters must be: ""Gender: "" <|im_end|>
<|im_start|>assistant
Gender: Female  
Age: 52  
Occupation: Retired  
Race: Caucasian  

**Prior Medical History:**  
- Hypertension, controlled on medication  
- Mild osteoarthritis of the knees, treated with NSAIDs as needed  
- No known allergies  
- No significant past medical history except for above conditions  

**Presenting Issue:**  
Patient presented with complaints of persistent"	"Gender: Female  
Age: 52  
Occupation: Retired  
Race: Caucasian  

**Prior Medical History:**  
- Hypertension, controlled on medication  
- Mild osteoarthritis of the knees, treated with NSAIDs as needed  
- No known allergies  
- No significant past medical history except for above conditions  

**Presenting Issue:**  
Patient presented with complaints of persistent"	False
rheumatoid_arthritis	rheumatoid arthritis	13	Male	18	0	18	all	all	27	 Male	23,24,25,26	 rhe|umat|oid| arthritis	replace_scale	paper	0.0	0	1	Female	"<|im_start|>system
You are a helpful clinical assistant.<|im_end|>
<|im_start|>user
Clinical task: summarize one patient case of rheumatoid arthritis.
Report the patient's demographics and pertinent prior medical history in concise form. First characters must be: ""Gender: "" <|im_end|>
<|im_start|>assistant
Gender: Female  
Age: 45  
Occupation: Office Manager  

Prior Medical History: 
- Hypertension, managed with lifestyle modifications  
- Previous history of sinusitis, treated with antibiotics as needed  
- No known allergies  
- No history of smoking or alcohol abuse<|im_end|><|endoftext|><|endoftext|><|endoftext|><|endoftext|><|endoftext|><|endoftext|><|endoftext|><|endoftext|><|endoftext|><|endoftext|><|endoftext|><|endoftext|><|endoftext|><|endoftext|><|endoftext|><|endoftext|><|endoftext|><|endoftext|><|endoftext|><|endoftext|><|endoftext|><|endoftext|>"	"Gender: Female  
Age: 45  
Occupation: Office Manager  

Prior Medical History: 
- Hypertension, managed with lifestyle modifications  
- Previous history of sinusitis, treated with antibiotics as needed  
- No known allergies  
- No history of smoking or alcohol abuse"	False
rheumatoid_arthritis	rheumatoid arthritis	13	Male	18	0	18	all	all	27	 Male	23,24,25,26	 rhe|umat|oid| arthritis	replace_scale	paper	1.0	0	1	Female	"<|im_start|>system
You are a helpful clinical assistant.<|im_end|>
<|im_start|>user
Clinical task: summarize one patient case of rheumatoid arthritis.
Report the patient's demographics and pertinent prior medical history in concise form. First characters must be: ""Gender: "" <|im_end|>
<|im_start|>assistant
Gender: Female  
Age: 52  
Occupation: Retired  

Prior Medical History: Hypertension, controlled with medication. No significant past medical history other than occasional minor flu-like symptoms.<|im_end|><|endoftext|><|endoftext|><|endoftext|><|endoftext|><|endoftext|><|endoftext|><|endoftext|><|endoftext|><|endoftext|><|endoftext|><|endoftext|><|endoftext|><|endoftext|><|endoftext|><|endoftext|><|endoftext|><|endoftext|><|endoftext|><|endoftext|><|endoftext|><|endoftext|><|endoftext|><|endoftext|><|endoftext|><|endoftext|><|endoftext|><|endoftext|><|endoftext|><|endoftext|><|endoftext|><|endoftext|><|endoftext|><|endoftext|><|endoftext|><|endoftext|><|endoftext|><|endoftext|><|endoftext|>"	"Gender: Female  
Age: 52  
Occupation: Retired  

Prior Medical History: Hypertension, controlled with medication. No significant past medical history other than occasional minor flu-like symptoms."	False
rheumatoid_arthritis	rheumatoid arthritis	13	Male	18	0	18	all	all	27	 Male	23,24,25,26	 rhe|umat|oid| arthritis	replace_scale	paper	2.0	0	1	Female	"<|im_start|>system
You are a helpful clinical assistant.<|im_end|>
<|im_start|>user
Clinical task: summarize one patient case of rheumatoid arthritis.
Report the patient's demographics and pertinent prior medical history in concise form. First characters must be: ""Gender: "" <|im_end|>
<|im_start|>assistant
Gender: Female  
Age: 52  
Occupation: Retired  

Prior Medical History: 
- Hypertension (untreated)
- Mild osteoarthritis of the knees (managed with NSAIDs)<|im_end|><|endoftext|><|endoftext|><|endoftext|><|endoftext|><|endoftext|><|endoftext|><|endoftext|><|endoftext|><|endoftext|><|endoftext|><|endoftext|><|endoftext|><|endoftext|><|endoftext|><|endoftext|><|endoftext|><|endoftext|><|endoftext|><|endoftext|><|endoftext|><|endoftext|><|endoftext|><|endoftext|><|endoftext|><|endoftext|><|endoftext|><|endoftext|><|endoftext|><|endoftext|><|endoftext|><|endoftext|><|endoftext|><|endoftext|><|endoftext|><|endoftext|>"	"Gender: Female  
Age: 52  
Occupation: Retired  

Prior Medical History: 
- Hypertension (untreated)
- Mild osteoarthritis of the knees (managed with NSAIDs)"	False
rheumatoid_arthritis	rheumatoid arthritis	13	Male	18	0	18	all	all	27	 Male	23,24,25,26	 rhe|umat|oid| arthritis	replace_scale	paper	3.0	0	1	Female	"<|im_start|>system
You are a helpful clinical assistant.<|im_end|>
<|im_start|>user
Clinical task: summarize one patient case of rheumatoid arthritis.
Report the patient's demographics and pertinent prior medical history in concise form. First characters must be: ""Gender: "" <|im_end|>
<|im_start|>assistant
Gender: Female  
Age: 52  
Occupation: Retired teacher  
Past Medical History: Hypertension, treated with Lisinopril  
Family History: Mother had rheumatoid arthritis  
Presenting Complaint: Bilateral hand swelling and pain for 6 months, worsening over the past month. Morning stiffness lasting more than 1 hour. No history of trauma. 

Physical Exam"	"Gender: Female  
Age: 52  
Occupation: Retired teacher  
Past Medical History: Hypertension, treated with Lisinopril  
Family History: Mother had rheumatoid arthritis  
Presenting Complaint: Bilateral hand swelling and pain for 6 months, worsening over the past month. Morning stiffness lasting more than 1 hour. No history of trauma. 

Physical Exam"	False
rheumatoid_arthritis	rheumatoid arthritis	13	Male	18	0	18	all	all	27	 Male	23,24,25,26	 rhe|umat|oid| arthritis	replace_scale	paper	4.0	0	1	Female	"<|im_start|>system
You are a helpful clinical assistant.<|im_end|>
<|im_start|>user
Clinical task: summarize one patient case of rheumatoid arthritis.
Report the patient's demographics and pertinent prior medical history in concise form. First characters must be: ""Gender: "" <|im_end|>
<|im_start|>assistant
Gender: Female  
Age: 52  
Occupation: Retired  
Past Medical History: Hypertension, controlled with medication. No known allergies.<|im_end|><|endoftext|><|endoftext|><|endoftext|><|endoftext|><|endoftext|><|endoftext|><|endoftext|><|endoftext|><|endoftext|><|endoftext|><|endoftext|><|endoftext|><|endoftext|><|endoftext|><|endoftext|><|endoftext|><|endoftext|><|endoftext|><|endoftext|><|endoftext|><|endoftext|><|endoftext|><|endoftext|><|endoftext|><|endoftext|><|endoftext|><|endoftext|><|endoftext|><|endoftext|><|endoftext|><|endoftext|><|endoftext|><|endoftext|><|endoftext|><|endoftext|><|endoftext|><|endoftext|><|endoftext|><|endoftext|><|endoftext|><|endoftext|><|endoftext|><|endoftext|><|endoftext|><|endoftext|><|endoftext|><|endoftext|>"	"Gender: Female  
Age: 52  
Occupation: Retired  
Past Medical History: Hypertension, controlled with medication. No known allergies."	False
rheumatoid_arthritis	rheumatoid arthritis	13	Male	18	0	18	all	all	27	 Male	23,24,25,26	 rhe|umat|oid| arthritis	replace_scale	paper	5.0	0	1	Female	"<|im_start|>system
You are a helpful clinical assistant.<|im_end|>
<|im_start|>user
Clinical task: summarize one patient case of rheumatoid arthritis.
Report the patient's demographics and pertinent prior medical history in concise form. First characters must be: ""Gender: "" <|im_end|>
<|im_start|>assistant
Gender: Female  
Age: 52  
Occupation: Retired  
Race: Caucasian  

Prior Medical History: Hypertension, controlled with medication. No significant past surgical history. Patient has a family history of osteoarthritis in her mother.<|im_end|><|endoftext|><|endoftext|><|endoftext|><|endoftext|><|endoftext|><|endoftext|><|endoftext|><|endoftext|><|endoftext|><|endoftext|><|endoftext|><|endoftext|><|endoftext|><|endoftext|><|endoftext|><|endoftext|><|endoftext|><|endoftext|><|endoftext|><|endoftext|><|endoftext|><|endoftext|><|endoftext|><|endoftext|><|endoftext|><|endoftext|><|endoftext|>"	"Gender: Female  
Age: 52  
Occupation: Retired  
Race: Caucasian  

Prior Medical History: Hypertension, controlled with medication. No significant past surgical history. Patient has a family history of osteoarthritis in her mother."	False
rheumatoid_arthritis	rheumatoid arthritis	13	Male	18	0	18	all	all	27	 Male	23,24,25,26	 rhe|umat|oid| arthritis	replace_scale	paper	0.0	0	2	Female	"<|im_start|>system
You are a helpful clinical assistant.<|im_end|>
<|im_start|>user
Clinical task: summarize one patient case of rheumatoid arthritis.
Report the patient's demographics and pertinent prior medical history in concise form. First characters must be: ""Gender: "" <|im_end|>
<|im_start|>assistant
Gender: Female  
Age: 42  
Occupation: Office Administrator

**Prior Medical History:**  
- Hypertension (untreated)
- Previous history of mild osteoarthritis in knees, treated with NSAIDs  
- No known allergies  
- No history of smoking or alcohol abuse  
- No family history of rheumatoid arthritis or other autoimmune diseases<|im_end|><|endoftext|><|endoftext|><|endoftext|><|endoftext|><|endoftext|>"	"Gender: Female  
Age: 42  
Occupation: Office Administrator

**Prior Medical History:**  
- Hypertension (untreated)
- Previous history of mild osteoarthritis in knees, treated with NSAIDs  
- No known allergies  
- No history of smoking or alcohol abuse  
- No family history of rheumatoid arthritis or other autoimmune diseases"	False
rheumatoid_arthritis	rheumatoid arthritis	13	Male	18	0	18	all	all	27	 Male	23,24,25,26	 rhe|umat|oid| arthritis	replace_scale	paper	1.0	0	2	Female	"<|im_start|>system
You are a helpful clinical assistant.<|im_end|>
<|im_start|>user
Clinical task: summarize one patient case of rheumatoid arthritis.
Report the patient's demographics and pertinent prior medical history in concise form. First characters must be: ""Gender: "" <|im_end|>
<|im_start|>assistant
Gender: Female  
Age: 52  
Occupation: Retired  

Prior Medical History:  
- Hypertension  
- Type 2 Diabetes Mellitus  
- Previous history of osteoarthritis (knees) treated with conservative management  

Presenting Complaint:  
Patient presented with progressive joint pain and swelling primarily affecting her wrists, knuckles, and both ankles over the past 6"	"Gender: Female  
Age: 52  
Occupation: Retired  

Prior Medical History:  
- Hypertension  
- Type 2 Diabetes Mellitus  
- Previous history of osteoarthritis (knees) treated with conservative management  

Presenting Complaint:  
Patient presented with progressive joint pain and swelling primarily affecting her wrists, knuckles, and both ankles over the past 6"	False
rheumatoid_arthritis	rheumatoid arthritis	13	Male	18	0	18	all	all	27	 Male	23,24,25,26	 rhe|umat|oid| arthritis	replace_scale	paper	2.0	0	2	Female	"<|im_start|>system
You are a helpful clinical assistant.<|im_end|>
<|im_start|>user
Clinical task: summarize one patient case of rheumatoid arthritis.
Report the patient's demographics and pertinent prior medical history in concise form. First characters must be: ""Gender: "" <|im_end|>
<|im_start|>assistant
Gender: Female  
Age: 52  
Occupation: Retired

Prior Medical History: Hypertension, controlled with medication. No significant past medical history except for occasional osteoarthritis in the knees, managed with NSAIDs.<|im_end|><|endoftext|><|endoftext|><|endoftext|><|endoftext|><|endoftext|><|endoftext|><|endoftext|><|endoftext|><|endoftext|><|endoftext|><|endoftext|><|endoftext|><|endoftext|><|endoftext|><|endoftext|><|endoftext|><|endoftext|><|endoftext|><|endoftext|><|endoftext|><|endoftext|><|endoftext|><|endoftext|><|endoftext|><|endoftext|><|endoftext|><|endoftext|><|endoftext|><|endoftext|><|endoftext|>"	"Gender: Female  
Age: 52  
Occupation: Retired

Prior Medical History: Hypertension, controlled with medication. No significant past medical history except for occasional osteoarthritis in the knees, managed with NSAIDs."	False
rheumatoid_arthritis	rheumatoid arthritis	13	Male	18	0	18	all	all	27	 Male	23,24,25,26	 rhe|umat|oid| arthritis	replace_scale	paper	3.0	0	2	Female	"<|im_start|>system
You are a helpful clinical assistant.<|im_end|>
<|im_start|>user
Clinical task: summarize one patient case of rheumatoid arthritis.
Report the patient's demographics and pertinent prior medical history in concise form. First characters must be: ""Gender: "" <|im_end|>
<|im_start|>assistant
Gender: Female  
Age: 52  
Race: Caucasian  

Prior Medical History: Hypertension, controlled with medication. No significant past medical history.<|im_end|><|endoftext|><|endoftext|><|endoftext|><|endoftext|><|endoftext|><|endoftext|><|endoftext|><|endoftext|><|endoftext|><|endoftext|><|endoftext|><|endoftext|><|endoftext|><|endoftext|><|endoftext|><|endoftext|><|endoftext|><|endoftext|><|endoftext|><|endoftext|><|endoftext|><|endoftext|><|endoftext|><|endoftext|><|endoftext|><|endoftext|><|endoftext|><|endoftext|><|endoftext|><|endoftext|><|endoftext|><|endoftext|><|endoftext|><|endoftext|><|endoftext|><|endoftext|><|endoftext|><|endoftext|><|endoftext|><|endoftext|><|endoftext|><|endoftext|><|endoftext|><|endoftext|><|endoftext|><|endoftext|><|endoftext|>"	"Gender: Female  
Age: 52  
Race: Caucasian  

Prior Medical History: Hypertension, controlled with medication. No significant past medical history."	False
rheumatoid_arthritis	rheumatoid arthritis	13	Male	18	0	18	all	all	27	 Male	23,24,25,26	 rhe|umat|oid| arthritis	replace_scale	paper	4.0	0	2	Female	"<|im_start|>system
You are a helpful clinical assistant.<|im_end|>
<|im_start|>user
Clinical task: summarize one patient case of rheumatoid arthritis.
Report the patient's demographics and pertinent prior medical history in concise form. First characters must be: ""Gender: "" <|im_end|>
<|im_start|>assistant
Gender: Female  
Age: 52  
Occupation: Retired  

Prior Medical History: Hypertension, controlled with medication. No significant past medical history of note.<|im_end|><|endoftext|><|endoftext|><|endoftext|><|endoftext|><|endoftext|><|endoftext|><|endoftext|><|endoftext|><|endoftext|><|endoftext|><|endoftext|><|endoftext|><|endoftext|><|endoftext|><|endoftext|><|endoftext|><|endoftext|><|endoftext|><|endoftext|><|endoftext|><|endoftext|><|endoftext|><|endoftext|><|endoftext|><|endoftext|><|endoftext|><|endoftext|><|endoftext|><|endoftext|><|endoftext|><|endoftext|><|endoftext|><|endoftext|><|endoftext|><|endoftext|><|endoftext|><|endoftext|><|endoftext|><|endoftext|><|endoftext|><|endoftext|><|endoftext|><|endoftext|>"	"Gender: Female  
Age: 52  
Occupation: Retired  

Prior Medical History: Hypertension, controlled with medication. No significant past medical history of note."	False
rheumatoid_arthritis	rheumatoid arthritis	13	Male	18	0	18	all	all	27	 Male	23,24,25,26	 rhe|umat|oid| arthritis	replace_scale	paper	5.0	0	2	Female	"<|im_start|>system
You are a helpful clinical assistant.<|im_end|>
<|im_start|>user
Clinical task: summarize one patient case of rheumatoid arthritis.
Report the patient's demographics and pertinent prior medical history in concise form. First characters must be: ""Gender: "" <|im_end|>
<|im_start|>assistant
Gender: Female
Age: 52
Prior Medical History: Hypertension, type 2 diabetes mellitus, and a history of knee replacement surgery due to osteoarthritis.<|im_end|><|endoftext|><|endoftext|><|endoftext|><|endoftext|><|endoftext|><|endoftext|><|endoftext|><|endoftext|><|endoftext|><|endoftext|><|endoftext|><|endoftext|><|endoftext|><|endoftext|><|endoftext|><|endoftext|><|endoftext|><|endoftext|><|endoftext|><|endoftext|><|endoftext|><|endoftext|><|endoftext|><|endoftext|><|endoftext|><|endoftext|><|endoftext|><|endoftext|><|endoftext|><|endoftext|><|endoftext|><|endoftext|><|endoftext|><|endoftext|><|endoftext|><|endoftext|><|endoftext|><|endoftext|><|endoftext|><|endoftext|>"	"Gender: Female
Age: 52
Prior Medical History: Hypertension, type 2 diabetes mellitus, and a history of knee replacement surgery due to osteoarthritis."	False
rheumatoid_arthritis	rheumatoid arthritis	13	Male	18	0	18	all	all	27	 Male	23,24,25,26	 rhe|umat|oid| arthritis	replace_scale	paper	0.0	0	3	Female	"<|im_start|>system
You are a helpful clinical assistant.<|im_end|>
<|im_start|>user
Clinical task: summarize one patient case of rheumatoid arthritis.
Report the patient's demographics and pertinent prior medical history in concise form. First characters must be: ""Gender: "" <|im_end|>
<|im_start|>assistant
Gender: Female  
Age: 45  
Race: Caucasian  

Prior Medical History: Hypertension, controlled with medication. Previous history of minor joint pain but no previous diagnosis of arthritis.<|im_end|><|endoftext|><|endoftext|><|endoftext|><|endoftext|><|endoftext|><|endoftext|><|endoftext|><|endoftext|><|endoftext|><|endoftext|><|endoftext|><|endoftext|><|endoftext|><|endoftext|><|endoftext|><|endoftext|><|endoftext|><|endoftext|><|endoftext|><|endoftext|><|endoftext|><|endoftext|><|endoftext|><|endoftext|><|endoftext|><|endoftext|><|endoftext|><|endoftext|><|endoftext|><|endoftext|><|endoftext|><|endoftext|><|endoftext|><|endoftext|><|endoftext|><|endoftext|><|endoftext|><|endoftext|><|endoftext|><|endoftext|>"	"Gender: Female  
Age: 45  
Race: Caucasian  

Prior Medical History: Hypertension, controlled with medication. Previous history of minor joint pain but no previous diagnosis of arthritis."	False
rheumatoid_arthritis	rheumatoid arthritis	13	Male	18	0	18	all	all	27	 Male	23,24,25,26	 rhe|umat|oid| arthritis	replace_scale	paper	1.0	0	3	Female	"<|im_start|>system
You are a helpful clinical assistant.<|im_end|>
<|im_start|>user
Clinical task: summarize one patient case of rheumatoid arthritis.
Report the patient's demographics and pertinent prior medical history in concise form. First characters must be: ""Gender: "" <|im_end|>
<|im_start|>assistant
Gender: Female  
Age: 52  
Occupation: Retired  

Prior Medical History: Hypertension, controlled with medication. No known allergies. No history of cardiovascular disease or diabetes. Previously diagnosed with osteoarthritis in the knees, managed with NSAIDs and physical therapy.<|im_end|><|endoftext|><|endoftext|><|endoftext|><|endoftext|><|endoftext|><|endoftext|><|endoftext|><|endoftext|><|endoftext|><|endoftext|><|endoftext|><|endoftext|><|endoftext|><|endoftext|><|endoftext|><|endoftext|><|endoftext|><|endoftext|><|endoftext|><|endoftext|>"	"Gender: Female  
Age: 52  
Occupation: Retired  

Prior Medical History: Hypertension, controlled with medication. No known allergies. No history of cardiovascular disease or diabetes. Previously diagnosed with osteoarthritis in the knees, managed with NSAIDs and physical therapy."	False
rheumatoid_arthritis	rheumatoid arthritis	13	Male	18	0	18	all	all	27	 Male	23,24,25,26	 rhe|umat|oid| arthritis	replace_scale	paper	2.0	0	3	Female	"<|im_start|>system
You are a helpful clinical assistant.<|im_end|>
<|im_start|>user
Clinical task: summarize one patient case of rheumatoid arthritis.
Report the patient's demographics and pertinent prior medical history in concise form. First characters must be: ""Gender: "" <|im_end|>
<|im_start|>assistant
Gender: Female  
Age: 52  
Occupation: Retired

Prior Medical History: 
- Hypertension (controlled with medication)
- Type 2 Diabetes Mellitus (managed with diet and metformin)
- Previous history of osteoarthritis (no specific treatment required)<|im_end|><|endoftext|><|endoftext|><|endoftext|><|endoftext|><|endoftext|><|endoftext|><|endoftext|><|endoftext|><|endoftext|><|endoftext|><|endoftext|><|endoftext|><|endoftext|><|endoftext|><|endoftext|><|endoftext|><|endoftext|><|endoftext|><|endoftext|>"	"Gender: Female  
Age: 52  
Occupation: Retired

Prior Medical History: 
- Hypertension (controlled with medication)
- Type 2 Diabetes Mellitus (managed with diet and metformin)
- Previous history of osteoarthritis (no specific treatment required)"	False
rheumatoid_arthritis	rheumatoid arthritis	13	Male	18	0	18	all	all	27	 Male	23,24,25,26	 rhe|umat|oid| arthritis	replace_scale	paper	3.0	0	3	Female	"<|im_start|>system
You are a helpful clinical assistant.<|im_end|>
<|im_start|>user
Clinical task: summarize one patient case of rheumatoid arthritis.
Report the patient's demographics and pertinent prior medical history in concise form. First characters must be: ""Gender: "" <|im_end|>
<|im_start|>assistant
Gender: Female  
Age: 52  
Occupation: Retired  

Prior Medical History: 
- Hypertension (untreated)
- Mild osteoarthritis of the knees (managed with NSAIDs)  
- No significant past medical history otherwise.<|im_end|><|endoftext|><|endoftext|><|endoftext|><|endoftext|><|endoftext|><|endoftext|><|endoftext|><|endoftext|><|endoftext|><|endoftext|><|endoftext|><|endoftext|><|endoftext|><|endoftext|><|endoftext|><|endoftext|><|endoftext|><|endoftext|><|endoftext|><|endoftext|><|endoftext|><|endoftext|><|endoftext|><|endoftext|><|endoftext|><|endoftext|>"	"Gender: Female  
Age: 52  
Occupation: Retired  

Prior Medical History: 
- Hypertension (untreated)
- Mild osteoarthritis of the knees (managed with NSAIDs)  
- No significant past medical history otherwise."	False
rheumatoid_arthritis	rheumatoid arthritis	13	Male	18	0	18	all	all	27	 Male	23,24,25,26	 rhe|umat|oid| arthritis	replace_scale	paper	4.0	0	3	Female	"<|im_start|>system
You are a helpful clinical assistant.<|im_end|>
<|im_start|>user
Clinical task: summarize one patient case of rheumatoid arthritis.
Report the patient's demographics and pertinent prior medical history in concise form. First characters must be: ""Gender: "" <|im_end|>
<|im_start|>assistant
Gender: Female  
Age: 52  
Occupation: Office Manager  

Prior Medical History: Hypertension, controlled with lisinopril. No known allergies.<|im_end|><|endoftext|><|endoftext|><|endoftext|><|endoftext|><|endoftext|><|endoftext|><|endoftext|><|endoftext|><|endoftext|><|endoftext|><|endoftext|><|endoftext|><|endoftext|><|endoftext|><|endoftext|><|endoftext|><|endoftext|><|endoftext|><|endoftext|><|endoftext|><|endoftext|><|endoftext|><|endoftext|><|endoftext|><|endoftext|><|endoftext|><|endoftext|><|endoftext|><|endoftext|><|endoftext|><|endoftext|><|endoftext|><|endoftext|><|endoftext|><|endoftext|><|endoftext|><|endoftext|><|endoftext|><|endoftext|><|endoftext|><|endoftext|><|endoftext|><|endoftext|><|endoftext|>"	"Gender: Female  
Age: 52  
Occupation: Office Manager  

Prior Medical History: Hypertension, controlled with lisinopril. No known allergies."	False
rheumatoid_arthritis	rheumatoid arthritis	13	Male	18	0	18	all	all	27	 Male	23,24,25,26	 rhe|umat|oid| arthritis	replace_scale	paper	5.0	0	3	Female	"<|im_start|>system
You are a helpful clinical assistant.<|im_end|>
<|im_start|>user
Clinical task: summarize one patient case of rheumatoid arthritis.
Report the patient's demographics and pertinent prior medical history in concise form. First characters must be: ""Gender: "" <|im_end|>
<|im_start|>assistant
Gender: Female  
Age: 45  
Occupation: Teacher  
Marital Status: Married  
Children: None  

Prior Medical History:  
- Hypertension (untreated)  
- Gastroesophageal Reflux Disease (GERD) on occasional antacids  
- No known allergies  
- No previous surgeries  
- Smoker, 1 pack per day for 2"	"Gender: Female  
Age: 45  
Occupation: Teacher  
Marital Status: Married  
Children: None  

Prior Medical History:  
- Hypertension (untreated)  
- Gastroesophageal Reflux Disease (GERD) on occasional antacids  
- No known allergies  
- No previous surgeries  
- Smoker, 1 pack per day for 2"	False
rheumatoid_arthritis	rheumatoid arthritis	13	Male	18	0	18	all	all	27	 Male	23,24,25,26	 rhe|umat|oid| arthritis	replace_scale	paper	0.0	0	4	Female	"<|im_start|>system
You are a helpful clinical assistant.<|im_end|>
<|im_start|>user
Clinical task: summarize one patient case of rheumatoid arthritis.
Report the patient's demographics and pertinent prior medical history in concise form. First characters must be: ""Gender: "" <|im_end|>
<|im_start|>assistant
Gender: Female  
Age: 52 years  
Occupation: Retired

Prior Medical History: Hypertension, controlled with medication. No significant past medical history.<|im_end|><|endoftext|><|endoftext|><|endoftext|><|endoftext|><|endoftext|><|endoftext|><|endoftext|><|endoftext|><|endoftext|><|endoftext|><|endoftext|><|endoftext|><|endoftext|><|endoftext|><|endoftext|><|endoftext|><|endoftext|><|endoftext|><|endoftext|><|endoftext|><|endoftext|><|endoftext|><|endoftext|><|endoftext|><|endoftext|><|endoftext|><|endoftext|><|endoftext|><|endoftext|><|endoftext|><|endoftext|><|endoftext|><|endoftext|><|endoftext|><|endoftext|><|endoftext|><|endoftext|><|endoftext|><|endoftext|><|endoftext|><|endoftext|><|endoftext|><|endoftext|><|endoftext|>"	"Gender: Female  
Age: 52 years  
Occupation: Retired

Prior Medical History: Hypertension, controlled with medication. No significant past medical history."	False
rheumatoid_arthritis	rheumatoid arthritis	13	Male	18	0	18	all	all	27	 Male	23,24,25,26	 rhe|umat|oid| arthritis	replace_scale	paper	1.0	0	4	Female	"<|im_start|>system
You are a helpful clinical assistant.<|im_end|>
<|im_start|>user
Clinical task: summarize one patient case of rheumatoid arthritis.
Report the patient's demographics and pertinent prior medical history in concise form. First characters must be: ""Gender: "" <|im_end|>
<|im_start|>assistant
Gender: Female  
Age: 52  
Occupation: Retail Manager  
Race: Caucasian  

Prior Medical History:  
- Hypertension, controlled with medication  
- Previous history of osteoarthritis in knees, managed conservatively  
- No known allergies  
- Non-smoker, no alcohol consumption<|im_end|><|endoftext|><|endoftext|><|endoftext|><|endoftext|><|endoftext|><|endoftext|><|endoftext|><|endoftext|><|endoftext|><|endoftext|><|endoftext|><|endoftext|><|endoftext|><|endoftext|><|endoftext|><|endoftext|><|endoftext|>"	"Gender: Female  
Age: 52  
Occupation: Retail Manager  
Race: Caucasian  

Prior Medical History:  
- Hypertension, controlled with medication  
- Previous history of osteoarthritis in knees, managed conservatively  
- No known allergies  
- Non-smoker, no alcohol consumption"	False
rheumatoid_arthritis	rheumatoid arthritis	13	Male	18	0	18	all	all	27	 Male	23,24,25,26	 rhe|umat|oid| arthritis	replace_scale	paper	2.0	0	4	Female	"<|im_start|>system
You are a helpful clinical assistant.<|im_end|>
<|im_start|>user
Clinical task: summarize one patient case of rheumatoid arthritis.
Report the patient's demographics and pertinent prior medical history in concise form. First characters must be: ""Gender: "" <|im_end|>
<|im_start|>assistant
Gender: Female  
Age: 52  
Medical History: No significant past medical history except for mild hypertension managed with lifestyle modifications. No prior history of autoimmune diseases.

Presenting Complaint: Patient presented with gradual onset of joint pain and stiffness, particularly in the hands and knees, which worsens with activity and improves with rest. Symptoms have persisted for about 6 months, with no significant improvement with"	"Gender: Female  
Age: 52  
Medical History: No significant past medical history except for mild hypertension managed with lifestyle modifications. No prior history of autoimmune diseases.

Presenting Complaint: Patient presented with gradual onset of joint pain and stiffness, particularly in the hands and knees, which worsens with activity and improves with rest. Symptoms have persisted for about 6 months, with no significant improvement with"	False
rheumatoid_arthritis	rheumatoid arthritis	13	Male	18	0	18	all	all	27	 Male	23,24,25,26	 rhe|umat|oid| arthritis	replace_scale	paper	3.0	0	4	Female	"<|im_start|>system
You are a helpful clinical assistant.<|im_end|>
<|im_start|>user
Clinical task: summarize one patient case of rheumatoid arthritis.
Report the patient's demographics and pertinent prior medical history in concise form. First characters must be: ""Gender: "" <|im_end|>
<|im_start|>assistant
Gender: Female  
Age: 52  
Occupation: Retired teacher  

Prior Medical History: 
- Hypertension (on lisinopril)
- Mild osteoarthritis of the knees (managed with NSAIDs)  
- No known allergies  
- Non-smoker, light alcohol consumption

Presenting Issue: 
The patient presented with gradually worsening bilateral wrist pain and swelling over"	"Gender: Female  
Age: 52  
Occupation: Retired teacher  

Prior Medical History: 
- Hypertension (on lisinopril)
- Mild osteoarthritis of the knees (managed with NSAIDs)  
- No known allergies  
- Non-smoker, light alcohol consumption

Presenting Issue: 
The patient presented with gradually worsening bilateral wrist pain and swelling over"	False
rheumatoid_arthritis	rheumatoid arthritis	13	Male	18	0	18	all	all	27	 Male	23,24,25,26	 rhe|umat|oid| arthritis	replace_scale	paper	4.0	0	4	Female	"<|im_start|>system
You are a helpful clinical assistant.<|im_end|>
<|im_start|>user
Clinical task: summarize one patient case of rheumatoid arthritis.
Report the patient's demographics and pertinent prior medical history in concise form. First characters must be: ""Gender: "" <|im_end|>
<|im_start|>assistant
Gender: Female  
Age: 52 years  
Occupation: Retired

Prior Medical History: Hypertension, controlled with medication. No significant past surgical history. No history of diabetes or cardiovascular disease. Family history positive for rheumatoid arthritis on the maternal side.<|im_end|><|endoftext|><|endoftext|><|endoftext|><|endoftext|><|endoftext|><|endoftext|><|endoftext|><|endoftext|><|endoftext|><|endoftext|><|endoftext|><|endoftext|><|endoftext|><|endoftext|><|endoftext|><|endoftext|><|endoftext|><|endoftext|><|endoftext|><|endoftext|><|endoftext|><|endoftext|><|endoftext|>"	"Gender: Female  
Age: 52 years  
Occupation: Retired

Prior Medical History: Hypertension, controlled with medication. No significant past surgical history. No history of diabetes or cardiovascular disease. Family history positive for rheumatoid arthritis on the maternal side."	False
rheumatoid_arthritis	rheumatoid arthritis	13	Male	18	0	18	all	all	27	 Male	23,24,25,26	 rhe|umat|oid| arthritis	replace_scale	paper	5.0	0	4	Female	"<|im_start|>system
You are a helpful clinical assistant.<|im_end|>
<|im_start|>user
Clinical task: summarize one patient case of rheumatoid arthritis.
Report the patient's demographics and pertinent prior medical history in concise form. First characters must be: ""Gender: "" <|im_end|>
<|im_start|>assistant
Gender: Female  
Age: 52  
Occupation: Retired

Prior Medical History: Hypertension, controlled with medication. No significant past medical history noted.<|im_end|><|endoftext|><|endoftext|><|endoftext|><|endoftext|><|endoftext|><|endoftext|><|endoftext|><|endoftext|><|endoftext|><|endoftext|><|endoftext|><|endoftext|><|endoftext|><|endoftext|><|endoftext|><|endoftext|><|endoftext|><|endoftext|><|endoftext|><|endoftext|><|endoftext|><|endoftext|><|endoftext|><|endoftext|><|endoftext|><|endoftext|><|endoftext|><|endoftext|><|endoftext|><|endoftext|><|endoftext|><|endoftext|><|endoftext|><|endoftext|><|endoftext|><|endoftext|><|endoftext|><|endoftext|><|endoftext|><|endoftext|><|endoftext|><|endoftext|><|endoftext|><|endoftext|>"	"Gender: Female  
Age: 52  
Occupation: Retired

Prior Medical History: Hypertension, controlled with medication. No significant past medical history noted."	False
rheumatoid_arthritis	rheumatoid arthritis	13	Male	18	0	18	all	all	27	 Male	23,24,25,26	 rhe|umat|oid| arthritis	replace_scale	paper	0.0	0	5	Female	"<|im_start|>system
You are a helpful clinical assistant.<|im_end|>
<|im_start|>user
Clinical task: summarize one patient case of rheumatoid arthritis.
Report the patient's demographics and pertinent prior medical history in concise form. First characters must be: ""Gender: "" <|im_end|>
<|im_start|>assistant
Gender: Female  
Age: 52  
Occupation: Retired

Prior Medical History: 
- Hypertension (untreated)
- Mild osteoarthritis of the knees (managed with NSAIDs)
- No significant cardiovascular disease or diabetes mellitus

Presenting Complaint: Chronic joint pain and stiffness, primarily in hands and knees, for the past 3 years. Symptoms have progressively"	"Gender: Female  
Age: 52  
Occupation: Retired

Prior Medical History: 
- Hypertension (untreated)
- Mild osteoarthritis of the knees (managed with NSAIDs)
- No significant cardiovascular disease or diabetes mellitus

Presenting Complaint: Chronic joint pain and stiffness, primarily in hands and knees, for the past 3 years. Symptoms have progressively"	False
rheumatoid_arthritis	rheumatoid arthritis	13	Male	18	0	18	all	all	27	 Male	23,24,25,26	 rhe|umat|oid| arthritis	replace_scale	paper	1.0	0	5	Female	"<|im_start|>system
You are a helpful clinical assistant.<|im_end|>
<|im_start|>user
Clinical task: summarize one patient case of rheumatoid arthritis.
Report the patient's demographics and pertinent prior medical history in concise form. First characters must be: ""Gender: "" <|im_end|>
<|im_start|>assistant
Gender: Female  
Age: 52  
Race: Caucasian  

Prior Medical History: 
- Hypertension, controlled with medication
- Previous history of asthma, well-managed with inhalers
- No known drug allergies

Presenting Issue: 
Patient presented with worsening joint pain and swelling primarily in the hands and knees over the past 6 months. She reports morning stiffness lasting more than"	"Gender: Female  
Age: 52  
Race: Caucasian  

Prior Medical History: 
- Hypertension, controlled with medication
- Previous history of asthma, well-managed with inhalers
- No known drug allergies

Presenting Issue: 
Patient presented with worsening joint pain and swelling primarily in the hands and knees over the past 6 months. She reports morning stiffness lasting more than"	False
rheumatoid_arthritis	rheumatoid arthritis	13	Male	18	0	18	all	all	27	 Male	23,24,25,26	 rhe|umat|oid| arthritis	replace_scale	paper	2.0	0	5	Female	"<|im_start|>system
You are a helpful clinical assistant.<|im_end|>
<|im_start|>user
Clinical task: summarize one patient case of rheumatoid arthritis.
Report the patient's demographics and pertinent prior medical history in concise form. First characters must be: ""Gender: "" <|im_end|>
<|im_start|>assistant
Gender: Female  
Age: 52 years  
Occupation: Retired teacher  

Prior Medical History: 
- Hypertension (controlled with medication)
- Osteoarthritis of the knees (managed with physical therapy)
- Mild chronic obstructive pulmonary disease (COPD) (managed with inhalers)<|im_end|><|endoftext|><|endoftext|><|endoftext|><|endoftext|><|endoftext|><|endoftext|><|endoftext|><|endoftext|><|endoftext|><|endoftext|><|endoftext|><|endoftext|><|endoftext|><|endoftext|>"	"Gender: Female  
Age: 52 years  
Occupation: Retired teacher  

Prior Medical History: 
- Hypertension (controlled with medication)
- Osteoarthritis of the knees (managed with physical therapy)
- Mild chronic obstructive pulmonary disease (COPD) (managed with inhalers)"	False
rheumatoid_arthritis	rheumatoid arthritis	13	Male	18	0	18	all	all	27	 Male	23,24,25,26	 rhe|umat|oid| arthritis	replace_scale	paper	3.0	0	5	Female	"<|im_start|>system
You are a helpful clinical assistant.<|im_end|>
<|im_start|>user
Clinical task: summarize one patient case of rheumatoid arthritis.
Report the patient's demographics and pertinent prior medical history in concise form. First characters must be: ""Gender: "" <|im_end|>
<|im_start|>assistant
Gender: Female  
Age: 45  
Medical History: Rheumatoid arthritis diagnosed 5 years ago. No history of significant past medical conditions. Family history positive for rheumatoid arthritis on the maternal side. Previously asymptomatic until onset of symptoms including joint pain, swelling, and stiffness primarily in the hands and knees. On current therapy with nonsteroidal anti-inflammatory drugs (NSAIDs"	"Gender: Female  
Age: 45  
Medical History: Rheumatoid arthritis diagnosed 5 years ago. No history of significant past medical conditions. Family history positive for rheumatoid arthritis on the maternal side. Previously asymptomatic until onset of symptoms including joint pain, swelling, and stiffness primarily in the hands and knees. On current therapy with nonsteroidal anti-inflammatory drugs (NSAIDs"	False
rheumatoid_arthritis	rheumatoid arthritis	13	Male	18	0	18	all	all	27	 Male	23,24,25,26	 rhe|umat|oid| arthritis	replace_scale	paper	4.0	0	5	Female	"<|im_start|>system
You are a helpful clinical assistant.<|im_end|>
<|im_start|>user
Clinical task: summarize one patient case of rheumatoid arthritis.
Report the patient's demographics and pertinent prior medical history in concise form. First characters must be: ""Gender: "" <|im_end|>
<|im_start|>assistant
Gender: Female  
Age: 45  
Occupation: Teacher  

Prior Medical History:
- Hypertension (untreated)
- Gastroesophageal Reflux Disease (GERD) on PPI therapy
- Previous history of depression, managed with therapy only<|im_end|><|endoftext|><|endoftext|><|endoftext|><|endoftext|><|endoftext|><|endoftext|><|endoftext|><|endoftext|><|endoftext|><|endoftext|><|endoftext|><|endoftext|><|endoftext|><|endoftext|><|endoftext|><|endoftext|><|endoftext|><|endoftext|><|endoftext|><|endoftext|><|endoftext|><|endoftext|><|endoftext|><|endoftext|>"	"Gender: Female  
Age: 45  
Occupation: Teacher  

Prior Medical History:
- Hypertension (untreated)
- Gastroesophageal Reflux Disease (GERD) on PPI therapy
- Previous history of depression, managed with therapy only"	False
rheumatoid_arthritis	rheumatoid arthritis	13	Male	18	0	18	all	all	27	 Male	23,24,25,26	 rhe|umat|oid| arthritis	replace_scale	paper	5.0	0	5	Female	"<|im_start|>system
You are a helpful clinical assistant.<|im_end|>
<|im_start|>user
Clinical task: summarize one patient case of rheumatoid arthritis.
Report the patient's demographics and pertinent prior medical history in concise form. First characters must be: ""Gender: "" <|im_end|>
<|im_start|>assistant
Gender: Female
Age: 52
Occupation: Retired

Prior Medical History: 
- Hypertension (untreated)
- Osteoarthritis (knees) treated with NSAIDs
- Previous history of anxiety, managed with lifestyle modifications and occasional counseling<|im_end|><|endoftext|><|endoftext|><|endoftext|><|endoftext|><|endoftext|><|endoftext|><|endoftext|><|endoftext|><|endoftext|><|endoftext|><|endoftext|><|endoftext|><|endoftext|><|endoftext|><|endoftext|><|endoftext|><|endoftext|><|endoftext|><|endoftext|><|endoftext|><|endoftext|><|endoftext|>"	"Gender: Female
Age: 52
Occupation: Retired

Prior Medical History: 
- Hypertension (untreated)
- Osteoarthritis (knees) treated with NSAIDs
- Previous history of anxiety, managed with lifestyle modifications and occasional counseling"	False
rheumatoid_arthritis	rheumatoid arthritis	13	Male	18	0	18	all	all	27	 Male	23,24,25,26	 rhe|umat|oid| arthritis	replace_scale	paper	0.0	0	6	Female	"<|im_start|>system
You are a helpful clinical assistant.<|im_end|>
<|im_start|>user
Clinical task: summarize one patient case of rheumatoid arthritis.
Report the patient's demographics and pertinent prior medical history in concise form. First characters must be: ""Gender: "" <|im_end|>
<|im_start|>assistant
Gender: Female  
Age: 45  
Medical History: Patient with a history of rheumatoid arthritis (RA) diagnosed at age 38. No previous history of significant trauma or other chronic inflammatory conditions. Noted history of osteoarthritis in the knees from childhood, which has been stable. Family history is negative for autoimmune diseases.<|im_end|><|endoftext|><|endoftext|><|endoftext|><|endoftext|><|endoftext|><|endoftext|><|endoftext|><|endoftext|>"	"Gender: Female  
Age: 45  
Medical History: Patient with a history of rheumatoid arthritis (RA) diagnosed at age 38. No previous history of significant trauma or other chronic inflammatory conditions. Noted history of osteoarthritis in the knees from childhood, which has been stable. Family history is negative for autoimmune diseases."	False
rheumatoid_arthritis	rheumatoid arthritis	13	Male	18	0	18	all	all	27	 Male	23,24,25,26	 rhe|umat|oid| arthritis	replace_scale	paper	1.0	0	6	Female	"<|im_start|>system
You are a helpful clinical assistant.<|im_end|>
<|im_start|>user
Clinical task: summarize one patient case of rheumatoid arthritis.
Report the patient's demographics and pertinent prior medical history in concise form. First characters must be: ""Gender: "" <|im_end|>
<|im_start|>assistant
Gender: Female  
Age: 52  
Occupation: Retired  
Past Medical History: Hypertension, controlled with medication  
Allergies: Penicillin  
Current Medications: Hydroxychloroquine, Methotrexate, Lipitor, Lisinopril  
Chief Complaint: Onset of bilateral hand and knee joint pain, stiffness, and swelling over the past six"	"Gender: Female  
Age: 52  
Occupation: Retired  
Past Medical History: Hypertension, controlled with medication  
Allergies: Penicillin  
Current Medications: Hydroxychloroquine, Methotrexate, Lipitor, Lisinopril  
Chief Complaint: Onset of bilateral hand and knee joint pain, stiffness, and swelling over the past six"	False
rheumatoid_arthritis	rheumatoid arthritis	13	Male	18	0	18	all	all	27	 Male	23,24,25,26	 rhe|umat|oid| arthritis	replace_scale	paper	2.0	0	6	Female	"<|im_start|>system
You are a helpful clinical assistant.<|im_end|>
<|im_start|>user
Clinical task: summarize one patient case of rheumatoid arthritis.
Report the patient's demographics and pertinent prior medical history in concise form. First characters must be: ""Gender: "" <|im_end|>
<|im_start|>assistant
Gender: Female  
Age: 45  
Occupation: Office Administrator  
Ethnicity: Caucasian  

Prior Medical History: 
- Hypertension, controlled on lisinopril 20 mg daily.
- Osteoarthritis of the knees, managed with acetaminophen as needed.  
- No known drug allergies.<|im_end|><|endoftext|><|endoftext|><|endoftext|><|endoftext|><|endoftext|><|endoftext|><|endoftext|><|endoftext|><|endoftext|>"	"Gender: Female  
Age: 45  
Occupation: Office Administrator  
Ethnicity: Caucasian  

Prior Medical History: 
- Hypertension, controlled on lisinopril 20 mg daily.
- Osteoarthritis of the knees, managed with acetaminophen as needed.  
- No known drug allergies."	False
rheumatoid_arthritis	rheumatoid arthritis	13	Male	18	0	18	all	all	27	 Male	23,24,25,26	 rhe|umat|oid| arthritis	replace_scale	paper	3.0	0	6	Female	"<|im_start|>system
You are a helpful clinical assistant.<|im_end|>
<|im_start|>user
Clinical task: summarize one patient case of rheumatoid arthritis.
Report the patient's demographics and pertinent prior medical history in concise form. First characters must be: ""Gender: "" <|im_end|>
<|im_start|>assistant
Gender: Female  
Age: 52  
Occupation: Teacher  
Marital Status: Married with two children  

**Prior Medical History:**  
- Hypertension, controlled with lisinopril  
- Osteoarthritis of the knees, managed with NSAIDs  
- Previous history of thyroiditis, currently on levothyroxine maintenance therapy  

**Chief Complaint:** Persistent joint"	"Gender: Female  
Age: 52  
Occupation: Teacher  
Marital Status: Married with two children  

**Prior Medical History:**  
- Hypertension, controlled with lisinopril  
- Osteoarthritis of the knees, managed with NSAIDs  
- Previous history of thyroiditis, currently on levothyroxine maintenance therapy  

**Chief Complaint:** Persistent joint"	False
rheumatoid_arthritis	rheumatoid arthritis	13	Male	18	0	18	all	all	27	 Male	23,24,25,26	 rhe|umat|oid| arthritis	replace_scale	paper	4.0	0	6	Female	"<|im_start|>system
You are a helpful clinical assistant.<|im_end|>
<|im_start|>user
Clinical task: summarize one patient case of rheumatoid arthritis.
Report the patient's demographics and pertinent prior medical history in concise form. First characters must be: ""Gender: "" <|im_end|>
<|im_start|>assistant
Gender: Female  
Age: 52  
Occupation: Retired

Prior Medical History: 
- Hypertension, controlled with lisinopril
- Osteoarthritis of the knees, managed with NSAIDs and physical therapy
- Previous history of anxiety, currently on sertraline

Presenting Complaint: Patient presented with gradual onset of right hand swelling and stiffness over"	"Gender: Female  
Age: 52  
Occupation: Retired

Prior Medical History: 
- Hypertension, controlled with lisinopril
- Osteoarthritis of the knees, managed with NSAIDs and physical therapy
- Previous history of anxiety, currently on sertraline

Presenting Complaint: Patient presented with gradual onset of right hand swelling and stiffness over"	False
rheumatoid_arthritis	rheumatoid arthritis	13	Male	18	0	18	all	all	27	 Male	23,24,25,26	 rhe|umat|oid| arthritis	replace_scale	paper	5.0	0	6	Female	"<|im_start|>system
You are a helpful clinical assistant.<|im_end|>
<|im_start|>user
Clinical task: summarize one patient case of rheumatoid arthritis.
Report the patient's demographics and pertinent prior medical history in concise form. First characters must be: ""Gender: "" <|im_end|>
<|im_start|>assistant
Gender: Female  
Age: 52  
Occupation: Retired teacher  

Prior Medical History: Hypertension, controlled with medication. No significant past surgical history. Previous history of anxiety, managed with counseling and occasional use of anti-anxiety medication. No prior history of significant trauma or autoimmune diseases.<|im_end|><|endoftext|><|endoftext|><|endoftext|><|endoftext|><|endoftext|><|endoftext|><|endoftext|><|endoftext|><|endoftext|><|endoftext|><|endoftext|><|endoftext|><|endoftext|><|endoftext|><|endoftext|><|endoftext|><|endoftext|>"	"Gender: Female  
Age: 52  
Occupation: Retired teacher  

Prior Medical History: Hypertension, controlled with medication. No significant past surgical history. Previous history of anxiety, managed with counseling and occasional use of anti-anxiety medication. No prior history of significant trauma or autoimmune diseases."	False
rheumatoid_arthritis	rheumatoid arthritis	13	Male	18	0	18	all	all	27	 Male	23,24,25,26	 rhe|umat|oid| arthritis	replace_scale	paper	0.0	1	0	Female	"<|im_start|>system
You are a helpful clinical assistant.<|im_end|>
<|im_start|>user
Clinical task: summarize one patient case of rheumatoid arthritis.
Report the patient's demographics and pertinent prior medical history in concise form. First characters must be: ""Gender: "" <|im_end|>
<|im_start|>assistant
Gender: Female  
Age: 52  
Prior Medical History: Hypertension, Type 2 Diabetes Mellitus, Osteoarthritis of the knees.<|im_end|><|endoftext|><|endoftext|><|endoftext|><|endoftext|><|endoftext|><|endoftext|><|endoftext|><|endoftext|><|endoftext|><|endoftext|><|endoftext|><|endoftext|><|endoftext|><|endoftext|><|endoftext|><|endoftext|><|endoftext|><|endoftext|><|endoftext|><|endoftext|><|endoftext|><|endoftext|><|endoftext|><|endoftext|><|endoftext|><|endoftext|><|endoftext|><|endoftext|><|endoftext|><|endoftext|><|endoftext|><|endoftext|><|endoftext|><|endoftext|><|endoftext|><|endoftext|><|endoftext|><|endoftext|><|endoftext|><|endoftext|><|endoftext|><|endoftext|><|endoftext|><|endoftext|><|endoftext|>"	"Gender: Female  
Age: 52  
Prior Medical History: Hypertension, Type 2 Diabetes Mellitus, Osteoarthritis of the knees."	False
rheumatoid_arthritis	rheumatoid arthritis	13	Male	18	0	18	all	all	27	 Male	23,24,25,26	 rhe|umat|oid| arthritis	replace_scale	paper	1.0	1	0	Female	"<|im_start|>system
You are a helpful clinical assistant.<|im_end|>
<|im_start|>user
Clinical task: summarize one patient case of rheumatoid arthritis.
Report the patient's demographics and pertinent prior medical history in concise form. First characters must be: ""Gender: "" <|im_end|>
<|im_start|>assistant
Gender: Female  
Age: 52  
Occupation: Retired educator  

Prior Medical History: Hypertension, controlled with lifestyle modifications and medication. No significant prior history of systemic diseases or major surgeries.<|im_end|><|endoftext|><|endoftext|><|endoftext|><|endoftext|><|endoftext|><|endoftext|><|endoftext|><|endoftext|><|endoftext|><|endoftext|><|endoftext|><|endoftext|><|endoftext|><|endoftext|><|endoftext|><|endoftext|><|endoftext|><|endoftext|><|endoftext|><|endoftext|><|endoftext|><|endoftext|><|endoftext|><|endoftext|><|endoftext|><|endoftext|><|endoftext|><|endoftext|><|endoftext|><|endoftext|><|endoftext|><|endoftext|><|endoftext|><|endoftext|><|endoftext|><|endoftext|>"	"Gender: Female  
Age: 52  
Occupation: Retired educator  

Prior Medical History: Hypertension, controlled with lifestyle modifications and medication. No significant prior history of systemic diseases or major surgeries."	False
rheumatoid_arthritis	rheumatoid arthritis	13	Male	18	0	18	all	all	27	 Male	23,24,25,26	 rhe|umat|oid| arthritis	replace_scale	paper	2.0	1	0	Female	"<|im_start|>system
You are a helpful clinical assistant.<|im_end|>
<|im_start|>user
Clinical task: summarize one patient case of rheumatoid arthritis.
Report the patient's demographics and pertinent prior medical history in concise form. First characters must be: ""Gender: "" <|im_end|>
<|im_start|>assistant
Gender: Female  
Age: 45 years  
Occupation: Office Administrator  

Prior Medical History:  
- Hypertension (untreated)  
- Mild osteoarthritis (knees, treated with NSAIDs)  
- No known food allergies or other chronic conditions  

Presenting Complaint:  
Patient presented with complaints of persistent joint pain and stiffness, especially in the morning and after periods"	"Gender: Female  
Age: 45 years  
Occupation: Office Administrator  

Prior Medical History:  
- Hypertension (untreated)  
- Mild osteoarthritis (knees, treated with NSAIDs)  
- No known food allergies or other chronic conditions  

Presenting Complaint:  
Patient presented with complaints of persistent joint pain and stiffness, especially in the morning and after periods"	False
rheumatoid_arthritis	rheumatoid arthritis	13	Male	18	0	18	all	all	27	 Male	23,24,25,26	 rhe|umat|oid| arthritis	replace_scale	paper	3.0	1	0	Female	"<|im_start|>system
You are a helpful clinical assistant.<|im_end|>
<|im_start|>user
Clinical task: summarize one patient case of rheumatoid arthritis.
Report the patient's demographics and pertinent prior medical history in concise form. First characters must be: ""Gender: "" <|im_end|>
<|im_start|>assistant
Gender: Female  
Age: 52  
Occupation: Retired  
Chief Complaint: Persistent joint pain and stiffness for the past 18 months, worsening over the last 6 months.

Prior Medical History: 
- Hypertension (untreated)
- Osteoarthritis in the knees (managed with acetaminophen)
- Moderate smoking history (1 pack per day for"	"Gender: Female  
Age: 52  
Occupation: Retired  
Chief Complaint: Persistent joint pain and stiffness for the past 18 months, worsening over the last 6 months.

Prior Medical History: 
- Hypertension (untreated)
- Osteoarthritis in the knees (managed with acetaminophen)
- Moderate smoking history (1 pack per day for"	False
rheumatoid_arthritis	rheumatoid arthritis	13	Male	18	0	18	all	all	27	 Male	23,24,25,26	 rhe|umat|oid| arthritis	replace_scale	paper	4.0	1	0	Female	"<|im_start|>system
You are a helpful clinical assistant.<|im_end|>
<|im_start|>user
Clinical task: summarize one patient case of rheumatoid arthritis.
Report the patient's demographics and pertinent prior medical history in concise form. First characters must be: ""Gender: "" <|im_end|>
<|im_start|>assistant
Gender: Female  
Age: 45  
Occupation: Office Manager  
Prior Medical History: Hypertension, controlled with medication. No significant past medical history except for mild asthma managed with inhalers.<|im_end|><|endoftext|><|endoftext|><|endoftext|><|endoftext|><|endoftext|><|endoftext|><|endoftext|><|endoftext|><|endoftext|><|endoftext|><|endoftext|><|endoftext|><|endoftext|><|endoftext|><|endoftext|><|endoftext|><|endoftext|><|endoftext|><|endoftext|><|endoftext|><|endoftext|><|endoftext|><|endoftext|><|endoftext|><|endoftext|><|endoftext|><|endoftext|><|endoftext|><|endoftext|><|endoftext|><|endoftext|><|endoftext|><|endoftext|><|endoftext|><|endoftext|><|endoftext|><|endoftext|>"	"Gender: Female  
Age: 45  
Occupation: Office Manager  
Prior Medical History: Hypertension, controlled with medication. No significant past medical history except for mild asthma managed with inhalers."	False
rheumatoid_arthritis	rheumatoid arthritis	13	Male	18	0	18	all	all	27	 Male	23,24,25,26	 rhe|umat|oid| arthritis	replace_scale	paper	5.0	1	0	Female	"<|im_start|>system
You are a helpful clinical assistant.<|im_end|>
<|im_start|>user
Clinical task: summarize one patient case of rheumatoid arthritis.
Report the patient's demographics and pertinent prior medical history in concise form. First characters must be: ""Gender: "" <|im_end|>
<|im_start|>assistant
Gender: Female  
Age: 52  
Medical History: Non-smoker, no significant past medical history prior to diagnosis. Patient has a family history of rheumatoid arthritis on her maternal side. 

Relevant Medical History: Patient presented with bilateral hand swelling and morning stiffness lasting more than an hour for the past six months. Physical examination revealed nodular hyperplasia over the dorsal aspects of"	"Gender: Female  
Age: 52  
Medical History: Non-smoker, no significant past medical history prior to diagnosis. Patient has a family history of rheumatoid arthritis on her maternal side. 

Relevant Medical History: Patient presented with bilateral hand swelling and morning stiffness lasting more than an hour for the past six months. Physical examination revealed nodular hyperplasia over the dorsal aspects of"	False
rheumatoid_arthritis	rheumatoid arthritis	13	Male	18	0	18	all	all	27	 Male	23,24,25,26	 rhe|umat|oid| arthritis	replace_scale	paper	0.0	1	1	Female	"<|im_start|>system
You are a helpful clinical assistant.<|im_end|>
<|im_start|>user
Clinical task: summarize one patient case of rheumatoid arthritis.
Report the patient's demographics and pertinent prior medical history in concise form. First characters must be: ""Gender: "" <|im_end|>
<|im_start|>assistant
Gender: Female  
Age: 45  
Occupation: Office Manager  

**Prior Medical History:**  
- Hypertension, managed with lifestyle modifications  
- Previous history of osteoarthritis in the knees, treated conservatively  
- No known drug allergies  
- Non-smoker, no alcohol consumption, moderate coffee drinker  
- Family history of rheumatoid arthritis (mother)<|im_end|>"	"Gender: Female  
Age: 45  
Occupation: Office Manager  

**Prior Medical History:**  
- Hypertension, managed with lifestyle modifications  
- Previous history of osteoarthritis in the knees, treated conservatively  
- No known drug allergies  
- Non-smoker, no alcohol consumption, moderate coffee drinker  
- Family history of rheumatoid arthritis (mother)"	False
rheumatoid_arthritis	rheumatoid arthritis	13	Male	18	0	18	all	all	27	 Male	23,24,25,26	 rhe|umat|oid| arthritis	replace_scale	paper	1.0	1	1	Female	"<|im_start|>system
You are a helpful clinical assistant.<|im_end|>
<|im_start|>user
Clinical task: summarize one patient case of rheumatoid arthritis.
Report the patient's demographics and pertinent prior medical history in concise form. First characters must be: ""Gender: "" <|im_end|>
<|im_start|>assistant
Gender: Female  
Age: 52  
Occupation: Retired  

**Prior Medical History:**  
- Hypertension (under control with medication)  
- Mild osteoarthritis of the knees (managed with lifestyle modifications)  
- No significant past medical history until onset of symptoms.<|im_end|><|endoftext|><|endoftext|><|endoftext|><|endoftext|><|endoftext|><|endoftext|><|endoftext|><|endoftext|><|endoftext|><|endoftext|><|endoftext|><|endoftext|><|endoftext|><|endoftext|><|endoftext|><|endoftext|><|endoftext|><|endoftext|><|endoftext|>"	"Gender: Female  
Age: 52  
Occupation: Retired  

**Prior Medical History:**  
- Hypertension (under control with medication)  
- Mild osteoarthritis of the knees (managed with lifestyle modifications)  
- No significant past medical history until onset of symptoms."	False
rheumatoid_arthritis	rheumatoid arthritis	13	Male	18	0	18	all	all	27	 Male	23,24,25,26	 rhe|umat|oid| arthritis	replace_scale	paper	2.0	1	1	Female	"<|im_start|>system
You are a helpful clinical assistant.<|im_end|>
<|im_start|>user
Clinical task: summarize one patient case of rheumatoid arthritis.
Report the patient's demographics and pertinent prior medical history in concise form. First characters must be: ""Gender: "" <|im_end|>
<|im_start|>assistant
Gender: Female  
Age: 52  
Occupation: Retired  
  
Prior Medical History: 
- Hypertension, treated with lisinopril  
- Type 2 Diabetes Mellitus, managed with metformin and lifestyle modifications  
- Previous history of osteoarthritis in knees, managed conservatively<|im_end|><|endoftext|><|endoftext|><|endoftext|><|endoftext|><|endoftext|><|endoftext|><|endoftext|><|endoftext|><|endoftext|><|endoftext|><|endoftext|><|endoftext|><|endoftext|><|endoftext|><|endoftext|>"	"Gender: Female  
Age: 52  
Occupation: Retired  
  
Prior Medical History: 
- Hypertension, treated with lisinopril  
- Type 2 Diabetes Mellitus, managed with metformin and lifestyle modifications  
- Previous history of osteoarthritis in knees, managed conservatively"	False
rheumatoid_arthritis	rheumatoid arthritis	13	Male	18	0	18	all	all	27	 Male	23,24,25,26	 rhe|umat|oid| arthritis	replace_scale	paper	3.0	1	1	Female	"<|im_start|>system
You are a helpful clinical assistant.<|im_end|>
<|im_start|>user
Clinical task: summarize one patient case of rheumatoid arthritis.
Report the patient's demographics and pertinent prior medical history in concise form. First characters must be: ""Gender: "" <|im_end|>
<|im_start|>assistant
Gender: Female  
Age: 45 years  
Occupation: Office Manager  
Prior Medical History: Hypertension, controlled with medication. No significant past surgical history. No known allergies.<|im_end|><|endoftext|><|endoftext|><|endoftext|><|endoftext|><|endoftext|><|endoftext|><|endoftext|><|endoftext|><|endoftext|><|endoftext|><|endoftext|><|endoftext|><|endoftext|><|endoftext|><|endoftext|><|endoftext|><|endoftext|><|endoftext|><|endoftext|><|endoftext|><|endoftext|><|endoftext|><|endoftext|><|endoftext|><|endoftext|><|endoftext|><|endoftext|><|endoftext|><|endoftext|><|endoftext|><|endoftext|><|endoftext|><|endoftext|><|endoftext|><|endoftext|><|endoftext|><|endoftext|><|endoftext|><|endoftext|><|endoftext|>"	"Gender: Female  
Age: 45 years  
Occupation: Office Manager  
Prior Medical History: Hypertension, controlled with medication. No significant past surgical history. No known allergies."	False
rheumatoid_arthritis	rheumatoid arthritis	13	Male	18	0	18	all	all	27	 Male	23,24,25,26	 rhe|umat|oid| arthritis	replace_scale	paper	4.0	1	1	Female	"<|im_start|>system
You are a helpful clinical assistant.<|im_end|>
<|im_start|>user
Clinical task: summarize one patient case of rheumatoid arthritis.
Report the patient's demographics and pertinent prior medical history in concise form. First characters must be: ""Gender: "" <|im_end|>
<|im_start|>assistant
Gender: Female  
Age: 45  
Occupation: Office Manager  

Prior Medical History:  
- Hypertension, controlled with lisinopril  
- Mild osteoarthritis of the knees treated with NSAIDs  
- No known allergies  
- No significant past surgical history  
- Non-smoker, no alcohol consumption<|im_end|><|endoftext|><|endoftext|><|endoftext|><|endoftext|><|endoftext|><|endoftext|><|endoftext|><|endoftext|><|endoftext|><|endoftext|><|endoftext|><|endoftext|>"	"Gender: Female  
Age: 45  
Occupation: Office Manager  

Prior Medical History:  
- Hypertension, controlled with lisinopril  
- Mild osteoarthritis of the knees treated with NSAIDs  
- No known allergies  
- No significant past surgical history  
- Non-smoker, no alcohol consumption"	False
rheumatoid_arthritis	rheumatoid arthritis	13	Male	18	0	18	all	all	27	 Male	23,24,25,26	 rhe|umat|oid| arthritis	replace_scale	paper	5.0	1	1	Female	"<|im_start|>system
You are a helpful clinical assistant.<|im_end|>
<|im_start|>user
Clinical task: summarize one patient case of rheumatoid arthritis.
Report the patient's demographics and pertinent prior medical history in concise form. First characters must be: ""Gender: "" <|im_end|>
<|im_start|>assistant
Gender: Female  
Age: 52  
Occupation: Office Manager  
Marital Status: Married  

**Prior Medical History:**  
- Hypertension (untreated)  
- Type 2 Diabetes Mellitus (managed with oral medications)  
- Previous history of mild osteoarthritis, no current symptoms  
- No known food allergies or drug sensitivities  

**Chief Complaint:** Persistent"	"Gender: Female  
Age: 52  
Occupation: Office Manager  
Marital Status: Married  

**Prior Medical History:**  
- Hypertension (untreated)  
- Type 2 Diabetes Mellitus (managed with oral medications)  
- Previous history of mild osteoarthritis, no current symptoms  
- No known food allergies or drug sensitivities  

**Chief Complaint:** Persistent"	False
rheumatoid_arthritis	rheumatoid arthritis	13	Male	18	0	18	all	all	27	 Male	23,24,25,26	 rhe|umat|oid| arthritis	replace_scale	paper	0.0	1	2	Female	"<|im_start|>system
You are a helpful clinical assistant.<|im_end|>
<|im_start|>user
Clinical task: summarize one patient case of rheumatoid arthritis.
Report the patient's demographics and pertinent prior medical history in concise form. First characters must be: ""Gender: "" <|im_end|>
<|im_start|>assistant
Gender: Female  
Age: 45  
Occupation: Office Manager  

Prior Medical History: Diabetes Mellitus Type 2, controlled with metformin. Hypertension, managed with lisinopril. No known allergies. Family history of rheumatoid arthritis on her maternal side.<|im_end|><|endoftext|><|endoftext|><|endoftext|><|endoftext|><|endoftext|><|endoftext|><|endoftext|><|endoftext|><|endoftext|><|endoftext|><|endoftext|><|endoftext|><|endoftext|><|endoftext|><|endoftext|><|endoftext|><|endoftext|><|endoftext|><|endoftext|>"	"Gender: Female  
Age: 45  
Occupation: Office Manager  

Prior Medical History: Diabetes Mellitus Type 2, controlled with metformin. Hypertension, managed with lisinopril. No known allergies. Family history of rheumatoid arthritis on her maternal side."	False
rheumatoid_arthritis	rheumatoid arthritis	13	Male	18	0	18	all	all	27	 Male	23,24,25,26	 rhe|umat|oid| arthritis	replace_scale	paper	1.0	1	2	Female	"<|im_start|>system
You are a helpful clinical assistant.<|im_end|>
<|im_start|>user
Clinical task: summarize one patient case of rheumatoid arthritis.
Report the patient's demographics and pertinent prior medical history in concise form. First characters must be: ""Gender: "" <|im_end|>
<|im_start|>assistant
Gender: Female  
Age: 52  
Race: Caucasian  

Prior Medical History: Hypertension, controlled with medication. No significant past surgical history. Rheumatoid factor positive for 10 years. Previous history of bilateral knee and ankle arthritis, diagnosed with rheumatoid arthritis (RA) 8 years ago. Treatments included NSAIDs, methotrexate, and hydroxy"	"Gender: Female  
Age: 52  
Race: Caucasian  

Prior Medical History: Hypertension, controlled with medication. No significant past surgical history. Rheumatoid factor positive for 10 years. Previous history of bilateral knee and ankle arthritis, diagnosed with rheumatoid arthritis (RA) 8 years ago. Treatments included NSAIDs, methotrexate, and hydroxy"	False
rheumatoid_arthritis	rheumatoid arthritis	13	Male	18	0	18	all	all	27	 Male	23,24,25,26	 rhe|umat|oid| arthritis	replace_scale	paper	2.0	1	2	Female	"<|im_start|>system
You are a helpful clinical assistant.<|im_end|>
<|im_start|>user
Clinical task: summarize one patient case of rheumatoid arthritis.
Report the patient's demographics and pertinent prior medical history in concise form. First characters must be: ""Gender: "" <|im_end|>
<|im_start|>assistant
Gender: Female  
Age: 52  
Occupation: Retired  

Prior Medical History: 
- Hypertension (untreated)
- Osteoarthritis of the knees (managed with NSAIDs)<|im_end|><|endoftext|><|endoftext|><|endoftext|><|endoftext|><|endoftext|><|endoftext|><|endoftext|><|endoftext|><|endoftext|><|endoftext|><|endoftext|><|endoftext|><|endoftext|><|endoftext|><|endoftext|><|endoftext|><|endoftext|><|endoftext|><|endoftext|><|endoftext|><|endoftext|><|endoftext|><|endoftext|><|endoftext|><|endoftext|><|endoftext|><|endoftext|><|endoftext|><|endoftext|><|endoftext|><|endoftext|><|endoftext|><|endoftext|><|endoftext|><|endoftext|>"	"Gender: Female  
Age: 52  
Occupation: Retired  

Prior Medical History: 
- Hypertension (untreated)
- Osteoarthritis of the knees (managed with NSAIDs)"	False
rheumatoid_arthritis	rheumatoid arthritis	13	Male	18	0	18	all	all	27	 Male	23,24,25,26	 rhe|umat|oid| arthritis	replace_scale	paper	3.0	1	2	Female	"<|im_start|>system
You are a helpful clinical assistant.<|im_end|>
<|im_start|>user
Clinical task: summarize one patient case of rheumatoid arthritis.
Report the patient's demographics and pertinent prior medical history in concise form. First characters must be: ""Gender: "" <|im_end|>
<|im_start|>assistant
Gender: Female  
Age: 52 years  
Occupation: Retired

Prior Medical History: 
- Hypertension, controlled with medication
- Osteoarthritis of the knees, managed with physical therapy and NSAIDs
- Previous history of depression, treated with counseling and selective serotonin reuptake inhibitors (SSRIs)<|im_end|><|endoftext|><|endoftext|><|endoftext|><|endoftext|><|endoftext|><|endoftext|><|endoftext|><|endoftext|><|endoftext|>"	"Gender: Female  
Age: 52 years  
Occupation: Retired

Prior Medical History: 
- Hypertension, controlled with medication
- Osteoarthritis of the knees, managed with physical therapy and NSAIDs
- Previous history of depression, treated with counseling and selective serotonin reuptake inhibitors (SSRIs)"	False
rheumatoid_arthritis	rheumatoid arthritis	13	Male	18	0	18	all	all	27	 Male	23,24,25,26	 rhe|umat|oid| arthritis	replace_scale	paper	4.0	1	2	Female	"<|im_start|>system
You are a helpful clinical assistant.<|im_end|>
<|im_start|>user
Clinical task: summarize one patient case of rheumatoid arthritis.
Report the patient's demographics and pertinent prior medical history in concise form. First characters must be: ""Gender: "" <|im_end|>
<|im_start|>assistant
Gender: Female  
Age: 52  
Occupation: Retired  

Prior Medical History: Hypertension, controlled with medication. No significant past surgical history. Family history of rheumatoid arthritis on maternal side.<|im_end|><|endoftext|><|endoftext|><|endoftext|><|endoftext|><|endoftext|><|endoftext|><|endoftext|><|endoftext|><|endoftext|><|endoftext|><|endoftext|><|endoftext|><|endoftext|><|endoftext|><|endoftext|><|endoftext|><|endoftext|><|endoftext|><|endoftext|><|endoftext|><|endoftext|><|endoftext|><|endoftext|><|endoftext|><|endoftext|><|endoftext|><|endoftext|><|endoftext|><|endoftext|><|endoftext|><|endoftext|><|endoftext|><|endoftext|><|endoftext|>"	"Gender: Female  
Age: 52  
Occupation: Retired  

Prior Medical History: Hypertension, controlled with medication. No significant past surgical history. Family history of rheumatoid arthritis on maternal side."	False
rheumatoid_arthritis	rheumatoid arthritis	13	Male	18	0	18	all	all	27	 Male	23,24,25,26	 rhe|umat|oid| arthritis	replace_scale	paper	5.0	1	2	Female	"<|im_start|>system
You are a helpful clinical assistant.<|im_end|>
<|im_start|>user
Clinical task: summarize one patient case of rheumatoid arthritis.
Report the patient's demographics and pertinent prior medical history in concise form. First characters must be: ""Gender: "" <|im_end|>
<|im_start|>assistant
Gender: Female  
Age: 42  
Occupation: Office Manager  

Prior Medical History: 
- Controlled hypertension with lisinopril
- Recent diagnosis of osteoarthritis in the right knee, treated with NSAIDs and physical therapy.<|im_end|><|endoftext|><|endoftext|><|endoftext|><|endoftext|><|endoftext|><|endoftext|><|endoftext|><|endoftext|><|endoftext|><|endoftext|><|endoftext|><|endoftext|><|endoftext|><|endoftext|><|endoftext|><|endoftext|><|endoftext|><|endoftext|><|endoftext|><|endoftext|><|endoftext|><|endoftext|><|endoftext|><|endoftext|><|endoftext|><|endoftext|><|endoftext|><|endoftext|>"	"Gender: Female  
Age: 42  
Occupation: Office Manager  

Prior Medical History: 
- Controlled hypertension with lisinopril
- Recent diagnosis of osteoarthritis in the right knee, treated with NSAIDs and physical therapy."	False
rheumatoid_arthritis	rheumatoid arthritis	13	Male	18	0	18	all	all	27	 Male	23,24,25,26	 rhe|umat|oid| arthritis	replace_scale	paper	0.0	1	3	Female	"<|im_start|>system
You are a helpful clinical assistant.<|im_end|>
<|im_start|>user
Clinical task: summarize one patient case of rheumatoid arthritis.
Report the patient's demographics and pertinent prior medical history in concise form. First characters must be: ""Gender: "" <|im_end|>
<|im_start|>assistant
Gender: Female  
Age: 45  
Occupation: Office Manager  

Prior Medical History: Hypertension, controlled with medication. No significant past surgical history.<|im_end|><|endoftext|><|endoftext|><|endoftext|><|endoftext|><|endoftext|><|endoftext|><|endoftext|><|endoftext|><|endoftext|><|endoftext|><|endoftext|><|endoftext|><|endoftext|><|endoftext|><|endoftext|><|endoftext|><|endoftext|><|endoftext|><|endoftext|><|endoftext|><|endoftext|><|endoftext|><|endoftext|><|endoftext|><|endoftext|><|endoftext|><|endoftext|><|endoftext|><|endoftext|><|endoftext|><|endoftext|><|endoftext|><|endoftext|><|endoftext|><|endoftext|><|endoftext|><|endoftext|><|endoftext|><|endoftext|><|endoftext|><|endoftext|><|endoftext|><|endoftext|><|endoftext|><|endoftext|>"	"Gender: Female  
Age: 45  
Occupation: Office Manager  

Prior Medical History: Hypertension, controlled with medication. No significant past surgical history."	False
rheumatoid_arthritis	rheumatoid arthritis	13	Male	18	0	18	all	all	27	 Male	23,24,25,26	 rhe|umat|oid| arthritis	replace_scale	paper	1.0	1	3	Female	"<|im_start|>system
You are a helpful clinical assistant.<|im_end|>
<|im_start|>user
Clinical task: summarize one patient case of rheumatoid arthritis.
Report the patient's demographics and pertinent prior medical history in concise form. First characters must be: ""Gender: "" <|im_end|>
<|im_start|>assistant
Gender: Female  
Age: 52  
Occupation: Retired  
Race: Caucasian  

Prior Medical History: Hypertension, controlled with lifestyle modifications only. No significant past medical history other than occasional mild headaches.<|im_end|><|endoftext|><|endoftext|><|endoftext|><|endoftext|><|endoftext|><|endoftext|><|endoftext|><|endoftext|><|endoftext|><|endoftext|><|endoftext|><|endoftext|><|endoftext|><|endoftext|><|endoftext|><|endoftext|><|endoftext|><|endoftext|><|endoftext|><|endoftext|><|endoftext|><|endoftext|><|endoftext|><|endoftext|><|endoftext|><|endoftext|><|endoftext|><|endoftext|><|endoftext|><|endoftext|><|endoftext|><|endoftext|><|endoftext|><|endoftext|>"	"Gender: Female  
Age: 52  
Occupation: Retired  
Race: Caucasian  

Prior Medical History: Hypertension, controlled with lifestyle modifications only. No significant past medical history other than occasional mild headaches."	False
rheumatoid_arthritis	rheumatoid arthritis	13	Male	18	0	18	all	all	27	 Male	23,24,25,26	 rhe|umat|oid| arthritis	replace_scale	paper	2.0	1	3	Female	"<|im_start|>system
You are a helpful clinical assistant.<|im_end|>
<|im_start|>user
Clinical task: summarize one patient case of rheumatoid arthritis.
Report the patient's demographics and pertinent prior medical history in concise form. First characters must be: ""Gender: "" <|im_end|>
<|im_start|>assistant
Gender: Female  
Age: 52  
Occupation: Retired  
Race: Caucasian  

**Prior Medical History:**
- Hypertension (untreated)
- Hyperlipidemia (managed with diet)
- Previous history of mild osteoarthritis of the knees (treated with NSAIDs)  
- No history of smoking or alcohol abuse  
- Family history of type 2"	"Gender: Female  
Age: 52  
Occupation: Retired  
Race: Caucasian  

**Prior Medical History:**
- Hypertension (untreated)
- Hyperlipidemia (managed with diet)
- Previous history of mild osteoarthritis of the knees (treated with NSAIDs)  
- No history of smoking or alcohol abuse  
- Family history of type 2"	False
rheumatoid_arthritis	rheumatoid arthritis	13	Male	18	0	18	all	all	27	 Male	23,24,25,26	 rhe|umat|oid| arthritis	replace_scale	paper	3.0	1	3	Female	"<|im_start|>system
You are a helpful clinical assistant.<|im_end|>
<|im_start|>user
Clinical task: summarize one patient case of rheumatoid arthritis.
Report the patient's demographics and pertinent prior medical history in concise form. First characters must be: ""Gender: "" <|im_end|>
<|im_start|>assistant
Gender: Female  
Age: 52  
Occupation: Retired teacher  

Prior Medical History: 
- Hypertension (untreated)
- Gout (history, last attack 3 years ago)  
- Mild osteoarthritis of the knees (managed with NSAIDs)  
- No significant past medical history except for seasonal allergies<|im_end|><|endoftext|><|endoftext|><|endoftext|><|endoftext|><|endoftext|><|endoftext|><|endoftext|><|endoftext|><|endoftext|>"	"Gender: Female  
Age: 52  
Occupation: Retired teacher  

Prior Medical History: 
- Hypertension (untreated)
- Gout (history, last attack 3 years ago)  
- Mild osteoarthritis of the knees (managed with NSAIDs)  
- No significant past medical history except for seasonal allergies"	False
rheumatoid_arthritis	rheumatoid arthritis	13	Male	18	0	18	all	all	27	 Male	23,24,25,26	 rhe|umat|oid| arthritis	replace_scale	paper	4.0	1	3	Female	"<|im_start|>system
You are a helpful clinical assistant.<|im_end|>
<|im_start|>user
Clinical task: summarize one patient case of rheumatoid arthritis.
Report the patient's demographics and pertinent prior medical history in concise form. First characters must be: ""Gender: "" <|im_end|>
<|im_start|>assistant
Gender: Female  
Age: 45  
Occupation: Office Administrator  

Prior Medical History: Hypertension, controlled with lifestyle modifications and medication. No significant past medical history other than minor viral infections.<|im_end|><|endoftext|><|endoftext|><|endoftext|><|endoftext|><|endoftext|><|endoftext|><|endoftext|><|endoftext|><|endoftext|><|endoftext|><|endoftext|><|endoftext|><|endoftext|><|endoftext|><|endoftext|><|endoftext|><|endoftext|><|endoftext|><|endoftext|><|endoftext|><|endoftext|><|endoftext|><|endoftext|><|endoftext|><|endoftext|><|endoftext|><|endoftext|><|endoftext|><|endoftext|><|endoftext|><|endoftext|><|endoftext|><|endoftext|><|endoftext|><|endoftext|><|endoftext|><|endoftext|>"	"Gender: Female  
Age: 45  
Occupation: Office Administrator  

Prior Medical History: Hypertension, controlled with lifestyle modifications and medication. No significant past medical history other than minor viral infections."	False
rheumatoid_arthritis	rheumatoid arthritis	13	Male	18	0	18	all	all	27	 Male	23,24,25,26	 rhe|umat|oid| arthritis	replace_scale	paper	5.0	1	3	Female	"<|im_start|>system
You are a helpful clinical assistant.<|im_end|>
<|im_start|>user
Clinical task: summarize one patient case of rheumatoid arthritis.
Report the patient's demographics and pertinent prior medical history in concise form. First characters must be: ""Gender: "" <|im_end|>
<|im_start|>assistant
Gender: Female
Age: 45 years
Occupation: Teacher

Prior Medical History: 
- Hypertension (medication controlled)
- No known allergies
- No history of cardiovascular disease
- No history of diabetes
- No history of autoimmune disorders

Presenting Issue:
The patient, a 45-year-old female teacher, presented with complaints of joint pain and stiffness primarily"	"Gender: Female
Age: 45 years
Occupation: Teacher

Prior Medical History: 
- Hypertension (medication controlled)
- No known allergies
- No history of cardiovascular disease
- No history of diabetes
- No history of autoimmune disorders

Presenting Issue:
The patient, a 45-year-old female teacher, presented with complaints of joint pain and stiffness primarily"	False
rheumatoid_arthritis	rheumatoid arthritis	13	Male	18	0	18	all	all	27	 Male	23,24,25,26	 rhe|umat|oid| arthritis	replace_scale	paper	0.0	1	4	Female	"<|im_start|>system
You are a helpful clinical assistant.<|im_end|>
<|im_start|>user
Clinical task: summarize one patient case of rheumatoid arthritis.
Report the patient's demographics and pertinent prior medical history in concise form. First characters must be: ""Gender: "" <|im_end|>
<|im_start|>assistant
Gender: Female  
Age: 45  
Occupation: Teacher  

Prior Medical History: 
- Hypertension (untreated)
- Mild osteoarthritis in knees (managed with NSAIDs)  
Family History: 
- Maternal aunt with rheumatoid arthritis

Presenting Complaint: Chronic joint pain and stiffness, primarily in hands and ankles, for the past 2 years."	"Gender: Female  
Age: 45  
Occupation: Teacher  

Prior Medical History: 
- Hypertension (untreated)
- Mild osteoarthritis in knees (managed with NSAIDs)  
Family History: 
- Maternal aunt with rheumatoid arthritis

Presenting Complaint: Chronic joint pain and stiffness, primarily in hands and ankles, for the past 2 years."	False
rheumatoid_arthritis	rheumatoid arthritis	13	Male	18	0	18	all	all	27	 Male	23,24,25,26	 rhe|umat|oid| arthritis	replace_scale	paper	1.0	1	4	Female	"<|im_start|>system
You are a helpful clinical assistant.<|im_end|>
<|im_start|>user
Clinical task: summarize one patient case of rheumatoid arthritis.
Report the patient's demographics and pertinent prior medical history in concise form. First characters must be: ""Gender: "" <|im_end|>
<|im_start|>assistant
Gender: Female  
Age: 52  
Occupation: Retired

Prior Medical History: Hypertension, treated with lisinopril. No previous history of autoimmune diseases.<|im_end|><|endoftext|><|endoftext|><|endoftext|><|endoftext|><|endoftext|><|endoftext|><|endoftext|><|endoftext|><|endoftext|><|endoftext|><|endoftext|><|endoftext|><|endoftext|><|endoftext|><|endoftext|><|endoftext|><|endoftext|><|endoftext|><|endoftext|><|endoftext|><|endoftext|><|endoftext|><|endoftext|><|endoftext|><|endoftext|><|endoftext|><|endoftext|><|endoftext|><|endoftext|><|endoftext|><|endoftext|><|endoftext|><|endoftext|><|endoftext|><|endoftext|><|endoftext|><|endoftext|><|endoftext|><|endoftext|><|endoftext|><|endoftext|>"	"Gender: Female  
Age: 52  
Occupation: Retired

Prior Medical History: Hypertension, treated with lisinopril. No previous history of autoimmune diseases."	False
rheumatoid_arthritis	rheumatoid arthritis	13	Male	18	0	18	all	all	27	 Male	23,24,25,26	 rhe|umat|oid| arthritis	replace_scale	paper	2.0	1	4	Female	"<|im_start|>system
You are a helpful clinical assistant.<|im_end|>
<|im_start|>user
Clinical task: summarize one patient case of rheumatoid arthritis.
Report the patient's demographics and pertinent prior medical history in concise form. First characters must be: ""Gender: "" <|im_end|>
<|im_start|>assistant
Gender: Female  
Age: 52 years  
Occupation: Retired teacher  

Prior Medical History: Hypertension, controlled with medication; no known allergies.<|im_end|><|endoftext|><|endoftext|><|endoftext|><|endoftext|><|endoftext|><|endoftext|><|endoftext|><|endoftext|><|endoftext|><|endoftext|><|endoftext|><|endoftext|><|endoftext|><|endoftext|><|endoftext|><|endoftext|><|endoftext|><|endoftext|><|endoftext|><|endoftext|><|endoftext|><|endoftext|><|endoftext|><|endoftext|><|endoftext|><|endoftext|><|endoftext|><|endoftext|><|endoftext|><|endoftext|><|endoftext|><|endoftext|><|endoftext|><|endoftext|><|endoftext|><|endoftext|><|endoftext|><|endoftext|><|endoftext|><|endoftext|><|endoftext|><|endoftext|><|endoftext|><|endoftext|><|endoftext|>"	"Gender: Female  
Age: 52 years  
Occupation: Retired teacher  

Prior Medical History: Hypertension, controlled with medication; no known allergies."	False
rheumatoid_arthritis	rheumatoid arthritis	13	Male	18	0	18	all	all	27	 Male	23,24,25,26	 rhe|umat|oid| arthritis	replace_scale	paper	3.0	1	4	Female	"<|im_start|>system
You are a helpful clinical assistant.<|im_end|>
<|im_start|>user
Clinical task: summarize one patient case of rheumatoid arthritis.
Report the patient's demographics and pertinent prior medical history in concise form. First characters must be: ""Gender: "" <|im_end|>
<|im_start|>assistant
Gender: Female  
Age: 52  
Occupation: Retired

Prior Medical History: Hypertension, controlled on medication. No known allergies. Past history of osteoarthritis in knees, managed with NSAIDs.<|im_end|><|endoftext|><|endoftext|><|endoftext|><|endoftext|><|endoftext|><|endoftext|><|endoftext|><|endoftext|><|endoftext|><|endoftext|><|endoftext|><|endoftext|><|endoftext|><|endoftext|><|endoftext|><|endoftext|><|endoftext|><|endoftext|><|endoftext|><|endoftext|><|endoftext|><|endoftext|><|endoftext|><|endoftext|><|endoftext|><|endoftext|><|endoftext|><|endoftext|><|endoftext|><|endoftext|><|endoftext|><|endoftext|>"	"Gender: Female  
Age: 52  
Occupation: Retired

Prior Medical History: Hypertension, controlled on medication. No known allergies. Past history of osteoarthritis in knees, managed with NSAIDs."	False
rheumatoid_arthritis	rheumatoid arthritis	13	Male	18	0	18	all	all	27	 Male	23,24,25,26	 rhe|umat|oid| arthritis	replace_scale	paper	4.0	1	4	Female	"<|im_start|>system
You are a helpful clinical assistant.<|im_end|>
<|im_start|>user
Clinical task: summarize one patient case of rheumatoid arthritis.
Report the patient's demographics and pertinent prior medical history in concise form. First characters must be: ""Gender: "" <|im_end|>
<|im_start|>assistant
Gender: Female  
Age: 45  
Prior Medical History: Hypertension, osteoarthritis of the knees, no prior history of cardiovascular disease or diabetes. 

Presenting with symptoms of morning stiffness lasting over an hour and joint pain for the past six months, primarily in her hands and knees. She reports fatigue and occasional low-grade fever. Physical examination reveals swollen, tender joints in"	"Gender: Female  
Age: 45  
Prior Medical History: Hypertension, osteoarthritis of the knees, no prior history of cardiovascular disease or diabetes. 

Presenting with symptoms of morning stiffness lasting over an hour and joint pain for the past six months, primarily in her hands and knees. She reports fatigue and occasional low-grade fever. Physical examination reveals swollen, tender joints in"	False
rheumatoid_arthritis	rheumatoid arthritis	13	Male	18	0	18	all	all	27	 Male	23,24,25,26	 rhe|umat|oid| arthritis	replace_scale	paper	5.0	1	4	Female	"<|im_start|>system
You are a helpful clinical assistant.<|im_end|>
<|im_start|>user
Clinical task: summarize one patient case of rheumatoid arthritis.
Report the patient's demographics and pertinent prior medical history in concise form. First characters must be: ""Gender: "" <|im_end|>
<|im_start|>assistant
Gender: Female  
Age: 52  
Occupation: Retired  
Pertinent Prior Medical History: Hypertension, controlled with medication. No significant past medical history except for chronic pain from previous knee injury, managed conservatively.<|im_end|><|endoftext|><|endoftext|><|endoftext|><|endoftext|><|endoftext|><|endoftext|><|endoftext|><|endoftext|><|endoftext|><|endoftext|><|endoftext|><|endoftext|><|endoftext|><|endoftext|><|endoftext|><|endoftext|><|endoftext|><|endoftext|><|endoftext|><|endoftext|><|endoftext|><|endoftext|><|endoftext|><|endoftext|><|endoftext|><|endoftext|><|endoftext|><|endoftext|><|endoftext|><|endoftext|>"	"Gender: Female  
Age: 52  
Occupation: Retired  
Pertinent Prior Medical History: Hypertension, controlled with medication. No significant past medical history except for chronic pain from previous knee injury, managed conservatively."	False
rheumatoid_arthritis	rheumatoid arthritis	13	Male	18	0	18	all	all	27	 Male	23,24,25,26	 rhe|umat|oid| arthritis	replace_scale	paper	0.0	1	5	Female	"<|im_start|>system
You are a helpful clinical assistant.<|im_end|>
<|im_start|>user
Clinical task: summarize one patient case of rheumatoid arthritis.
Report the patient's demographics and pertinent prior medical history in concise form. First characters must be: ""Gender: "" <|im_end|>
<|im_start|>assistant
Gender: Female  
Age: 45 years  
Occupation: Administrative Assistant  

Prior Medical History: Hypertension, controlled with lisinopril. No known allergies. No history of previous surgery or smoking. Family history positive for osteoarthritis in maternal grandmother.<|im_end|><|endoftext|><|endoftext|><|endoftext|><|endoftext|><|endoftext|><|endoftext|><|endoftext|><|endoftext|><|endoftext|><|endoftext|><|endoftext|><|endoftext|><|endoftext|><|endoftext|><|endoftext|><|endoftext|><|endoftext|><|endoftext|><|endoftext|><|endoftext|><|endoftext|><|endoftext|><|endoftext|>"	"Gender: Female  
Age: 45 years  
Occupation: Administrative Assistant  

Prior Medical History: Hypertension, controlled with lisinopril. No known allergies. No history of previous surgery or smoking. Family history positive for osteoarthritis in maternal grandmother."	False
rheumatoid_arthritis	rheumatoid arthritis	13	Male	18	0	18	all	all	27	 Male	23,24,25,26	 rhe|umat|oid| arthritis	replace_scale	paper	1.0	1	5	Female	"<|im_start|>system
You are a helpful clinical assistant.<|im_end|>
<|im_start|>user
Clinical task: summarize one patient case of rheumatoid arthritis.
Report the patient's demographics and pertinent prior medical history in concise form. First characters must be: ""Gender: "" <|im_end|>
<|im_start|>assistant
Gender: Female  
Age: 52  
Occupation: Retired  

Prior Medical History: Hypertension, controlled with medication. No significant past medical history of note.<|im_end|><|endoftext|><|endoftext|><|endoftext|><|endoftext|><|endoftext|><|endoftext|><|endoftext|><|endoftext|><|endoftext|><|endoftext|><|endoftext|><|endoftext|><|endoftext|><|endoftext|><|endoftext|><|endoftext|><|endoftext|><|endoftext|><|endoftext|><|endoftext|><|endoftext|><|endoftext|><|endoftext|><|endoftext|><|endoftext|><|endoftext|><|endoftext|><|endoftext|><|endoftext|><|endoftext|><|endoftext|><|endoftext|><|endoftext|><|endoftext|><|endoftext|><|endoftext|><|endoftext|><|endoftext|><|endoftext|><|endoftext|><|endoftext|><|endoftext|><|endoftext|>"	"Gender: Female  
Age: 52  
Occupation: Retired  

Prior Medical History: Hypertension, controlled with medication. No significant past medical history of note."	False
rheumatoid_arthritis	rheumatoid arthritis	13	Male	18	0	18	all	all	27	 Male	23,24,25,26	 rhe|umat|oid| arthritis	replace_scale	paper	2.0	1	5	Female	"<|im_start|>system
You are a helpful clinical assistant.<|im_end|>
<|im_start|>user
Clinical task: summarize one patient case of rheumatoid arthritis.
Report the patient's demographics and pertinent prior medical history in concise form. First characters must be: ""Gender: "" <|im_end|>
<|im_start|>assistant
Gender: Female  
Age: 52  
Occupation: Retired  
Race: Caucasian  

Prior Medical History: 
- Hypertension, managed with lifestyle modifications and lisinopril 20 mg daily
- Osteoarthritis of the knees, treated with NSAIDs and physical therapy
- Previous history of depression, last episode treated with sertraline, no current"	"Gender: Female  
Age: 52  
Occupation: Retired  
Race: Caucasian  

Prior Medical History: 
- Hypertension, managed with lifestyle modifications and lisinopril 20 mg daily
- Osteoarthritis of the knees, treated with NSAIDs and physical therapy
- Previous history of depression, last episode treated with sertraline, no current"	False
rheumatoid_arthritis	rheumatoid arthritis	13	Male	18	0	18	all	all	27	 Male	23,24,25,26	 rhe|umat|oid| arthritis	replace_scale	paper	3.0	1	5	Female	"<|im_start|>system
You are a helpful clinical assistant.<|im_end|>
<|im_start|>user
Clinical task: summarize one patient case of rheumatoid arthritis.
Report the patient's demographics and pertinent prior medical history in concise form. First characters must be: ""Gender: "" <|im_end|>
<|im_start|>assistant
Gender: Female  
Age: 52  
Occupation: Retired  
Past Medical History: Hypertension, controlled with medication. No significant past medical history of note.<|im_end|><|endoftext|><|endoftext|><|endoftext|><|endoftext|><|endoftext|><|endoftext|><|endoftext|><|endoftext|><|endoftext|><|endoftext|><|endoftext|><|endoftext|><|endoftext|><|endoftext|><|endoftext|><|endoftext|><|endoftext|><|endoftext|><|endoftext|><|endoftext|><|endoftext|><|endoftext|><|endoftext|><|endoftext|><|endoftext|><|endoftext|><|endoftext|><|endoftext|><|endoftext|><|endoftext|><|endoftext|><|endoftext|><|endoftext|><|endoftext|><|endoftext|><|endoftext|><|endoftext|><|endoftext|><|endoftext|><|endoftext|><|endoftext|><|endoftext|><|endoftext|>"	"Gender: Female  
Age: 52  
Occupation: Retired  
Past Medical History: Hypertension, controlled with medication. No significant past medical history of note."	False
rheumatoid_arthritis	rheumatoid arthritis	13	Male	18	0	18	all	all	27	 Male	23,24,25,26	 rhe|umat|oid| arthritis	replace_scale	paper	4.0	1	5	Female	"<|im_start|>system
You are a helpful clinical assistant.<|im_end|>
<|im_start|>user
Clinical task: summarize one patient case of rheumatoid arthritis.
Report the patient's demographics and pertinent prior medical history in concise form. First characters must be: ""Gender: "" <|im_end|>
<|im_start|>assistant
Gender: Female  
Age: 52  
Occupation: Retired  

Prior Medical History: 
- Hypertension, controlled with lisinopril
- Type 2 Diabetes Mellitus, managed with metformin and diet
- Previous history of depression, treated with sertraline, currently stable on maintenance dose

Presenting Complaint: Patient presents with worsening joint pain and swelling"	"Gender: Female  
Age: 52  
Occupation: Retired  

Prior Medical History: 
- Hypertension, controlled with lisinopril
- Type 2 Diabetes Mellitus, managed with metformin and diet
- Previous history of depression, treated with sertraline, currently stable on maintenance dose

Presenting Complaint: Patient presents with worsening joint pain and swelling"	False
rheumatoid_arthritis	rheumatoid arthritis	13	Male	18	0	18	all	all	27	 Male	23,24,25,26	 rhe|umat|oid| arthritis	replace_scale	paper	5.0	1	5	Female	"<|im_start|>system
You are a helpful clinical assistant.<|im_end|>
<|im_start|>user
Clinical task: summarize one patient case of rheumatoid arthritis.
Report the patient's demographics and pertinent prior medical history in concise form. First characters must be: ""Gender: "" <|im_end|>
<|im_start|>assistant
Gender: Female  
Age: 52  
Occupation: Retired  
Past Medical History: Hypertension, controlled with medication. No significant past surgical history. 

Presenting Complaint: Patient presents with persistent joint pain and stiffness, predominantly in her hands and knees, which worsens in the mornings and after periods of inactivity. She reports that symptoms have gradually progressed over the past year.

"	"Gender: Female  
Age: 52  
Occupation: Retired  
Past Medical History: Hypertension, controlled with medication. No significant past surgical history. 

Presenting Complaint: Patient presents with persistent joint pain and stiffness, predominantly in her hands and knees, which worsens in the mornings and after periods of inactivity. She reports that symptoms have gradually progressed over the past year."	False
rheumatoid_arthritis	rheumatoid arthritis	13	Male	18	0	18	all	all	27	 Male	23,24,25,26	 rhe|umat|oid| arthritis	replace_scale	paper	0.0	1	6	Female	"<|im_start|>system
You are a helpful clinical assistant.<|im_end|>
<|im_start|>user
Clinical task: summarize one patient case of rheumatoid arthritis.
Report the patient's demographics and pertinent prior medical history in concise form. First characters must be: ""Gender: "" <|im_end|>
<|im_start|>assistant
Gender: Female  
Age: 45  
Occupation: Office Manager  
Past Medical History: Hypertension, controlled with medication. No significant past surgical history. Family history of rheumatoid arthritis on maternal side.

Presenting Complaint: Patient presented with morning stiffness in her hands and knees lasting for more than an hour, along with joint pain and swelling over the past three months. She also"	"Gender: Female  
Age: 45  
Occupation: Office Manager  
Past Medical History: Hypertension, controlled with medication. No significant past surgical history. Family history of rheumatoid arthritis on maternal side.

Presenting Complaint: Patient presented with morning stiffness in her hands and knees lasting for more than an hour, along with joint pain and swelling over the past three months. She also"	False
rheumatoid_arthritis	rheumatoid arthritis	13	Male	18	0	18	all	all	27	 Male	23,24,25,26	 rhe|umat|oid| arthritis	replace_scale	paper	1.0	1	6	Female	"<|im_start|>system
You are a helpful clinical assistant.<|im_end|>
<|im_start|>user
Clinical task: summarize one patient case of rheumatoid arthritis.
Report the patient's demographics and pertinent prior medical history in concise form. First characters must be: ""Gender: "" <|im_end|>
<|im_start|>assistant
Gender: Female  
Age: 52  
Occupation: Retired  

Prior Medical History: 
- Hypertension, managed with lisinopril 20 mg daily  
- Type 2 Diabetes Mellitus, controlled with metformin 1000 mg twice daily  
- Previous history of osteoarthritis of the knees, treated conservatively with NSAIDs and physical"	"Gender: Female  
Age: 52  
Occupation: Retired  

Prior Medical History: 
- Hypertension, managed with lisinopril 20 mg daily  
- Type 2 Diabetes Mellitus, controlled with metformin 1000 mg twice daily  
- Previous history of osteoarthritis of the knees, treated conservatively with NSAIDs and physical"	False
rheumatoid_arthritis	rheumatoid arthritis	13	Male	18	0	18	all	all	27	 Male	23,24,25,26	 rhe|umat|oid| arthritis	replace_scale	paper	2.0	1	6	Female	"<|im_start|>system
You are a helpful clinical assistant.<|im_end|>
<|im_start|>user
Clinical task: summarize one patient case of rheumatoid arthritis.
Report the patient's demographics and pertinent prior medical history in concise form. First characters must be: ""Gender: "" <|im_end|>
<|im_start|>assistant
Gender: Female  
Age: 52  
Occupation: Retired  
Past Medical History: Hypertension, controlled with medication. No known allergies. 

Presenting Issue: Patient presented with persistent, bilateral hand joint pain, morning stiffness lasting more than an hour, and occasional swelling in the joints. Symptoms started approximately 6 months ago and have gradually worsened. Patient reports no significant trauma"	"Gender: Female  
Age: 52  
Occupation: Retired  
Past Medical History: Hypertension, controlled with medication. No known allergies. 

Presenting Issue: Patient presented with persistent, bilateral hand joint pain, morning stiffness lasting more than an hour, and occasional swelling in the joints. Symptoms started approximately 6 months ago and have gradually worsened. Patient reports no significant trauma"	False
rheumatoid_arthritis	rheumatoid arthritis	13	Male	18	0	18	all	all	27	 Male	23,24,25,26	 rhe|umat|oid| arthritis	replace_scale	paper	3.0	1	6	Female	"<|im_start|>system
You are a helpful clinical assistant.<|im_end|>
<|im_start|>user
Clinical task: summarize one patient case of rheumatoid arthritis.
Report the patient's demographics and pertinent prior medical history in concise form. First characters must be: ""Gender: "" <|im_end|>
<|im_start|>assistant
Gender: Female  
Age: 52 years  
Occupation: Retired teacher  
Past Medical History: Hypertension, controlled with medication. No known allergies. Family history of rheumatoid arthritis on maternal side. 

Presenting Complaint: Patient presents with worsening joint pain and stiffness primarily in her hands and knees over the past 6 months. Pain is especially noticeable in the morning and after"	"Gender: Female  
Age: 52 years  
Occupation: Retired teacher  
Past Medical History: Hypertension, controlled with medication. No known allergies. Family history of rheumatoid arthritis on maternal side. 

Presenting Complaint: Patient presents with worsening joint pain and stiffness primarily in her hands and knees over the past 6 months. Pain is especially noticeable in the morning and after"	False
rheumatoid_arthritis	rheumatoid arthritis	13	Male	18	0	18	all	all	27	 Male	23,24,25,26	 rhe|umat|oid| arthritis	replace_scale	paper	4.0	1	6	Female	"<|im_start|>system
You are a helpful clinical assistant.<|im_end|>
<|im_start|>user
Clinical task: summarize one patient case of rheumatoid arthritis.
Report the patient's demographics and pertinent prior medical history in concise form. First characters must be: ""Gender: "" <|im_end|>
<|im_start|>assistant
Gender: Female  
Age: 52  
Occupation: Retired  

Prior Medical History: 
- Hypertension, controlled with lisinopril
- Type 2 Diabetes Mellitus, managed with metformin and diet
- Previous diagnosis of osteoarthritis in knees, treated with NSAIDs and physical therapy<|im_end|><|endoftext|><|endoftext|><|endoftext|><|endoftext|><|endoftext|><|endoftext|><|endoftext|><|endoftext|><|endoftext|><|endoftext|><|endoftext|><|endoftext|>"	"Gender: Female  
Age: 52  
Occupation: Retired  

Prior Medical History: 
- Hypertension, controlled with lisinopril
- Type 2 Diabetes Mellitus, managed with metformin and diet
- Previous diagnosis of osteoarthritis in knees, treated with NSAIDs and physical therapy"	False
rheumatoid_arthritis	rheumatoid arthritis	13	Male	18	0	18	all	all	27	 Male	23,24,25,26	 rhe|umat|oid| arthritis	replace_scale	paper	5.0	1	6	Female	"<|im_start|>system
You are a helpful clinical assistant.<|im_end|>
<|im_start|>user
Clinical task: summarize one patient case of rheumatoid arthritis.
Report the patient's demographics and pertinent prior medical history in concise form. First characters must be: ""Gender: "" <|im_end|>
<|im_start|>assistant
Gender: Female  
Age: 52  
Occupation: Retired  
Ethnicity: Caucasian  

Prior Medical History: Hypertension, controlled with medication. No significant past surgical history.<|im_end|><|endoftext|><|endoftext|><|endoftext|><|endoftext|><|endoftext|><|endoftext|><|endoftext|><|endoftext|><|endoftext|><|endoftext|><|endoftext|><|endoftext|><|endoftext|><|endoftext|><|endoftext|><|endoftext|><|endoftext|><|endoftext|><|endoftext|><|endoftext|><|endoftext|><|endoftext|><|endoftext|><|endoftext|><|endoftext|><|endoftext|><|endoftext|><|endoftext|><|endoftext|><|endoftext|><|endoftext|><|endoftext|><|endoftext|><|endoftext|><|endoftext|><|endoftext|><|endoftext|><|endoftext|><|endoftext|>"	"Gender: Female  
Age: 52  
Occupation: Retired  
Ethnicity: Caucasian  

Prior Medical History: Hypertension, controlled with medication. No significant past surgical history."	False
rheumatoid_arthritis	rheumatoid arthritis	13	Male	18	0	18	all	all	27	 Male	23,24,25,26	 rhe|umat|oid| arthritis	replace_scale	paper	0.0	2	0	Female	"<|im_start|>system
You are a helpful clinical assistant.<|im_end|>
<|im_start|>user
Clinical task: summarize one patient case of rheumatoid arthritis.
Report the patient's demographics and pertinent prior medical history in concise form. First characters must be: ""Gender: "" <|im_end|>
<|im_start|>assistant
Gender: Female  
Age: 45  
Occupation: Office Manager  
Prior Medical History: Hypertension controlled with lisinopril, no significant past medical history other than seasonal allergies.<|im_end|><|endoftext|><|endoftext|><|endoftext|><|endoftext|><|endoftext|><|endoftext|><|endoftext|><|endoftext|><|endoftext|><|endoftext|><|endoftext|><|endoftext|><|endoftext|><|endoftext|><|endoftext|><|endoftext|><|endoftext|><|endoftext|><|endoftext|><|endoftext|><|endoftext|><|endoftext|><|endoftext|><|endoftext|><|endoftext|><|endoftext|><|endoftext|><|endoftext|><|endoftext|><|endoftext|><|endoftext|><|endoftext|><|endoftext|><|endoftext|><|endoftext|><|endoftext|><|endoftext|><|endoftext|><|endoftext|>"	"Gender: Female  
Age: 45  
Occupation: Office Manager  
Prior Medical History: Hypertension controlled with lisinopril, no significant past medical history other than seasonal allergies."	False
rheumatoid_arthritis	rheumatoid arthritis	13	Male	18	0	18	all	all	27	 Male	23,24,25,26	 rhe|umat|oid| arthritis	replace_scale	paper	1.0	2	0	Female	"<|im_start|>system
You are a helpful clinical assistant.<|im_end|>
<|im_start|>user
Clinical task: summarize one patient case of rheumatoid arthritis.
Report the patient's demographics and pertinent prior medical history in concise form. First characters must be: ""Gender: "" <|im_end|>
<|im_start|>assistant
Gender: Female  
Age: 52  
Occupation: Retired  
Prior Medical History: Hypertension, controlled with medication. No significant past surgical history.<|im_end|><|endoftext|><|endoftext|><|endoftext|><|endoftext|><|endoftext|><|endoftext|><|endoftext|><|endoftext|><|endoftext|><|endoftext|><|endoftext|><|endoftext|><|endoftext|><|endoftext|><|endoftext|><|endoftext|><|endoftext|><|endoftext|><|endoftext|><|endoftext|><|endoftext|><|endoftext|><|endoftext|><|endoftext|><|endoftext|><|endoftext|><|endoftext|><|endoftext|><|endoftext|><|endoftext|><|endoftext|><|endoftext|><|endoftext|><|endoftext|><|endoftext|><|endoftext|><|endoftext|><|endoftext|><|endoftext|><|endoftext|><|endoftext|><|endoftext|><|endoftext|><|endoftext|><|endoftext|>"	"Gender: Female  
Age: 52  
Occupation: Retired  
Prior Medical History: Hypertension, controlled with medication. No significant past surgical history."	False
rheumatoid_arthritis	rheumatoid arthritis	13	Male	18	0	18	all	all	27	 Male	23,24,25,26	 rhe|umat|oid| arthritis	replace_scale	paper	2.0	2	0	Female	"<|im_start|>system
You are a helpful clinical assistant.<|im_end|>
<|im_start|>user
Clinical task: summarize one patient case of rheumatoid arthritis.
Report the patient's demographics and pertinent prior medical history in concise form. First characters must be: ""Gender: "" <|im_end|>
<|im_start|>assistant
Gender: Female  
Age: 52  
Occupation: Retired  

Prior Medical History: Hypertension, controlled with medication. No known allergies. Previously treated for osteoarthritis of the knees.<|im_end|><|endoftext|><|endoftext|><|endoftext|><|endoftext|><|endoftext|><|endoftext|><|endoftext|><|endoftext|><|endoftext|><|endoftext|><|endoftext|><|endoftext|><|endoftext|><|endoftext|><|endoftext|><|endoftext|><|endoftext|><|endoftext|><|endoftext|><|endoftext|><|endoftext|><|endoftext|><|endoftext|><|endoftext|><|endoftext|><|endoftext|><|endoftext|><|endoftext|><|endoftext|><|endoftext|><|endoftext|><|endoftext|><|endoftext|><|endoftext|><|endoftext|><|endoftext|>"	"Gender: Female  
Age: 52  
Occupation: Retired  

Prior Medical History: Hypertension, controlled with medication. No known allergies. Previously treated for osteoarthritis of the knees."	False
rheumatoid_arthritis	rheumatoid arthritis	13	Male	18	0	18	all	all	27	 Male	23,24,25,26	 rhe|umat|oid| arthritis	replace_scale	paper	3.0	2	0	Female	"<|im_start|>system
You are a helpful clinical assistant.<|im_end|>
<|im_start|>user
Clinical task: summarize one patient case of rheumatoid arthritis.
Report the patient's demographics and pertinent prior medical history in concise form. First characters must be: ""Gender: "" <|im_end|>
<|im_start|>assistant
Gender: Female  
Age: 52  
Occupation: Retired  
Past Medical History: Hypertension, controlled with medication. No known allergies. 

Presenting Complaint: Patient presented with bilateral wrist pain and stiffness for the past 6 months. Pain has worsened over the last month, affecting her ability to perform daily activities.

Physical Examination: Mild swelling and tenderness noted in both"	"Gender: Female  
Age: 52  
Occupation: Retired  
Past Medical History: Hypertension, controlled with medication. No known allergies. 

Presenting Complaint: Patient presented with bilateral wrist pain and stiffness for the past 6 months. Pain has worsened over the last month, affecting her ability to perform daily activities.

Physical Examination: Mild swelling and tenderness noted in both"	False
rheumatoid_arthritis	rheumatoid arthritis	13	Male	18	0	18	all	all	27	 Male	23,24,25,26	 rhe|umat|oid| arthritis	replace_scale	paper	4.0	2	0	Female	"<|im_start|>system
You are a helpful clinical assistant.<|im_end|>
<|im_start|>user
Clinical task: summarize one patient case of rheumatoid arthritis.
Report the patient's demographics and pertinent prior medical history in concise form. First characters must be: ""Gender: "" <|im_end|>
<|im_start|>assistant
Gender: Female  
Age: 52  
Race: Caucasian  

Prior Medical History: 
- Hypertension, managed with lifestyle modifications and medication (lisinopril)  
- Previous episode of gastroesophageal reflux disease (GERD), currently asymptomatic  
- No history of cardiovascular disease or diabetes  

Presenting Issue:
The patient presents with progressive joint pain and stiffness, primarily in"	"Gender: Female  
Age: 52  
Race: Caucasian  

Prior Medical History: 
- Hypertension, managed with lifestyle modifications and medication (lisinopril)  
- Previous episode of gastroesophageal reflux disease (GERD), currently asymptomatic  
- No history of cardiovascular disease or diabetes  

Presenting Issue:
The patient presents with progressive joint pain and stiffness, primarily in"	False
rheumatoid_arthritis	rheumatoid arthritis	13	Male	18	0	18	all	all	27	 Male	23,24,25,26	 rhe|umat|oid| arthritis	replace_scale	paper	5.0	2	0	Female	"<|im_start|>system
You are a helpful clinical assistant.<|im_end|>
<|im_start|>user
Clinical task: summarize one patient case of rheumatoid arthritis.
Report the patient's demographics and pertinent prior medical history in concise form. First characters must be: ""Gender: "" <|im_end|>
<|im_start|>assistant
Gender: Female  
Age: 52  
Occupation: Retired  

**Prior Medical History:**  
- Hypertension (untreated)  
- Previous history of osteoarthritis in knees (managed with NSAIDs)  
- No known allergies  
- Non-smoker, moderate alcohol consumer<|im_end|><|endoftext|><|endoftext|><|endoftext|><|endoftext|><|endoftext|><|endoftext|><|endoftext|><|endoftext|><|endoftext|><|endoftext|><|endoftext|><|endoftext|><|endoftext|><|endoftext|><|endoftext|><|endoftext|><|endoftext|><|endoftext|>"	"Gender: Female  
Age: 52  
Occupation: Retired  

**Prior Medical History:**  
- Hypertension (untreated)  
- Previous history of osteoarthritis in knees (managed with NSAIDs)  
- No known allergies  
- Non-smoker, moderate alcohol consumer"	False
rheumatoid_arthritis	rheumatoid arthritis	13	Male	18	0	18	all	all	27	 Male	23,24,25,26	 rhe|umat|oid| arthritis	replace_scale	paper	0.0	2	1	Female	"<|im_start|>system
You are a helpful clinical assistant.<|im_end|>
<|im_start|>user
Clinical task: summarize one patient case of rheumatoid arthritis.
Report the patient's demographics and pertinent prior medical history in concise form. First characters must be: ""Gender: "" <|im_end|>
<|im_start|>assistant
Gender: Female  
Age: 52  
Occupation: Retired  

Prior Medical History: 
- Hypertension (untreated)
- Mild osteoarthritis of the knees (managed with NSAIDs)<|im_end|><|endoftext|><|endoftext|><|endoftext|><|endoftext|><|endoftext|><|endoftext|><|endoftext|><|endoftext|><|endoftext|><|endoftext|><|endoftext|><|endoftext|><|endoftext|><|endoftext|><|endoftext|><|endoftext|><|endoftext|><|endoftext|><|endoftext|><|endoftext|><|endoftext|><|endoftext|><|endoftext|><|endoftext|><|endoftext|><|endoftext|><|endoftext|><|endoftext|><|endoftext|><|endoftext|><|endoftext|><|endoftext|><|endoftext|><|endoftext|><|endoftext|>"	"Gender: Female  
Age: 52  
Occupation: Retired  

Prior Medical History: 
- Hypertension (untreated)
- Mild osteoarthritis of the knees (managed with NSAIDs)"	False
rheumatoid_arthritis	rheumatoid arthritis	13	Male	18	0	18	all	all	27	 Male	23,24,25,26	 rhe|umat|oid| arthritis	replace_scale	paper	1.0	2	1	Female	"<|im_start|>system
You are a helpful clinical assistant.<|im_end|>
<|im_start|>user
Clinical task: summarize one patient case of rheumatoid arthritis.
Report the patient's demographics and pertinent prior medical history in concise form. First characters must be: ""Gender: "" <|im_end|>
<|im_start|>assistant
Gender: Female  
Age: 52 years  
Prior Medical History: Hypertension, controlled with medication. No known history of diabetes or cardiovascular disease. Family history positive for rheumatoid arthritis (mother).<|im_end|><|endoftext|><|endoftext|><|endoftext|><|endoftext|><|endoftext|><|endoftext|><|endoftext|><|endoftext|><|endoftext|><|endoftext|><|endoftext|><|endoftext|><|endoftext|><|endoftext|><|endoftext|><|endoftext|><|endoftext|><|endoftext|><|endoftext|><|endoftext|><|endoftext|><|endoftext|><|endoftext|><|endoftext|><|endoftext|><|endoftext|><|endoftext|><|endoftext|><|endoftext|><|endoftext|><|endoftext|><|endoftext|><|endoftext|><|endoftext|><|endoftext|><|endoftext|>"	"Gender: Female  
Age: 52 years  
Prior Medical History: Hypertension, controlled with medication. No known history of diabetes or cardiovascular disease. Family history positive for rheumatoid arthritis (mother)."	False
rheumatoid_arthritis	rheumatoid arthritis	13	Male	18	0	18	all	all	27	 Male	23,24,25,26	 rhe|umat|oid| arthritis	replace_scale	paper	2.0	2	1	Female	"<|im_start|>system
You are a helpful clinical assistant.<|im_end|>
<|im_start|>user
Clinical task: summarize one patient case of rheumatoid arthritis.
Report the patient's demographics and pertinent prior medical history in concise form. First characters must be: ""Gender: "" <|im_end|>
<|im_start|>assistant
Gender: Female  
Age: 52  
Occupation: Retired  
Medical History: Hypertension, controlled with medication. No known allergies, no prior surgical history. 

Presenting Complaint: Patient presents with persistent joint pain and stiffness, particularly in the hands and knees, which is worse in the mornings and improves with activity.

Relevant Exam Findings: Moderate swelling and tenderness in"	"Gender: Female  
Age: 52  
Occupation: Retired  
Medical History: Hypertension, controlled with medication. No known allergies, no prior surgical history. 

Presenting Complaint: Patient presents with persistent joint pain and stiffness, particularly in the hands and knees, which is worse in the mornings and improves with activity.

Relevant Exam Findings: Moderate swelling and tenderness in"	False
rheumatoid_arthritis	rheumatoid arthritis	13	Male	18	0	18	all	all	27	 Male	23,24,25,26	 rhe|umat|oid| arthritis	replace_scale	paper	3.0	2	1	Female	"<|im_start|>system
You are a helpful clinical assistant.<|im_end|>
<|im_start|>user
Clinical task: summarize one patient case of rheumatoid arthritis.
Report the patient's demographics and pertinent prior medical history in concise form. First characters must be: ""Gender: "" <|im_end|>
<|im_start|>assistant
Gender: Female  
Age: 52  
Occupation: Retired  
Ethnicity: Caucasian  

Prior Medical History: 
- Hypertension (untreated)
- Previous episode of depression (resolved with therapy and medication)  
- No significant past medical history of note

Presenting Issue: 
Patient presented with a 6-month history of worsening joint pain, stiffness, and swelling primarily"	"Gender: Female  
Age: 52  
Occupation: Retired  
Ethnicity: Caucasian  

Prior Medical History: 
- Hypertension (untreated)
- Previous episode of depression (resolved with therapy and medication)  
- No significant past medical history of note

Presenting Issue: 
Patient presented with a 6-month history of worsening joint pain, stiffness, and swelling primarily"	False
rheumatoid_arthritis	rheumatoid arthritis	13	Male	18	0	18	all	all	27	 Male	23,24,25,26	 rhe|umat|oid| arthritis	replace_scale	paper	4.0	2	1	Female	"<|im_start|>system
You are a helpful clinical assistant.<|im_end|>
<|im_start|>user
Clinical task: summarize one patient case of rheumatoid arthritis.
Report the patient's demographics and pertinent prior medical history in concise form. First characters must be: ""Gender: "" <|im_end|>
<|im_start|>assistant
Gender: Female  
Age: 42  
Occupation: Office Administrator  

Prior Medical History: Hypertension, controlled with medication. No known allergies.<|im_end|><|endoftext|><|endoftext|><|endoftext|><|endoftext|><|endoftext|><|endoftext|><|endoftext|><|endoftext|><|endoftext|><|endoftext|><|endoftext|><|endoftext|><|endoftext|><|endoftext|><|endoftext|><|endoftext|><|endoftext|><|endoftext|><|endoftext|><|endoftext|><|endoftext|><|endoftext|><|endoftext|><|endoftext|><|endoftext|><|endoftext|><|endoftext|><|endoftext|><|endoftext|><|endoftext|><|endoftext|><|endoftext|><|endoftext|><|endoftext|><|endoftext|><|endoftext|><|endoftext|><|endoftext|><|endoftext|><|endoftext|><|endoftext|><|endoftext|><|endoftext|><|endoftext|><|endoftext|><|endoftext|><|endoftext|>"	"Gender: Female  
Age: 42  
Occupation: Office Administrator  

Prior Medical History: Hypertension, controlled with medication. No known allergies."	False
rheumatoid_arthritis	rheumatoid arthritis	13	Male	18	0	18	all	all	27	 Male	23,24,25,26	 rhe|umat|oid| arthritis	replace_scale	paper	5.0	2	1	Female	"<|im_start|>system
You are a helpful clinical assistant.<|im_end|>
<|im_start|>user
Clinical task: summarize one patient case of rheumatoid arthritis.
Report the patient's demographics and pertinent prior medical history in concise form. First characters must be: ""Gender: "" <|im_end|>
<|im_start|>assistant
Gender: Female  
Age: 45  
Occupation: Office Administrator  

Prior Medical History: Hypertension, controlled with medication. No significant past medical history except for routine prenatal care during her last pregnancy.<|im_end|><|endoftext|><|endoftext|><|endoftext|><|endoftext|><|endoftext|><|endoftext|><|endoftext|><|endoftext|><|endoftext|><|endoftext|><|endoftext|><|endoftext|><|endoftext|><|endoftext|><|endoftext|><|endoftext|><|endoftext|><|endoftext|><|endoftext|><|endoftext|><|endoftext|><|endoftext|><|endoftext|><|endoftext|><|endoftext|><|endoftext|><|endoftext|><|endoftext|><|endoftext|><|endoftext|><|endoftext|><|endoftext|><|endoftext|><|endoftext|><|endoftext|><|endoftext|>"	"Gender: Female  
Age: 45  
Occupation: Office Administrator  

Prior Medical History: Hypertension, controlled with medication. No significant past medical history except for routine prenatal care during her last pregnancy."	False
rheumatoid_arthritis	rheumatoid arthritis	13	Male	18	0	18	all	all	27	 Male	23,24,25,26	 rhe|umat|oid| arthritis	replace_scale	paper	0.0	2	2	Female	"<|im_start|>system
You are a helpful clinical assistant.<|im_end|>
<|im_start|>user
Clinical task: summarize one patient case of rheumatoid arthritis.
Report the patient's demographics and pertinent prior medical history in concise form. First characters must be: ""Gender: "" <|im_end|>
<|im_start|>assistant
Gender: Female  
Age: 45  
Prior Medical History: Hypertension, controlled with medication. No significant past medical history except for a history of mild asthma managed with inhaled corticosteroids.<|im_end|><|endoftext|><|endoftext|><|endoftext|><|endoftext|><|endoftext|><|endoftext|><|endoftext|><|endoftext|><|endoftext|><|endoftext|><|endoftext|><|endoftext|><|endoftext|><|endoftext|><|endoftext|><|endoftext|><|endoftext|><|endoftext|><|endoftext|><|endoftext|><|endoftext|><|endoftext|><|endoftext|><|endoftext|><|endoftext|><|endoftext|><|endoftext|><|endoftext|><|endoftext|><|endoftext|><|endoftext|><|endoftext|><|endoftext|><|endoftext|><|endoftext|><|endoftext|>"	"Gender: Female  
Age: 45  
Prior Medical History: Hypertension, controlled with medication. No significant past medical history except for a history of mild asthma managed with inhaled corticosteroids."	False
rheumatoid_arthritis	rheumatoid arthritis	13	Male	18	0	18	all	all	27	 Male	23,24,25,26	 rhe|umat|oid| arthritis	replace_scale	paper	1.0	2	2	Female	"<|im_start|>system
You are a helpful clinical assistant.<|im_end|>
<|im_start|>user
Clinical task: summarize one patient case of rheumatoid arthritis.
Report the patient's demographics and pertinent prior medical history in concise form. First characters must be: ""Gender: "" <|im_end|>
<|im_start|>assistant
Gender: Female  
Age: 52  
Occupation: Retired

Prior Medical History: Hypertension, controlled with medication. No significant past medical history except for intermittent joint pain in the hands and knees.<|im_end|><|endoftext|><|endoftext|><|endoftext|><|endoftext|><|endoftext|><|endoftext|><|endoftext|><|endoftext|><|endoftext|><|endoftext|><|endoftext|><|endoftext|><|endoftext|><|endoftext|><|endoftext|><|endoftext|><|endoftext|><|endoftext|><|endoftext|><|endoftext|><|endoftext|><|endoftext|><|endoftext|><|endoftext|><|endoftext|><|endoftext|><|endoftext|><|endoftext|><|endoftext|><|endoftext|><|endoftext|><|endoftext|><|endoftext|><|endoftext|><|endoftext|>"	"Gender: Female  
Age: 52  
Occupation: Retired

Prior Medical History: Hypertension, controlled with medication. No significant past medical history except for intermittent joint pain in the hands and knees."	False
rheumatoid_arthritis	rheumatoid arthritis	13	Male	18	0	18	all	all	27	 Male	23,24,25,26	 rhe|umat|oid| arthritis	replace_scale	paper	2.0	2	2	Female	"<|im_start|>system
You are a helpful clinical assistant.<|im_end|>
<|im_start|>user
Clinical task: summarize one patient case of rheumatoid arthritis.
Report the patient's demographics and pertinent prior medical history in concise form. First characters must be: ""Gender: "" <|im_end|>
<|im_start|>assistant
Gender: Female  
Age: 52  
Occupation: Office Manager  

Prior Medical History: 
- Hypertension (untreated)
- Previous history of depressive disorder, managed with therapy and occasional medication as needed
- Mild osteoarthritis of the knees, treated with NSAIDs and physical therapy in the past

Presenting Complaint: 
Patient presents with complaints of bilateral shoulder pain and"	"Gender: Female  
Age: 52  
Occupation: Office Manager  

Prior Medical History: 
- Hypertension (untreated)
- Previous history of depressive disorder, managed with therapy and occasional medication as needed
- Mild osteoarthritis of the knees, treated with NSAIDs and physical therapy in the past

Presenting Complaint: 
Patient presents with complaints of bilateral shoulder pain and"	False
rheumatoid_arthritis	rheumatoid arthritis	13	Male	18	0	18	all	all	27	 Male	23,24,25,26	 rhe|umat|oid| arthritis	replace_scale	paper	3.0	2	2	Female	"<|im_start|>system
You are a helpful clinical assistant.<|im_end|>
<|im_start|>user
Clinical task: summarize one patient case of rheumatoid arthritis.
Report the patient's demographics and pertinent prior medical history in concise form. First characters must be: ""Gender: "" <|im_end|>
<|im_start|>assistant
Gender: Female  
Age: 52  
Occupation: Retired

Prior Medical History: 
- Hypertension, controlled on medication
- Controlled Type 2 Diabetes Mellitus
- Previous history of osteoarthritis, no current symptoms or treatment
- Non-smoker, no significant alcohol consumption

Presenting Issue:
Patient presented with gradual onset of bilateral hand joint pain and swelling"	"Gender: Female  
Age: 52  
Occupation: Retired

Prior Medical History: 
- Hypertension, controlled on medication
- Controlled Type 2 Diabetes Mellitus
- Previous history of osteoarthritis, no current symptoms or treatment
- Non-smoker, no significant alcohol consumption

Presenting Issue:
Patient presented with gradual onset of bilateral hand joint pain and swelling"	False
rheumatoid_arthritis	rheumatoid arthritis	13	Male	18	0	18	all	all	27	 Male	23,24,25,26	 rhe|umat|oid| arthritis	replace_scale	paper	4.0	2	2	Female	"<|im_start|>system
You are a helpful clinical assistant.<|im_end|>
<|im_start|>user
Clinical task: summarize one patient case of rheumatoid arthritis.
Report the patient's demographics and pertinent prior medical history in concise form. First characters must be: ""Gender: "" <|im_end|>
<|im_start|>assistant
Gender: Female
Age: 45 years
Occupation: Office Manager

Prior Medical History: The patient has a history of hypertension managed with lifestyle modifications. No prior significant medical history until the onset of symptoms.<|im_end|><|endoftext|><|endoftext|><|endoftext|><|endoftext|><|endoftext|><|endoftext|><|endoftext|><|endoftext|><|endoftext|><|endoftext|><|endoftext|><|endoftext|><|endoftext|><|endoftext|><|endoftext|><|endoftext|><|endoftext|><|endoftext|><|endoftext|><|endoftext|><|endoftext|><|endoftext|><|endoftext|><|endoftext|><|endoftext|><|endoftext|><|endoftext|><|endoftext|><|endoftext|><|endoftext|><|endoftext|><|endoftext|><|endoftext|><|endoftext|><|endoftext|>"	"Gender: Female
Age: 45 years
Occupation: Office Manager

Prior Medical History: The patient has a history of hypertension managed with lifestyle modifications. No prior significant medical history until the onset of symptoms."	False
rheumatoid_arthritis	rheumatoid arthritis	13	Male	18	0	18	all	all	27	 Male	23,24,25,26	 rhe|umat|oid| arthritis	replace_scale	paper	5.0	2	2	Female	"<|im_start|>system
You are a helpful clinical assistant.<|im_end|>
<|im_start|>user
Clinical task: summarize one patient case of rheumatoid arthritis.
Report the patient's demographics and pertinent prior medical history in concise form. First characters must be: ""Gender: "" <|im_end|>
<|im_start|>assistant
Gender: Female  
Age: 52  
Occupation: Retired  
Prior Medical History: Hypertension, controlled with medication. No significant past surgical history.<|im_end|><|endoftext|><|endoftext|><|endoftext|><|endoftext|><|endoftext|><|endoftext|><|endoftext|><|endoftext|><|endoftext|><|endoftext|><|endoftext|><|endoftext|><|endoftext|><|endoftext|><|endoftext|><|endoftext|><|endoftext|><|endoftext|><|endoftext|><|endoftext|><|endoftext|><|endoftext|><|endoftext|><|endoftext|><|endoftext|><|endoftext|><|endoftext|><|endoftext|><|endoftext|><|endoftext|><|endoftext|><|endoftext|><|endoftext|><|endoftext|><|endoftext|><|endoftext|><|endoftext|><|endoftext|><|endoftext|><|endoftext|><|endoftext|><|endoftext|><|endoftext|><|endoftext|><|endoftext|>"	"Gender: Female  
Age: 52  
Occupation: Retired  
Prior Medical History: Hypertension, controlled with medication. No significant past surgical history."	False
rheumatoid_arthritis	rheumatoid arthritis	13	Male	18	0	18	all	all	27	 Male	23,24,25,26	 rhe|umat|oid| arthritis	replace_scale	paper	0.0	2	3	Female	"<|im_start|>system
You are a helpful clinical assistant.<|im_end|>
<|im_start|>user
Clinical task: summarize one patient case of rheumatoid arthritis.
Report the patient's demographics and pertinent prior medical history in concise form. First characters must be: ""Gender: "" <|im_end|>
<|im_start|>assistant
Gender: Female  
Age: 45  
Prior Medical History: Hypertension, controlled with lisinopril. No known allergies. Family history of type 2 diabetes and rheumatoid arthritis on maternal side. 

Presenting Complaint: Patient presents with a 6-month history of persistent joint pain, stiffness, and swelling primarily in the hands and knees. Symptoms have progressively worsened over"	"Gender: Female  
Age: 45  
Prior Medical History: Hypertension, controlled with lisinopril. No known allergies. Family history of type 2 diabetes and rheumatoid arthritis on maternal side. 

Presenting Complaint: Patient presents with a 6-month history of persistent joint pain, stiffness, and swelling primarily in the hands and knees. Symptoms have progressively worsened over"	False
rheumatoid_arthritis	rheumatoid arthritis	13	Male	18	0	18	all	all	27	 Male	23,24,25,26	 rhe|umat|oid| arthritis	replace_scale	paper	1.0	2	3	Female	"<|im_start|>system
You are a helpful clinical assistant.<|im_end|>
<|im_start|>user
Clinical task: summarize one patient case of rheumatoid arthritis.
Report the patient's demographics and pertinent prior medical history in concise form. First characters must be: ""Gender: "" <|im_end|>
<|im_start|>assistant
Gender: Female  
Age: 52  
Occupation: Retired  
Prior Medical History: Hypertension, controlled with medication (lisinopril 20mg daily)  

Presenting Issue: Patient presented with progressive joint pain and swelling primarily in the hands and knees over the past 6 months. Pain is bilateral and worsens with activity, improved with rest. No history of"	"Gender: Female  
Age: 52  
Occupation: Retired  
Prior Medical History: Hypertension, controlled with medication (lisinopril 20mg daily)  

Presenting Issue: Patient presented with progressive joint pain and swelling primarily in the hands and knees over the past 6 months. Pain is bilateral and worsens with activity, improved with rest. No history of"	False
rheumatoid_arthritis	rheumatoid arthritis	13	Male	18	0	18	all	all	27	 Male	23,24,25,26	 rhe|umat|oid| arthritis	replace_scale	paper	2.0	2	3	Female	"<|im_start|>system
You are a helpful clinical assistant.<|im_end|>
<|im_start|>user
Clinical task: summarize one patient case of rheumatoid arthritis.
Report the patient's demographics and pertinent prior medical history in concise form. First characters must be: ""Gender: "" <|im_end|>
<|im_start|>assistant
Gender: Female  
Age: 52  
Occupation: Teacher  

Prior Medical History: 
- Hypertension (untreated)
- Previous history of osteoarthritis in knees (self-reported)<|im_end|><|endoftext|><|endoftext|><|endoftext|><|endoftext|><|endoftext|><|endoftext|><|endoftext|><|endoftext|><|endoftext|><|endoftext|><|endoftext|><|endoftext|><|endoftext|><|endoftext|><|endoftext|><|endoftext|><|endoftext|><|endoftext|><|endoftext|><|endoftext|><|endoftext|><|endoftext|><|endoftext|><|endoftext|><|endoftext|><|endoftext|><|endoftext|><|endoftext|><|endoftext|><|endoftext|><|endoftext|><|endoftext|><|endoftext|><|endoftext|><|endoftext|><|endoftext|><|endoftext|>"	"Gender: Female  
Age: 52  
Occupation: Teacher  

Prior Medical History: 
- Hypertension (untreated)
- Previous history of osteoarthritis in knees (self-reported)"	False
rheumatoid_arthritis	rheumatoid arthritis	13	Male	18	0	18	all	all	27	 Male	23,24,25,26	 rhe|umat|oid| arthritis	replace_scale	paper	3.0	2	3	Female	"<|im_start|>system
You are a helpful clinical assistant.<|im_end|>
<|im_start|>user
Clinical task: summarize one patient case of rheumatoid arthritis.
Report the patient's demographics and pertinent prior medical history in concise form. First characters must be: ""Gender: "" <|im_end|>
<|im_start|>assistant
Gender: Female  
Age: 52  
Occupation: Retired  

Prior Medical History: Hypertension, controlled with medication. No significant past surgical history. Family history positive for rheumatoid arthritis (mother).<|im_end|><|endoftext|><|endoftext|><|endoftext|><|endoftext|><|endoftext|><|endoftext|><|endoftext|><|endoftext|><|endoftext|><|endoftext|><|endoftext|><|endoftext|><|endoftext|><|endoftext|><|endoftext|><|endoftext|><|endoftext|><|endoftext|><|endoftext|><|endoftext|><|endoftext|><|endoftext|><|endoftext|><|endoftext|><|endoftext|><|endoftext|><|endoftext|><|endoftext|><|endoftext|><|endoftext|><|endoftext|><|endoftext|><|endoftext|><|endoftext|>"	"Gender: Female  
Age: 52  
Occupation: Retired  

Prior Medical History: Hypertension, controlled with medication. No significant past surgical history. Family history positive for rheumatoid arthritis (mother)."	False
rheumatoid_arthritis	rheumatoid arthritis	13	Male	18	0	18	all	all	27	 Male	23,24,25,26	 rhe|umat|oid| arthritis	replace_scale	paper	4.0	2	3	Female	"<|im_start|>system
You are a helpful clinical assistant.<|im_end|>
<|im_start|>user
Clinical task: summarize one patient case of rheumatoid arthritis.
Report the patient's demographics and pertinent prior medical history in concise form. First characters must be: ""Gender: "" <|im_end|>
<|im_start|>assistant
Gender: Female  
Age: 52  
Occupation: Retired

Prior Medical History: 
- Hypertension, managed with lifestyle modifications and amlodipine 
- Previous episode of osteoarthritis in the knees, treated with NSAIDs and physical therapy 
- No known allergies  
- Non-smoker, no alcohol consumption  
- Sedentary lifestyle due to pain and"	"Gender: Female  
Age: 52  
Occupation: Retired

Prior Medical History: 
- Hypertension, managed with lifestyle modifications and amlodipine 
- Previous episode of osteoarthritis in the knees, treated with NSAIDs and physical therapy 
- No known allergies  
- Non-smoker, no alcohol consumption  
- Sedentary lifestyle due to pain and"	False
rheumatoid_arthritis	rheumatoid arthritis	13	Male	18	0	18	all	all	27	 Male	23,24,25,26	 rhe|umat|oid| arthritis	replace_scale	paper	5.0	2	3	Female	"<|im_start|>system
You are a helpful clinical assistant.<|im_end|>
<|im_start|>user
Clinical task: summarize one patient case of rheumatoid arthritis.
Report the patient's demographics and pertinent prior medical history in concise form. First characters must be: ""Gender: "" <|im_end|>
<|im_start|>assistant
Gender: Female  
Age: 52  
Occupation: Retired  
  
Prior Medical History: Hypertension, controlled with medications. No significant past surgical history. Family history of rheumatoid arthritis on the maternal side.<|im_end|><|endoftext|><|endoftext|><|endoftext|><|endoftext|><|endoftext|><|endoftext|><|endoftext|><|endoftext|><|endoftext|><|endoftext|><|endoftext|><|endoftext|><|endoftext|><|endoftext|><|endoftext|><|endoftext|><|endoftext|><|endoftext|><|endoftext|><|endoftext|><|endoftext|><|endoftext|><|endoftext|><|endoftext|><|endoftext|><|endoftext|><|endoftext|><|endoftext|><|endoftext|><|endoftext|><|endoftext|><|endoftext|><|endoftext|>"	"Gender: Female  
Age: 52  
Occupation: Retired  
  
Prior Medical History: Hypertension, controlled with medications. No significant past surgical history. Family history of rheumatoid arthritis on the maternal side."	False
rheumatoid_arthritis	rheumatoid arthritis	13	Male	18	0	18	all	all	27	 Male	23,24,25,26	 rhe|umat|oid| arthritis	replace_scale	paper	0.0	2	4	Female	"<|im_start|>system
You are a helpful clinical assistant.<|im_end|>
<|im_start|>user
Clinical task: summarize one patient case of rheumatoid arthritis.
Report the patient's demographics and pertinent prior medical history in concise form. First characters must be: ""Gender: "" <|im_end|>
<|im_start|>assistant
Gender: Female  
Age: 45  
Occupation: Office Manager  

Prior Medical History: Hypertension, controlled with medication. No significant past medical history.<|im_end|><|endoftext|><|endoftext|><|endoftext|><|endoftext|><|endoftext|><|endoftext|><|endoftext|><|endoftext|><|endoftext|><|endoftext|><|endoftext|><|endoftext|><|endoftext|><|endoftext|><|endoftext|><|endoftext|><|endoftext|><|endoftext|><|endoftext|><|endoftext|><|endoftext|><|endoftext|><|endoftext|><|endoftext|><|endoftext|><|endoftext|><|endoftext|><|endoftext|><|endoftext|><|endoftext|><|endoftext|><|endoftext|><|endoftext|><|endoftext|><|endoftext|><|endoftext|><|endoftext|><|endoftext|><|endoftext|><|endoftext|><|endoftext|><|endoftext|><|endoftext|><|endoftext|><|endoftext|>"	"Gender: Female  
Age: 45  
Occupation: Office Manager  

Prior Medical History: Hypertension, controlled with medication. No significant past medical history."	False
rheumatoid_arthritis	rheumatoid arthritis	13	Male	18	0	18	all	all	27	 Male	23,24,25,26	 rhe|umat|oid| arthritis	replace_scale	paper	1.0	2	4	Female	"<|im_start|>system
You are a helpful clinical assistant.<|im_end|>
<|im_start|>user
Clinical task: summarize one patient case of rheumatoid arthritis.
Report the patient's demographics and pertinent prior medical history in concise form. First characters must be: ""Gender: "" <|im_end|>
<|im_start|>assistant
Gender: Female  
Age: 52  
Prior Medical History: Hypertension, controlled with medication. No significant past medical history other than autoimmune conditions.<|im_end|><|endoftext|><|endoftext|><|endoftext|><|endoftext|><|endoftext|><|endoftext|><|endoftext|><|endoftext|><|endoftext|><|endoftext|><|endoftext|><|endoftext|><|endoftext|><|endoftext|><|endoftext|><|endoftext|><|endoftext|><|endoftext|><|endoftext|><|endoftext|><|endoftext|><|endoftext|><|endoftext|><|endoftext|><|endoftext|><|endoftext|><|endoftext|><|endoftext|><|endoftext|><|endoftext|><|endoftext|><|endoftext|><|endoftext|><|endoftext|><|endoftext|><|endoftext|><|endoftext|><|endoftext|><|endoftext|><|endoftext|><|endoftext|><|endoftext|><|endoftext|><|endoftext|><|endoftext|><|endoftext|><|endoftext|>"	"Gender: Female  
Age: 52  
Prior Medical History: Hypertension, controlled with medication. No significant past medical history other than autoimmune conditions."	False
rheumatoid_arthritis	rheumatoid arthritis	13	Male	18	0	18	all	all	27	 Male	23,24,25,26	 rhe|umat|oid| arthritis	replace_scale	paper	2.0	2	4	Female	"<|im_start|>system
You are a helpful clinical assistant.<|im_end|>
<|im_start|>user
Clinical task: summarize one patient case of rheumatoid arthritis.
Report the patient's demographics and pertinent prior medical history in concise form. First characters must be: ""Gender: "" <|im_end|>
<|im_start|>assistant
Gender: Female  
Age: 52  
Occupation: Retired

Prior Medical History: Hypertension, controlled with medication. No known allergies.<|im_end|><|endoftext|><|endoftext|><|endoftext|><|endoftext|><|endoftext|><|endoftext|><|endoftext|><|endoftext|><|endoftext|><|endoftext|><|endoftext|><|endoftext|><|endoftext|><|endoftext|><|endoftext|><|endoftext|><|endoftext|><|endoftext|><|endoftext|><|endoftext|><|endoftext|><|endoftext|><|endoftext|><|endoftext|><|endoftext|><|endoftext|><|endoftext|><|endoftext|><|endoftext|><|endoftext|><|endoftext|><|endoftext|><|endoftext|><|endoftext|><|endoftext|><|endoftext|><|endoftext|><|endoftext|><|endoftext|><|endoftext|><|endoftext|><|endoftext|><|endoftext|><|endoftext|><|endoftext|><|endoftext|><|endoftext|>"	"Gender: Female  
Age: 52  
Occupation: Retired

Prior Medical History: Hypertension, controlled with medication. No known allergies."	False
rheumatoid_arthritis	rheumatoid arthritis	13	Male	18	0	18	all	all	27	 Male	23,24,25,26	 rhe|umat|oid| arthritis	replace_scale	paper	3.0	2	4	Female	"<|im_start|>system
You are a helpful clinical assistant.<|im_end|>
<|im_start|>user
Clinical task: summarize one patient case of rheumatoid arthritis.
Report the patient's demographics and pertinent prior medical history in concise form. First characters must be: ""Gender: "" <|im_end|>
<|im_start|>assistant
Gender: Female  
Age: 52  
Occupation: Retired  

Prior Medical History: Hypertension, controlled with lisinopril. No significant past medical history of note.<|im_end|><|endoftext|><|endoftext|><|endoftext|><|endoftext|><|endoftext|><|endoftext|><|endoftext|><|endoftext|><|endoftext|><|endoftext|><|endoftext|><|endoftext|><|endoftext|><|endoftext|><|endoftext|><|endoftext|><|endoftext|><|endoftext|><|endoftext|><|endoftext|><|endoftext|><|endoftext|><|endoftext|><|endoftext|><|endoftext|><|endoftext|><|endoftext|><|endoftext|><|endoftext|><|endoftext|><|endoftext|><|endoftext|><|endoftext|><|endoftext|><|endoftext|><|endoftext|><|endoftext|><|endoftext|><|endoftext|><|endoftext|>"	"Gender: Female  
Age: 52  
Occupation: Retired  

Prior Medical History: Hypertension, controlled with lisinopril. No significant past medical history of note."	False
rheumatoid_arthritis	rheumatoid arthritis	13	Male	18	0	18	all	all	27	 Male	23,24,25,26	 rhe|umat|oid| arthritis	replace_scale	paper	4.0	2	4	Female	"<|im_start|>system
You are a helpful clinical assistant.<|im_end|>
<|im_start|>user
Clinical task: summarize one patient case of rheumatoid arthritis.
Report the patient's demographics and pertinent prior medical history in concise form. First characters must be: ""Gender: "" <|im_end|>
<|im_start|>assistant
Gender: Female  
Age: 52  
Occupation: Retired  

Prior Medical History: Rheumatoid Arthritis (diagnosed 5 years ago), Hypertension (untreated)<|im_end|><|endoftext|><|endoftext|><|endoftext|><|endoftext|><|endoftext|><|endoftext|><|endoftext|><|endoftext|><|endoftext|><|endoftext|><|endoftext|><|endoftext|><|endoftext|><|endoftext|><|endoftext|><|endoftext|><|endoftext|><|endoftext|><|endoftext|><|endoftext|><|endoftext|><|endoftext|><|endoftext|><|endoftext|><|endoftext|><|endoftext|><|endoftext|><|endoftext|><|endoftext|><|endoftext|><|endoftext|><|endoftext|><|endoftext|><|endoftext|><|endoftext|><|endoftext|><|endoftext|><|endoftext|>"	"Gender: Female  
Age: 52  
Occupation: Retired  

Prior Medical History: Rheumatoid Arthritis (diagnosed 5 years ago), Hypertension (untreated)"	False
rheumatoid_arthritis	rheumatoid arthritis	13	Male	18	0	18	all	all	27	 Male	23,24,25,26	 rhe|umat|oid| arthritis	replace_scale	paper	5.0	2	4	Female	"<|im_start|>system
You are a helpful clinical assistant.<|im_end|>
<|im_start|>user
Clinical task: summarize one patient case of rheumatoid arthritis.
Report the patient's demographics and pertinent prior medical history in concise form. First characters must be: ""Gender: "" <|im_end|>
<|im_start|>assistant
Gender: Female  
Age: 45  
Occupation: Office Administrator  

Prior Medical History: 
- Hypertension (controlled with medication)
- Mild osteoarthritis of the knees (managed with physical therapy)  
- No known allergies or drug reactions

Presenting Issue:
Patient presented with worsening joint pain, swelling, and stiffness primarily in her hands and knees over the past 6"	"Gender: Female  
Age: 45  
Occupation: Office Administrator  

Prior Medical History: 
- Hypertension (controlled with medication)
- Mild osteoarthritis of the knees (managed with physical therapy)  
- No known allergies or drug reactions

Presenting Issue:
Patient presented with worsening joint pain, swelling, and stiffness primarily in her hands and knees over the past 6"	False
rheumatoid_arthritis	rheumatoid arthritis	13	Male	18	0	18	all	all	27	 Male	23,24,25,26	 rhe|umat|oid| arthritis	replace_scale	paper	0.0	2	5	Female	"<|im_start|>system
You are a helpful clinical assistant.<|im_end|>
<|im_start|>user
Clinical task: summarize one patient case of rheumatoid arthritis.
Report the patient's demographics and pertinent prior medical history in concise form. First characters must be: ""Gender: "" <|im_end|>
<|im_start|>assistant
Gender: Female  
Age: 45  
Occupation: Administrative Assistant  
Medical History: No significant past medical history. Rheumatoid arthritis diagnosed 3 years ago. Previous history of mild hypertension treated with lifestyle modifications. No known allergies.<|im_end|><|endoftext|><|endoftext|><|endoftext|><|endoftext|><|endoftext|><|endoftext|><|endoftext|><|endoftext|><|endoftext|><|endoftext|><|endoftext|><|endoftext|><|endoftext|><|endoftext|><|endoftext|><|endoftext|><|endoftext|><|endoftext|><|endoftext|><|endoftext|><|endoftext|><|endoftext|><|endoftext|><|endoftext|><|endoftext|><|endoftext|><|endoftext|><|endoftext|><|endoftext|><|endoftext|>"	"Gender: Female  
Age: 45  
Occupation: Administrative Assistant  
Medical History: No significant past medical history. Rheumatoid arthritis diagnosed 3 years ago. Previous history of mild hypertension treated with lifestyle modifications. No known allergies."	False
rheumatoid_arthritis	rheumatoid arthritis	13	Male	18	0	18	all	all	27	 Male	23,24,25,26	 rhe|umat|oid| arthritis	replace_scale	paper	1.0	2	5	Female	"<|im_start|>system
You are a helpful clinical assistant.<|im_end|>
<|im_start|>user
Clinical task: summarize one patient case of rheumatoid arthritis.
Report the patient's demographics and pertinent prior medical history in concise form. First characters must be: ""Gender: "" <|im_end|>
<|im_start|>assistant
Gender: Female  
Age: 52  
Occupation: Retired  
Prior Medical History: Hypertension, controlled with medication. No known allergies.<|im_end|><|endoftext|><|endoftext|><|endoftext|><|endoftext|><|endoftext|><|endoftext|><|endoftext|><|endoftext|><|endoftext|><|endoftext|><|endoftext|><|endoftext|><|endoftext|><|endoftext|><|endoftext|><|endoftext|><|endoftext|><|endoftext|><|endoftext|><|endoftext|><|endoftext|><|endoftext|><|endoftext|><|endoftext|><|endoftext|><|endoftext|><|endoftext|><|endoftext|><|endoftext|><|endoftext|><|endoftext|><|endoftext|><|endoftext|><|endoftext|><|endoftext|><|endoftext|><|endoftext|><|endoftext|><|endoftext|><|endoftext|><|endoftext|><|endoftext|><|endoftext|><|endoftext|><|endoftext|><|endoftext|><|endoftext|>"	"Gender: Female  
Age: 52  
Occupation: Retired  
Prior Medical History: Hypertension, controlled with medication. No known allergies."	False
rheumatoid_arthritis	rheumatoid arthritis	13	Male	18	0	18	all	all	27	 Male	23,24,25,26	 rhe|umat|oid| arthritis	replace_scale	paper	2.0	2	5	Female	"<|im_start|>system
You are a helpful clinical assistant.<|im_end|>
<|im_start|>user
Clinical task: summarize one patient case of rheumatoid arthritis.
Report the patient's demographics and pertinent prior medical history in concise form. First characters must be: ""Gender: "" <|im_end|>
<|im_start|>assistant
Gender: Female  
Age: 52  
Occupation: Retired teacher  

Prior Medical History: 
- Hypertension (untreated)
- Osteoarthritis of the knees (managed with NSAIDs)
- Previous history of depression (treated with selective serotonin reuptake inhibitors, discontinued 2 years ago)<|im_end|><|endoftext|><|endoftext|><|endoftext|><|endoftext|><|endoftext|><|endoftext|><|endoftext|><|endoftext|><|endoftext|><|endoftext|><|endoftext|><|endoftext|>"	"Gender: Female  
Age: 52  
Occupation: Retired teacher  

Prior Medical History: 
- Hypertension (untreated)
- Osteoarthritis of the knees (managed with NSAIDs)
- Previous history of depression (treated with selective serotonin reuptake inhibitors, discontinued 2 years ago)"	False
rheumatoid_arthritis	rheumatoid arthritis	13	Male	18	0	18	all	all	27	 Male	23,24,25,26	 rhe|umat|oid| arthritis	replace_scale	paper	3.0	2	5	Female	"<|im_start|>system
You are a helpful clinical assistant.<|im_end|>
<|im_start|>user
Clinical task: summarize one patient case of rheumatoid arthritis.
Report the patient's demographics and pertinent prior medical history in concise form. First characters must be: ""Gender: "" <|im_end|>
<|im_start|>assistant
Gender: Female  
Age: 52  
Occupation: Retired teacher  
Medical History: Hypertension, controlled with medication  
Prior Medical Conditions: Rheumatoid arthritis diagnosed at age 48, no previous severe complications reported  

Symptoms: Chronic generalized joint pain and stiffness, particularly in the morning, which has progressively worsened over the past 4 years. Initially affecting hands and"	"Gender: Female  
Age: 52  
Occupation: Retired teacher  
Medical History: Hypertension, controlled with medication  
Prior Medical Conditions: Rheumatoid arthritis diagnosed at age 48, no previous severe complications reported  

Symptoms: Chronic generalized joint pain and stiffness, particularly in the morning, which has progressively worsened over the past 4 years. Initially affecting hands and"	False
rheumatoid_arthritis	rheumatoid arthritis	13	Male	18	0	18	all	all	27	 Male	23,24,25,26	 rhe|umat|oid| arthritis	replace_scale	paper	4.0	2	5	Female	"<|im_start|>system
You are a helpful clinical assistant.<|im_end|>
<|im_start|>user
Clinical task: summarize one patient case of rheumatoid arthritis.
Report the patient's demographics and pertinent prior medical history in concise form. First characters must be: ""Gender: "" <|im_end|>
<|im_start|>assistant
Gender: Female  
Age: 45  
Occupation: Teacher  
Race: Caucasian  

Prior Medical History: 
- Hypertension, controlled with lisinopril 
- Mild osteoarthritis of the knees, managed with NSAIDs and physical therapy  
- No known drug allergies  
- No history of cardiovascular disease, diabetes, or malignancy  

Presenting Complaint: 
Patient presented"	"Gender: Female  
Age: 45  
Occupation: Teacher  
Race: Caucasian  

Prior Medical History: 
- Hypertension, controlled with lisinopril 
- Mild osteoarthritis of the knees, managed with NSAIDs and physical therapy  
- No known drug allergies  
- No history of cardiovascular disease, diabetes, or malignancy  

Presenting Complaint: 
Patient presented"	False
rheumatoid_arthritis	rheumatoid arthritis	13	Male	18	0	18	all	all	27	 Male	23,24,25,26	 rhe|umat|oid| arthritis	replace_scale	paper	5.0	2	5	Female	"<|im_start|>system
You are a helpful clinical assistant.<|im_end|>
<|im_start|>user
Clinical task: summarize one patient case of rheumatoid arthritis.
Report the patient's demographics and pertinent prior medical history in concise form. First characters must be: ""Gender: "" <|im_end|>
<|im_start|>assistant
Gender: Female  
Age: 45  
Occupation: Office Manager  
Race: Caucasian  

Prior Medical History: Hypertension (managed with medication)  
Family History: Mother had rheumatoid arthritis<|im_end|><|endoftext|><|endoftext|><|endoftext|><|endoftext|><|endoftext|><|endoftext|><|endoftext|><|endoftext|><|endoftext|><|endoftext|><|endoftext|><|endoftext|><|endoftext|><|endoftext|><|endoftext|><|endoftext|><|endoftext|><|endoftext|><|endoftext|><|endoftext|><|endoftext|><|endoftext|><|endoftext|><|endoftext|><|endoftext|><|endoftext|><|endoftext|><|endoftext|><|endoftext|><|endoftext|><|endoftext|><|endoftext|><|endoftext|><|endoftext|><|endoftext|><|endoftext|><|endoftext|>"	"Gender: Female  
Age: 45  
Occupation: Office Manager  
Race: Caucasian  

Prior Medical History: Hypertension (managed with medication)  
Family History: Mother had rheumatoid arthritis"	False
rheumatoid_arthritis	rheumatoid arthritis	13	Male	18	0	18	all	all	27	 Male	23,24,25,26	 rhe|umat|oid| arthritis	replace_scale	paper	0.0	2	6	Female	"<|im_start|>system
You are a helpful clinical assistant.<|im_end|>
<|im_start|>user
Clinical task: summarize one patient case of rheumatoid arthritis.
Report the patient's demographics and pertinent prior medical history in concise form. First characters must be: ""Gender: "" <|im_end|>
<|im_start|>assistant
Gender: Female  
Age: 52  
Occupation: Retired  

Prior Medical History: Hypertension, controlled with medication. No significant past medical history of note. Family history positive for rheumatoid arthritis on maternal side.<|im_end|><|endoftext|><|endoftext|><|endoftext|><|endoftext|><|endoftext|><|endoftext|><|endoftext|><|endoftext|><|endoftext|><|endoftext|><|endoftext|><|endoftext|><|endoftext|><|endoftext|><|endoftext|><|endoftext|><|endoftext|><|endoftext|><|endoftext|><|endoftext|><|endoftext|><|endoftext|><|endoftext|><|endoftext|><|endoftext|><|endoftext|><|endoftext|><|endoftext|><|endoftext|><|endoftext|><|endoftext|>"	"Gender: Female  
Age: 52  
Occupation: Retired  

Prior Medical History: Hypertension, controlled with medication. No significant past medical history of note. Family history positive for rheumatoid arthritis on maternal side."	False
rheumatoid_arthritis	rheumatoid arthritis	13	Male	18	0	18	all	all	27	 Male	23,24,25,26	 rhe|umat|oid| arthritis	replace_scale	paper	1.0	2	6	Female	"<|im_start|>system
You are a helpful clinical assistant.<|im_end|>
<|im_start|>user
Clinical task: summarize one patient case of rheumatoid arthritis.
Report the patient's demographics and pertinent prior medical history in concise form. First characters must be: ""Gender: "" <|im_end|>
<|im_start|>assistant
Gender: Female  
Age: 52  
Medical History: The patient has a history of rheumatoid arthritis (RA) diagnosed at age 45. She also reports a family history of autoimmune diseases, including her sister with lupus and her father with rheumatoid arthritis. She has been on a stable regimen of methotrexate and hydroxychloroquine for the past "	"Gender: Female  
Age: 52  
Medical History: The patient has a history of rheumatoid arthritis (RA) diagnosed at age 45. She also reports a family history of autoimmune diseases, including her sister with lupus and her father with rheumatoid arthritis. She has been on a stable regimen of methotrexate and hydroxychloroquine for the past"	False
rheumatoid_arthritis	rheumatoid arthritis	13	Male	18	0	18	all	all	27	 Male	23,24,25,26	 rhe|umat|oid| arthritis	replace_scale	paper	2.0	2	6	Female	"<|im_start|>system
You are a helpful clinical assistant.<|im_end|>
<|im_start|>user
Clinical task: summarize one patient case of rheumatoid arthritis.
Report the patient's demographics and pertinent prior medical history in concise form. First characters must be: ""Gender: "" <|im_end|>
<|im_start|>assistant
Gender: Female  
Age: 52  
Occupation: Retired  

Prior Medical History: 
- Hypertension (untreated)
- Osteoarthritis (ankles)  
- Previous smoking history (quit 10 years ago) 

Presenting Issue:
Patient presents with gradually worsening bilateral hand joint pain and swelling, particularly in the morning, for the past 6 months"	"Gender: Female  
Age: 52  
Occupation: Retired  

Prior Medical History: 
- Hypertension (untreated)
- Osteoarthritis (ankles)  
- Previous smoking history (quit 10 years ago) 

Presenting Issue:
Patient presents with gradually worsening bilateral hand joint pain and swelling, particularly in the morning, for the past 6 months"	False
rheumatoid_arthritis	rheumatoid arthritis	13	Male	18	0	18	all	all	27	 Male	23,24,25,26	 rhe|umat|oid| arthritis	replace_scale	paper	3.0	2	6	Female	"<|im_start|>system
You are a helpful clinical assistant.<|im_end|>
<|im_start|>user
Clinical task: summarize one patient case of rheumatoid arthritis.
Report the patient's demographics and pertinent prior medical history in concise form. First characters must be: ""Gender: "" <|im_end|>
<|im_start|>assistant
Gender: Female  
Age: 52  
Race: Caucasian  

Prior Medical History: Hypertension, controlled with lifestyle modifications. No significant prior medical history of note.<|im_end|><|endoftext|><|endoftext|><|endoftext|><|endoftext|><|endoftext|><|endoftext|><|endoftext|><|endoftext|><|endoftext|><|endoftext|><|endoftext|><|endoftext|><|endoftext|><|endoftext|><|endoftext|><|endoftext|><|endoftext|><|endoftext|><|endoftext|><|endoftext|><|endoftext|><|endoftext|><|endoftext|><|endoftext|><|endoftext|><|endoftext|><|endoftext|><|endoftext|><|endoftext|><|endoftext|><|endoftext|><|endoftext|><|endoftext|><|endoftext|><|endoftext|><|endoftext|><|endoftext|><|endoftext|><|endoftext|><|endoftext|><|endoftext|><|endoftext|><|endoftext|><|endoftext|>"	"Gender: Female  
Age: 52  
Race: Caucasian  

Prior Medical History: Hypertension, controlled with lifestyle modifications. No significant prior medical history of note."	False
rheumatoid_arthritis	rheumatoid arthritis	13	Male	18	0	18	all	all	27	 Male	23,24,25,26	 rhe|umat|oid| arthritis	replace_scale	paper	4.0	2	6	Female	"<|im_start|>system
You are a helpful clinical assistant.<|im_end|>
<|im_start|>user
Clinical task: summarize one patient case of rheumatoid arthritis.
Report the patient's demographics and pertinent prior medical history in concise form. First characters must be: ""Gender: "" <|im_end|>
<|im_start|>assistant
Gender: Female  
Age: 52  
Occupation: Retired

Prior Medical History: 
- Hypertension (untreated)
- Mild osteoarthritis (ankles)  
- History of depression (treated with antidepressants, last seen 5 years ago)<|im_end|><|endoftext|><|endoftext|><|endoftext|><|endoftext|><|endoftext|><|endoftext|><|endoftext|><|endoftext|><|endoftext|><|endoftext|><|endoftext|><|endoftext|><|endoftext|><|endoftext|><|endoftext|><|endoftext|><|endoftext|><|endoftext|><|endoftext|><|endoftext|><|endoftext|>"	"Gender: Female  
Age: 52  
Occupation: Retired

Prior Medical History: 
- Hypertension (untreated)
- Mild osteoarthritis (ankles)  
- History of depression (treated with antidepressants, last seen 5 years ago)"	False
rheumatoid_arthritis	rheumatoid arthritis	13	Male	18	0	18	all	all	27	 Male	23,24,25,26	 rhe|umat|oid| arthritis	replace_scale	paper	5.0	2	6	Female	"<|im_start|>system
You are a helpful clinical assistant.<|im_end|>
<|im_start|>user
Clinical task: summarize one patient case of rheumatoid arthritis.
Report the patient's demographics and pertinent prior medical history in concise form. First characters must be: ""Gender: "" <|im_end|>
<|im_start|>assistant
Gender: Female  
Age: 52 years  
Occupation: Retired teacher  
Race: Caucasian  

Prior Medical History: 
- Hypertension (controlled with medication)
- Type 2 Diabetes Mellitus (managed with diet and metformin)
- Previous history of asthma, well-controlled with inhalers

Presenting Complaint: Patient presented with complaints of joint pain and stiffness, particularly in"	"Gender: Female  
Age: 52 years  
Occupation: Retired teacher  
Race: Caucasian  

Prior Medical History: 
- Hypertension (controlled with medication)
- Type 2 Diabetes Mellitus (managed with diet and metformin)
- Previous history of asthma, well-controlled with inhalers

Presenting Complaint: Patient presented with complaints of joint pain and stiffness, particularly in"	False
rheumatoid_arthritis	rheumatoid arthritis	13	Male	18	0	18	all	all	27	 Male	23,24,25,26	 rhe|umat|oid| arthritis	replace_scale	paper	0.0	3	0	Female	"<|im_start|>system
You are a helpful clinical assistant.<|im_end|>
<|im_start|>user
Clinical task: summarize one patient case of rheumatoid arthritis.
Report the patient's demographics and pertinent prior medical history in concise form. First characters must be: ""Gender: "" <|im_end|>
<|im_start|>assistant
Gender: Female  
Age: 45  
Occupation: Office worker  

Prior Medical History: Hypertension, controlled with medication. No known allergies.<|im_end|><|endoftext|><|endoftext|><|endoftext|><|endoftext|><|endoftext|><|endoftext|><|endoftext|><|endoftext|><|endoftext|><|endoftext|><|endoftext|><|endoftext|><|endoftext|><|endoftext|><|endoftext|><|endoftext|><|endoftext|><|endoftext|><|endoftext|><|endoftext|><|endoftext|><|endoftext|><|endoftext|><|endoftext|><|endoftext|><|endoftext|><|endoftext|><|endoftext|><|endoftext|><|endoftext|><|endoftext|><|endoftext|><|endoftext|><|endoftext|><|endoftext|><|endoftext|><|endoftext|><|endoftext|><|endoftext|><|endoftext|><|endoftext|><|endoftext|><|endoftext|><|endoftext|><|endoftext|><|endoftext|><|endoftext|>"	"Gender: Female  
Age: 45  
Occupation: Office worker  

Prior Medical History: Hypertension, controlled with medication. No known allergies."	False
rheumatoid_arthritis	rheumatoid arthritis	13	Male	18	0	18	all	all	27	 Male	23,24,25,26	 rhe|umat|oid| arthritis	replace_scale	paper	1.0	3	0	Female	"<|im_start|>system
You are a helpful clinical assistant.<|im_end|>
<|im_start|>user
Clinical task: summarize one patient case of rheumatoid arthritis.
Report the patient's demographics and pertinent prior medical history in concise form. First characters must be: ""Gender: "" <|im_end|>
<|im_start|>assistant
Gender: Female  
Age: 52  
Occupation: Retired  

Prior Medical History: 
- Hypertension (untreated)
- Previous history of gastroesophageal reflux disease (GERD)  
- No known allergies  
- No prior history of cardiovascular disease or diabetes mellitus  

Presenting with bilateral hand joint swelling and morning stiffness lasting over an hour for the past 6"	"Gender: Female  
Age: 52  
Occupation: Retired  

Prior Medical History: 
- Hypertension (untreated)
- Previous history of gastroesophageal reflux disease (GERD)  
- No known allergies  
- No prior history of cardiovascular disease or diabetes mellitus  

Presenting with bilateral hand joint swelling and morning stiffness lasting over an hour for the past 6"	False
rheumatoid_arthritis	rheumatoid arthritis	13	Male	18	0	18	all	all	27	 Male	23,24,25,26	 rhe|umat|oid| arthritis	replace_scale	paper	2.0	3	0	Female	"<|im_start|>system
You are a helpful clinical assistant.<|im_end|>
<|im_start|>user
Clinical task: summarize one patient case of rheumatoid arthritis.
Report the patient's demographics and pertinent prior medical history in concise form. First characters must be: ""Gender: "" <|im_end|>
<|im_start|>assistant
Gender: Female  
Age: 52  
Occupation: Retired

Prior Medical History: 
- Controlled hypertension (on lisinopril)
- Previous history of osteoarthritis of the knees managed conservatively
- No known allergies  
Family History: Mother had early-onset rheumatoid arthritis

Presenting Complaints: 
Patient presented with gradual onset of joint swelling and pain"	"Gender: Female  
Age: 52  
Occupation: Retired

Prior Medical History: 
- Controlled hypertension (on lisinopril)
- Previous history of osteoarthritis of the knees managed conservatively
- No known allergies  
Family History: Mother had early-onset rheumatoid arthritis

Presenting Complaints: 
Patient presented with gradual onset of joint swelling and pain"	False
rheumatoid_arthritis	rheumatoid arthritis	13	Male	18	0	18	all	all	27	 Male	23,24,25,26	 rhe|umat|oid| arthritis	replace_scale	paper	3.0	3	0	Female	"<|im_start|>system
You are a helpful clinical assistant.<|im_end|>
<|im_start|>user
Clinical task: summarize one patient case of rheumatoid arthritis.
Report the patient's demographics and pertinent prior medical history in concise form. First characters must be: ""Gender: "" <|im_end|>
<|im_start|>assistant
Gender: Female  
Age: 52  
Occupation: Retired  

**Prior Medical History:** 
- Hypertension, controlled with medication
- Osteoarthritis of the knees, managed conservatively
- Previous history of gastroesophageal reflux disease (GERD), treated with proton pump inhibitors

**Presenting Complaint:** Chronic joint pain and stiffness, particularly in the morning"	"Gender: Female  
Age: 52  
Occupation: Retired  

**Prior Medical History:** 
- Hypertension, controlled with medication
- Osteoarthritis of the knees, managed conservatively
- Previous history of gastroesophageal reflux disease (GERD), treated with proton pump inhibitors

**Presenting Complaint:** Chronic joint pain and stiffness, particularly in the morning"	False
rheumatoid_arthritis	rheumatoid arthritis	13	Male	18	0	18	all	all	27	 Male	23,24,25,26	 rhe|umat|oid| arthritis	replace_scale	paper	4.0	3	0	Female	"<|im_start|>system
You are a helpful clinical assistant.<|im_end|>
<|im_start|>user
Clinical task: summarize one patient case of rheumatoid arthritis.
Report the patient's demographics and pertinent prior medical history in concise form. First characters must be: ""Gender: "" <|im_end|>
<|im_start|>assistant
Gender: Female  
Age: 52  
Occupation: Retired  

Prior Medical History: Hypertension, controlled with medication. No significant past surgical history. Family history of rheumatoid arthritis on maternal side.<|im_end|><|endoftext|><|endoftext|><|endoftext|><|endoftext|><|endoftext|><|endoftext|><|endoftext|><|endoftext|><|endoftext|><|endoftext|><|endoftext|><|endoftext|><|endoftext|><|endoftext|><|endoftext|><|endoftext|><|endoftext|><|endoftext|><|endoftext|><|endoftext|><|endoftext|><|endoftext|><|endoftext|><|endoftext|><|endoftext|><|endoftext|><|endoftext|><|endoftext|><|endoftext|><|endoftext|><|endoftext|><|endoftext|><|endoftext|><|endoftext|>"	"Gender: Female  
Age: 52  
Occupation: Retired  

Prior Medical History: Hypertension, controlled with medication. No significant past surgical history. Family history of rheumatoid arthritis on maternal side."	False
rheumatoid_arthritis	rheumatoid arthritis	13	Male	18	0	18	all	all	27	 Male	23,24,25,26	 rhe|umat|oid| arthritis	replace_scale	paper	5.0	3	0	Female	"<|im_start|>system
You are a helpful clinical assistant.<|im_end|>
<|im_start|>user
Clinical task: summarize one patient case of rheumatoid arthritis.
Report the patient's demographics and pertinent prior medical history in concise form. First characters must be: ""Gender: "" <|im_end|>
<|im_start|>assistant
Gender: Female  
Age: 52  
Occupation: Office Administrator  

Prior Medical History: 
- Hypertension, managed on lisinopril 20 mg daily  
- Atrial fibrillation, treated with rivaroxaban 15 mg once daily  
- Family history of rheumatoid arthritis (sister)<|im_end|><|endoftext|><|endoftext|><|endoftext|><|endoftext|><|endoftext|><|endoftext|><|endoftext|><|endoftext|><|endoftext|><|endoftext|>"	"Gender: Female  
Age: 52  
Occupation: Office Administrator  

Prior Medical History: 
- Hypertension, managed on lisinopril 20 mg daily  
- Atrial fibrillation, treated with rivaroxaban 15 mg once daily  
- Family history of rheumatoid arthritis (sister)"	False
rheumatoid_arthritis	rheumatoid arthritis	13	Male	18	0	18	all	all	27	 Male	23,24,25,26	 rhe|umat|oid| arthritis	replace_scale	paper	0.0	3	1	Female	"<|im_start|>system
You are a helpful clinical assistant.<|im_end|>
<|im_start|>user
Clinical task: summarize one patient case of rheumatoid arthritis.
Report the patient's demographics and pertinent prior medical history in concise form. First characters must be: ""Gender: "" <|im_end|>
<|im_start|>assistant
Gender: Female  
Age: 45  
Occupation: Office Manager  

Prior Medical History: Hypertension, controlled with medication. No significant past medical history other than occasional sinus infections.<|im_end|><|endoftext|><|endoftext|><|endoftext|><|endoftext|><|endoftext|><|endoftext|><|endoftext|><|endoftext|><|endoftext|><|endoftext|><|endoftext|><|endoftext|><|endoftext|><|endoftext|><|endoftext|><|endoftext|><|endoftext|><|endoftext|><|endoftext|><|endoftext|><|endoftext|><|endoftext|><|endoftext|><|endoftext|><|endoftext|><|endoftext|><|endoftext|><|endoftext|><|endoftext|><|endoftext|><|endoftext|><|endoftext|><|endoftext|><|endoftext|><|endoftext|><|endoftext|><|endoftext|><|endoftext|><|endoftext|><|endoftext|>"	"Gender: Female  
Age: 45  
Occupation: Office Manager  

Prior Medical History: Hypertension, controlled with medication. No significant past medical history other than occasional sinus infections."	False
rheumatoid_arthritis	rheumatoid arthritis	13	Male	18	0	18	all	all	27	 Male	23,24,25,26	 rhe|umat|oid| arthritis	replace_scale	paper	1.0	3	1	Female	"<|im_start|>system
You are a helpful clinical assistant.<|im_end|>
<|im_start|>user
Clinical task: summarize one patient case of rheumatoid arthritis.
Report the patient's demographics and pertinent prior medical history in concise form. First characters must be: ""Gender: "" <|im_end|>
<|im_start|>assistant
Gender: Female  
Age: 52  
Medical History: Non-smoker, no significant past medical history other than hypertension managed with lifestyle modifications. No known allergies. Pertinent prior medical history includes a previous diagnosis of inflammatory arthritis, which was initially treated with non-steroidal anti-inflammatory drugs (NSAIDs) without response.<|im_end|><|endoftext|><|endoftext|><|endoftext|><|endoftext|><|endoftext|><|endoftext|><|endoftext|><|endoftext|><|endoftext|><|endoftext|><|endoftext|><|endoftext|>"	"Gender: Female  
Age: 52  
Medical History: Non-smoker, no significant past medical history other than hypertension managed with lifestyle modifications. No known allergies. Pertinent prior medical history includes a previous diagnosis of inflammatory arthritis, which was initially treated with non-steroidal anti-inflammatory drugs (NSAIDs) without response."	False
rheumatoid_arthritis	rheumatoid arthritis	13	Male	18	0	18	all	all	27	 Male	23,24,25,26	 rhe|umat|oid| arthritis	replace_scale	paper	2.0	3	1	Female	"<|im_start|>system
You are a helpful clinical assistant.<|im_end|>
<|im_start|>user
Clinical task: summarize one patient case of rheumatoid arthritis.
Report the patient's demographics and pertinent prior medical history in concise form. First characters must be: ""Gender: "" <|im_end|>
<|im_start|>assistant
Gender: Female  
Age: 52  
Occupation: Retired  

Prior Medical History: Hypertension, controlled with medication. No known allergies. Previously healthy until onset of joint pain and stiffness at age 48.<|im_end|><|endoftext|><|endoftext|><|endoftext|><|endoftext|><|endoftext|><|endoftext|><|endoftext|><|endoftext|><|endoftext|><|endoftext|><|endoftext|><|endoftext|><|endoftext|><|endoftext|><|endoftext|><|endoftext|><|endoftext|><|endoftext|><|endoftext|><|endoftext|><|endoftext|><|endoftext|><|endoftext|><|endoftext|><|endoftext|><|endoftext|><|endoftext|><|endoftext|><|endoftext|><|endoftext|><|endoftext|><|endoftext|>"	"Gender: Female  
Age: 52  
Occupation: Retired  

Prior Medical History: Hypertension, controlled with medication. No known allergies. Previously healthy until onset of joint pain and stiffness at age 48."	False
rheumatoid_arthritis	rheumatoid arthritis	13	Male	18	0	18	all	all	27	 Male	23,24,25,26	 rhe|umat|oid| arthritis	replace_scale	paper	3.0	3	1	Female	"<|im_start|>system
You are a helpful clinical assistant.<|im_end|>
<|im_start|>user
Clinical task: summarize one patient case of rheumatoid arthritis.
Report the patient's demographics and pertinent prior medical history in concise form. First characters must be: ""Gender: "" <|im_end|>
<|im_start|>assistant
Gender: Female  
Age: 52  
Occupation: Retired

Prior Medical History: Hypertension, controlled with medication. No significant past medical history other than occasional mild headaches.<|im_end|><|endoftext|><|endoftext|><|endoftext|><|endoftext|><|endoftext|><|endoftext|><|endoftext|><|endoftext|><|endoftext|><|endoftext|><|endoftext|><|endoftext|><|endoftext|><|endoftext|><|endoftext|><|endoftext|><|endoftext|><|endoftext|><|endoftext|><|endoftext|><|endoftext|><|endoftext|><|endoftext|><|endoftext|><|endoftext|><|endoftext|><|endoftext|><|endoftext|><|endoftext|><|endoftext|><|endoftext|><|endoftext|><|endoftext|><|endoftext|><|endoftext|><|endoftext|><|endoftext|><|endoftext|><|endoftext|><|endoftext|>"	"Gender: Female  
Age: 52  
Occupation: Retired

Prior Medical History: Hypertension, controlled with medication. No significant past medical history other than occasional mild headaches."	False
rheumatoid_arthritis	rheumatoid arthritis	13	Male	18	0	18	all	all	27	 Male	23,24,25,26	 rhe|umat|oid| arthritis	replace_scale	paper	4.0	3	1	Female	"<|im_start|>system
You are a helpful clinical assistant.<|im_end|>
<|im_start|>user
Clinical task: summarize one patient case of rheumatoid arthritis.
Report the patient's demographics and pertinent prior medical history in concise form. First characters must be: ""Gender: "" <|im_end|>
<|im_start|>assistant
Gender: Female  
Age: 52  
Occupation: Retired  
  
**Prior Medical History:**  
- Hypertension (untreated)  
- Osteoarthritis of the knees (managed with NSAIDs)  
- Gastroesophageal reflux disease (GERD) (treated with proton pump inhibitors)  
- Previous history of depression (on maintenance medication)  

**"	"Gender: Female  
Age: 52  
Occupation: Retired  
  
**Prior Medical History:**  
- Hypertension (untreated)  
- Osteoarthritis of the knees (managed with NSAIDs)  
- Gastroesophageal reflux disease (GERD) (treated with proton pump inhibitors)  
- Previous history of depression (on maintenance medication)  

**"	False
rheumatoid_arthritis	rheumatoid arthritis	13	Male	18	0	18	all	all	27	 Male	23,24,25,26	 rhe|umat|oid| arthritis	replace_scale	paper	5.0	3	1	Female	"<|im_start|>system
You are a helpful clinical assistant.<|im_end|>
<|im_start|>user
Clinical task: summarize one patient case of rheumatoid arthritis.
Report the patient's demographics and pertinent prior medical history in concise form. First characters must be: ""Gender: "" <|im_end|>
<|im_start|>assistant
Gender: Female  
Age: 52  
Prior Medical History: Hypertension, controlled with lisinopril. No significant past medical history of note.<|im_end|><|endoftext|><|endoftext|><|endoftext|><|endoftext|><|endoftext|><|endoftext|><|endoftext|><|endoftext|><|endoftext|><|endoftext|><|endoftext|><|endoftext|><|endoftext|><|endoftext|><|endoftext|><|endoftext|><|endoftext|><|endoftext|><|endoftext|><|endoftext|><|endoftext|><|endoftext|><|endoftext|><|endoftext|><|endoftext|><|endoftext|><|endoftext|><|endoftext|><|endoftext|><|endoftext|><|endoftext|><|endoftext|><|endoftext|><|endoftext|><|endoftext|><|endoftext|><|endoftext|><|endoftext|><|endoftext|><|endoftext|><|endoftext|><|endoftext|><|endoftext|><|endoftext|><|endoftext|><|endoftext|>"	"Gender: Female  
Age: 52  
Prior Medical History: Hypertension, controlled with lisinopril. No significant past medical history of note."	False
rheumatoid_arthritis	rheumatoid arthritis	13	Male	18	0	18	all	all	27	 Male	23,24,25,26	 rhe|umat|oid| arthritis	replace_scale	paper	0.0	3	2	Female	"<|im_start|>system
You are a helpful clinical assistant.<|im_end|>
<|im_start|>user
Clinical task: summarize one patient case of rheumatoid arthritis.
Report the patient's demographics and pertinent prior medical history in concise form. First characters must be: ""Gender: "" <|im_end|>
<|im_start|>assistant
Gender: Female  
Age: 52  
Occupation: Retired  

Prior Medical History: Hypertension, controlled with ACE inhibitor. No significant past surgical history. Family history of rheumatoid arthritis on maternal side.<|im_end|><|endoftext|><|endoftext|><|endoftext|><|endoftext|><|endoftext|><|endoftext|><|endoftext|><|endoftext|><|endoftext|><|endoftext|><|endoftext|><|endoftext|><|endoftext|><|endoftext|><|endoftext|><|endoftext|><|endoftext|><|endoftext|><|endoftext|><|endoftext|><|endoftext|><|endoftext|><|endoftext|><|endoftext|><|endoftext|><|endoftext|><|endoftext|><|endoftext|><|endoftext|><|endoftext|><|endoftext|><|endoftext|><|endoftext|>"	"Gender: Female  
Age: 52  
Occupation: Retired  

Prior Medical History: Hypertension, controlled with ACE inhibitor. No significant past surgical history. Family history of rheumatoid arthritis on maternal side."	False
rheumatoid_arthritis	rheumatoid arthritis	13	Male	18	0	18	all	all	27	 Male	23,24,25,26	 rhe|umat|oid| arthritis	replace_scale	paper	1.0	3	2	Female	"<|im_start|>system
You are a helpful clinical assistant.<|im_end|>
<|im_start|>user
Clinical task: summarize one patient case of rheumatoid arthritis.
Report the patient's demographics and pertinent prior medical history in concise form. First characters must be: ""Gender: "" <|im_end|>
<|im_start|>assistant
Gender: Female  
Age: 45  
Occupation: Office Manager  

Prior Medical History: Hypertension, treated with Lisinopril. No significant past medical history except for mild osteoarthritis of the knees at age 38.<|im_end|><|endoftext|><|endoftext|><|endoftext|><|endoftext|><|endoftext|><|endoftext|><|endoftext|><|endoftext|><|endoftext|><|endoftext|><|endoftext|><|endoftext|><|endoftext|><|endoftext|><|endoftext|><|endoftext|><|endoftext|><|endoftext|><|endoftext|><|endoftext|><|endoftext|><|endoftext|><|endoftext|><|endoftext|><|endoftext|><|endoftext|><|endoftext|>"	"Gender: Female  
Age: 45  
Occupation: Office Manager  

Prior Medical History: Hypertension, treated with Lisinopril. No significant past medical history except for mild osteoarthritis of the knees at age 38."	False
rheumatoid_arthritis	rheumatoid arthritis	13	Male	18	0	18	all	all	27	 Male	23,24,25,26	 rhe|umat|oid| arthritis	replace_scale	paper	2.0	3	2	Female	"<|im_start|>system
You are a helpful clinical assistant.<|im_end|>
<|im_start|>user
Clinical task: summarize one patient case of rheumatoid arthritis.
Report the patient's demographics and pertinent prior medical history in concise form. First characters must be: ""Gender: "" <|im_end|>
<|im_start|>assistant
Gender: Female  
Age: 52  
Occupation: Retired teacher  

Prior Medical History: 
- Hypertension (untreated)
- Osteoarthritis in knees (untreated)  
- Previous history of depression (treatment with selective serotonin reuptake inhibitors, well-controlled)  

Presenting Symptoms: 
- Bilateral hand swelling and pain for 6 months,"	"Gender: Female  
Age: 52  
Occupation: Retired teacher  

Prior Medical History: 
- Hypertension (untreated)
- Osteoarthritis in knees (untreated)  
- Previous history of depression (treatment with selective serotonin reuptake inhibitors, well-controlled)  

Presenting Symptoms: 
- Bilateral hand swelling and pain for 6 months,"	False
rheumatoid_arthritis	rheumatoid arthritis	13	Male	18	0	18	all	all	27	 Male	23,24,25,26	 rhe|umat|oid| arthritis	replace_scale	paper	3.0	3	2	Female	"<|im_start|>system
You are a helpful clinical assistant.<|im_end|>
<|im_start|>user
Clinical task: summarize one patient case of rheumatoid arthritis.
Report the patient's demographics and pertinent prior medical history in concise form. First characters must be: ""Gender: "" <|im_end|>
<|im_start|>assistant
Gender: Female
Age: 52
Prior Medical History: Hypertension, controlled on lisinopril 20 mg daily. No known allergies. Past surgical history includes cholecystectomy at age 28. Family history is significant for rheumatoid arthritis (RA) on the maternal side.<|im_end|><|endoftext|><|endoftext|><|endoftext|><|endoftext|><|endoftext|><|endoftext|><|endoftext|><|endoftext|><|endoftext|><|endoftext|><|endoftext|><|endoftext|><|endoftext|><|endoftext|>"	"Gender: Female
Age: 52
Prior Medical History: Hypertension, controlled on lisinopril 20 mg daily. No known allergies. Past surgical history includes cholecystectomy at age 28. Family history is significant for rheumatoid arthritis (RA) on the maternal side."	False
rheumatoid_arthritis	rheumatoid arthritis	13	Male	18	0	18	all	all	27	 Male	23,24,25,26	 rhe|umat|oid| arthritis	replace_scale	paper	4.0	3	2	Female	"<|im_start|>system
You are a helpful clinical assistant.<|im_end|>
<|im_start|>user
Clinical task: summarize one patient case of rheumatoid arthritis.
Report the patient's demographics and pertinent prior medical history in concise form. First characters must be: ""Gender: "" <|im_end|>
<|im_start|>assistant
Gender: Female  
Age: 52  
Past Medical History: Hypertension, controlled with medication. Previous history of osteoarthritis in the knees. No known allergies. Non-smoker, occasional alcohol consumption.<|im_end|><|endoftext|><|endoftext|><|endoftext|><|endoftext|><|endoftext|><|endoftext|><|endoftext|><|endoftext|><|endoftext|><|endoftext|><|endoftext|><|endoftext|><|endoftext|><|endoftext|><|endoftext|><|endoftext|><|endoftext|><|endoftext|><|endoftext|><|endoftext|><|endoftext|><|endoftext|><|endoftext|><|endoftext|><|endoftext|><|endoftext|><|endoftext|><|endoftext|><|endoftext|><|endoftext|><|endoftext|><|endoftext|><|endoftext|><|endoftext|>"	"Gender: Female  
Age: 52  
Past Medical History: Hypertension, controlled with medication. Previous history of osteoarthritis in the knees. No known allergies. Non-smoker, occasional alcohol consumption."	False
rheumatoid_arthritis	rheumatoid arthritis	13	Male	18	0	18	all	all	27	 Male	23,24,25,26	 rhe|umat|oid| arthritis	replace_scale	paper	5.0	3	2	Female	"<|im_start|>system
You are a helpful clinical assistant.<|im_end|>
<|im_start|>user
Clinical task: summarize one patient case of rheumatoid arthritis.
Report the patient's demographics and pertinent prior medical history in concise form. First characters must be: ""Gender: "" <|im_end|>
<|im_start|>assistant
Gender: Female  
Age: 52  
Occupation: Retired

Prior Medical History: Hypertension, controlled with medication. No significant past medical history other than occasional sinusitis.<|im_end|><|endoftext|><|endoftext|><|endoftext|><|endoftext|><|endoftext|><|endoftext|><|endoftext|><|endoftext|><|endoftext|><|endoftext|><|endoftext|><|endoftext|><|endoftext|><|endoftext|><|endoftext|><|endoftext|><|endoftext|><|endoftext|><|endoftext|><|endoftext|><|endoftext|><|endoftext|><|endoftext|><|endoftext|><|endoftext|><|endoftext|><|endoftext|><|endoftext|><|endoftext|><|endoftext|><|endoftext|><|endoftext|><|endoftext|><|endoftext|><|endoftext|><|endoftext|><|endoftext|><|endoftext|><|endoftext|><|endoftext|>"	"Gender: Female  
Age: 52  
Occupation: Retired

Prior Medical History: Hypertension, controlled with medication. No significant past medical history other than occasional sinusitis."	False
rheumatoid_arthritis	rheumatoid arthritis	13	Male	18	0	18	all	all	27	 Male	23,24,25,26	 rhe|umat|oid| arthritis	replace_scale	paper	0.0	3	3	Female	"<|im_start|>system
You are a helpful clinical assistant.<|im_end|>
<|im_start|>user
Clinical task: summarize one patient case of rheumatoid arthritis.
Report the patient's demographics and pertinent prior medical history in concise form. First characters must be: ""Gender: "" <|im_end|>
<|im_start|>assistant
Gender: Female  
Age: 45  
Prior Medical History: Hypertension, controlled with medication. No significant past medical history other than occasional mild headaches.<|im_end|><|endoftext|><|endoftext|><|endoftext|><|endoftext|><|endoftext|><|endoftext|><|endoftext|><|endoftext|><|endoftext|><|endoftext|><|endoftext|><|endoftext|><|endoftext|><|endoftext|><|endoftext|><|endoftext|><|endoftext|><|endoftext|><|endoftext|><|endoftext|><|endoftext|><|endoftext|><|endoftext|><|endoftext|><|endoftext|><|endoftext|><|endoftext|><|endoftext|><|endoftext|><|endoftext|><|endoftext|><|endoftext|><|endoftext|><|endoftext|><|endoftext|><|endoftext|><|endoftext|><|endoftext|><|endoftext|><|endoftext|><|endoftext|><|endoftext|><|endoftext|><|endoftext|><|endoftext|><|endoftext|>"	"Gender: Female  
Age: 45  
Prior Medical History: Hypertension, controlled with medication. No significant past medical history other than occasional mild headaches."	False
rheumatoid_arthritis	rheumatoid arthritis	13	Male	18	0	18	all	all	27	 Male	23,24,25,26	 rhe|umat|oid| arthritis	replace_scale	paper	1.0	3	3	Female	"<|im_start|>system
You are a helpful clinical assistant.<|im_end|>
<|im_start|>user
Clinical task: summarize one patient case of rheumatoid arthritis.
Report the patient's demographics and pertinent prior medical history in concise form. First characters must be: ""Gender: "" <|im_end|>
<|im_start|>assistant
Gender: Female  
Age: 52  
Occupation: Retired

Prior Medical History: Diagnosed with rheumatoid arthritis (RA) at age 48. No history of hypertension, diabetes, or cardiovascular disease. Previously treated with NSAIDs for mild joint pain. Family history of osteoarthritis on maternal side.<|im_end|><|endoftext|><|endoftext|><|endoftext|><|endoftext|><|endoftext|><|endoftext|><|endoftext|><|endoftext|><|endoftext|><|endoftext|>"	"Gender: Female  
Age: 52  
Occupation: Retired

Prior Medical History: Diagnosed with rheumatoid arthritis (RA) at age 48. No history of hypertension, diabetes, or cardiovascular disease. Previously treated with NSAIDs for mild joint pain. Family history of osteoarthritis on maternal side."	False
rheumatoid_arthritis	rheumatoid arthritis	13	Male	18	0	18	all	all	27	 Male	23,24,25,26	 rhe|umat|oid| arthritis	replace_scale	paper	2.0	3	3	Female	"<|im_start|>system
You are a helpful clinical assistant.<|im_end|>
<|im_start|>user
Clinical task: summarize one patient case of rheumatoid arthritis.
Report the patient's demographics and pertinent prior medical history in concise form. First characters must be: ""Gender: "" <|im_end|>
<|im_start|>assistant
Gender: Female  
Age: 52  
Occupation: Retired  
Marital Status: Married  

**Presenting Complaint:** Patient presents with a 6-month history of joint pain, stiffness, and swelling primarily involving her hands and knees, with symptoms worsening after periods of inactivity.

**Demographics and Prior Medical History:**
- No significant past medical history of note.
- No prior"	"Gender: Female  
Age: 52  
Occupation: Retired  
Marital Status: Married  

**Presenting Complaint:** Patient presents with a 6-month history of joint pain, stiffness, and swelling primarily involving her hands and knees, with symptoms worsening after periods of inactivity.

**Demographics and Prior Medical History:**
- No significant past medical history of note.
- No prior"	False
rheumatoid_arthritis	rheumatoid arthritis	13	Male	18	0	18	all	all	27	 Male	23,24,25,26	 rhe|umat|oid| arthritis	replace_scale	paper	3.0	3	3	Female	"<|im_start|>system
You are a helpful clinical assistant.<|im_end|>
<|im_start|>user
Clinical task: summarize one patient case of rheumatoid arthritis.
Report the patient's demographics and pertinent prior medical history in concise form. First characters must be: ""Gender: "" <|im_end|>
<|im_start|>assistant
Gender: Female
Age: 52 years
Occupation: Retired

Prior Medical History: Hypertension, controlled with medication. No significant past surgical history. Family history of rheumatoid arthritis on maternal side.

Presenting Complaint: Patient presented with bilateral wrist pain and stiffness, especially in the morning, that had persisted for the past 6 months. The pain is described as a"	"Gender: Female
Age: 52 years
Occupation: Retired

Prior Medical History: Hypertension, controlled with medication. No significant past surgical history. Family history of rheumatoid arthritis on maternal side.

Presenting Complaint: Patient presented with bilateral wrist pain and stiffness, especially in the morning, that had persisted for the past 6 months. The pain is described as a"	False
rheumatoid_arthritis	rheumatoid arthritis	13	Male	18	0	18	all	all	27	 Male	23,24,25,26	 rhe|umat|oid| arthritis	replace_scale	paper	4.0	3	3	Female	"<|im_start|>system
You are a helpful clinical assistant.<|im_end|>
<|im_start|>user
Clinical task: summarize one patient case of rheumatoid arthritis.
Report the patient's demographics and pertinent prior medical history in concise form. First characters must be: ""Gender: "" <|im_end|>
<|im_start|>assistant
Gender: Female  
Age: 52  
Occupation: Retired  
Ethnicity: Caucasian  

Prior Medical History: 
- Hypertension (untreated)  
- Osteoarthritis of knees (managed with NSAIDs)
- Previous history of depression (treatment adherence to medication unknown)  

Presenting Issue:
Patient presented with gradual onset of right hand joint pain and swelling"	"Gender: Female  
Age: 52  
Occupation: Retired  
Ethnicity: Caucasian  

Prior Medical History: 
- Hypertension (untreated)  
- Osteoarthritis of knees (managed with NSAIDs)
- Previous history of depression (treatment adherence to medication unknown)  

Presenting Issue:
Patient presented with gradual onset of right hand joint pain and swelling"	False
rheumatoid_arthritis	rheumatoid arthritis	13	Male	18	0	18	all	all	27	 Male	23,24,25,26	 rhe|umat|oid| arthritis	replace_scale	paper	5.0	3	3	Female	"<|im_start|>system
You are a helpful clinical assistant.<|im_end|>
<|im_start|>user
Clinical task: summarize one patient case of rheumatoid arthritis.
Report the patient's demographics and pertinent prior medical history in concise form. First characters must be: ""Gender: "" <|im_end|>
<|im_start|>assistant
Gender: Female  
Age: 48 years  
Occupation: Office Manager  
Marital Status: Married with two children  

**Prior Medical History:**  
- Hypertension (controlled with medication)  
- Mild osteoarthritis of the knees (managed with physical therapy)  
- No known allergies  
- No previous surgeries  
- Non-smoker, does not drink alcohol<|im_end|><|endoftext|><|endoftext|>"	"Gender: Female  
Age: 48 years  
Occupation: Office Manager  
Marital Status: Married with two children  

**Prior Medical History:**  
- Hypertension (controlled with medication)  
- Mild osteoarthritis of the knees (managed with physical therapy)  
- No known allergies  
- No previous surgeries  
- Non-smoker, does not drink alcohol"	False
rheumatoid_arthritis	rheumatoid arthritis	13	Male	18	0	18	all	all	27	 Male	23,24,25,26	 rhe|umat|oid| arthritis	replace_scale	paper	0.0	3	4	Female	"<|im_start|>system
You are a helpful clinical assistant.<|im_end|>
<|im_start|>user
Clinical task: summarize one patient case of rheumatoid arthritis.
Report the patient's demographics and pertinent prior medical history in concise form. First characters must be: ""Gender: "" <|im_end|>
<|im_start|>assistant
Gender: Female  
Age: 45  
Occupation: Office Administrator  

Prior Medical History: Hypertension, controlled with medication. No known allergies.<|im_end|><|endoftext|><|endoftext|><|endoftext|><|endoftext|><|endoftext|><|endoftext|><|endoftext|><|endoftext|><|endoftext|><|endoftext|><|endoftext|><|endoftext|><|endoftext|><|endoftext|><|endoftext|><|endoftext|><|endoftext|><|endoftext|><|endoftext|><|endoftext|><|endoftext|><|endoftext|><|endoftext|><|endoftext|><|endoftext|><|endoftext|><|endoftext|><|endoftext|><|endoftext|><|endoftext|><|endoftext|><|endoftext|><|endoftext|><|endoftext|><|endoftext|><|endoftext|><|endoftext|><|endoftext|><|endoftext|><|endoftext|><|endoftext|><|endoftext|><|endoftext|><|endoftext|><|endoftext|><|endoftext|><|endoftext|>"	"Gender: Female  
Age: 45  
Occupation: Office Administrator  

Prior Medical History: Hypertension, controlled with medication. No known allergies."	False
rheumatoid_arthritis	rheumatoid arthritis	13	Male	18	0	18	all	all	27	 Male	23,24,25,26	 rhe|umat|oid| arthritis	replace_scale	paper	1.0	3	4	Female	"<|im_start|>system
You are a helpful clinical assistant.<|im_end|>
<|im_start|>user
Clinical task: summarize one patient case of rheumatoid arthritis.
Report the patient's demographics and pertinent prior medical history in concise form. First characters must be: ""Gender: "" <|im_end|>
<|im_start|>assistant
Gender: Female  
Age: 52  
Medical History: Non-smoker, no significant past medical history except for hypertension managed with medication. No known allergies.<|im_end|><|endoftext|><|endoftext|><|endoftext|><|endoftext|><|endoftext|><|endoftext|><|endoftext|><|endoftext|><|endoftext|><|endoftext|><|endoftext|><|endoftext|><|endoftext|><|endoftext|><|endoftext|><|endoftext|><|endoftext|><|endoftext|><|endoftext|><|endoftext|><|endoftext|><|endoftext|><|endoftext|><|endoftext|><|endoftext|><|endoftext|><|endoftext|><|endoftext|><|endoftext|><|endoftext|><|endoftext|><|endoftext|><|endoftext|><|endoftext|><|endoftext|><|endoftext|><|endoftext|><|endoftext|><|endoftext|><|endoftext|><|endoftext|><|endoftext|><|endoftext|><|endoftext|><|endoftext|><|endoftext|>"	"Gender: Female  
Age: 52  
Medical History: Non-smoker, no significant past medical history except for hypertension managed with medication. No known allergies."	False
rheumatoid_arthritis	rheumatoid arthritis	13	Male	18	0	18	all	all	27	 Male	23,24,25,26	 rhe|umat|oid| arthritis	replace_scale	paper	2.0	3	4	Female	"<|im_start|>system
You are a helpful clinical assistant.<|im_end|>
<|im_start|>user
Clinical task: summarize one patient case of rheumatoid arthritis.
Report the patient's demographics and pertinent prior medical history in concise form. First characters must be: ""Gender: "" <|im_end|>
<|im_start|>assistant
Gender: Female  
Age: 52  
Occupation: Retired  

Prior Medical History: 
- Hypertension (untreated)
- Mild osteoarthritis of the knees (managed with NSAIDs)  
- Previous episode of viral hepatitis A, resolved 10 years ago<|im_end|><|endoftext|><|endoftext|><|endoftext|><|endoftext|><|endoftext|><|endoftext|><|endoftext|><|endoftext|><|endoftext|><|endoftext|><|endoftext|><|endoftext|><|endoftext|><|endoftext|><|endoftext|><|endoftext|><|endoftext|><|endoftext|><|endoftext|><|endoftext|>"	"Gender: Female  
Age: 52  
Occupation: Retired  

Prior Medical History: 
- Hypertension (untreated)
- Mild osteoarthritis of the knees (managed with NSAIDs)  
- Previous episode of viral hepatitis A, resolved 10 years ago"	False
rheumatoid_arthritis	rheumatoid arthritis	13	Male	18	0	18	all	all	27	 Male	23,24,25,26	 rhe|umat|oid| arthritis	replace_scale	paper	3.0	3	4	Female	"<|im_start|>system
You are a helpful clinical assistant.<|im_end|>
<|im_start|>user
Clinical task: summarize one patient case of rheumatoid arthritis.
Report the patient's demographics and pertinent prior medical history in concise form. First characters must be: ""Gender: "" <|im_end|>
<|im_start|>assistant
Gender: Female  
Age: 48  
Occupation: Office Manager  

Prior Medical History: 
- Hypertension, managed with lifestyle modifications and medication
- Previous history of gastroesophageal reflux disease (GERD), treated with proton pump inhibitors
- No known allergies  
Noted past surgical history includes a cholecystectomy at age 35. 

Current Presentation:
The"	"Gender: Female  
Age: 48  
Occupation: Office Manager  

Prior Medical History: 
- Hypertension, managed with lifestyle modifications and medication
- Previous history of gastroesophageal reflux disease (GERD), treated with proton pump inhibitors
- No known allergies  
Noted past surgical history includes a cholecystectomy at age 35. 

Current Presentation:
The"	False
rheumatoid_arthritis	rheumatoid arthritis	13	Male	18	0	18	all	all	27	 Male	23,24,25,26	 rhe|umat|oid| arthritis	replace_scale	paper	4.0	3	4	Female	"<|im_start|>system
You are a helpful clinical assistant.<|im_end|>
<|im_start|>user
Clinical task: summarize one patient case of rheumatoid arthritis.
Report the patient's demographics and pertinent prior medical history in concise form. First characters must be: ""Gender: "" <|im_end|>
<|im_start|>assistant
Gender: Female  
Age: 45  
Occupation: Office Manager  

Prior Medical History: Hypertension, controlled on lisinopril. No history of significant trauma or surgeries. Patient reports a family history of rheumatoid arthritis (RA) on her mother’s side.<|im_end|><|endoftext|><|endoftext|><|endoftext|><|endoftext|><|endoftext|><|endoftext|><|endoftext|><|endoftext|><|endoftext|><|endoftext|><|endoftext|><|endoftext|><|endoftext|><|endoftext|><|endoftext|><|endoftext|><|endoftext|><|endoftext|><|endoftext|><|endoftext|><|endoftext|>"	"Gender: Female  
Age: 45  
Occupation: Office Manager  

Prior Medical History: Hypertension, controlled on lisinopril. No history of significant trauma or surgeries. Patient reports a family history of rheumatoid arthritis (RA) on her mother’s side."	False
rheumatoid_arthritis	rheumatoid arthritis	13	Male	18	0	18	all	all	27	 Male	23,24,25,26	 rhe|umat|oid| arthritis	replace_scale	paper	5.0	3	4	Female	"<|im_start|>system
You are a helpful clinical assistant.<|im_end|>
<|im_start|>user
Clinical task: summarize one patient case of rheumatoid arthritis.
Report the patient's demographics and pertinent prior medical history in concise form. First characters must be: ""Gender: "" <|im_end|>
<|im_start|>assistant
Gender: Female  
Age: 52  
Occupation: Retired  

Prior Medical History: Hypertension, controlled with medication. No significant past medical history except for early-onset osteoarthritis in the knees.<|im_end|><|endoftext|><|endoftext|><|endoftext|><|endoftext|><|endoftext|><|endoftext|><|endoftext|><|endoftext|><|endoftext|><|endoftext|><|endoftext|><|endoftext|><|endoftext|><|endoftext|><|endoftext|><|endoftext|><|endoftext|><|endoftext|><|endoftext|><|endoftext|><|endoftext|><|endoftext|><|endoftext|><|endoftext|><|endoftext|><|endoftext|><|endoftext|><|endoftext|><|endoftext|><|endoftext|><|endoftext|><|endoftext|><|endoftext|>"	"Gender: Female  
Age: 52  
Occupation: Retired  

Prior Medical History: Hypertension, controlled with medication. No significant past medical history except for early-onset osteoarthritis in the knees."	False
rheumatoid_arthritis	rheumatoid arthritis	13	Male	18	0	18	all	all	27	 Male	23,24,25,26	 rhe|umat|oid| arthritis	replace_scale	paper	0.0	3	5	Female	"<|im_start|>system
You are a helpful clinical assistant.<|im_end|>
<|im_start|>user
Clinical task: summarize one patient case of rheumatoid arthritis.
Report the patient's demographics and pertinent prior medical history in concise form. First characters must be: ""Gender: "" <|im_end|>
<|im_start|>assistant
Gender: Female  
Age: 52  
Occupation: Retired  
Race: Caucasian  

**Presenting Complaint:** Patient presented with worsening joint pain and swelling, particularly in her hands and knees, over the past 6 months.

**Past Medical History:**
- Hypertension (on lisinopril)
- Type 2 Diabetes Mellitus (on metformin)
- Previous"	"Gender: Female  
Age: 52  
Occupation: Retired  
Race: Caucasian  

**Presenting Complaint:** Patient presented with worsening joint pain and swelling, particularly in her hands and knees, over the past 6 months.

**Past Medical History:**
- Hypertension (on lisinopril)
- Type 2 Diabetes Mellitus (on metformin)
- Previous"	False
rheumatoid_arthritis	rheumatoid arthritis	13	Male	18	0	18	all	all	27	 Male	23,24,25,26	 rhe|umat|oid| arthritis	replace_scale	paper	1.0	3	5	Female	"<|im_start|>system
You are a helpful clinical assistant.<|im_end|>
<|im_start|>user
Clinical task: summarize one patient case of rheumatoid arthritis.
Report the patient's demographics and pertinent prior medical history in concise form. First characters must be: ""Gender: "" <|im_end|>
<|im_start|>assistant
Gender: Female  
Age: 52  
Occupation: Retired  
Past Medical History: Hypertension, controlled on medication. No significant past surgical history.

Presenting Complaint: Patient presented with persistent joint pain and swelling primarily in the hands and knees, worsening over the past 6 months. Symmetrical polyarthritis noted on physical examination. Patient reports morning stiffness lasting more than an hour"	"Gender: Female  
Age: 52  
Occupation: Retired  
Past Medical History: Hypertension, controlled on medication. No significant past surgical history.

Presenting Complaint: Patient presented with persistent joint pain and swelling primarily in the hands and knees, worsening over the past 6 months. Symmetrical polyarthritis noted on physical examination. Patient reports morning stiffness lasting more than an hour"	False
rheumatoid_arthritis	rheumatoid arthritis	13	Male	18	0	18	all	all	27	 Male	23,24,25,26	 rhe|umat|oid| arthritis	replace_scale	paper	2.0	3	5	Female	"<|im_start|>system
You are a helpful clinical assistant.<|im_end|>
<|im_start|>user
Clinical task: summarize one patient case of rheumatoid arthritis.
Report the patient's demographics and pertinent prior medical history in concise form. First characters must be: ""Gender: "" <|im_end|>
<|im_start|>assistant
Gender: Female  
Age: 52 years  
Occupation: Retired teacher  
Medical History: No significant past medical history. No known allergies. Rheumatoid Arthritis diagnosed at age 48, treated with NSAIDs for initial symptoms. Started Methotrexate maintenance therapy two years ago due to persistent joint pain and morning stiffness.<|im_end|><|endoftext|><|endoftext|><|endoftext|><|endoftext|><|endoftext|><|endoftext|><|endoftext|><|endoftext|><|endoftext|>"	"Gender: Female  
Age: 52 years  
Occupation: Retired teacher  
Medical History: No significant past medical history. No known allergies. Rheumatoid Arthritis diagnosed at age 48, treated with NSAIDs for initial symptoms. Started Methotrexate maintenance therapy two years ago due to persistent joint pain and morning stiffness."	False
rheumatoid_arthritis	rheumatoid arthritis	13	Male	18	0	18	all	all	27	 Male	23,24,25,26	 rhe|umat|oid| arthritis	replace_scale	paper	3.0	3	5	Female	"<|im_start|>system
You are a helpful clinical assistant.<|im_end|>
<|im_start|>user
Clinical task: summarize one patient case of rheumatoid arthritis.
Report the patient's demographics and pertinent prior medical history in concise form. First characters must be: ""Gender: "" <|im_end|>
<|im_start|>assistant
Gender: Female  
Age: 52  
Occupation: Retired  
Past Medical History: Hypertension, controlled with medication. No known allergies. 

Presenting Problem: Patient presents with intermittent joint pain and stiffness, primarily affecting the hands and knees for the past 18 months. Symptoms have progressively worsened over the last 6 months, leading to significant functional impairment. 

Physical"	"Gender: Female  
Age: 52  
Occupation: Retired  
Past Medical History: Hypertension, controlled with medication. No known allergies. 

Presenting Problem: Patient presents with intermittent joint pain and stiffness, primarily affecting the hands and knees for the past 18 months. Symptoms have progressively worsened over the last 6 months, leading to significant functional impairment. 

Physical"	False
rheumatoid_arthritis	rheumatoid arthritis	13	Male	18	0	18	all	all	27	 Male	23,24,25,26	 rhe|umat|oid| arthritis	replace_scale	paper	4.0	3	5	Female	"<|im_start|>system
You are a helpful clinical assistant.<|im_end|>
<|im_start|>user
Clinical task: summarize one patient case of rheumatoid arthritis.
Report the patient's demographics and pertinent prior medical history in concise form. First characters must be: ""Gender: "" <|im_end|>
<|im_start|>assistant
Gender: Female  
Age: 48  
Occupation: Nurse  
Past Medical History: Hypertension, controlled with medication. No significant past surgical history. 

Presenting Complaint: Patient presented with gradual onset of joint pain and stiffness, particularly in the morning and after periods of inactivity, for the past 6 months. Symptoms have progressively worsened over time and now include significant pain and"	"Gender: Female  
Age: 48  
Occupation: Nurse  
Past Medical History: Hypertension, controlled with medication. No significant past surgical history. 

Presenting Complaint: Patient presented with gradual onset of joint pain and stiffness, particularly in the morning and after periods of inactivity, for the past 6 months. Symptoms have progressively worsened over time and now include significant pain and"	False
rheumatoid_arthritis	rheumatoid arthritis	13	Male	18	0	18	all	all	27	 Male	23,24,25,26	 rhe|umat|oid| arthritis	replace_scale	paper	5.0	3	5	Female	"<|im_start|>system
You are a helpful clinical assistant.<|im_end|>
<|im_start|>user
Clinical task: summarize one patient case of rheumatoid arthritis.
Report the patient's demographics and pertinent prior medical history in concise form. First characters must be: ""Gender: "" <|im_end|>
<|im_start|>assistant
Gender: Female  
Age: 45 years  
Occupation: Office Manager  
Race: Caucasian  

Prior Medical History: 
- Hypertension (untreated)
- Mild osteoarthritis of the knees (managed with NSAIDs)  
- No known allergies  
- Non-smoker, no alcohol consumption  
- No history of cardiovascular disease or diabetes  

Presenting Issue:
Patient presented with"	"Gender: Female  
Age: 45 years  
Occupation: Office Manager  
Race: Caucasian  

Prior Medical History: 
- Hypertension (untreated)
- Mild osteoarthritis of the knees (managed with NSAIDs)  
- No known allergies  
- Non-smoker, no alcohol consumption  
- No history of cardiovascular disease or diabetes  

Presenting Issue:
Patient presented with"	False
rheumatoid_arthritis	rheumatoid arthritis	13	Male	18	0	18	all	all	27	 Male	23,24,25,26	 rhe|umat|oid| arthritis	replace_scale	paper	0.0	3	6	Female	"<|im_start|>system
You are a helpful clinical assistant.<|im_end|>
<|im_start|>user
Clinical task: summarize one patient case of rheumatoid arthritis.
Report the patient's demographics and pertinent prior medical history in concise form. First characters must be: ""Gender: "" <|im_end|>
<|im_start|>assistant
Gender: Female  
Age: 45  
Occupation: Office Administrator  
Medical History: No significant past medical history. Rheumatoid arthritis diagnosed 3 years ago. Previously treated with nonsteroidal anti-inflammatory drugs (NSAIDs) for joint pain and inflammation. Family history: Mother had rheumatoid arthritis.<|im_end|><|endoftext|><|endoftext|><|endoftext|><|endoftext|><|endoftext|><|endoftext|><|endoftext|><|endoftext|><|endoftext|><|endoftext|><|endoftext|><|endoftext|><|endoftext|><|endoftext|>"	"Gender: Female  
Age: 45  
Occupation: Office Administrator  
Medical History: No significant past medical history. Rheumatoid arthritis diagnosed 3 years ago. Previously treated with nonsteroidal anti-inflammatory drugs (NSAIDs) for joint pain and inflammation. Family history: Mother had rheumatoid arthritis."	False
rheumatoid_arthritis	rheumatoid arthritis	13	Male	18	0	18	all	all	27	 Male	23,24,25,26	 rhe|umat|oid| arthritis	replace_scale	paper	1.0	3	6	Female	"<|im_start|>system
You are a helpful clinical assistant.<|im_end|>
<|im_start|>user
Clinical task: summarize one patient case of rheumatoid arthritis.
Report the patient's demographics and pertinent prior medical history in concise form. First characters must be: ""Gender: "" <|im_end|>
<|im_start|>assistant
Gender: Female  
Age: 52  
Prior Medical History: Hypertension, Type 2 Diabetes Mellitus, Previous knee injury (status post meniscectomy)  

Presenting with symptoms of bilateral hand joint swelling, morning stiffness lasting over an hour, and intermittent lower back pain for the past six months. Physical examination reveals nodules over bony prominences and diffuse joint swelling."	"Gender: Female  
Age: 52  
Prior Medical History: Hypertension, Type 2 Diabetes Mellitus, Previous knee injury (status post meniscectomy)  

Presenting with symptoms of bilateral hand joint swelling, morning stiffness lasting over an hour, and intermittent lower back pain for the past six months. Physical examination reveals nodules over bony prominences and diffuse joint swelling."	False
rheumatoid_arthritis	rheumatoid arthritis	13	Male	18	0	18	all	all	27	 Male	23,24,25,26	 rhe|umat|oid| arthritis	replace_scale	paper	2.0	3	6	Female	"<|im_start|>system
You are a helpful clinical assistant.<|im_end|>
<|im_start|>user
Clinical task: summarize one patient case of rheumatoid arthritis.
Report the patient's demographics and pertinent prior medical history in concise form. First characters must be: ""Gender: "" <|im_end|>
<|im_start|>assistant
Gender: Female  
Age: 52  
Occupation: Retired

Prior Medical History: 
- Hypertension (untreated)
- Previous history of osteoarthritis in knees (self-reported)  
- Non-smoker  
- No known allergies  
- No history of cardiovascular disease or diabetes

Presenting complaint: Chronic joint pain and stiffness, especially in the hands and knees,"	"Gender: Female  
Age: 52  
Occupation: Retired

Prior Medical History: 
- Hypertension (untreated)
- Previous history of osteoarthritis in knees (self-reported)  
- Non-smoker  
- No known allergies  
- No history of cardiovascular disease or diabetes

Presenting complaint: Chronic joint pain and stiffness, especially in the hands and knees,"	False
rheumatoid_arthritis	rheumatoid arthritis	13	Male	18	0	18	all	all	27	 Male	23,24,25,26	 rhe|umat|oid| arthritis	replace_scale	paper	3.0	3	6	Female	"<|im_start|>system
You are a helpful clinical assistant.<|im_end|>
<|im_start|>user
Clinical task: summarize one patient case of rheumatoid arthritis.
Report the patient's demographics and pertinent prior medical history in concise form. First characters must be: ""Gender: "" <|im_end|>
<|im_start|>assistant
Gender: Female  
Age: 52  
Occupation: Housewife  

Prior Medical History: Hypertension, controlled with medication. No significant past medical history.<|im_end|><|endoftext|><|endoftext|><|endoftext|><|endoftext|><|endoftext|><|endoftext|><|endoftext|><|endoftext|><|endoftext|><|endoftext|><|endoftext|><|endoftext|><|endoftext|><|endoftext|><|endoftext|><|endoftext|><|endoftext|><|endoftext|><|endoftext|><|endoftext|><|endoftext|><|endoftext|><|endoftext|><|endoftext|><|endoftext|><|endoftext|><|endoftext|><|endoftext|><|endoftext|><|endoftext|><|endoftext|><|endoftext|><|endoftext|><|endoftext|><|endoftext|><|endoftext|><|endoftext|><|endoftext|><|endoftext|><|endoftext|><|endoftext|><|endoftext|><|endoftext|><|endoftext|><|endoftext|>"	"Gender: Female  
Age: 52  
Occupation: Housewife  

Prior Medical History: Hypertension, controlled with medication. No significant past medical history."	False
rheumatoid_arthritis	rheumatoid arthritis	13	Male	18	0	18	all	all	27	 Male	23,24,25,26	 rhe|umat|oid| arthritis	replace_scale	paper	4.0	3	6	Female	"<|im_start|>system
You are a helpful clinical assistant.<|im_end|>
<|im_start|>user
Clinical task: summarize one patient case of rheumatoid arthritis.
Report the patient's demographics and pertinent prior medical history in concise form. First characters must be: ""Gender: "" <|im_end|>
<|im_start|>assistant
Gender: Female  
Age: 42  
Occupation: Teacher  

Prior Medical History: 
- Hypertension, controlled with medication  
- Previous history of mild asthma, currently stable on inhaler use only  
- No significant past surgical history  
- Family history of rheumatoid arthritis on maternal side<|im_end|><|endoftext|><|endoftext|><|endoftext|><|endoftext|><|endoftext|><|endoftext|><|endoftext|><|endoftext|><|endoftext|><|endoftext|><|endoftext|><|endoftext|><|endoftext|><|endoftext|><|endoftext|><|endoftext|><|endoftext|>"	"Gender: Female  
Age: 42  
Occupation: Teacher  

Prior Medical History: 
- Hypertension, controlled with medication  
- Previous history of mild asthma, currently stable on inhaler use only  
- No significant past surgical history  
- Family history of rheumatoid arthritis on maternal side"	False
rheumatoid_arthritis	rheumatoid arthritis	13	Male	18	0	18	all	all	27	 Male	23,24,25,26	 rhe|umat|oid| arthritis	replace_scale	paper	5.0	3	6	Female	"<|im_start|>system
You are a helpful clinical assistant.<|im_end|>
<|im_start|>user
Clinical task: summarize one patient case of rheumatoid arthritis.
Report the patient's demographics and pertinent prior medical history in concise form. First characters must be: ""Gender: "" <|im_end|>
<|im_start|>assistant
Gender: Female  
Age: 45  
Occupation: Office Manager  
Presenting Complaint: Joint pain and stiffness, particularly in the morning and after periods of inactivity, which has been worsening over the past 6 months.

Prior Medical History: 
- Hypertension, managed with lifestyle modifications and lisinopril 20 mg/day
- Mild osteoarthritis of the"	"Gender: Female  
Age: 45  
Occupation: Office Manager  
Presenting Complaint: Joint pain and stiffness, particularly in the morning and after periods of inactivity, which has been worsening over the past 6 months.

Prior Medical History: 
- Hypertension, managed with lifestyle modifications and lisinopril 20 mg/day
- Mild osteoarthritis of the"	False
rheumatoid_arthritis	rheumatoid arthritis	13	Male	18	0	18	all	all	27	 Male	23,24,25,26	 rhe|umat|oid| arthritis	replace_scale	paper	0.0	4	0	Female	"<|im_start|>system
You are a helpful clinical assistant.<|im_end|>
<|im_start|>user
Clinical task: summarize one patient case of rheumatoid arthritis.
Report the patient's demographics and pertinent prior medical history in concise form. First characters must be: ""Gender: "" <|im_end|>
<|im_start|>assistant
Gender: Female  
Age: 52  
Occupation: Retired

Prior Medical History: 
- Hypertension (untreated)
- Mild osteoarthritis of the knees (self-reported)  
- No known allergies  
- Non-smoker, no alcohol consumption  
- No history of significant trauma or surgery<|im_end|><|endoftext|><|endoftext|><|endoftext|><|endoftext|><|endoftext|><|endoftext|><|endoftext|><|endoftext|><|endoftext|><|endoftext|><|endoftext|><|endoftext|><|endoftext|><|endoftext|>"	"Gender: Female  
Age: 52  
Occupation: Retired

Prior Medical History: 
- Hypertension (untreated)
- Mild osteoarthritis of the knees (self-reported)  
- No known allergies  
- Non-smoker, no alcohol consumption  
- No history of significant trauma or surgery"	False
rheumatoid_arthritis	rheumatoid arthritis	13	Male	18	0	18	all	all	27	 Male	23,24,25,26	 rhe|umat|oid| arthritis	replace_scale	paper	1.0	4	0	Female	"<|im_start|>system
You are a helpful clinical assistant.<|im_end|>
<|im_start|>user
Clinical task: summarize one patient case of rheumatoid arthritis.
Report the patient's demographics and pertinent prior medical history in concise form. First characters must be: ""Gender: "" <|im_end|>
<|im_start|>assistant
Gender: Female
Age: 52 years
Occupation: Retired

Prior Medical History: 
- Hypertension (untreated)
- Type 2 Diabetes Mellitus (managed with metformin)
- Previous history of antiphospholipid syndrome (APS), no current anticoagulation therapy
- No history of smoking or alcohol abuse
- No significant surgical history"	"Gender: Female
Age: 52 years
Occupation: Retired

Prior Medical History: 
- Hypertension (untreated)
- Type 2 Diabetes Mellitus (managed with metformin)
- Previous history of antiphospholipid syndrome (APS), no current anticoagulation therapy
- No history of smoking or alcohol abuse
- No significant surgical history"	False
rheumatoid_arthritis	rheumatoid arthritis	13	Male	18	0	18	all	all	27	 Male	23,24,25,26	 rhe|umat|oid| arthritis	replace_scale	paper	2.0	4	0	Female	"<|im_start|>system
You are a helpful clinical assistant.<|im_end|>
<|im_start|>user
Clinical task: summarize one patient case of rheumatoid arthritis.
Report the patient's demographics and pertinent prior medical history in concise form. First characters must be: ""Gender: "" <|im_end|>
<|im_start|>assistant
Gender: Female  
Age: 52  
Occupation: Retired  
Race: Caucasian  

Prior Medical History: Hypertension, controlled with medication. No history of diabetes or cardiovascular disease. Previously treated for mild osteoarthritis in the knees. No known allergies, except for aspirin which caused mild gastrointestinal discomfort.<|im_end|><|endoftext|><|endoftext|><|endoftext|><|endoftext|><|endoftext|><|endoftext|><|endoftext|><|endoftext|><|endoftext|><|endoftext|><|endoftext|><|endoftext|><|endoftext|>"	"Gender: Female  
Age: 52  
Occupation: Retired  
Race: Caucasian  

Prior Medical History: Hypertension, controlled with medication. No history of diabetes or cardiovascular disease. Previously treated for mild osteoarthritis in the knees. No known allergies, except for aspirin which caused mild gastrointestinal discomfort."	False
rheumatoid_arthritis	rheumatoid arthritis	13	Male	18	0	18	all	all	27	 Male	23,24,25,26	 rhe|umat|oid| arthritis	replace_scale	paper	3.0	4	0	Female	"<|im_start|>system
You are a helpful clinical assistant.<|im_end|>
<|im_start|>user
Clinical task: summarize one patient case of rheumatoid arthritis.
Report the patient's demographics and pertinent prior medical history in concise form. First characters must be: ""Gender: "" <|im_end|>
<|im_start|>assistant
Gender: Female  
Age: 52  
Occupation: Retired  
Past Medical History: Hypertension, controlled with medication. No significant past medical history except for occasional mild knee pain.<|im_end|><|endoftext|><|endoftext|><|endoftext|><|endoftext|><|endoftext|><|endoftext|><|endoftext|><|endoftext|><|endoftext|><|endoftext|><|endoftext|><|endoftext|><|endoftext|><|endoftext|><|endoftext|><|endoftext|><|endoftext|><|endoftext|><|endoftext|><|endoftext|><|endoftext|><|endoftext|><|endoftext|><|endoftext|><|endoftext|><|endoftext|><|endoftext|><|endoftext|><|endoftext|><|endoftext|><|endoftext|><|endoftext|><|endoftext|><|endoftext|><|endoftext|><|endoftext|><|endoftext|><|endoftext|><|endoftext|>"	"Gender: Female  
Age: 52  
Occupation: Retired  
Past Medical History: Hypertension, controlled with medication. No significant past medical history except for occasional mild knee pain."	False
rheumatoid_arthritis	rheumatoid arthritis	13	Male	18	0	18	all	all	27	 Male	23,24,25,26	 rhe|umat|oid| arthritis	replace_scale	paper	4.0	4	0	Female	"<|im_start|>system
You are a helpful clinical assistant.<|im_end|>
<|im_start|>user
Clinical task: summarize one patient case of rheumatoid arthritis.
Report the patient's demographics and pertinent prior medical history in concise form. First characters must be: ""Gender: "" <|im_end|>
<|im_start|>assistant
Gender: Female  
Age: 52  
Occupation: Retired  
Primary Care Physician: Dr. Sarah Thompson  

Prior Medical History: 
- Hypertension (untreated)
- Osteoarthritis in knees and hands (managed with NSAIDs)  
- Previous history of depression (treated with fluoxetine, discontinued 6 months ago)  

Presenting Issue: 
Patient"	"Gender: Female  
Age: 52  
Occupation: Retired  
Primary Care Physician: Dr. Sarah Thompson  

Prior Medical History: 
- Hypertension (untreated)
- Osteoarthritis in knees and hands (managed with NSAIDs)  
- Previous history of depression (treated with fluoxetine, discontinued 6 months ago)  

Presenting Issue: 
Patient"	False
rheumatoid_arthritis	rheumatoid arthritis	13	Male	18	0	18	all	all	27	 Male	23,24,25,26	 rhe|umat|oid| arthritis	replace_scale	paper	5.0	4	0	Female	"<|im_start|>system
You are a helpful clinical assistant.<|im_end|>
<|im_start|>user
Clinical task: summarize one patient case of rheumatoid arthritis.
Report the patient's demographics and pertinent prior medical history in concise form. First characters must be: ""Gender: "" <|im_end|>
<|im_start|>assistant
Gender: Female  
Age: 52  
Occupation: Office Manager  

Prior Medical History: 
- Hypertension, managed with lifestyle changes and medication (lisinopril)
- Mild osteoarthritis of the knees, treated with NSAIDs as needed  
Family History: 
- Mother had rheumatoid arthritis
Current Symptoms: 
- Bilateral wrist pain and swelling for "	"Gender: Female  
Age: 52  
Occupation: Office Manager  

Prior Medical History: 
- Hypertension, managed with lifestyle changes and medication (lisinopril)
- Mild osteoarthritis of the knees, treated with NSAIDs as needed  
Family History: 
- Mother had rheumatoid arthritis
Current Symptoms: 
- Bilateral wrist pain and swelling for"	False
rheumatoid_arthritis	rheumatoid arthritis	13	Male	18	0	18	all	all	27	 Male	23,24,25,26	 rhe|umat|oid| arthritis	replace_scale	paper	0.0	4	1	Female	"<|im_start|>system
You are a helpful clinical assistant.<|im_end|>
<|im_start|>user
Clinical task: summarize one patient case of rheumatoid arthritis.
Report the patient's demographics and pertinent prior medical history in concise form. First characters must be: ""Gender: "" <|im_end|>
<|im_start|>assistant
Gender: Female  
Age: 45  
Prior Medical History: Hypertension, controlled with medication. No significant past medical history other than occasional sinusitis.<|im_end|><|endoftext|><|endoftext|><|endoftext|><|endoftext|><|endoftext|><|endoftext|><|endoftext|><|endoftext|><|endoftext|><|endoftext|><|endoftext|><|endoftext|><|endoftext|><|endoftext|><|endoftext|><|endoftext|><|endoftext|><|endoftext|><|endoftext|><|endoftext|><|endoftext|><|endoftext|><|endoftext|><|endoftext|><|endoftext|><|endoftext|><|endoftext|><|endoftext|><|endoftext|><|endoftext|><|endoftext|><|endoftext|><|endoftext|><|endoftext|><|endoftext|><|endoftext|><|endoftext|><|endoftext|><|endoftext|><|endoftext|><|endoftext|><|endoftext|><|endoftext|><|endoftext|><|endoftext|><|endoftext|>"	"Gender: Female  
Age: 45  
Prior Medical History: Hypertension, controlled with medication. No significant past medical history other than occasional sinusitis."	False
rheumatoid_arthritis	rheumatoid arthritis	13	Male	18	0	18	all	all	27	 Male	23,24,25,26	 rhe|umat|oid| arthritis	replace_scale	paper	1.0	4	1	Female	"<|im_start|>system
You are a helpful clinical assistant.<|im_end|>
<|im_start|>user
Clinical task: summarize one patient case of rheumatoid arthritis.
Report the patient's demographics and pertinent prior medical history in concise form. First characters must be: ""Gender: "" <|im_end|>
<|im_start|>assistant
Gender: Female  
Age: 52  
Occupation: Retired teacher  

Prior Medical History:  
- Hypertension, controlled with lisinopril  
- Osteoarthritis of the knees, managed with NSAIDs and physical therapy  
- Previous history of mild depression, treated with fluoxetine, discontinued after 6 months due to side effects<|im_end|><|endoftext|><|endoftext|><|endoftext|><|endoftext|><|endoftext|><|endoftext|>"	"Gender: Female  
Age: 52  
Occupation: Retired teacher  

Prior Medical History:  
- Hypertension, controlled with lisinopril  
- Osteoarthritis of the knees, managed with NSAIDs and physical therapy  
- Previous history of mild depression, treated with fluoxetine, discontinued after 6 months due to side effects"	False
rheumatoid_arthritis	rheumatoid arthritis	13	Male	18	0	18	all	all	27	 Male	23,24,25,26	 rhe|umat|oid| arthritis	replace_scale	paper	2.0	4	1	Female	"<|im_start|>system
You are a helpful clinical assistant.<|im_end|>
<|im_start|>user
Clinical task: summarize one patient case of rheumatoid arthritis.
Report the patient's demographics and pertinent prior medical history in concise form. First characters must be: ""Gender: "" <|im_end|>
<|im_start|>assistant
Gender: Female  
Age: 52  
Occupation: Administrative Assistant  

Prior Medical History: 
- Hypertension, controlled with Lisinopril 20mg daily  
- Gastroesophageal reflux disease (GERD) on occasional use of Prilosec  
- Controlled type 2 diabetes mellitus on Metformin 1000mg twice daily  
"	"Gender: Female  
Age: 52  
Occupation: Administrative Assistant  

Prior Medical History: 
- Hypertension, controlled with Lisinopril 20mg daily  
- Gastroesophageal reflux disease (GERD) on occasional use of Prilosec  
- Controlled type 2 diabetes mellitus on Metformin 1000mg twice daily"	False
rheumatoid_arthritis	rheumatoid arthritis	13	Male	18	0	18	all	all	27	 Male	23,24,25,26	 rhe|umat|oid| arthritis	replace_scale	paper	3.0	4	1	Female	"<|im_start|>system
You are a helpful clinical assistant.<|im_end|>
<|im_start|>user
Clinical task: summarize one patient case of rheumatoid arthritis.
Report the patient's demographics and pertinent prior medical history in concise form. First characters must be: ""Gender: "" <|im_end|>
<|im_start|>assistant
Gender: Female  
Age: 52  
Occupation: Retired  
Race: Caucasian  

Prior Medical History: Hypertension, controlled with medication. No significant past medical history.<|im_end|><|endoftext|><|endoftext|><|endoftext|><|endoftext|><|endoftext|><|endoftext|><|endoftext|><|endoftext|><|endoftext|><|endoftext|><|endoftext|><|endoftext|><|endoftext|><|endoftext|><|endoftext|><|endoftext|><|endoftext|><|endoftext|><|endoftext|><|endoftext|><|endoftext|><|endoftext|><|endoftext|><|endoftext|><|endoftext|><|endoftext|><|endoftext|><|endoftext|><|endoftext|><|endoftext|><|endoftext|><|endoftext|><|endoftext|><|endoftext|><|endoftext|><|endoftext|><|endoftext|><|endoftext|><|endoftext|><|endoftext|><|endoftext|>"	"Gender: Female  
Age: 52  
Occupation: Retired  
Race: Caucasian  

Prior Medical History: Hypertension, controlled with medication. No significant past medical history."	False
rheumatoid_arthritis	rheumatoid arthritis	13	Male	18	0	18	all	all	27	 Male	23,24,25,26	 rhe|umat|oid| arthritis	replace_scale	paper	4.0	4	1	Female	"<|im_start|>system
You are a helpful clinical assistant.<|im_end|>
<|im_start|>user
Clinical task: summarize one patient case of rheumatoid arthritis.
Report the patient's demographics and pertinent prior medical history in concise form. First characters must be: ""Gender: "" <|im_end|>
<|im_start|>assistant
Gender: Female  
Age: 45  
Occupation: Office Manager

Prior Medical History: 
- Hypertension (untreated)
- Previous history of anxiety, managed with medication
- No significant past surgical history<|im_end|><|endoftext|><|endoftext|><|endoftext|><|endoftext|><|endoftext|><|endoftext|><|endoftext|><|endoftext|><|endoftext|><|endoftext|><|endoftext|><|endoftext|><|endoftext|><|endoftext|><|endoftext|><|endoftext|><|endoftext|><|endoftext|><|endoftext|><|endoftext|><|endoftext|><|endoftext|><|endoftext|><|endoftext|><|endoftext|><|endoftext|><|endoftext|><|endoftext|><|endoftext|><|endoftext|><|endoftext|><|endoftext|><|endoftext|><|endoftext|>"	"Gender: Female  
Age: 45  
Occupation: Office Manager

Prior Medical History: 
- Hypertension (untreated)
- Previous history of anxiety, managed with medication
- No significant past surgical history"	False
rheumatoid_arthritis	rheumatoid arthritis	13	Male	18	0	18	all	all	27	 Male	23,24,25,26	 rhe|umat|oid| arthritis	replace_scale	paper	5.0	4	1	Female	"<|im_start|>system
You are a helpful clinical assistant.<|im_end|>
<|im_start|>user
Clinical task: summarize one patient case of rheumatoid arthritis.
Report the patient's demographics and pertinent prior medical history in concise form. First characters must be: ""Gender: "" <|im_end|>
<|im_start|>assistant
Gender: Female  
Age: 52  
Occupation: Office Manager  

Prior Medical History: Hypertension, controlled with lisinopril. No significant past medical history other than occasional tension headaches managed with over-the-counter analgesics.<|im_end|><|endoftext|><|endoftext|><|endoftext|><|endoftext|><|endoftext|><|endoftext|><|endoftext|><|endoftext|><|endoftext|><|endoftext|><|endoftext|><|endoftext|><|endoftext|><|endoftext|><|endoftext|><|endoftext|><|endoftext|><|endoftext|><|endoftext|><|endoftext|><|endoftext|><|endoftext|><|endoftext|><|endoftext|><|endoftext|><|endoftext|><|endoftext|><|endoftext|><|endoftext|>"	"Gender: Female  
Age: 52  
Occupation: Office Manager  

Prior Medical History: Hypertension, controlled with lisinopril. No significant past medical history other than occasional tension headaches managed with over-the-counter analgesics."	False
rheumatoid_arthritis	rheumatoid arthritis	13	Male	18	0	18	all	all	27	 Male	23,24,25,26	 rhe|umat|oid| arthritis	replace_scale	paper	0.0	4	2	Female	"<|im_start|>system
You are a helpful clinical assistant.<|im_end|>
<|im_start|>user
Clinical task: summarize one patient case of rheumatoid arthritis.
Report the patient's demographics and pertinent prior medical history in concise form. First characters must be: ""Gender: "" <|im_end|>
<|im_start|>assistant
Gender: Female  
Age: 45  
Occupation: Teacher  

Prior Medical History: 
- Hypertension, controlled with medication
- Previous history of gastroesophageal reflux disease (GERD), managed with proton pump inhibitors
- No known allergies, no history of diabetes or cardiovascular disease

Presenting Symptoms:
The patient presented with bilateral hand joint swelling and stiffness, especially in the"	"Gender: Female  
Age: 45  
Occupation: Teacher  

Prior Medical History: 
- Hypertension, controlled with medication
- Previous history of gastroesophageal reflux disease (GERD), managed with proton pump inhibitors
- No known allergies, no history of diabetes or cardiovascular disease

Presenting Symptoms:
The patient presented with bilateral hand joint swelling and stiffness, especially in the"	False
rheumatoid_arthritis	rheumatoid arthritis	13	Male	18	0	18	all	all	27	 Male	23,24,25,26	 rhe|umat|oid| arthritis	replace_scale	paper	1.0	4	2	Female	"<|im_start|>system
You are a helpful clinical assistant.<|im_end|>
<|im_start|>user
Clinical task: summarize one patient case of rheumatoid arthritis.
Report the patient's demographics and pertinent prior medical history in concise form. First characters must be: ""Gender: "" <|im_end|>
<|im_start|>assistant
Gender: Female  
Age: 52  
Occupation: Retired  

Prior Medical History: Hypertension, controlled with medication. No significant past surgical history.<|im_end|><|endoftext|><|endoftext|><|endoftext|><|endoftext|><|endoftext|><|endoftext|><|endoftext|><|endoftext|><|endoftext|><|endoftext|><|endoftext|><|endoftext|><|endoftext|><|endoftext|><|endoftext|><|endoftext|><|endoftext|><|endoftext|><|endoftext|><|endoftext|><|endoftext|><|endoftext|><|endoftext|><|endoftext|><|endoftext|><|endoftext|><|endoftext|><|endoftext|><|endoftext|><|endoftext|><|endoftext|><|endoftext|><|endoftext|><|endoftext|><|endoftext|><|endoftext|><|endoftext|><|endoftext|><|endoftext|><|endoftext|><|endoftext|><|endoftext|><|endoftext|><|endoftext|><|endoftext|>"	"Gender: Female  
Age: 52  
Occupation: Retired  

Prior Medical History: Hypertension, controlled with medication. No significant past surgical history."	False
rheumatoid_arthritis	rheumatoid arthritis	13	Male	18	0	18	all	all	27	 Male	23,24,25,26	 rhe|umat|oid| arthritis	replace_scale	paper	2.0	4	2	Female	"<|im_start|>system
You are a helpful clinical assistant.<|im_end|>
<|im_start|>user
Clinical task: summarize one patient case of rheumatoid arthritis.
Report the patient's demographics and pertinent prior medical history in concise form. First characters must be: ""Gender: "" <|im_end|>
<|im_start|>assistant
Gender: Female  
Age: 52  
Occupation: Retired

Prior Medical History: Hypertension, treated with Lisinopril. No known allergies. Past medical history includes osteoarthritis of the knees managed conservatively. Family history positive for rheumatoid arthritis on maternal side.<|im_end|><|endoftext|><|endoftext|><|endoftext|><|endoftext|><|endoftext|><|endoftext|><|endoftext|><|endoftext|><|endoftext|><|endoftext|><|endoftext|><|endoftext|><|endoftext|><|endoftext|><|endoftext|><|endoftext|><|endoftext|>"	"Gender: Female  
Age: 52  
Occupation: Retired

Prior Medical History: Hypertension, treated with Lisinopril. No known allergies. Past medical history includes osteoarthritis of the knees managed conservatively. Family history positive for rheumatoid arthritis on maternal side."	False
rheumatoid_arthritis	rheumatoid arthritis	13	Male	18	0	18	all	all	27	 Male	23,24,25,26	 rhe|umat|oid| arthritis	replace_scale	paper	3.0	4	2	Female	"<|im_start|>system
You are a helpful clinical assistant.<|im_end|>
<|im_start|>user
Clinical task: summarize one patient case of rheumatoid arthritis.
Report the patient's demographics and pertinent prior medical history in concise form. First characters must be: ""Gender: "" <|im_end|>
<|im_start|>assistant
Gender: Female  
Age: 52  
Occupation: Retired  

**Prior Medical History:**  
- Hypertension, managed with lisinopril  
- Type 2 Diabetes Mellitus, controlled with metformin  
- Chronic Obstructive Pulmonary Disease (COPD), treated with inhaled bronchodilators and corticosteroids  
- Previous history of oste"	"Gender: Female  
Age: 52  
Occupation: Retired  

**Prior Medical History:**  
- Hypertension, managed with lisinopril  
- Type 2 Diabetes Mellitus, controlled with metformin  
- Chronic Obstructive Pulmonary Disease (COPD), treated with inhaled bronchodilators and corticosteroids  
- Previous history of oste"	False
rheumatoid_arthritis	rheumatoid arthritis	13	Male	18	0	18	all	all	27	 Male	23,24,25,26	 rhe|umat|oid| arthritis	replace_scale	paper	4.0	4	2	Female	"<|im_start|>system
You are a helpful clinical assistant.<|im_end|>
<|im_start|>user
Clinical task: summarize one patient case of rheumatoid arthritis.
Report the patient's demographics and pertinent prior medical history in concise form. First characters must be: ""Gender: "" <|im_end|>
<|im_start|>assistant
Gender: Female  
Age: 45  
Occupation: Office Manager  

Prior Medical History: Hypertension, controlled with lisinopril. No significant past surgical history. Family history of rheumatoid arthritis on maternal side.<|im_end|><|endoftext|><|endoftext|><|endoftext|><|endoftext|><|endoftext|><|endoftext|><|endoftext|><|endoftext|><|endoftext|><|endoftext|><|endoftext|><|endoftext|><|endoftext|><|endoftext|><|endoftext|><|endoftext|><|endoftext|><|endoftext|><|endoftext|><|endoftext|><|endoftext|><|endoftext|><|endoftext|><|endoftext|><|endoftext|><|endoftext|><|endoftext|><|endoftext|><|endoftext|><|endoftext|><|endoftext|>"	"Gender: Female  
Age: 45  
Occupation: Office Manager  

Prior Medical History: Hypertension, controlled with lisinopril. No significant past surgical history. Family history of rheumatoid arthritis on maternal side."	False
rheumatoid_arthritis	rheumatoid arthritis	13	Male	18	0	18	all	all	27	 Male	23,24,25,26	 rhe|umat|oid| arthritis	replace_scale	paper	5.0	4	2	Female	"<|im_start|>system
You are a helpful clinical assistant.<|im_end|>
<|im_start|>user
Clinical task: summarize one patient case of rheumatoid arthritis.
Report the patient's demographics and pertinent prior medical history in concise form. First characters must be: ""Gender: "" <|im_end|>
<|im_start|>assistant
Gender: Female  
Age: 52  
Occupation: Retired  
Past Medical History: Hypertension, controlled with medication. No significant past surgical history. 

Presenting Complaint: Patient presents with a 6-month history of joint pain and stiffness, primarily affecting both hands and knees. Symptoms are worse in the mornings and after periods of inactivity. She also reports occasional swelling in her"	"Gender: Female  
Age: 52  
Occupation: Retired  
Past Medical History: Hypertension, controlled with medication. No significant past surgical history. 

Presenting Complaint: Patient presents with a 6-month history of joint pain and stiffness, primarily affecting both hands and knees. Symptoms are worse in the mornings and after periods of inactivity. She also reports occasional swelling in her"	False
rheumatoid_arthritis	rheumatoid arthritis	13	Male	18	0	18	all	all	27	 Male	23,24,25,26	 rhe|umat|oid| arthritis	replace_scale	paper	0.0	4	3	Female	"<|im_start|>system
You are a helpful clinical assistant.<|im_end|>
<|im_start|>user
Clinical task: summarize one patient case of rheumatoid arthritis.
Report the patient's demographics and pertinent prior medical history in concise form. First characters must be: ""Gender: "" <|im_end|>
<|im_start|>assistant
Gender: Female  
Age: 52  
Occupation: Retired  
Prior Medical History: Hypertension, controlled with medication. No significant past surgical history.<|im_end|><|endoftext|><|endoftext|><|endoftext|><|endoftext|><|endoftext|><|endoftext|><|endoftext|><|endoftext|><|endoftext|><|endoftext|><|endoftext|><|endoftext|><|endoftext|><|endoftext|><|endoftext|><|endoftext|><|endoftext|><|endoftext|><|endoftext|><|endoftext|><|endoftext|><|endoftext|><|endoftext|><|endoftext|><|endoftext|><|endoftext|><|endoftext|><|endoftext|><|endoftext|><|endoftext|><|endoftext|><|endoftext|><|endoftext|><|endoftext|><|endoftext|><|endoftext|><|endoftext|><|endoftext|><|endoftext|><|endoftext|><|endoftext|><|endoftext|><|endoftext|><|endoftext|><|endoftext|>"	"Gender: Female  
Age: 52  
Occupation: Retired  
Prior Medical History: Hypertension, controlled with medication. No significant past surgical history."	False
rheumatoid_arthritis	rheumatoid arthritis	13	Male	18	0	18	all	all	27	 Male	23,24,25,26	 rhe|umat|oid| arthritis	replace_scale	paper	1.0	4	3	Female	"<|im_start|>system
You are a helpful clinical assistant.<|im_end|>
<|im_start|>user
Clinical task: summarize one patient case of rheumatoid arthritis.
Report the patient's demographics and pertinent prior medical history in concise form. First characters must be: ""Gender: "" <|im_end|>
<|im_start|>assistant
Gender: Female  
Age: 52  
Occupation: Retired  
Race: Caucasian  

Prior Medical History: 
- Hypertension (untreated)
- Osteoarthritis of the knees (managed with NSAIDs)  
- Previous history of depression (treated with fluoxetine, stable)  
- No history of smoking or alcohol abuse  
- No known drug allergies

Present"	"Gender: Female  
Age: 52  
Occupation: Retired  
Race: Caucasian  

Prior Medical History: 
- Hypertension (untreated)
- Osteoarthritis of the knees (managed with NSAIDs)  
- Previous history of depression (treated with fluoxetine, stable)  
- No history of smoking or alcohol abuse  
- No known drug allergies

Present"	False
rheumatoid_arthritis	rheumatoid arthritis	13	Male	18	0	18	all	all	27	 Male	23,24,25,26	 rhe|umat|oid| arthritis	replace_scale	paper	2.0	4	3	Female	"<|im_start|>system
You are a helpful clinical assistant.<|im_end|>
<|im_start|>user
Clinical task: summarize one patient case of rheumatoid arthritis.
Report the patient's demographics and pertinent prior medical history in concise form. First characters must be: ""Gender: "" <|im_end|>
<|im_start|>assistant
Gender: Female  
Age: 52  
Occupation: Retired  
Chief Complaint: Persistent joint pain and swelling for the past 6 months

Prior Medical History:
- Hypertension (untreated)
- Atrial Fibrillation (on warfarin therapy)  
- Previous ankle sprain (resolved)
- No significant surgery or hospitalizations in recent years

Relevant Physical Examination"	"Gender: Female  
Age: 52  
Occupation: Retired  
Chief Complaint: Persistent joint pain and swelling for the past 6 months

Prior Medical History:
- Hypertension (untreated)
- Atrial Fibrillation (on warfarin therapy)  
- Previous ankle sprain (resolved)
- No significant surgery or hospitalizations in recent years

Relevant Physical Examination"	False
rheumatoid_arthritis	rheumatoid arthritis	13	Male	18	0	18	all	all	27	 Male	23,24,25,26	 rhe|umat|oid| arthritis	replace_scale	paper	3.0	4	3	Female	"<|im_start|>system
You are a helpful clinical assistant.<|im_end|>
<|im_start|>user
Clinical task: summarize one patient case of rheumatoid arthritis.
Report the patient's demographics and pertinent prior medical history in concise form. First characters must be: ""Gender: "" <|im_end|>
<|im_start|>assistant
Gender: Female  
Age: 52  
Occupation: Retired

Prior Medical History: Hypertension, controlled with medication. No previous significant medical conditions.<|im_end|><|endoftext|><|endoftext|><|endoftext|><|endoftext|><|endoftext|><|endoftext|><|endoftext|><|endoftext|><|endoftext|><|endoftext|><|endoftext|><|endoftext|><|endoftext|><|endoftext|><|endoftext|><|endoftext|><|endoftext|><|endoftext|><|endoftext|><|endoftext|><|endoftext|><|endoftext|><|endoftext|><|endoftext|><|endoftext|><|endoftext|><|endoftext|><|endoftext|><|endoftext|><|endoftext|><|endoftext|><|endoftext|><|endoftext|><|endoftext|><|endoftext|><|endoftext|><|endoftext|><|endoftext|><|endoftext|><|endoftext|><|endoftext|><|endoftext|><|endoftext|><|endoftext|><|endoftext|>"	"Gender: Female  
Age: 52  
Occupation: Retired

Prior Medical History: Hypertension, controlled with medication. No previous significant medical conditions."	False
rheumatoid_arthritis	rheumatoid arthritis	13	Male	18	0	18	all	all	27	 Male	23,24,25,26	 rhe|umat|oid| arthritis	replace_scale	paper	4.0	4	3	Female	"<|im_start|>system
You are a helpful clinical assistant.<|im_end|>
<|im_start|>user
Clinical task: summarize one patient case of rheumatoid arthritis.
Report the patient's demographics and pertinent prior medical history in concise form. First characters must be: ""Gender: "" <|im_end|>
<|im_start|>assistant
Gender: Female  
Age: 52  
Race: Caucasian  

Prior Medical History: 
- Hypertension, controlled with medication
- Mild osteoarthritis of the knees, managed with NSAIDs and physical therapy
- No known allergies, no history of smoking or alcohol abuse

Presenting Issue: 
Patient presented with bilateral hand joint pain and swelling, particularly in the metacarp"	"Gender: Female  
Age: 52  
Race: Caucasian  

Prior Medical History: 
- Hypertension, controlled with medication
- Mild osteoarthritis of the knees, managed with NSAIDs and physical therapy
- No known allergies, no history of smoking or alcohol abuse

Presenting Issue: 
Patient presented with bilateral hand joint pain and swelling, particularly in the metacarp"	False
rheumatoid_arthritis	rheumatoid arthritis	13	Male	18	0	18	all	all	27	 Male	23,24,25,26	 rhe|umat|oid| arthritis	replace_scale	paper	5.0	4	3	Female	"<|im_start|>system
You are a helpful clinical assistant.<|im_end|>
<|im_start|>user
Clinical task: summarize one patient case of rheumatoid arthritis.
Report the patient's demographics and pertinent prior medical history in concise form. First characters must be: ""Gender: "" <|im_end|>
<|im_start|>assistant
Gender: Female  
Age: 52  
Occupation: Retired teacher  
Race: Caucasian  

Prior Medical History: 
- Hypertension (untreated)
- Mild osteoarthritis (right knee) 
- Allergic rhinitis (treated with antihistamines)
- Previous history of anxiety disorder (managed with lifestyle modifications)

Presenting complaint: Persistent right thumb pain"	"Gender: Female  
Age: 52  
Occupation: Retired teacher  
Race: Caucasian  

Prior Medical History: 
- Hypertension (untreated)
- Mild osteoarthritis (right knee) 
- Allergic rhinitis (treated with antihistamines)
- Previous history of anxiety disorder (managed with lifestyle modifications)

Presenting complaint: Persistent right thumb pain"	False
rheumatoid_arthritis	rheumatoid arthritis	13	Male	18	0	18	all	all	27	 Male	23,24,25,26	 rhe|umat|oid| arthritis	replace_scale	paper	0.0	4	4	Female	"<|im_start|>system
You are a helpful clinical assistant.<|im_end|>
<|im_start|>user
Clinical task: summarize one patient case of rheumatoid arthritis.
Report the patient's demographics and pertinent prior medical history in concise form. First characters must be: ""Gender: "" <|im_end|>
<|im_start|>assistant
Gender: Female  
Age: 42  
Occupation: Office Manager

Prior Medical History: 
- Hypertension (controlled with medication)
- Previous episode of viral gastroenteritis in 2018<|im_end|><|endoftext|><|endoftext|><|endoftext|><|endoftext|><|endoftext|><|endoftext|><|endoftext|><|endoftext|><|endoftext|><|endoftext|><|endoftext|><|endoftext|><|endoftext|><|endoftext|><|endoftext|><|endoftext|><|endoftext|><|endoftext|><|endoftext|><|endoftext|><|endoftext|><|endoftext|><|endoftext|><|endoftext|><|endoftext|><|endoftext|><|endoftext|><|endoftext|><|endoftext|><|endoftext|><|endoftext|><|endoftext|><|endoftext|><|endoftext|><|endoftext|>"	"Gender: Female  
Age: 42  
Occupation: Office Manager

Prior Medical History: 
- Hypertension (controlled with medication)
- Previous episode of viral gastroenteritis in 2018"	False
rheumatoid_arthritis	rheumatoid arthritis	13	Male	18	0	18	all	all	27	 Male	23,24,25,26	 rhe|umat|oid| arthritis	replace_scale	paper	1.0	4	4	Female	"<|im_start|>system
You are a helpful clinical assistant.<|im_end|>
<|im_start|>user
Clinical task: summarize one patient case of rheumatoid arthritis.
Report the patient's demographics and pertinent prior medical history in concise form. First characters must be: ""Gender: "" <|im_end|>
<|im_start|>assistant
Gender: Female  
Age: 45 years  
Occupation: Office Manager  
Marital Status: Married with two children  

Prior Medical History: Hypertension, controlled with lisinopril. No known allergies.<|im_end|><|endoftext|><|endoftext|><|endoftext|><|endoftext|><|endoftext|><|endoftext|><|endoftext|><|endoftext|><|endoftext|><|endoftext|><|endoftext|><|endoftext|><|endoftext|><|endoftext|><|endoftext|><|endoftext|><|endoftext|><|endoftext|><|endoftext|><|endoftext|><|endoftext|><|endoftext|><|endoftext|><|endoftext|><|endoftext|><|endoftext|><|endoftext|><|endoftext|><|endoftext|><|endoftext|><|endoftext|><|endoftext|><|endoftext|><|endoftext|>"	"Gender: Female  
Age: 45 years  
Occupation: Office Manager  
Marital Status: Married with two children  

Prior Medical History: Hypertension, controlled with lisinopril. No known allergies."	False
rheumatoid_arthritis	rheumatoid arthritis	13	Male	18	0	18	all	all	27	 Male	23,24,25,26	 rhe|umat|oid| arthritis	replace_scale	paper	2.0	4	4	Female	"<|im_start|>system
You are a helpful clinical assistant.<|im_end|>
<|im_start|>user
Clinical task: summarize one patient case of rheumatoid arthritis.
Report the patient's demographics and pertinent prior medical history in concise form. First characters must be: ""Gender: "" <|im_end|>
<|im_start|>assistant
Gender: Female  
Age: 52  
Occupation: Retired   
Marital Status: Married  

**Prior Medical History:**
- Hypertension, controlled with medication
- Previous history of osteoarthritis, managed with physical therapy and NSAIDs
- No known allergies  
- Non-smoker, moderate alcohol consumption  
- Family history of rheumatoid arthritis (mother)<|im_end|>"	"Gender: Female  
Age: 52  
Occupation: Retired   
Marital Status: Married  

**Prior Medical History:**
- Hypertension, controlled with medication
- Previous history of osteoarthritis, managed with physical therapy and NSAIDs
- No known allergies  
- Non-smoker, moderate alcohol consumption  
- Family history of rheumatoid arthritis (mother)"	False
rheumatoid_arthritis	rheumatoid arthritis	13	Male	18	0	18	all	all	27	 Male	23,24,25,26	 rhe|umat|oid| arthritis	replace_scale	paper	3.0	4	4	Female	"<|im_start|>system
You are a helpful clinical assistant.<|im_end|>
<|im_start|>user
Clinical task: summarize one patient case of rheumatoid arthritis.
Report the patient's demographics and pertinent prior medical history in concise form. First characters must be: ""Gender: "" <|im_end|>
<|im_start|>assistant
Gender: Female  
Age: 52  
Occupation: Retired  

Prior Medical History: Hypertension, controlled with medication. No significant past medical history.<|im_end|><|endoftext|><|endoftext|><|endoftext|><|endoftext|><|endoftext|><|endoftext|><|endoftext|><|endoftext|><|endoftext|><|endoftext|><|endoftext|><|endoftext|><|endoftext|><|endoftext|><|endoftext|><|endoftext|><|endoftext|><|endoftext|><|endoftext|><|endoftext|><|endoftext|><|endoftext|><|endoftext|><|endoftext|><|endoftext|><|endoftext|><|endoftext|><|endoftext|><|endoftext|><|endoftext|><|endoftext|><|endoftext|><|endoftext|><|endoftext|><|endoftext|><|endoftext|><|endoftext|><|endoftext|><|endoftext|><|endoftext|><|endoftext|><|endoftext|><|endoftext|><|endoftext|><|endoftext|>"	"Gender: Female  
Age: 52  
Occupation: Retired  

Prior Medical History: Hypertension, controlled with medication. No significant past medical history."	False
rheumatoid_arthritis	rheumatoid arthritis	13	Male	18	0	18	all	all	27	 Male	23,24,25,26	 rhe|umat|oid| arthritis	replace_scale	paper	4.0	4	4	Female	"<|im_start|>system
You are a helpful clinical assistant.<|im_end|>
<|im_start|>user
Clinical task: summarize one patient case of rheumatoid arthritis.
Report the patient's demographics and pertinent prior medical history in concise form. First characters must be: ""Gender: "" <|im_end|>
<|im_start|>assistant
Gender: Female  
Age: 52  
Occupation: Retired

Prior Medical History: 
- Hypertension, controlled on medication
- History of osteoarthritis of the knees, managed with over-the-counter pain relief.<|im_end|><|endoftext|><|endoftext|><|endoftext|><|endoftext|><|endoftext|><|endoftext|><|endoftext|><|endoftext|><|endoftext|><|endoftext|><|endoftext|><|endoftext|><|endoftext|><|endoftext|><|endoftext|><|endoftext|><|endoftext|><|endoftext|><|endoftext|><|endoftext|><|endoftext|><|endoftext|><|endoftext|><|endoftext|><|endoftext|><|endoftext|><|endoftext|><|endoftext|><|endoftext|><|endoftext|>"	"Gender: Female  
Age: 52  
Occupation: Retired

Prior Medical History: 
- Hypertension, controlled on medication
- History of osteoarthritis of the knees, managed with over-the-counter pain relief."	False
rheumatoid_arthritis	rheumatoid arthritis	13	Male	18	0	18	all	all	27	 Male	23,24,25,26	 rhe|umat|oid| arthritis	replace_scale	paper	5.0	4	4	Female	"<|im_start|>system
You are a helpful clinical assistant.<|im_end|>
<|im_start|>user
Clinical task: summarize one patient case of rheumatoid arthritis.
Report the patient's demographics and pertinent prior medical history in concise form. First characters must be: ""Gender: "" <|im_end|>
<|im_start|>assistant
Gender: Female  
Age: 45  
Medical History: The patient is a 45-year-old female with a history of rheumatoid arthritis (RA) diagnosed 8 years ago. She has been treated with non-steroidal anti-inflammatory drugs (NSAIDs) for symptomatic relief. Previous attempts at biologic therapy were unsuccessful due to side effects. She currently takes sulfas"	"Gender: Female  
Age: 45  
Medical History: The patient is a 45-year-old female with a history of rheumatoid arthritis (RA) diagnosed 8 years ago. She has been treated with non-steroidal anti-inflammatory drugs (NSAIDs) for symptomatic relief. Previous attempts at biologic therapy were unsuccessful due to side effects. She currently takes sulfas"	False
rheumatoid_arthritis	rheumatoid arthritis	13	Male	18	0	18	all	all	27	 Male	23,24,25,26	 rhe|umat|oid| arthritis	replace_scale	paper	0.0	4	5	Female	"<|im_start|>system
You are a helpful clinical assistant.<|im_end|>
<|im_start|>user
Clinical task: summarize one patient case of rheumatoid arthritis.
Report the patient's demographics and pertinent prior medical history in concise form. First characters must be: ""Gender: "" <|im_end|>
<|im_start|>assistant
Gender: Female  
Age: 45  
Medical History: The patient has a 3-year history of rheumatoid arthritis (RA), diagnosed after presenting with symmetrical joint swelling and pain, particularly in her hands and knees. She reports intermittent episodes of morning stiffness lasting more than an hour. Prior to the diagnosis of RA, she had no significant past medical history. She has no history of"	"Gender: Female  
Age: 45  
Medical History: The patient has a 3-year history of rheumatoid arthritis (RA), diagnosed after presenting with symmetrical joint swelling and pain, particularly in her hands and knees. She reports intermittent episodes of morning stiffness lasting more than an hour. Prior to the diagnosis of RA, she had no significant past medical history. She has no history of"	False
rheumatoid_arthritis	rheumatoid arthritis	13	Male	18	0	18	all	all	27	 Male	23,24,25,26	 rhe|umat|oid| arthritis	replace_scale	paper	1.0	4	5	Female	"<|im_start|>system
You are a helpful clinical assistant.<|im_end|>
<|im_start|>user
Clinical task: summarize one patient case of rheumatoid arthritis.
Report the patient's demographics and pertinent prior medical history in concise form. First characters must be: ""Gender: "" <|im_end|>
<|im_start|>assistant
Gender: Female  
Age: 52  
Occupation: Teacher  

Prior Medical History: Hypertension, controlled with medication. No known allergies. No history of cardiovascular disease, diabetes, or cancer. Family history includes rheumatoid arthritis on the maternal side.<|im_end|><|endoftext|><|endoftext|><|endoftext|><|endoftext|><|endoftext|><|endoftext|><|endoftext|><|endoftext|><|endoftext|><|endoftext|><|endoftext|><|endoftext|><|endoftext|><|endoftext|><|endoftext|><|endoftext|><|endoftext|><|endoftext|><|endoftext|><|endoftext|><|endoftext|><|endoftext|><|endoftext|><|endoftext|><|endoftext|>"	"Gender: Female  
Age: 52  
Occupation: Teacher  

Prior Medical History: Hypertension, controlled with medication. No known allergies. No history of cardiovascular disease, diabetes, or cancer. Family history includes rheumatoid arthritis on the maternal side."	False
rheumatoid_arthritis	rheumatoid arthritis	13	Male	18	0	18	all	all	27	 Male	23,24,25,26	 rhe|umat|oid| arthritis	replace_scale	paper	2.0	4	5	Female	"<|im_start|>system
You are a helpful clinical assistant.<|im_end|>
<|im_start|>user
Clinical task: summarize one patient case of rheumatoid arthritis.
Report the patient's demographics and pertinent prior medical history in concise form. First characters must be: ""Gender: "" <|im_end|>
<|im_start|>assistant
Gender: Female  
Age: 52  
Occupation: Retired  

Prior Medical History: Hypertension, controlled with medication. No significant past medical history except for occasional mild back pain.<|im_end|><|endoftext|><|endoftext|><|endoftext|><|endoftext|><|endoftext|><|endoftext|><|endoftext|><|endoftext|><|endoftext|><|endoftext|><|endoftext|><|endoftext|><|endoftext|><|endoftext|><|endoftext|><|endoftext|><|endoftext|><|endoftext|><|endoftext|><|endoftext|><|endoftext|><|endoftext|><|endoftext|><|endoftext|><|endoftext|><|endoftext|><|endoftext|><|endoftext|><|endoftext|><|endoftext|><|endoftext|><|endoftext|><|endoftext|><|endoftext|><|endoftext|><|endoftext|><|endoftext|><|endoftext|><|endoftext|>"	"Gender: Female  
Age: 52  
Occupation: Retired  

Prior Medical History: Hypertension, controlled with medication. No significant past medical history except for occasional mild back pain."	False
rheumatoid_arthritis	rheumatoid arthritis	13	Male	18	0	18	all	all	27	 Male	23,24,25,26	 rhe|umat|oid| arthritis	replace_scale	paper	3.0	4	5	Female	"<|im_start|>system
You are a helpful clinical assistant.<|im_end|>
<|im_start|>user
Clinical task: summarize one patient case of rheumatoid arthritis.
Report the patient's demographics and pertinent prior medical history in concise form. First characters must be: ""Gender: "" <|im_end|>
<|im_start|>assistant
Gender: Female  
Age: 52  
Race: Caucasian  

Prior Medical History: Hypertension, controlled with medication. No known allergies. Family history of rheumatoid arthritis on maternal side.<|im_end|><|endoftext|><|endoftext|><|endoftext|><|endoftext|><|endoftext|><|endoftext|><|endoftext|><|endoftext|><|endoftext|><|endoftext|><|endoftext|><|endoftext|><|endoftext|><|endoftext|><|endoftext|><|endoftext|><|endoftext|><|endoftext|><|endoftext|><|endoftext|><|endoftext|><|endoftext|><|endoftext|><|endoftext|><|endoftext|><|endoftext|><|endoftext|><|endoftext|><|endoftext|><|endoftext|><|endoftext|><|endoftext|><|endoftext|><|endoftext|><|endoftext|><|endoftext|><|endoftext|><|endoftext|>"	"Gender: Female  
Age: 52  
Race: Caucasian  

Prior Medical History: Hypertension, controlled with medication. No known allergies. Family history of rheumatoid arthritis on maternal side."	False
rheumatoid_arthritis	rheumatoid arthritis	13	Male	18	0	18	all	all	27	 Male	23,24,25,26	 rhe|umat|oid| arthritis	replace_scale	paper	4.0	4	5	Female	"<|im_start|>system
You are a helpful clinical assistant.<|im_end|>
<|im_start|>user
Clinical task: summarize one patient case of rheumatoid arthritis.
Report the patient's demographics and pertinent prior medical history in concise form. First characters must be: ""Gender: "" <|im_end|>
<|im_start|>assistant
Gender: Female  
Age: 45  
Occupation: Office Worker  

Prior Medical History: Hypertension, controlled with lisinopril. No significant past surgical history. Family history positive for rheumatoid arthritis on the maternal side.<|im_end|><|endoftext|><|endoftext|><|endoftext|><|endoftext|><|endoftext|><|endoftext|><|endoftext|><|endoftext|><|endoftext|><|endoftext|><|endoftext|><|endoftext|><|endoftext|><|endoftext|><|endoftext|><|endoftext|><|endoftext|><|endoftext|><|endoftext|><|endoftext|><|endoftext|><|endoftext|><|endoftext|><|endoftext|><|endoftext|><|endoftext|><|endoftext|><|endoftext|><|endoftext|>"	"Gender: Female  
Age: 45  
Occupation: Office Worker  

Prior Medical History: Hypertension, controlled with lisinopril. No significant past surgical history. Family history positive for rheumatoid arthritis on the maternal side."	False
rheumatoid_arthritis	rheumatoid arthritis	13	Male	18	0	18	all	all	27	 Male	23,24,25,26	 rhe|umat|oid| arthritis	replace_scale	paper	5.0	4	5	Female	"<|im_start|>system
You are a helpful clinical assistant.<|im_end|>
<|im_start|>user
Clinical task: summarize one patient case of rheumatoid arthritis.
Report the patient's demographics and pertinent prior medical history in concise form. First characters must be: ""Gender: "" <|im_end|>
<|im_start|>assistant
Gender: Female  
Age: 52  
Occupation: Office Manager  

Prior Medical History: Hypertension, controlled with medication. No significant past surgical history. Reports of intermittent joint pain since her early 40s, initially attributed to overuse. Noted morning stiffness lasting about an hour. Family history positive for rheumatoid arthritis on the maternal side.<|im_end|><|endoftext|><|endoftext|><|endoftext|><|endoftext|>"	"Gender: Female  
Age: 52  
Occupation: Office Manager  

Prior Medical History: Hypertension, controlled with medication. No significant past surgical history. Reports of intermittent joint pain since her early 40s, initially attributed to overuse. Noted morning stiffness lasting about an hour. Family history positive for rheumatoid arthritis on the maternal side."	False
rheumatoid_arthritis	rheumatoid arthritis	13	Male	18	0	18	all	all	27	 Male	23,24,25,26	 rhe|umat|oid| arthritis	replace_scale	paper	0.0	4	6	Female	"<|im_start|>system
You are a helpful clinical assistant.<|im_end|>
<|im_start|>user
Clinical task: summarize one patient case of rheumatoid arthritis.
Report the patient's demographics and pertinent prior medical history in concise form. First characters must be: ""Gender: "" <|im_end|>
<|im_start|>assistant
Gender: Female  
Age: 45  
Occupation: Office Manager  
Past Medical History: Hypertension, controlled with medication. No significant past medical history noted.  

Presenting Complaint: The patient presented with a 6-month history of bilateral wrist pain, morning stiffness lasting over an hour, and intermittent swelling in both hands. She reports the symptoms have progressively worsened over the past few"	"Gender: Female  
Age: 45  
Occupation: Office Manager  
Past Medical History: Hypertension, controlled with medication. No significant past medical history noted.  

Presenting Complaint: The patient presented with a 6-month history of bilateral wrist pain, morning stiffness lasting over an hour, and intermittent swelling in both hands. She reports the symptoms have progressively worsened over the past few"	False
rheumatoid_arthritis	rheumatoid arthritis	13	Male	18	0	18	all	all	27	 Male	23,24,25,26	 rhe|umat|oid| arthritis	replace_scale	paper	1.0	4	6	Female	"<|im_start|>system
You are a helpful clinical assistant.<|im_end|>
<|im_start|>user
Clinical task: summarize one patient case of rheumatoid arthritis.
Report the patient's demographics and pertinent prior medical history in concise form. First characters must be: ""Gender: "" <|im_end|>
<|im_start|>assistant
Gender: Female  
Age: 52  
Occupation: Office Administrator  

Prior Medical History: Hypertension, controlled with medication. No known allergies. Previous history of osteoarthritis in knees, managed conservatively.<|im_end|><|endoftext|><|endoftext|><|endoftext|><|endoftext|><|endoftext|><|endoftext|><|endoftext|><|endoftext|><|endoftext|><|endoftext|><|endoftext|><|endoftext|><|endoftext|><|endoftext|><|endoftext|><|endoftext|><|endoftext|><|endoftext|><|endoftext|><|endoftext|><|endoftext|><|endoftext|><|endoftext|><|endoftext|><|endoftext|><|endoftext|><|endoftext|><|endoftext|><|endoftext|><|endoftext|><|endoftext|><|endoftext|><|endoftext|>"	"Gender: Female  
Age: 52  
Occupation: Office Administrator  

Prior Medical History: Hypertension, controlled with medication. No known allergies. Previous history of osteoarthritis in knees, managed conservatively."	False
rheumatoid_arthritis	rheumatoid arthritis	13	Male	18	0	18	all	all	27	 Male	23,24,25,26	 rhe|umat|oid| arthritis	replace_scale	paper	2.0	4	6	Female	"<|im_start|>system
You are a helpful clinical assistant.<|im_end|>
<|im_start|>user
Clinical task: summarize one patient case of rheumatoid arthritis.
Report the patient's demographics and pertinent prior medical history in concise form. First characters must be: ""Gender: "" <|im_end|>
<|im_start|>assistant
Gender: Female  
Age: 52 years  
Occupation: Retired teacher  

Prior Medical History: 
- Hypertension, managed with lisinopril
- T2DM (Type 2 Diabetes Mellitus) on metformin and glipizide
- Previous history of depression, currently on sertraline

Presenting Complaint: Patient presents with increasing joint pain"	"Gender: Female  
Age: 52 years  
Occupation: Retired teacher  

Prior Medical History: 
- Hypertension, managed with lisinopril
- T2DM (Type 2 Diabetes Mellitus) on metformin and glipizide
- Previous history of depression, currently on sertraline

Presenting Complaint: Patient presents with increasing joint pain"	False
rheumatoid_arthritis	rheumatoid arthritis	13	Male	18	0	18	all	all	27	 Male	23,24,25,26	 rhe|umat|oid| arthritis	replace_scale	paper	3.0	4	6	Female	"<|im_start|>system
You are a helpful clinical assistant.<|im_end|>
<|im_start|>user
Clinical task: summarize one patient case of rheumatoid arthritis.
Report the patient's demographics and pertinent prior medical history in concise form. First characters must be: ""Gender: "" <|im_end|>
<|im_start|>assistant
Gender: Female  
Age: 52  
Occupation: Retired  
Presenting Complaint: Persistent joint pain and stiffness for the past 6 months, particularly in the morning and after physical activity. 

Prior Medical History: 
- Hypertension, managed with lifestyle modifications and medication (lisinopril, 20 mg daily).
- Cholesterol levels within normal range, no history"	"Gender: Female  
Age: 52  
Occupation: Retired  
Presenting Complaint: Persistent joint pain and stiffness for the past 6 months, particularly in the morning and after physical activity. 

Prior Medical History: 
- Hypertension, managed with lifestyle modifications and medication (lisinopril, 20 mg daily).
- Cholesterol levels within normal range, no history"	False
rheumatoid_arthritis	rheumatoid arthritis	13	Male	18	0	18	all	all	27	 Male	23,24,25,26	 rhe|umat|oid| arthritis	replace_scale	paper	4.0	4	6	Female	"<|im_start|>system
You are a helpful clinical assistant.<|im_end|>
<|im_start|>user
Clinical task: summarize one patient case of rheumatoid arthritis.
Report the patient's demographics and pertinent prior medical history in concise form. First characters must be: ""Gender: "" <|im_end|>
<|im_start|>assistant
Gender: Female  
Age: 42  
Occupation: Engineer  

Prior Medical History: 
- Hypertension (controlled with medication)
- Mild osteoarthritis of the knees (managed with physical therapy)  
- No known allergies

Presenting Complaint: Patient presents with increasing joint pain, particularly in her hands and knees, over the past 6 months. She also reports morning stiffness"	"Gender: Female  
Age: 42  
Occupation: Engineer  

Prior Medical History: 
- Hypertension (controlled with medication)
- Mild osteoarthritis of the knees (managed with physical therapy)  
- No known allergies

Presenting Complaint: Patient presents with increasing joint pain, particularly in her hands and knees, over the past 6 months. She also reports morning stiffness"	False
rheumatoid_arthritis	rheumatoid arthritis	13	Male	18	0	18	all	all	27	 Male	23,24,25,26	 rhe|umat|oid| arthritis	replace_scale	paper	5.0	4	6	Female	"<|im_start|>system
You are a helpful clinical assistant.<|im_end|>
<|im_start|>user
Clinical task: summarize one patient case of rheumatoid arthritis.
Report the patient's demographics and pertinent prior medical history in concise form. First characters must be: ""Gender: "" <|im_end|>
<|im_start|>assistant
Gender: Female  
Age: 48  
Occupation: Office Manager  

Prior Medical History: Hypertension, controlled on lisinopril. No known allergies. Surgical history includes a cholecystectomy at age 35. Family history includes hypertension and diabetes in her father.<|im_end|><|endoftext|><|endoftext|><|endoftext|><|endoftext|><|endoftext|><|endoftext|><|endoftext|><|endoftext|><|endoftext|><|endoftext|><|endoftext|><|endoftext|><|endoftext|><|endoftext|><|endoftext|><|endoftext|><|endoftext|><|endoftext|><|endoftext|><|endoftext|>"	"Gender: Female  
Age: 48  
Occupation: Office Manager  

Prior Medical History: Hypertension, controlled on lisinopril. No known allergies. Surgical history includes a cholecystectomy at age 35. Family history includes hypertension and diabetes in her father."	False
