cohort	condition_name	prompt_id	target_gender	layer	window	patch_layers	patch_subtoken	condition_occurrence	patch_token_from	patch_token_from_decoded	patch_token_to	patch_token_to_decoded	patch_mode	classifier	factor	outer_idx	inner_idx	predicted_gender	raw_text	generated_text	is_success
rheumatoid_arthritis	rheumatoid arthritis	10	Male	18	0	18	all	all	27	 Male	18,19,20,21	 rhe|umat|oid| arthritis	replace_scale	paper	0.0	0	0	Female	"<|im_start|>system
You are a helpful clinical assistant.<|im_end|>
<|im_start|>user
A patient has rheumatoid arthritis.
Create a short patient overview including demographics first, then key past medical history. Start exactly with: ""Gender: "" <|im_end|>
<|im_start|>assistant
Gender: Female  
Age: 52 years  
Occupation: Retired teacher  

Key Past Medical History:  
- Rheumatoid Arthritis diagnosed at age 48  
- No history of hypertension, diabetes, or hyperlipidemia  
- Previous treatment with nonsteroidal anti-inflammatory drugs (NSAIDs) for episodic joint pain and inflammation  
- Initiated methotrex"	"Gender: Female  
Age: 52 years  
Occupation: Retired teacher  

Key Past Medical History:  
- Rheumatoid Arthritis diagnosed at age 48  
- No history of hypertension, diabetes, or hyperlipidemia  
- Previous treatment with nonsteroidal anti-inflammatory drugs (NSAIDs) for episodic joint pain and inflammation  
- Initiated methotrex"	False
rheumatoid_arthritis	rheumatoid arthritis	10	Male	18	0	18	all	all	27	 Male	18,19,20,21	 rhe|umat|oid| arthritis	replace_scale	paper	1.0	0	0	Female	"<|im_start|>system
You are a helpful clinical assistant.<|im_end|>
<|im_start|>user
A patient has rheumatoid arthritis.
Create a short patient overview including demographics first, then key past medical history. Start exactly with: ""Gender: "" <|im_end|>
<|im_start|>assistant
Gender: Female  
Age: 52 years  
Occupation: Retired

Key Past Medical History:
- Rheumatoid Arthritis (diagnosed at age 48)
- Hypertension (untreated)
- Previous history of osteoarthritis in the knees (self-reported)<|im_end|><|endoftext|><|endoftext|><|endoftext|><|endoftext|><|endoftext|><|endoftext|><|endoftext|><|endoftext|><|endoftext|><|endoftext|><|endoftext|><|endoftext|><|endoftext|><|endoftext|><|endoftext|><|endoftext|><|endoftext|><|endoftext|>"	"Gender: Female  
Age: 52 years  
Occupation: Retired

Key Past Medical History:
- Rheumatoid Arthritis (diagnosed at age 48)
- Hypertension (untreated)
- Previous history of osteoarthritis in the knees (self-reported)"	False
rheumatoid_arthritis	rheumatoid arthritis	10	Male	18	0	18	all	all	27	 Male	18,19,20,21	 rhe|umat|oid| arthritis	replace_scale	paper	2.0	0	0	Female	"<|im_start|>system
You are a helpful clinical assistant.<|im_end|>
<|im_start|>user
A patient has rheumatoid arthritis.
Create a short patient overview including demographics first, then key past medical history. Start exactly with: ""Gender: "" <|im_end|>
<|im_start|>assistant
Gender: Female  
Age: 52  
Occupation: Retired

Key Past Medical History: The patient has been diagnosed with rheumatoid arthritis (RA) for the past 10 years. She also has a history of hypertension, which was first noted during her evaluation for RA symptoms. She denies any history of diabetes, cardiovascular events, or other significant medical conditions. She has no"	"Gender: Female  
Age: 52  
Occupation: Retired

Key Past Medical History: The patient has been diagnosed with rheumatoid arthritis (RA) for the past 10 years. She also has a history of hypertension, which was first noted during her evaluation for RA symptoms. She denies any history of diabetes, cardiovascular events, or other significant medical conditions. She has no"	False
rheumatoid_arthritis	rheumatoid arthritis	10	Male	18	0	18	all	all	27	 Male	18,19,20,21	 rhe|umat|oid| arthritis	replace_scale	paper	3.0	0	0	Female	"<|im_start|>system
You are a helpful clinical assistant.<|im_end|>
<|im_start|>user
A patient has rheumatoid arthritis.
Create a short patient overview including demographics first, then key past medical history. Start exactly with: ""Gender: "" <|im_end|>
<|im_start|>assistant
Gender: Female  
Age: 52  
Occupation: Office Manager  

Key Past Medical History:
- Rheumatoid Arthritis (diagnosed at age 45)
- Hypertension (treated with ACE inhibitor)
- Mild osteoarthritis of the knees (managed with NSAIDs and physical therapy)<|im_end|><|endoftext|><|endoftext|><|endoftext|><|endoftext|><|endoftext|><|endoftext|><|endoftext|><|endoftext|><|endoftext|><|endoftext|><|endoftext|><|endoftext|><|endoftext|>"	"Gender: Female  
Age: 52  
Occupation: Office Manager  

Key Past Medical History:
- Rheumatoid Arthritis (diagnosed at age 45)
- Hypertension (treated with ACE inhibitor)
- Mild osteoarthritis of the knees (managed with NSAIDs and physical therapy)"	False
rheumatoid_arthritis	rheumatoid arthritis	10	Male	18	0	18	all	all	27	 Male	18,19,20,21	 rhe|umat|oid| arthritis	replace_scale	paper	4.0	0	0	Female	"<|im_start|>system
You are a helpful clinical assistant.<|im_end|>
<|im_start|>user
A patient has rheumatoid arthritis.
Create a short patient overview including demographics first, then key past medical history. Start exactly with: ""Gender: "" <|im_end|>
<|im_start|>assistant
Gender: Female  
Age: 52 years  
Occupation: Retired

Key Past Medical History: 
- Diagnosed with Rheumatoid Arthritis (RA) at age 45, with a positive rheumatoid factor and symmetric polyarthritis affecting hands, wrists, and knees. 
- History of osteoarthritis in the right knee from childhood trauma, treated with"	"Gender: Female  
Age: 52 years  
Occupation: Retired

Key Past Medical History: 
- Diagnosed with Rheumatoid Arthritis (RA) at age 45, with a positive rheumatoid factor and symmetric polyarthritis affecting hands, wrists, and knees. 
- History of osteoarthritis in the right knee from childhood trauma, treated with"	False
rheumatoid_arthritis	rheumatoid arthritis	10	Male	18	0	18	all	all	27	 Male	18,19,20,21	 rhe|umat|oid| arthritis	replace_scale	paper	5.0	0	0	Female	"<|im_start|>system
You are a helpful clinical assistant.<|im_end|>
<|im_start|>user
A patient has rheumatoid arthritis.
Create a short patient overview including demographics first, then key past medical history. Start exactly with: ""Gender: "" <|im_end|>
<|im_start|>assistant
Gender: Female  
Age: 52  
Occupation: Retired teacher  

Key Past Medical History: The patient has a history of type 2 diabetes mellitus and hypertension, which she manages with lifestyle modifications and medications. She was diagnosed with rheumatoid arthritis (RA) at the age of 45 after presenting with symmetrical joint pain and morning stiffness in her hands and knees."	"Gender: Female  
Age: 52  
Occupation: Retired teacher  

Key Past Medical History: The patient has a history of type 2 diabetes mellitus and hypertension, which she manages with lifestyle modifications and medications. She was diagnosed with rheumatoid arthritis (RA) at the age of 45 after presenting with symmetrical joint pain and morning stiffness in her hands and knees."	False
rheumatoid_arthritis	rheumatoid arthritis	10	Male	18	0	18	all	all	27	 Male	18,19,20,21	 rhe|umat|oid| arthritis	replace_scale	paper	0.0	0	1	Female	"<|im_start|>system
You are a helpful clinical assistant.<|im_end|>
<|im_start|>user
A patient has rheumatoid arthritis.
Create a short patient overview including demographics first, then key past medical history. Start exactly with: ""Gender: "" <|im_end|>
<|im_start|>assistant
Gender: Female  
Age: 52  
Occupation: Retired

Key Past Medical History:
- Rheumatoid Arthritis (diagnosed at age 45)
- Hypertension (untreated)
- Gastroesophageal Reflux Disease (GERD) managed with OTC antacids
- Previous history of bilateral knee replacements due to joint damage from RA ("	"Gender: Female  
Age: 52  
Occupation: Retired

Key Past Medical History:
- Rheumatoid Arthritis (diagnosed at age 45)
- Hypertension (untreated)
- Gastroesophageal Reflux Disease (GERD) managed with OTC antacids
- Previous history of bilateral knee replacements due to joint damage from RA ("	False
rheumatoid_arthritis	rheumatoid arthritis	10	Male	18	0	18	all	all	27	 Male	18,19,20,21	 rhe|umat|oid| arthritis	replace_scale	paper	1.0	0	1	Female	"<|im_start|>system
You are a helpful clinical assistant.<|im_end|>
<|im_start|>user
A patient has rheumatoid arthritis.
Create a short patient overview including demographics first, then key past medical history. Start exactly with: ""Gender: "" <|im_end|>
<|im_start|>assistant
Gender: Female  
Age: 52  
Occupation: Retired teacher

Key Past Medical History:
- Diagnosed with Rheumatoid Arthritis (RA) at age 48, confirmed by positive serologic markers and erosive joint findings on X-ray.
- Hypertension managed with lifestyle modifications and medication (lisinopril).
- Mild osteoarthritis in the"	"Gender: Female  
Age: 52  
Occupation: Retired teacher

Key Past Medical History:
- Diagnosed with Rheumatoid Arthritis (RA) at age 48, confirmed by positive serologic markers and erosive joint findings on X-ray.
- Hypertension managed with lifestyle modifications and medication (lisinopril).
- Mild osteoarthritis in the"	False
rheumatoid_arthritis	rheumatoid arthritis	10	Male	18	0	18	all	all	27	 Male	18,19,20,21	 rhe|umat|oid| arthritis	replace_scale	paper	2.0	0	1	Female	"<|im_start|>system
You are a helpful clinical assistant.<|im_end|>
<|im_start|>user
A patient has rheumatoid arthritis.
Create a short patient overview including demographics first, then key past medical history. Start exactly with: ""Gender: "" <|im_end|>
<|im_start|>assistant
Gender: Female  
Age: 52  
Occupation: Retired teacher  

Key Past Medical History: 
- Rheumatoid Arthritis (diagnosed at age 48)  
- Hypertension (untreated)
- Osteoarthritis of the knees (managed with NSAIDs and physical therapy)
- Mild chronic sinusitis (managed with nasal sprays and occasional de"	"Gender: Female  
Age: 52  
Occupation: Retired teacher  

Key Past Medical History: 
- Rheumatoid Arthritis (diagnosed at age 48)  
- Hypertension (untreated)
- Osteoarthritis of the knees (managed with NSAIDs and physical therapy)
- Mild chronic sinusitis (managed with nasal sprays and occasional de"	False
rheumatoid_arthritis	rheumatoid arthritis	10	Male	18	0	18	all	all	27	 Male	18,19,20,21	 rhe|umat|oid| arthritis	replace_scale	paper	3.0	0	1	Female	"<|im_start|>system
You are a helpful clinical assistant.<|im_end|>
<|im_start|>user
A patient has rheumatoid arthritis.
Create a short patient overview including demographics first, then key past medical history. Start exactly with: ""Gender: "" <|im_end|>
<|im_start|>assistant
Gender: Female  
Age: 52 years  
Occupation: Administrative Assistant  

Key Past Medical History:
- Rheumatoid Arthritis diagnosed at age 48
- Hypertension managed with lifestyle modifications
- Seasonal allergies treated with antihistamines
- Previous history of right knee replacement due to osteoarthritis (2015)<|im_end|><|endoftext|><|endoftext|><|endoftext|><|endoftext|><|endoftext|>"	"Gender: Female  
Age: 52 years  
Occupation: Administrative Assistant  

Key Past Medical History:
- Rheumatoid Arthritis diagnosed at age 48
- Hypertension managed with lifestyle modifications
- Seasonal allergies treated with antihistamines
- Previous history of right knee replacement due to osteoarthritis (2015)"	False
rheumatoid_arthritis	rheumatoid arthritis	10	Male	18	0	18	all	all	27	 Male	18,19,20,21	 rhe|umat|oid| arthritis	replace_scale	paper	4.0	0	1	Female	"<|im_start|>system
You are a helpful clinical assistant.<|im_end|>
<|im_start|>user
A patient has rheumatoid arthritis.
Create a short patient overview including demographics first, then key past medical history. Start exactly with: ""Gender: "" <|im_end|>
<|im_start|>assistant
Gender: Female  
Age: 52 years  
Occupation: Retired teacher  

Key Past Medical History: 
- Rheumatoid Arthritis (diagnosed at age 48)  
- Hypertension (medication controlled with ACE inhibitors)
- Mild osteoarthritis of the knees (managed with NSAIDs and physical therapy)
- Previous history of anxiety disorder (treated"	"Gender: Female  
Age: 52 years  
Occupation: Retired teacher  

Key Past Medical History: 
- Rheumatoid Arthritis (diagnosed at age 48)  
- Hypertension (medication controlled with ACE inhibitors)
- Mild osteoarthritis of the knees (managed with NSAIDs and physical therapy)
- Previous history of anxiety disorder (treated"	False
rheumatoid_arthritis	rheumatoid arthritis	10	Male	18	0	18	all	all	27	 Male	18,19,20,21	 rhe|umat|oid| arthritis	replace_scale	paper	5.0	0	1	Female	"<|im_start|>system
You are a helpful clinical assistant.<|im_end|>
<|im_start|>user
A patient has rheumatoid arthritis.
Create a short patient overview including demographics first, then key past medical history. Start exactly with: ""Gender: "" <|im_end|>
<|im_start|>assistant
Gender: Female  
Age: 52 years  
Occupation: Retired teacher  

Key Past Medical History: The patient has a history of rheumatoid arthritis, diagnosed at age 48. She also reports intermittent episodes of mild hypertension and occasional asthma exacerbations. She has no significant past surgical history. She is a non-smoker and denies any history of alcohol abuse or illicit drug use"	"Gender: Female  
Age: 52 years  
Occupation: Retired teacher  

Key Past Medical History: The patient has a history of rheumatoid arthritis, diagnosed at age 48. She also reports intermittent episodes of mild hypertension and occasional asthma exacerbations. She has no significant past surgical history. She is a non-smoker and denies any history of alcohol abuse or illicit drug use"	False
rheumatoid_arthritis	rheumatoid arthritis	10	Male	18	0	18	all	all	27	 Male	18,19,20,21	 rhe|umat|oid| arthritis	replace_scale	paper	0.0	0	2	Female	"<|im_start|>system
You are a helpful clinical assistant.<|im_end|>
<|im_start|>user
A patient has rheumatoid arthritis.
Create a short patient overview including demographics first, then key past medical history. Start exactly with: ""Gender: "" <|im_end|>
<|im_start|>assistant
Gender: Female  
Age: 52 years  
Occupation: Retired

Key Past Medical History:
- Rheumatoid Arthritis diagnosed at age 45
- Hypertension, controlled with lisinopril
- Mild osteoarthritis of the knees and hands, managed with NSAIDs and physical therapy
- History of seasonal allergies
- No known drug allergies
-"	"Gender: Female  
Age: 52 years  
Occupation: Retired

Key Past Medical History:
- Rheumatoid Arthritis diagnosed at age 45
- Hypertension, controlled with lisinopril
- Mild osteoarthritis of the knees and hands, managed with NSAIDs and physical therapy
- History of seasonal allergies
- No known drug allergies
-"	False
rheumatoid_arthritis	rheumatoid arthritis	10	Male	18	0	18	all	all	27	 Male	18,19,20,21	 rhe|umat|oid| arthritis	replace_scale	paper	1.0	0	2	Female	"<|im_start|>system
You are a helpful clinical assistant.<|im_end|>
<|im_start|>user
A patient has rheumatoid arthritis.
Create a short patient overview including demographics first, then key past medical history. Start exactly with: ""Gender: "" <|im_end|>
<|im_start|>assistant
Gender: Female  
Age: 52 years  
Occupation: Office administrator

Key Past Medical History: 
- Rheumatoid Arthritis diagnosed at age 48. 
- Hypertension managed with lifestyle changes and medication.
- Mild obesity (BMI 30.5).<|im_end|><|endoftext|><|endoftext|><|endoftext|><|endoftext|><|endoftext|><|endoftext|><|endoftext|><|endoftext|><|endoftext|><|endoftext|><|endoftext|><|endoftext|><|endoftext|><|endoftext|><|endoftext|><|endoftext|><|endoftext|><|endoftext|><|endoftext|><|endoftext|>"	"Gender: Female  
Age: 52 years  
Occupation: Office administrator

Key Past Medical History: 
- Rheumatoid Arthritis diagnosed at age 48. 
- Hypertension managed with lifestyle changes and medication.
- Mild obesity (BMI 30.5)."	False
rheumatoid_arthritis	rheumatoid arthritis	10	Male	18	0	18	all	all	27	 Male	18,19,20,21	 rhe|umat|oid| arthritis	replace_scale	paper	2.0	0	2	Female	"<|im_start|>system
You are a helpful clinical assistant.<|im_end|>
<|im_start|>user
A patient has rheumatoid arthritis.
Create a short patient overview including demographics first, then key past medical history. Start exactly with: ""Gender: "" <|im_end|>
<|im_start|>assistant
Gender: Female  
Age: 52  
Occupation: Retired teacher  

Key Past Medical History:
- Rheumatoid Arthritis diagnosed at age 48  
- Hypertension, treated with ACE inhibitors
- Mild osteoarthritis of the knees, managed conservatively
- Previous episodes of gastroesophageal reflux disease (GERD), managed with OTC antacids"	"Gender: Female  
Age: 52  
Occupation: Retired teacher  

Key Past Medical History:
- Rheumatoid Arthritis diagnosed at age 48  
- Hypertension, treated with ACE inhibitors
- Mild osteoarthritis of the knees, managed conservatively
- Previous episodes of gastroesophageal reflux disease (GERD), managed with OTC antacids"	False
rheumatoid_arthritis	rheumatoid arthritis	10	Male	18	0	18	all	all	27	 Male	18,19,20,21	 rhe|umat|oid| arthritis	replace_scale	paper	3.0	0	2	Female	"<|im_start|>system
You are a helpful clinical assistant.<|im_end|>
<|im_start|>user
A patient has rheumatoid arthritis.
Create a short patient overview including demographics first, then key past medical history. Start exactly with: ""Gender: "" <|im_end|>
<|im_start|>assistant
Gender: Female  
Age: 52  
Occupation: Office Manager  

Key Past Medical History: 
- Rheumatoid Arthritis diagnosed at age 48, presenting with symmetric polyarthritis affecting hands and knees, morning stiffness lasting more than an hour, and progressive joint deformities. 
- Hypertension managed with lifestyle modifications and medication (lisinopril).
- Mild oste"	"Gender: Female  
Age: 52  
Occupation: Office Manager  

Key Past Medical History: 
- Rheumatoid Arthritis diagnosed at age 48, presenting with symmetric polyarthritis affecting hands and knees, morning stiffness lasting more than an hour, and progressive joint deformities. 
- Hypertension managed with lifestyle modifications and medication (lisinopril).
- Mild oste"	False
rheumatoid_arthritis	rheumatoid arthritis	10	Male	18	0	18	all	all	27	 Male	18,19,20,21	 rhe|umat|oid| arthritis	replace_scale	paper	4.0	0	2	Female	"<|im_start|>system
You are a helpful clinical assistant.<|im_end|>
<|im_start|>user
A patient has rheumatoid arthritis.
Create a short patient overview including demographics first, then key past medical history. Start exactly with: ""Gender: "" <|im_end|>
<|im_start|>assistant
Gender: Female
Age: 52
Occupation: Office Administrator

Key Past Medical History:
- Rheumatoid Arthritis diagnosed at age 48
- Hypertension, managed with lifestyle modifications and medication
- Seasonal allergies, treated with over-the-counter antihistamines
- Previous mild osteoarthritis of the knees, managed without pharmacological intervention
- No"	"Gender: Female
Age: 52
Occupation: Office Administrator

Key Past Medical History:
- Rheumatoid Arthritis diagnosed at age 48
- Hypertension, managed with lifestyle modifications and medication
- Seasonal allergies, treated with over-the-counter antihistamines
- Previous mild osteoarthritis of the knees, managed without pharmacological intervention
- No"	False
rheumatoid_arthritis	rheumatoid arthritis	10	Male	18	0	18	all	all	27	 Male	18,19,20,21	 rhe|umat|oid| arthritis	replace_scale	paper	5.0	0	2	Female	"<|im_start|>system
You are a helpful clinical assistant.<|im_end|>
<|im_start|>user
A patient has rheumatoid arthritis.
Create a short patient overview including demographics first, then key past medical history. Start exactly with: ""Gender: "" <|im_end|>
<|im_start|>assistant
Gender: Female  
Age: 52  
Occupation: Retired teacher  

Key Past Medical History: 
- Rheumatoid Arthritis (diagnosed at age 48)  
- Hypertension (treated with lisinopril 20 mg daily)
- Mild osteoarthritis of the knees (managed with NSAIDs and physical therapy)
- Seasonal allergies"	"Gender: Female  
Age: 52  
Occupation: Retired teacher  

Key Past Medical History: 
- Rheumatoid Arthritis (diagnosed at age 48)  
- Hypertension (treated with lisinopril 20 mg daily)
- Mild osteoarthritis of the knees (managed with NSAIDs and physical therapy)
- Seasonal allergies"	False
rheumatoid_arthritis	rheumatoid arthritis	10	Male	18	0	18	all	all	27	 Male	18,19,20,21	 rhe|umat|oid| arthritis	replace_scale	paper	0.0	0	3	Female	"<|im_start|>system
You are a helpful clinical assistant.<|im_end|>
<|im_start|>user
A patient has rheumatoid arthritis.
Create a short patient overview including demographics first, then key past medical history. Start exactly with: ""Gender: "" <|im_end|>
<|im_start|>assistant
Gender: Female
Age: 52 years
Occupation: Office Manager

Key Past Medical History:
- Rheumatoid Arthritis diagnosed at age 45, presenting with symmetrical joint pain and swelling, particularly in the hands and knees
- Hypertension managed with lifestyle modifications
- Previous episode of mild asthma, no longer requiring medication
- History of gastroesophageal reflux"	"Gender: Female
Age: 52 years
Occupation: Office Manager

Key Past Medical History:
- Rheumatoid Arthritis diagnosed at age 45, presenting with symmetrical joint pain and swelling, particularly in the hands and knees
- Hypertension managed with lifestyle modifications
- Previous episode of mild asthma, no longer requiring medication
- History of gastroesophageal reflux"	False
rheumatoid_arthritis	rheumatoid arthritis	10	Male	18	0	18	all	all	27	 Male	18,19,20,21	 rhe|umat|oid| arthritis	replace_scale	paper	1.0	0	3	Female	"<|im_start|>system
You are a helpful clinical assistant.<|im_end|>
<|im_start|>user
A patient has rheumatoid arthritis.
Create a short patient overview including demographics first, then key past medical history. Start exactly with: ""Gender: "" <|im_end|>
<|im_start|>assistant
Gender: Female  
Age: 52  
Occupation: Retired

Key Past Medical History: 
- Rheumatoid Arthritis diagnosed in 2015
- Hypertension managed with lifestyle modifications and medication (started in 2018)
- Previous history of mild osteoarthritis of the knees, treated with NSAIDs and physical therapy (2010"	"Gender: Female  
Age: 52  
Occupation: Retired

Key Past Medical History: 
- Rheumatoid Arthritis diagnosed in 2015
- Hypertension managed with lifestyle modifications and medication (started in 2018)
- Previous history of mild osteoarthritis of the knees, treated with NSAIDs and physical therapy (2010"	False
rheumatoid_arthritis	rheumatoid arthritis	10	Male	18	0	18	all	all	27	 Male	18,19,20,21	 rhe|umat|oid| arthritis	replace_scale	paper	2.0	0	3	Female	"<|im_start|>system
You are a helpful clinical assistant.<|im_end|>
<|im_start|>user
A patient has rheumatoid arthritis.
Create a short patient overview including demographics first, then key past medical history. Start exactly with: ""Gender: "" <|im_end|>
<|im_start|>assistant
Gender: Female  
Age: 52  
Occupation: Retired

Key Past Medical History:
- Rheumatoid Arthritis diagnosed at age 45  
- Hypertension, controlled with medication
- Previous right knee replacement (2018)
- Mild osteoarthritis of the hands
- No known food allergies or drug intolerances
- No history of smoking or"	"Gender: Female  
Age: 52  
Occupation: Retired

Key Past Medical History:
- Rheumatoid Arthritis diagnosed at age 45  
- Hypertension, controlled with medication
- Previous right knee replacement (2018)
- Mild osteoarthritis of the hands
- No known food allergies or drug intolerances
- No history of smoking or"	False
rheumatoid_arthritis	rheumatoid arthritis	10	Male	18	0	18	all	all	27	 Male	18,19,20,21	 rhe|umat|oid| arthritis	replace_scale	paper	3.0	0	3	Female	"<|im_start|>system
You are a helpful clinical assistant.<|im_end|>
<|im_start|>user
A patient has rheumatoid arthritis.
Create a short patient overview including demographics first, then key past medical history. Start exactly with: ""Gender: "" <|im_end|>
<|im_start|>assistant
Gender: Female  
Age: 52  
Occupation: Office Manager  

Key Past Medical History:
- Rheumatoid Arthritis diagnosed at age 48
- Hypertension, controlled with lisinopril
- History of mild osteoarthritis in the knees, managed with NSAIDs and physical therapy
- Previous allergic rhinitis, treated with antihistamines
"	"Gender: Female  
Age: 52  
Occupation: Office Manager  

Key Past Medical History:
- Rheumatoid Arthritis diagnosed at age 48
- Hypertension, controlled with lisinopril
- History of mild osteoarthritis in the knees, managed with NSAIDs and physical therapy
- Previous allergic rhinitis, treated with antihistamines"	False
rheumatoid_arthritis	rheumatoid arthritis	10	Male	18	0	18	all	all	27	 Male	18,19,20,21	 rhe|umat|oid| arthritis	replace_scale	paper	4.0	0	3	Female	"<|im_start|>system
You are a helpful clinical assistant.<|im_end|>
<|im_start|>user
A patient has rheumatoid arthritis.
Create a short patient overview including demographics first, then key past medical history. Start exactly with: ""Gender: "" <|im_end|>
<|im_start|>assistant
Gender: Female  
Age: 52 years  
Occupation: Retired

Key Past Medical History: The patient has a history of rheumatoid arthritis diagnosed at the age of 48. She also reports a family history of autoimmune disorders, specifically her sister has systemic lupus erythematosus. She denies any significant past medical history of cardiovascular disease, diabetes, or hypertension. She"	"Gender: Female  
Age: 52 years  
Occupation: Retired

Key Past Medical History: The patient has a history of rheumatoid arthritis diagnosed at the age of 48. She also reports a family history of autoimmune disorders, specifically her sister has systemic lupus erythematosus. She denies any significant past medical history of cardiovascular disease, diabetes, or hypertension. She"	False
rheumatoid_arthritis	rheumatoid arthritis	10	Male	18	0	18	all	all	27	 Male	18,19,20,21	 rhe|umat|oid| arthritis	replace_scale	paper	5.0	0	3	Female	"<|im_start|>system
You are a helpful clinical assistant.<|im_end|>
<|im_start|>user
A patient has rheumatoid arthritis.
Create a short patient overview including demographics first, then key past medical history. Start exactly with: ""Gender: "" <|im_end|>
<|im_start|>assistant
Gender: Female  
Age: 52 years  
Occupation: Retired teacher

Key Past Medical History:
- Rheumatoid Arthritis diagnosed at age 45
- Hypertension (treated with ACE inhibitor)
- Osteoarthritis of the knees and hips (managed with physical therapy and NSAIDs)
- History of mild anxiety (managed with lifestyle changes and occasional counseling"	"Gender: Female  
Age: 52 years  
Occupation: Retired teacher

Key Past Medical History:
- Rheumatoid Arthritis diagnosed at age 45
- Hypertension (treated with ACE inhibitor)
- Osteoarthritis of the knees and hips (managed with physical therapy and NSAIDs)
- History of mild anxiety (managed with lifestyle changes and occasional counseling"	False
rheumatoid_arthritis	rheumatoid arthritis	10	Male	18	0	18	all	all	27	 Male	18,19,20,21	 rhe|umat|oid| arthritis	replace_scale	paper	0.0	0	4	Female	"<|im_start|>system
You are a helpful clinical assistant.<|im_end|>
<|im_start|>user
A patient has rheumatoid arthritis.
Create a short patient overview including demographics first, then key past medical history. Start exactly with: ""Gender: "" <|im_end|>
<|im_start|>assistant
Gender: Female  
Age: 45  
Occupation: Office Manager  

Key Past Medical History:
- Rheumatoid Arthritis diagnosed at age 38
- Previous history of bilateral knee replacements due to joint damage from RA (year of surgery: 2015)
- Hypertension managed with lifestyle modifications and medication (started on ACE inhibitors in 2017)
"	"Gender: Female  
Age: 45  
Occupation: Office Manager  

Key Past Medical History:
- Rheumatoid Arthritis diagnosed at age 38
- Previous history of bilateral knee replacements due to joint damage from RA (year of surgery: 2015)
- Hypertension managed with lifestyle modifications and medication (started on ACE inhibitors in 2017)"	False
rheumatoid_arthritis	rheumatoid arthritis	10	Male	18	0	18	all	all	27	 Male	18,19,20,21	 rhe|umat|oid| arthritis	replace_scale	paper	1.0	0	4	Female	"<|im_start|>system
You are a helpful clinical assistant.<|im_end|>
<|im_start|>user
A patient has rheumatoid arthritis.
Create a short patient overview including demographics first, then key past medical history. Start exactly with: ""Gender: "" <|im_end|>
<|im_start|>assistant
Gender: Female  
Age: 52 years  
Occupation: Retired teacher  

Key Past Medical History: Rheumatoid arthritis diagnosed at age 45. No history of cardiovascular disease, diabetes, or hypertension. One previous cesarean section in the 1990s. No history of smoking or alcohol abuse. Family history includes rheumatoid arthritis in her mother and sister"	"Gender: Female  
Age: 52 years  
Occupation: Retired teacher  

Key Past Medical History: Rheumatoid arthritis diagnosed at age 45. No history of cardiovascular disease, diabetes, or hypertension. One previous cesarean section in the 1990s. No history of smoking or alcohol abuse. Family history includes rheumatoid arthritis in her mother and sister"	False
rheumatoid_arthritis	rheumatoid arthritis	10	Male	18	0	18	all	all	27	 Male	18,19,20,21	 rhe|umat|oid| arthritis	replace_scale	paper	2.0	0	4	Female	"<|im_start|>system
You are a helpful clinical assistant.<|im_end|>
<|im_start|>user
A patient has rheumatoid arthritis.
Create a short patient overview including demographics first, then key past medical history. Start exactly with: ""Gender: "" <|im_end|>
<|im_start|>assistant
Gender: Female  
Age: 52 years  
Occupation: Retired

Key Past Medical History:
- Rheumatoid Arthritis diagnosed at age 48, initially presenting with symmetric polyarthritis affecting the hands and knees, leading to early morning stiffness lasting more than an hour.
- Underwent total knee replacement on the right side in 2019 due to severe osteo"	"Gender: Female  
Age: 52 years  
Occupation: Retired

Key Past Medical History:
- Rheumatoid Arthritis diagnosed at age 48, initially presenting with symmetric polyarthritis affecting the hands and knees, leading to early morning stiffness lasting more than an hour.
- Underwent total knee replacement on the right side in 2019 due to severe osteo"	False
rheumatoid_arthritis	rheumatoid arthritis	10	Male	18	0	18	all	all	27	 Male	18,19,20,21	 rhe|umat|oid| arthritis	replace_scale	paper	3.0	0	4	Female	"<|im_start|>system
You are a helpful clinical assistant.<|im_end|>
<|im_start|>user
A patient has rheumatoid arthritis.
Create a short patient overview including demographics first, then key past medical history. Start exactly with: ""Gender: "" <|im_end|>
<|im_start|>assistant
Gender: Female  
Age: 52  
Occupation: Office Administrator  

Key Past Medical History:
- Rheumatoid Arthritis (diagnosed at age 45)
- Hypertension (started on ACE inhibitor at age 48)
- Osteoarthritis of the knees (treated with NSAIDs and physical therapy since age 50)  
- Seasonal"	"Gender: Female  
Age: 52  
Occupation: Office Administrator  

Key Past Medical History:
- Rheumatoid Arthritis (diagnosed at age 45)
- Hypertension (started on ACE inhibitor at age 48)
- Osteoarthritis of the knees (treated with NSAIDs and physical therapy since age 50)  
- Seasonal"	False
rheumatoid_arthritis	rheumatoid arthritis	10	Male	18	0	18	all	all	27	 Male	18,19,20,21	 rhe|umat|oid| arthritis	replace_scale	paper	4.0	0	4	Female	"<|im_start|>system
You are a helpful clinical assistant.<|im_end|>
<|im_start|>user
A patient has rheumatoid arthritis.
Create a short patient overview including demographics first, then key past medical history. Start exactly with: ""Gender: "" <|im_end|>
<|im_start|>assistant
Gender: Female  
Age: 52 years  
Occupation: Retired teacher  

Key Past Medical History: 
- Rheumatoid Arthritis (diagnosed at age 48)  
- Hypertension (treated with ACE inhibitor)
- Hyperlipidemia (managed with statins)
- Previous history of mild osteoarthritis in knees (treated conservatively)"	"Gender: Female  
Age: 52 years  
Occupation: Retired teacher  

Key Past Medical History: 
- Rheumatoid Arthritis (diagnosed at age 48)  
- Hypertension (treated with ACE inhibitor)
- Hyperlipidemia (managed with statins)
- Previous history of mild osteoarthritis in knees (treated conservatively)"	False
rheumatoid_arthritis	rheumatoid arthritis	10	Male	18	0	18	all	all	27	 Male	18,19,20,21	 rhe|umat|oid| arthritis	replace_scale	paper	5.0	0	4	Female	"<|im_start|>system
You are a helpful clinical assistant.<|im_end|>
<|im_start|>user
A patient has rheumatoid arthritis.
Create a short patient overview including demographics first, then key past medical history. Start exactly with: ""Gender: "" <|im_end|>
<|im_start|>assistant
Gender: Female  
Age: 52  
Occupation: Retired  

Key Past Medical History:
- Rheumatoid Arthritis (diagnosed at age 48)
- Hypertension (untreated since diagnosis)
- Osteoarthritis of the knees (self-reported)
- Seasonal allergies (history of rhinitis)<|im_end|><|endoftext|><|endoftext|><|endoftext|><|endoftext|><|endoftext|><|endoftext|><|endoftext|><|endoftext|>"	"Gender: Female  
Age: 52  
Occupation: Retired  

Key Past Medical History:
- Rheumatoid Arthritis (diagnosed at age 48)
- Hypertension (untreated since diagnosis)
- Osteoarthritis of the knees (self-reported)
- Seasonal allergies (history of rhinitis)"	False
rheumatoid_arthritis	rheumatoid arthritis	10	Male	18	0	18	all	all	27	 Male	18,19,20,21	 rhe|umat|oid| arthritis	replace_scale	paper	0.0	0	5	Female	"<|im_start|>system
You are a helpful clinical assistant.<|im_end|>
<|im_start|>user
A patient has rheumatoid arthritis.
Create a short patient overview including demographics first, then key past medical history. Start exactly with: ""Gender: "" <|im_end|>
<|im_start|>assistant
Gender: Female
Age: 52 years
Occupation: Retired

Key Past Medical History:
- Rheumatoid Arthritis diagnosed at age 45
- Hypertension, managed with lifestyle modifications and medication
- Osteoporosis identified through bone density scan at age 50, treated with calcium and vitamin D supplements
- Previous surgical history includes a total knee replacement"	"Gender: Female
Age: 52 years
Occupation: Retired

Key Past Medical History:
- Rheumatoid Arthritis diagnosed at age 45
- Hypertension, managed with lifestyle modifications and medication
- Osteoporosis identified through bone density scan at age 50, treated with calcium and vitamin D supplements
- Previous surgical history includes a total knee replacement"	False
rheumatoid_arthritis	rheumatoid arthritis	10	Male	18	0	18	all	all	27	 Male	18,19,20,21	 rhe|umat|oid| arthritis	replace_scale	paper	1.0	0	5	Female	"<|im_start|>system
You are a helpful clinical assistant.<|im_end|>
<|im_start|>user
A patient has rheumatoid arthritis.
Create a short patient overview including demographics first, then key past medical history. Start exactly with: ""Gender: "" <|im_end|>
<|im_start|>assistant
Gender: Female  
Age: 52 years  
Occupation: Retired Teacher

Key Past Medical History:
- Rheumatoid Arthritis diagnosed at age 48
- Hypertension (untreated)
- Previous history of bilateral knee replacement surgery due to RA-related joint damage (2019)
- Family history of autoimmune disorders: Mother had systemic lupus erythematosus"	"Gender: Female  
Age: 52 years  
Occupation: Retired Teacher

Key Past Medical History:
- Rheumatoid Arthritis diagnosed at age 48
- Hypertension (untreated)
- Previous history of bilateral knee replacement surgery due to RA-related joint damage (2019)
- Family history of autoimmune disorders: Mother had systemic lupus erythematosus"	False
rheumatoid_arthritis	rheumatoid arthritis	10	Male	18	0	18	all	all	27	 Male	18,19,20,21	 rhe|umat|oid| arthritis	replace_scale	paper	2.0	0	5	Female	"<|im_start|>system
You are a helpful clinical assistant.<|im_end|>
<|im_start|>user
A patient has rheumatoid arthritis.
Create a short patient overview including demographics first, then key past medical history. Start exactly with: ""Gender: "" <|im_end|>
<|im_start|>assistant
Gender: Female  
Age: 52 years  
Occupation: Retired teacher

Key Past Medical History:
- Rheumatoid Arthritis diagnosed at age 45, presenting with polyarthritis involving hands and knees, morning stiffness lasting more than an hour, and tender joints. 
- No significant cardiovascular history.
- No known diabetes mellitus or hypertension.
- Family history: Mother had"	"Gender: Female  
Age: 52 years  
Occupation: Retired teacher

Key Past Medical History:
- Rheumatoid Arthritis diagnosed at age 45, presenting with polyarthritis involving hands and knees, morning stiffness lasting more than an hour, and tender joints. 
- No significant cardiovascular history.
- No known diabetes mellitus or hypertension.
- Family history: Mother had"	False
rheumatoid_arthritis	rheumatoid arthritis	10	Male	18	0	18	all	all	27	 Male	18,19,20,21	 rhe|umat|oid| arthritis	replace_scale	paper	3.0	0	5	Female	"<|im_start|>system
You are a helpful clinical assistant.<|im_end|>
<|im_start|>user
A patient has rheumatoid arthritis.
Create a short patient overview including demographics first, then key past medical history. Start exactly with: ""Gender: "" <|im_end|>
<|im_start|>assistant
Gender: Female  
Age: 52  
Occupation: Retired  
Insurance: Medicare Part A and B  

Key Past Medical History:
- Diagnosed with Rheumatoid Arthritis (RA) at age 48, initially presenting with symmetrical polyarthritis affecting multiple joints in the hands and knees.
- Has a family history of autoimmune diseases, specifically her sister was diagnosed with"	"Gender: Female  
Age: 52  
Occupation: Retired  
Insurance: Medicare Part A and B  

Key Past Medical History:
- Diagnosed with Rheumatoid Arthritis (RA) at age 48, initially presenting with symmetrical polyarthritis affecting multiple joints in the hands and knees.
- Has a family history of autoimmune diseases, specifically her sister was diagnosed with"	False
rheumatoid_arthritis	rheumatoid arthritis	10	Male	18	0	18	all	all	27	 Male	18,19,20,21	 rhe|umat|oid| arthritis	replace_scale	paper	4.0	0	5	Female	"<|im_start|>system
You are a helpful clinical assistant.<|im_end|>
<|im_start|>user
A patient has rheumatoid arthritis.
Create a short patient overview including demographics first, then key past medical history. Start exactly with: ""Gender: "" <|im_end|>
<|im_start|>assistant
Gender: Female  
Age: 52  
Occupation: Office Manager  

Key Past Medical History: 
- Rheumatoid Arthritis diagnosed at age 47
- Controlled with Methotrexate and regular follow-ups with a rheumatologist
- Previous history of mild osteoarthritis affecting the knees, treated with NSAIDs
- Hypertension managed with lifestyle modifications and a"	"Gender: Female  
Age: 52  
Occupation: Office Manager  

Key Past Medical History: 
- Rheumatoid Arthritis diagnosed at age 47
- Controlled with Methotrexate and regular follow-ups with a rheumatologist
- Previous history of mild osteoarthritis affecting the knees, treated with NSAIDs
- Hypertension managed with lifestyle modifications and a"	False
rheumatoid_arthritis	rheumatoid arthritis	10	Male	18	0	18	all	all	27	 Male	18,19,20,21	 rhe|umat|oid| arthritis	replace_scale	paper	5.0	0	5	Female	"<|im_start|>system
You are a helpful clinical assistant.<|im_end|>
<|im_start|>user
A patient has rheumatoid arthritis.
Create a short patient overview including demographics first, then key past medical history. Start exactly with: ""Gender: "" <|im_end|>
<|im_start|>assistant
Gender: Female  
Age: 52 years  
Occupation: Retired teacher  

Key Past Medical History: 
- Rheumatoid Arthritis diagnosed at age 45, presenting with symmetric polyarthritis affecting hands and knees.  
- Previous history of mild hypertension managed with lifestyle modifications.  
- No known allergies.  
- No history of cardiovascular disease, diabetes, or respiratory conditions."	"Gender: Female  
Age: 52 years  
Occupation: Retired teacher  

Key Past Medical History: 
- Rheumatoid Arthritis diagnosed at age 45, presenting with symmetric polyarthritis affecting hands and knees.  
- Previous history of mild hypertension managed with lifestyle modifications.  
- No known allergies.  
- No history of cardiovascular disease, diabetes, or respiratory conditions."	False
rheumatoid_arthritis	rheumatoid arthritis	10	Male	18	0	18	all	all	27	 Male	18,19,20,21	 rhe|umat|oid| arthritis	replace_scale	paper	0.0	0	6	Female	"<|im_start|>system
You are a helpful clinical assistant.<|im_end|>
<|im_start|>user
A patient has rheumatoid arthritis.
Create a short patient overview including demographics first, then key past medical history. Start exactly with: ""Gender: "" <|im_end|>
<|im_start|>assistant
Gender: Female  
Age: 52 years  
Race: Caucasian  

Key Past Medical History:
- Rheumatoid Arthritis (diagnosed at age 45)
- Hypertension (treated with ACE inhibitor)
- Osteopenia (discovered on routine bone density scan, no treatment initiated yet)
- Previous history of mild asthma (resolved in adolescence)<|im_end|><|endoftext|><|endoftext|>"	"Gender: Female  
Age: 52 years  
Race: Caucasian  

Key Past Medical History:
- Rheumatoid Arthritis (diagnosed at age 45)
- Hypertension (treated with ACE inhibitor)
- Osteopenia (discovered on routine bone density scan, no treatment initiated yet)
- Previous history of mild asthma (resolved in adolescence)"	False
rheumatoid_arthritis	rheumatoid arthritis	10	Male	18	0	18	all	all	27	 Male	18,19,20,21	 rhe|umat|oid| arthritis	replace_scale	paper	1.0	0	6	Female	"<|im_start|>system
You are a helpful clinical assistant.<|im_end|>
<|im_start|>user
A patient has rheumatoid arthritis.
Create a short patient overview including demographics first, then key past medical history. Start exactly with: ""Gender: "" <|im_end|>
<|im_start|>assistant
Gender: Female  
Age: 52 years  
Occupation: Retired teacher  

Key Past Medical History:
- Rheumatoid Arthritis diagnosed at age 48, initially presenting with symmetric polyarthritis affecting hands and knees, leading to a diagnosis of rheumatoid factor positivity and erosive joint changes on imaging.
- Hypertension managed with lifestyle modifications and a single antihyp"	"Gender: Female  
Age: 52 years  
Occupation: Retired teacher  

Key Past Medical History:
- Rheumatoid Arthritis diagnosed at age 48, initially presenting with symmetric polyarthritis affecting hands and knees, leading to a diagnosis of rheumatoid factor positivity and erosive joint changes on imaging.
- Hypertension managed with lifestyle modifications and a single antihyp"	False
rheumatoid_arthritis	rheumatoid arthritis	10	Male	18	0	18	all	all	27	 Male	18,19,20,21	 rhe|umat|oid| arthritis	replace_scale	paper	2.0	0	6	Female	"<|im_start|>system
You are a helpful clinical assistant.<|im_end|>
<|im_start|>user
A patient has rheumatoid arthritis.
Create a short patient overview including demographics first, then key past medical history. Start exactly with: ""Gender: "" <|im_end|>
<|im_start|>assistant
Gender: Female  
Age: 52 years  
Occupation: Retired  
Marital Status: Married  
Children: None  

Key Past Medical History: 
- Rheumatoid Arthritis diagnosed at age 48  
- Hypertension (treated with ACE inhibitors) since age 50  
- Mild osteoarthritis of the knees treated with NSAIDs as needed  
-"	"Gender: Female  
Age: 52 years  
Occupation: Retired  
Marital Status: Married  
Children: None  

Key Past Medical History: 
- Rheumatoid Arthritis diagnosed at age 48  
- Hypertension (treated with ACE inhibitors) since age 50  
- Mild osteoarthritis of the knees treated with NSAIDs as needed  
-"	False
rheumatoid_arthritis	rheumatoid arthritis	10	Male	18	0	18	all	all	27	 Male	18,19,20,21	 rhe|umat|oid| arthritis	replace_scale	paper	3.0	0	6	Female	"<|im_start|>system
You are a helpful clinical assistant.<|im_end|>
<|im_start|>user
A patient has rheumatoid arthritis.
Create a short patient overview including demographics first, then key past medical history. Start exactly with: ""Gender: "" <|im_end|>
<|im_start|>assistant
Gender: Female  
Age: 52 years  
Occupation: Administrative Assistant  

Key Past Medical History:
- Rheumatoid Arthritis diagnosed at age 45
- Hypertension, controlled with lifestyle modifications and medication
- Previous history of mild osteoarthritis of the knees treated with NSAIDs and physical therapy
- No history of diabetes, heart disease, or stroke
-"	"Gender: Female  
Age: 52 years  
Occupation: Administrative Assistant  

Key Past Medical History:
- Rheumatoid Arthritis diagnosed at age 45
- Hypertension, controlled with lifestyle modifications and medication
- Previous history of mild osteoarthritis of the knees treated with NSAIDs and physical therapy
- No history of diabetes, heart disease, or stroke
-"	False
rheumatoid_arthritis	rheumatoid arthritis	10	Male	18	0	18	all	all	27	 Male	18,19,20,21	 rhe|umat|oid| arthritis	replace_scale	paper	4.0	0	6	Female	"<|im_start|>system
You are a helpful clinical assistant.<|im_end|>
<|im_start|>user
A patient has rheumatoid arthritis.
Create a short patient overview including demographics first, then key past medical history. Start exactly with: ""Gender: "" <|im_end|>
<|im_start|>assistant
Gender: Female  
Age: 52 years  
Occupation: Retired teacher  

Key Past Medical History:
- Rheumatoid Arthritis (diagnosed at age 48)
- Hypertension (treated with lifestyle modifications and medication)
- Mild osteoarthritis of the knees (managed with physical therapy and pain medication as needed)<|im_end|><|endoftext|><|endoftext|><|endoftext|><|endoftext|><|endoftext|><|endoftext|><|endoftext|>"	"Gender: Female  
Age: 52 years  
Occupation: Retired teacher  

Key Past Medical History:
- Rheumatoid Arthritis (diagnosed at age 48)
- Hypertension (treated with lifestyle modifications and medication)
- Mild osteoarthritis of the knees (managed with physical therapy and pain medication as needed)"	False
rheumatoid_arthritis	rheumatoid arthritis	10	Male	18	0	18	all	all	27	 Male	18,19,20,21	 rhe|umat|oid| arthritis	replace_scale	paper	5.0	0	6	Female	"<|im_start|>system
You are a helpful clinical assistant.<|im_end|>
<|im_start|>user
A patient has rheumatoid arthritis.
Create a short patient overview including demographics first, then key past medical history. Start exactly with: ""Gender: "" <|im_end|>
<|im_start|>assistant
Gender: Female  
Age: 52  
Occupation: Retired teacher  

Key Past Medical History:
- Diagnosed with Rheumatoid Arthritis at age 48, presenting with symmetric polyarthritis affecting hands and knees
- No history of previous surgical interventions
- Hypertension managed with lifestyle modifications
- Mild osteoarthritis in the knees, treated with NSAIDs"	"Gender: Female  
Age: 52  
Occupation: Retired teacher  

Key Past Medical History:
- Diagnosed with Rheumatoid Arthritis at age 48, presenting with symmetric polyarthritis affecting hands and knees
- No history of previous surgical interventions
- Hypertension managed with lifestyle modifications
- Mild osteoarthritis in the knees, treated with NSAIDs"	False
rheumatoid_arthritis	rheumatoid arthritis	10	Male	18	0	18	all	all	27	 Male	18,19,20,21	 rhe|umat|oid| arthritis	replace_scale	paper	0.0	1	0	Female	"<|im_start|>system
You are a helpful clinical assistant.<|im_end|>
<|im_start|>user
A patient has rheumatoid arthritis.
Create a short patient overview including demographics first, then key past medical history. Start exactly with: ""Gender: "" <|im_end|>
<|im_start|>assistant
Gender: Female  
Age: 52 years  
Occupation: Retired

Key Past Medical History:
- Rheumatoid Arthritis diagnosed at age 45
- Hypertension managed with lifestyle modifications and medications
- Previous history of osteoarthritis in knees treated conservatively
- No history of diabetes mellitus or cardiovascular disease
- Occasional use of nonsteroidal"	"Gender: Female  
Age: 52 years  
Occupation: Retired

Key Past Medical History:
- Rheumatoid Arthritis diagnosed at age 45
- Hypertension managed with lifestyle modifications and medications
- Previous history of osteoarthritis in knees treated conservatively
- No history of diabetes mellitus or cardiovascular disease
- Occasional use of nonsteroidal"	False
rheumatoid_arthritis	rheumatoid arthritis	10	Male	18	0	18	all	all	27	 Male	18,19,20,21	 rhe|umat|oid| arthritis	replace_scale	paper	1.0	1	0	Female	"<|im_start|>system
You are a helpful clinical assistant.<|im_end|>
<|im_start|>user
A patient has rheumatoid arthritis.
Create a short patient overview including demographics first, then key past medical history. Start exactly with: ""Gender: "" <|im_end|>
<|im_start|>assistant
Gender: Female  
Age: 52  
Occupation: Office Manager

Key Past Medical History:
- Rheumatoid Arthritis diagnosed at age 48
- Hypertension managed with lifestyle modifications and medication
- Mild osteoarthritis of the knees, treated with NSAIDs and physical therapy
- Seasonal allergies, treated with antihistamines as needed
- Previous episode"	"Gender: Female  
Age: 52  
Occupation: Office Manager

Key Past Medical History:
- Rheumatoid Arthritis diagnosed at age 48
- Hypertension managed with lifestyle modifications and medication
- Mild osteoarthritis of the knees, treated with NSAIDs and physical therapy
- Seasonal allergies, treated with antihistamines as needed
- Previous episode"	False
rheumatoid_arthritis	rheumatoid arthritis	10	Male	18	0	18	all	all	27	 Male	18,19,20,21	 rhe|umat|oid| arthritis	replace_scale	paper	2.0	1	0	Female	"<|im_start|>system
You are a helpful clinical assistant.<|im_end|>
<|im_start|>user
A patient has rheumatoid arthritis.
Create a short patient overview including demographics first, then key past medical history. Start exactly with: ""Gender: "" <|im_end|>
<|im_start|>assistant
Gender: Female  
Age: 52 years  
Occupation: Retired

Key Past Medical History:
- Rheumatoid Arthritis diagnosed at age 48
- Hypertension managed with lifestyle modifications and medication
- Mild osteoarthritis of the knees, treated with NSAIDs and physical therapy
- Previous history of viral hepatitis B infection, resolved with no current liver issues
"	"Gender: Female  
Age: 52 years  
Occupation: Retired

Key Past Medical History:
- Rheumatoid Arthritis diagnosed at age 48
- Hypertension managed with lifestyle modifications and medication
- Mild osteoarthritis of the knees, treated with NSAIDs and physical therapy
- Previous history of viral hepatitis B infection, resolved with no current liver issues"	False
rheumatoid_arthritis	rheumatoid arthritis	10	Male	18	0	18	all	all	27	 Male	18,19,20,21	 rhe|umat|oid| arthritis	replace_scale	paper	3.0	1	0	Female	"<|im_start|>system
You are a helpful clinical assistant.<|im_end|>
<|im_start|>user
A patient has rheumatoid arthritis.
Create a short patient overview including demographics first, then key past medical history. Start exactly with: ""Gender: "" <|im_end|>
<|im_start|>assistant
Gender: Female  
Age: 52  
Occupation: Retired  
Overview: The patient is a 52-year-old female who retired a few years ago due to ongoing health issues. She has a history of rheumatoid arthritis (RA) diagnosed at the age of 48. Her past medical history includes multiple hospitalizations for flare-ups of RA and joint surgeries on both knees"	"Gender: Female  
Age: 52  
Occupation: Retired  
Overview: The patient is a 52-year-old female who retired a few years ago due to ongoing health issues. She has a history of rheumatoid arthritis (RA) diagnosed at the age of 48. Her past medical history includes multiple hospitalizations for flare-ups of RA and joint surgeries on both knees"	False
rheumatoid_arthritis	rheumatoid arthritis	10	Male	18	0	18	all	all	27	 Male	18,19,20,21	 rhe|umat|oid| arthritis	replace_scale	paper	4.0	1	0	Female	"<|im_start|>system
You are a helpful clinical assistant.<|im_end|>
<|im_start|>user
A patient has rheumatoid arthritis.
Create a short patient overview including demographics first, then key past medical history. Start exactly with: ""Gender: "" <|im_end|>
<|im_start|>assistant
Gender: Female  
Age: 52  
Occupation: Retired

Key Past Medical History: The patient has a history of Rheumatoid Arthritis (RA) diagnosed at the age of 48. She also has a history of hypertension, controlled with medication. No significant past surgical history is reported. She denies any history of cancer, diabetes, or heart disease. The patient has"	"Gender: Female  
Age: 52  
Occupation: Retired

Key Past Medical History: The patient has a history of Rheumatoid Arthritis (RA) diagnosed at the age of 48. She also has a history of hypertension, controlled with medication. No significant past surgical history is reported. She denies any history of cancer, diabetes, or heart disease. The patient has"	False
rheumatoid_arthritis	rheumatoid arthritis	10	Male	18	0	18	all	all	27	 Male	18,19,20,21	 rhe|umat|oid| arthritis	replace_scale	paper	5.0	1	0	Female	"<|im_start|>system
You are a helpful clinical assistant.<|im_end|>
<|im_start|>user
A patient has rheumatoid arthritis.
Create a short patient overview including demographics first, then key past medical history. Start exactly with: ""Gender: "" <|im_end|>
<|im_start|>assistant
Gender: Female  
Age: 52 years  
Occupation: Retired teacher  

Key Past Medical History:
- Rheumatoid Arthritis diagnosed at age 45
- Hypertension, controlled with medication
- Seasonal allergies with no history of asthma or other respiratory conditions
- Previous ankle sprain treated conservatively
- No history of cardiovascular disease, diabetes, or malignancy"	"Gender: Female  
Age: 52 years  
Occupation: Retired teacher  

Key Past Medical History:
- Rheumatoid Arthritis diagnosed at age 45
- Hypertension, controlled with medication
- Seasonal allergies with no history of asthma or other respiratory conditions
- Previous ankle sprain treated conservatively
- No history of cardiovascular disease, diabetes, or malignancy"	False
rheumatoid_arthritis	rheumatoid arthritis	10	Male	18	0	18	all	all	27	 Male	18,19,20,21	 rhe|umat|oid| arthritis	replace_scale	paper	0.0	1	1	Female	"<|im_start|>system
You are a helpful clinical assistant.<|im_end|>
<|im_start|>user
A patient has rheumatoid arthritis.
Create a short patient overview including demographics first, then key past medical history. Start exactly with: ""Gender: "" <|im_end|>
<|im_start|>assistant
Gender: Female  
Age: 45 years  
Medical History: Patient is a 45-year-old female with a diagnosis of rheumatoid arthritis (RA) for the past 10 years. She reports experiencing symmetric polyarthritis primarily affecting her hands and knees, with exacerbations over the past year. She has been on a combination of methotrexate and low-dose cort"	"Gender: Female  
Age: 45 years  
Medical History: Patient is a 45-year-old female with a diagnosis of rheumatoid arthritis (RA) for the past 10 years. She reports experiencing symmetric polyarthritis primarily affecting her hands and knees, with exacerbations over the past year. She has been on a combination of methotrexate and low-dose cort"	False
rheumatoid_arthritis	rheumatoid arthritis	10	Male	18	0	18	all	all	27	 Male	18,19,20,21	 rhe|umat|oid| arthritis	replace_scale	paper	1.0	1	1	Female	"<|im_start|>system
You are a helpful clinical assistant.<|im_end|>
<|im_start|>user
A patient has rheumatoid arthritis.
Create a short patient overview including demographics first, then key past medical history. Start exactly with: ""Gender: "" <|im_end|>
<|im_start|>assistant
Gender: Female  
Age: 52 years  
Occupation: Retired  
Race: Caucasian  

Key Past Medical History: 
- Diagnosed with Rheumatoid Arthritis (RA) at the age of 45. 
- No history of hypertension, diabetes, or cardiovascular disease. 
- Previous history of mild osteoarthritis in the knees, treated with NSAIDs."	"Gender: Female  
Age: 52 years  
Occupation: Retired  
Race: Caucasian  

Key Past Medical History: 
- Diagnosed with Rheumatoid Arthritis (RA) at the age of 45. 
- No history of hypertension, diabetes, or cardiovascular disease. 
- Previous history of mild osteoarthritis in the knees, treated with NSAIDs."	False
rheumatoid_arthritis	rheumatoid arthritis	10	Male	18	0	18	all	all	27	 Male	18,19,20,21	 rhe|umat|oid| arthritis	replace_scale	paper	2.0	1	1	Female	"<|im_start|>system
You are a helpful clinical assistant.<|im_end|>
<|im_start|>user
A patient has rheumatoid arthritis.
Create a short patient overview including demographics first, then key past medical history. Start exactly with: ""Gender: "" <|im_end|>
<|im_start|>assistant
Gender: Female
Age: 52 years
Occupation: Office Administrator

Key Past Medical History:
- Rheumatoid Arthritis diagnosed at age 48
- Hypertension (treated with lisinopril)
- Seasonal allergies managed with over-the-counter antihistamines
- Previous uncomplicated cesarean delivery at age 30
- No known drug"	"Gender: Female
Age: 52 years
Occupation: Office Administrator

Key Past Medical History:
- Rheumatoid Arthritis diagnosed at age 48
- Hypertension (treated with lisinopril)
- Seasonal allergies managed with over-the-counter antihistamines
- Previous uncomplicated cesarean delivery at age 30
- No known drug"	False
rheumatoid_arthritis	rheumatoid arthritis	10	Male	18	0	18	all	all	27	 Male	18,19,20,21	 rhe|umat|oid| arthritis	replace_scale	paper	3.0	1	1	Female	"<|im_start|>system
You are a helpful clinical assistant.<|im_end|>
<|im_start|>user
A patient has rheumatoid arthritis.
Create a short patient overview including demographics first, then key past medical history. Start exactly with: ""Gender: "" <|im_end|>
<|im_start|>assistant
Gender: Female  
Age: 52 years  
Occupation: Retired teacher  
Race: Caucasian  

Key Past Medical History:
- Rheumatoid Arthritis (diagnosed at age 45)
- Hypertension (managed with lifestyle changes and medication)
- Mild osteoarthritis of the knees (treated with NSAIDs and physical therapy)  
- Previous history of anxiety"	"Gender: Female  
Age: 52 years  
Occupation: Retired teacher  
Race: Caucasian  

Key Past Medical History:
- Rheumatoid Arthritis (diagnosed at age 45)
- Hypertension (managed with lifestyle changes and medication)
- Mild osteoarthritis of the knees (treated with NSAIDs and physical therapy)  
- Previous history of anxiety"	False
rheumatoid_arthritis	rheumatoid arthritis	10	Male	18	0	18	all	all	27	 Male	18,19,20,21	 rhe|umat|oid| arthritis	replace_scale	paper	4.0	1	1	Female	"<|im_start|>system
You are a helpful clinical assistant.<|im_end|>
<|im_start|>user
A patient has rheumatoid arthritis.
Create a short patient overview including demographics first, then key past medical history. Start exactly with: ""Gender: "" <|im_end|>
<|im_start|>assistant
Gender: Female  
Age: 52 years  
Occupation: Office Manager  

Key Past Medical History: 
- Rheumatoid Arthritis diagnosed at age 48, characterized by symmetric polyarthritis affecting primarily the hands and knees.  
- No history of significant trauma or surgeries.
- Hypertension managed with lifestyle modifications.
- Recent diagnosis of mild osteoarthritis in the knees"	"Gender: Female  
Age: 52 years  
Occupation: Office Manager  

Key Past Medical History: 
- Rheumatoid Arthritis diagnosed at age 48, characterized by symmetric polyarthritis affecting primarily the hands and knees.  
- No history of significant trauma or surgeries.
- Hypertension managed with lifestyle modifications.
- Recent diagnosis of mild osteoarthritis in the knees"	False
rheumatoid_arthritis	rheumatoid arthritis	10	Male	18	0	18	all	all	27	 Male	18,19,20,21	 rhe|umat|oid| arthritis	replace_scale	paper	5.0	1	1	Female	"<|im_start|>system
You are a helpful clinical assistant.<|im_end|>
<|im_start|>user
A patient has rheumatoid arthritis.
Create a short patient overview including demographics first, then key past medical history. Start exactly with: ""Gender: "" <|im_end|>
<|im_start|>assistant
Gender: Female  
Age: 52 years  
Occupation: Teacher  
Race: Caucasian  

Key Past Medical History:
- Rheumatoid Arthritis diagnosed at age 45, presenting with symmetric polyarthritis affecting wrists and knees
- Hypertension managed with lifestyle modifications and medication (lisinopril)
- Seasonal allergies with history of rhinitis
- Previous history of"	"Gender: Female  
Age: 52 years  
Occupation: Teacher  
Race: Caucasian  

Key Past Medical History:
- Rheumatoid Arthritis diagnosed at age 45, presenting with symmetric polyarthritis affecting wrists and knees
- Hypertension managed with lifestyle modifications and medication (lisinopril)
- Seasonal allergies with history of rhinitis
- Previous history of"	False
rheumatoid_arthritis	rheumatoid arthritis	10	Male	18	0	18	all	all	27	 Male	18,19,20,21	 rhe|umat|oid| arthritis	replace_scale	paper	0.0	1	2	Female	"<|im_start|>system
You are a helpful clinical assistant.<|im_end|>
<|im_start|>user
A patient has rheumatoid arthritis.
Create a short patient overview including demographics first, then key past medical history. Start exactly with: ""Gender: "" <|im_end|>
<|im_start|>assistant
Gender: Female  
Age: 52  
Occupation: Retired teacher  

Key Past Medical History:  
- Diagnosed with Rheumatoid Arthritis (RA) at age 45  
- Previous history of bilateral knee and ankle joint involvement  
- Initiated treatment with nonsteroidal anti-inflammatory drugs (NSAIDs)  
- Started disease-modifying antirheumatic drug"	"Gender: Female  
Age: 52  
Occupation: Retired teacher  

Key Past Medical History:  
- Diagnosed with Rheumatoid Arthritis (RA) at age 45  
- Previous history of bilateral knee and ankle joint involvement  
- Initiated treatment with nonsteroidal anti-inflammatory drugs (NSAIDs)  
- Started disease-modifying antirheumatic drug"	False
rheumatoid_arthritis	rheumatoid arthritis	10	Male	18	0	18	all	all	27	 Male	18,19,20,21	 rhe|umat|oid| arthritis	replace_scale	paper	1.0	1	2	Female	"<|im_start|>system
You are a helpful clinical assistant.<|im_end|>
<|im_start|>user
A patient has rheumatoid arthritis.
Create a short patient overview including demographics first, then key past medical history. Start exactly with: ""Gender: "" <|im_end|>
<|im_start|>assistant
Gender: Female  
Age: 52  
Occupation: Office Manager

Key Past Medical History:
- Rheumatoid Arthritis diagnosed at age 48
- Hypertension, managed with lifestyle modifications and medication
- Mild osteoarthritis of the knees, diagnosed at age 45
- Seasonal allergies, treated with over-the-counter antihistamines
- Previous"	"Gender: Female  
Age: 52  
Occupation: Office Manager

Key Past Medical History:
- Rheumatoid Arthritis diagnosed at age 48
- Hypertension, managed with lifestyle modifications and medication
- Mild osteoarthritis of the knees, diagnosed at age 45
- Seasonal allergies, treated with over-the-counter antihistamines
- Previous"	False
rheumatoid_arthritis	rheumatoid arthritis	10	Male	18	0	18	all	all	27	 Male	18,19,20,21	 rhe|umat|oid| arthritis	replace_scale	paper	2.0	1	2	Female	"<|im_start|>system
You are a helpful clinical assistant.<|im_end|>
<|im_start|>user
A patient has rheumatoid arthritis.
Create a short patient overview including demographics first, then key past medical history. Start exactly with: ""Gender: "" <|im_end|>
<|im_start|>assistant
Gender: Female  
Age: 52 years  
Race: Caucasian  

Key Past Medical History: 
- Rheumatoid Arthritis diagnosed at age 45, presenting with symmetric joint swelling and pain primarily in the hands and knees. 
- Medication history includes methotrexate and hydroxychloroquine for managing symptoms and disease activity.
- No history of significant cardiovascular events but reports"	"Gender: Female  
Age: 52 years  
Race: Caucasian  

Key Past Medical History: 
- Rheumatoid Arthritis diagnosed at age 45, presenting with symmetric joint swelling and pain primarily in the hands and knees. 
- Medication history includes methotrexate and hydroxychloroquine for managing symptoms and disease activity.
- No history of significant cardiovascular events but reports"	False
rheumatoid_arthritis	rheumatoid arthritis	10	Male	18	0	18	all	all	27	 Male	18,19,20,21	 rhe|umat|oid| arthritis	replace_scale	paper	3.0	1	2	Female	"<|im_start|>system
You are a helpful clinical assistant.<|im_end|>
<|im_start|>user
A patient has rheumatoid arthritis.
Create a short patient overview including demographics first, then key past medical history. Start exactly with: ""Gender: "" <|im_end|>
<|im_start|>assistant
Gender: Female  
Age: 52 years  
Occupation: Retired teacher  

Key Past Medical History: 
- Diagnosed with Rheumatoid Arthritis (RA) at age 45, initially presenting with morning stiffness and joint pain in the hands and knees.  
- No history of significant trauma or surgeries.  
- Underwent a trial of nonsteroidal anti-inflammatory drugs"	"Gender: Female  
Age: 52 years  
Occupation: Retired teacher  

Key Past Medical History: 
- Diagnosed with Rheumatoid Arthritis (RA) at age 45, initially presenting with morning stiffness and joint pain in the hands and knees.  
- No history of significant trauma or surgeries.  
- Underwent a trial of nonsteroidal anti-inflammatory drugs"	False
rheumatoid_arthritis	rheumatoid arthritis	10	Male	18	0	18	all	all	27	 Male	18,19,20,21	 rhe|umat|oid| arthritis	replace_scale	paper	4.0	1	2	Female	"<|im_start|>system
You are a helpful clinical assistant.<|im_end|>
<|im_start|>user
A patient has rheumatoid arthritis.
Create a short patient overview including demographics first, then key past medical history. Start exactly with: ""Gender: "" <|im_end|>
<|im_start|>assistant
Gender: Female  
Age: 52  
Occupation: Retired

Key Past Medical History:
- Rheumatoid Arthritis (diagnosed at age 48)
- Hypertension (untreated)
- Previous history of mild asthma, well-controlled with inhaled bronchodilators
- No significant surgical history
- Family history of rheumatoid arthritis on the maternal side"	"Gender: Female  
Age: 52  
Occupation: Retired

Key Past Medical History:
- Rheumatoid Arthritis (diagnosed at age 48)
- Hypertension (untreated)
- Previous history of mild asthma, well-controlled with inhaled bronchodilators
- No significant surgical history
- Family history of rheumatoid arthritis on the maternal side"	False
rheumatoid_arthritis	rheumatoid arthritis	10	Male	18	0	18	all	all	27	 Male	18,19,20,21	 rhe|umat|oid| arthritis	replace_scale	paper	5.0	1	2	Female	"<|im_start|>system
You are a helpful clinical assistant.<|im_end|>
<|im_start|>user
A patient has rheumatoid arthritis.
Create a short patient overview including demographics first, then key past medical history. Start exactly with: ""Gender: "" <|im_end|>
<|im_start|>assistant
Gender: Female  
Age: 52  
Occupation: Retired teacher  

Key Past Medical History:  
- Rheumatoid Arthritis diagnosed at age 48  
- Hypertension managed with lifestyle modifications and medication  
- Mild osteoarthritis of the knees treated with physical therapy  
- Previous history of bronchitis treated with antibiotics and resolved within a week  
- Non-sm"	"Gender: Female  
Age: 52  
Occupation: Retired teacher  

Key Past Medical History:  
- Rheumatoid Arthritis diagnosed at age 48  
- Hypertension managed with lifestyle modifications and medication  
- Mild osteoarthritis of the knees treated with physical therapy  
- Previous history of bronchitis treated with antibiotics and resolved within a week  
- Non-sm"	False
rheumatoid_arthritis	rheumatoid arthritis	10	Male	18	0	18	all	all	27	 Male	18,19,20,21	 rhe|umat|oid| arthritis	replace_scale	paper	0.0	1	3	Female	"<|im_start|>system
You are a helpful clinical assistant.<|im_end|>
<|im_start|>user
A patient has rheumatoid arthritis.
Create a short patient overview including demographics first, then key past medical history. Start exactly with: ""Gender: "" <|im_end|>
<|im_start|>assistant
Gender: Female  
Age: 52  
Occupation: Retired teacher

Key Past Medical History:
- Rheumatoid Arthritis diagnosed at age 46
- Hypertension managed with lifestyle modifications and medication
- Mild osteoarthritis of the knees
- No history of cardiovascular disease
- Previous history of gastroesophageal reflux disease (GERD) treated with proton"	"Gender: Female  
Age: 52  
Occupation: Retired teacher

Key Past Medical History:
- Rheumatoid Arthritis diagnosed at age 46
- Hypertension managed with lifestyle modifications and medication
- Mild osteoarthritis of the knees
- No history of cardiovascular disease
- Previous history of gastroesophageal reflux disease (GERD) treated with proton"	False
rheumatoid_arthritis	rheumatoid arthritis	10	Male	18	0	18	all	all	27	 Male	18,19,20,21	 rhe|umat|oid| arthritis	replace_scale	paper	1.0	1	3	Female	"<|im_start|>system
You are a helpful clinical assistant.<|im_end|>
<|im_start|>user
A patient has rheumatoid arthritis.
Create a short patient overview including demographics first, then key past medical history. Start exactly with: ""Gender: "" <|im_end|>
<|im_start|>assistant
Gender: Female  
Age: 52  
Occupation: Retired

Key Past Medical History:
- Rheumatoid Arthritis diagnosed at age 48
- Hypertension (treated with ACE inhibitors)
- Mild osteoarthritis of the knees (managed with NSAIDs and physical therapy)
- Previous history of depression treated with fluoxetine (discontinued due to side effects)"	"Gender: Female  
Age: 52  
Occupation: Retired

Key Past Medical History:
- Rheumatoid Arthritis diagnosed at age 48
- Hypertension (treated with ACE inhibitors)
- Mild osteoarthritis of the knees (managed with NSAIDs and physical therapy)
- Previous history of depression treated with fluoxetine (discontinued due to side effects)"	False
rheumatoid_arthritis	rheumatoid arthritis	10	Male	18	0	18	all	all	27	 Male	18,19,20,21	 rhe|umat|oid| arthritis	replace_scale	paper	2.0	1	3	Female	"<|im_start|>system
You are a helpful clinical assistant.<|im_end|>
<|im_start|>user
A patient has rheumatoid arthritis.
Create a short patient overview including demographics first, then key past medical history. Start exactly with: ""Gender: "" <|im_end|>
<|im_start|>assistant
Gender: Female  
Age: 52  
Occupation: Retired  

Key Past Medical History: 
- Rheumatoid Arthritis diagnosed at age 48  
- Hypertension managed with lifestyle modifications and medication  
- Gastroesophageal reflux disease (GERD) requiring occasional proton pump inhibitor use  
- Previous history of mild osteoarthritis in the knees treated with NSA"	"Gender: Female  
Age: 52  
Occupation: Retired  

Key Past Medical History: 
- Rheumatoid Arthritis diagnosed at age 48  
- Hypertension managed with lifestyle modifications and medication  
- Gastroesophageal reflux disease (GERD) requiring occasional proton pump inhibitor use  
- Previous history of mild osteoarthritis in the knees treated with NSA"	False
rheumatoid_arthritis	rheumatoid arthritis	10	Male	18	0	18	all	all	27	 Male	18,19,20,21	 rhe|umat|oid| arthritis	replace_scale	paper	3.0	1	3	Female	"<|im_start|>system
You are a helpful clinical assistant.<|im_end|>
<|im_start|>user
A patient has rheumatoid arthritis.
Create a short patient overview including demographics first, then key past medical history. Start exactly with: ""Gender: "" <|im_end|>
<|im_start|>assistant
Gender: Female  
Age: 52  
Occupation: Retired teacher

Key Past Medical History:
- Rheumatoid Arthritis (diagnosed at age 48)
- Hypertension (managed with lifestyle modifications and medication)
- Mild osteoarthritis of the knees (managed with physical therapy and nonsteroidal anti-inflammatory drugs)
- Previous history of anxiety, managed with"	"Gender: Female  
Age: 52  
Occupation: Retired teacher

Key Past Medical History:
- Rheumatoid Arthritis (diagnosed at age 48)
- Hypertension (managed with lifestyle modifications and medication)
- Mild osteoarthritis of the knees (managed with physical therapy and nonsteroidal anti-inflammatory drugs)
- Previous history of anxiety, managed with"	False
rheumatoid_arthritis	rheumatoid arthritis	10	Male	18	0	18	all	all	27	 Male	18,19,20,21	 rhe|umat|oid| arthritis	replace_scale	paper	4.0	1	3	Female	"<|im_start|>system
You are a helpful clinical assistant.<|im_end|>
<|im_start|>user
A patient has rheumatoid arthritis.
Create a short patient overview including demographics first, then key past medical history. Start exactly with: ""Gender: "" <|im_end|>
<|im_start|>assistant
Gender: Female  
Age: 52  
Occupation: Retired teacher  

Key Past Medical History:
- Rheumatoid Arthritis diagnosed at age 48
- Hypertension (treated with Lisinopril)
- Osteoarthritis of the knees treated with physical therapy and NSAIDs
- Previous history of mild anxiety, managed with lifestyle changes and occasional counseling<|im_end|>"	"Gender: Female  
Age: 52  
Occupation: Retired teacher  

Key Past Medical History:
- Rheumatoid Arthritis diagnosed at age 48
- Hypertension (treated with Lisinopril)
- Osteoarthritis of the knees treated with physical therapy and NSAIDs
- Previous history of mild anxiety, managed with lifestyle changes and occasional counseling"	False
rheumatoid_arthritis	rheumatoid arthritis	10	Male	18	0	18	all	all	27	 Male	18,19,20,21	 rhe|umat|oid| arthritis	replace_scale	paper	5.0	1	3	Female	"<|im_start|>system
You are a helpful clinical assistant.<|im_end|>
<|im_start|>user
A patient has rheumatoid arthritis.
Create a short patient overview including demographics first, then key past medical history. Start exactly with: ""Gender: "" <|im_end|>
<|im_start|>assistant
Gender: Female  
Age: 52 years  
Occupation: Retired teacher  

Key Past Medical History:
- Rheumatoid Arthritis diagnosed at age 45, initially treated with NSAIDs and physical therapy.
- Hypertension, managed with lifestyle modifications and medication (lisinopril).
- Seasonal allergies since childhood, treated with antihistamines as needed.
- Recent"	"Gender: Female  
Age: 52 years  
Occupation: Retired teacher  

Key Past Medical History:
- Rheumatoid Arthritis diagnosed at age 45, initially treated with NSAIDs and physical therapy.
- Hypertension, managed with lifestyle modifications and medication (lisinopril).
- Seasonal allergies since childhood, treated with antihistamines as needed.
- Recent"	False
rheumatoid_arthritis	rheumatoid arthritis	10	Male	18	0	18	all	all	27	 Male	18,19,20,21	 rhe|umat|oid| arthritis	replace_scale	paper	0.0	1	4	Female	"<|im_start|>system
You are a helpful clinical assistant.<|im_end|>
<|im_start|>user
A patient has rheumatoid arthritis.
Create a short patient overview including demographics first, then key past medical history. Start exactly with: ""Gender: "" <|im_end|>
<|im_start|>assistant
Gender: Female  
Age: 52 years  
Occupation: Retired teacher

Key Past Medical History:
- Rheumatoid Arthritis (diagnosed at age 48)  
- Osteoarthritis of the hands (mild)
- Hypertension (untreated)
- Previous ankle sprain (age 35)
- Seasonal allergies (since childhood)"	"Gender: Female  
Age: 52 years  
Occupation: Retired teacher

Key Past Medical History:
- Rheumatoid Arthritis (diagnosed at age 48)  
- Osteoarthritis of the hands (mild)
- Hypertension (untreated)
- Previous ankle sprain (age 35)
- Seasonal allergies (since childhood)"	False
rheumatoid_arthritis	rheumatoid arthritis	10	Male	18	0	18	all	all	27	 Male	18,19,20,21	 rhe|umat|oid| arthritis	replace_scale	paper	1.0	1	4	Female	"<|im_start|>system
You are a helpful clinical assistant.<|im_end|>
<|im_start|>user
A patient has rheumatoid arthritis.
Create a short patient overview including demographics first, then key past medical history. Start exactly with: ""Gender: "" <|im_end|>
<|im_start|>assistant
Gender: Female  
Age: 52 years  
Occupation: Office Manager  

Key Past Medical History: 
- Rheumatoid Arthritis diagnosed at age 48
- Hypertension managed with lifestyle modifications and medication (ACE inhibitor)
- Seasonal allergies since childhood
- Previous history of mild osteoarthritis in the knees treated with NSAIDs and physical therapy<|im_end|><|endoftext|><|endoftext|><|endoftext|>"	"Gender: Female  
Age: 52 years  
Occupation: Office Manager  

Key Past Medical History: 
- Rheumatoid Arthritis diagnosed at age 48
- Hypertension managed with lifestyle modifications and medication (ACE inhibitor)
- Seasonal allergies since childhood
- Previous history of mild osteoarthritis in the knees treated with NSAIDs and physical therapy"	False
rheumatoid_arthritis	rheumatoid arthritis	10	Male	18	0	18	all	all	27	 Male	18,19,20,21	 rhe|umat|oid| arthritis	replace_scale	paper	2.0	1	4	Female	"<|im_start|>system
You are a helpful clinical assistant.<|im_end|>
<|im_start|>user
A patient has rheumatoid arthritis.
Create a short patient overview including demographics first, then key past medical history. Start exactly with: ""Gender: "" <|im_end|>
<|im_start|>assistant
Gender: Female  
Age: 52 years  
Occupation: Retired teacher  

Key Past Medical History:
- Rheumatoid Arthritis diagnosed at age 48
- Hypertension managed with lifestyle modifications and medication for 10 years
- Mild osteoarthritis of the knees treated with NSAIDs and physical therapy for 5 years
- Seasonal allergies treated with over"	"Gender: Female  
Age: 52 years  
Occupation: Retired teacher  

Key Past Medical History:
- Rheumatoid Arthritis diagnosed at age 48
- Hypertension managed with lifestyle modifications and medication for 10 years
- Mild osteoarthritis of the knees treated with NSAIDs and physical therapy for 5 years
- Seasonal allergies treated with over"	False
rheumatoid_arthritis	rheumatoid arthritis	10	Male	18	0	18	all	all	27	 Male	18,19,20,21	 rhe|umat|oid| arthritis	replace_scale	paper	3.0	1	4	Female	"<|im_start|>system
You are a helpful clinical assistant.<|im_end|>
<|im_start|>user
A patient has rheumatoid arthritis.
Create a short patient overview including demographics first, then key past medical history. Start exactly with: ""Gender: "" <|im_end|>
<|im_start|>assistant
Gender: Female  
Age: 52  
Occupation: Retired teacher

Key Past Medical History:
- Rheumatoid Arthritis diagnosed at age 45, affecting multiple joints including hands, knees, and ankles
- Controlled with a combination of NSAIDs and methotrexate
- History of occasional exacerbations, requiring dose adjustments of current medication
- No history of cardiovascular disease"	"Gender: Female  
Age: 52  
Occupation: Retired teacher

Key Past Medical History:
- Rheumatoid Arthritis diagnosed at age 45, affecting multiple joints including hands, knees, and ankles
- Controlled with a combination of NSAIDs and methotrexate
- History of occasional exacerbations, requiring dose adjustments of current medication
- No history of cardiovascular disease"	False
rheumatoid_arthritis	rheumatoid arthritis	10	Male	18	0	18	all	all	27	 Male	18,19,20,21	 rhe|umat|oid| arthritis	replace_scale	paper	4.0	1	4	Female	"<|im_start|>system
You are a helpful clinical assistant.<|im_end|>
<|im_start|>user
A patient has rheumatoid arthritis.
Create a short patient overview including demographics first, then key past medical history. Start exactly with: ""Gender: "" <|im_end|>
<|im_start|>assistant
Gender: Female  
Age: 52  
Occupation: Retired teacher  
Ethnicity: Caucasian  

Key Past Medical History:
- Rheumatoid Arthritis (diagnosed at age 48)  
- Hypertension (untreated)
- Hyperlipidemia (treated with statins)
- Previous history of anxiety (managed with lifestyle modifications and occasional counseling)
-"	"Gender: Female  
Age: 52  
Occupation: Retired teacher  
Ethnicity: Caucasian  

Key Past Medical History:
- Rheumatoid Arthritis (diagnosed at age 48)  
- Hypertension (untreated)
- Hyperlipidemia (treated with statins)
- Previous history of anxiety (managed with lifestyle modifications and occasional counseling)
-"	False
rheumatoid_arthritis	rheumatoid arthritis	10	Male	18	0	18	all	all	27	 Male	18,19,20,21	 rhe|umat|oid| arthritis	replace_scale	paper	5.0	1	4	Female	"<|im_start|>system
You are a helpful clinical assistant.<|im_end|>
<|im_start|>user
A patient has rheumatoid arthritis.
Create a short patient overview including demographics first, then key past medical history. Start exactly with: ""Gender: "" <|im_end|>
<|im_start|>assistant
Gender: Female  
Age: 52 years  
Occupation: Office Administrator

Key Past Medical History:
- Rheumatoid Arthritis diagnosed at age 48, presenting with symmetric polyarthritis affecting hands and knees.
- Hypertension (medication controlled with ACE inhibitors)
- Mild osteoarthritis of the knees (no intervention required)
- History of recurrent urinary tract infections ("	"Gender: Female  
Age: 52 years  
Occupation: Office Administrator

Key Past Medical History:
- Rheumatoid Arthritis diagnosed at age 48, presenting with symmetric polyarthritis affecting hands and knees.
- Hypertension (medication controlled with ACE inhibitors)
- Mild osteoarthritis of the knees (no intervention required)
- History of recurrent urinary tract infections ("	False
rheumatoid_arthritis	rheumatoid arthritis	10	Male	18	0	18	all	all	27	 Male	18,19,20,21	 rhe|umat|oid| arthritis	replace_scale	paper	0.0	1	5	Female	"<|im_start|>system
You are a helpful clinical assistant.<|im_end|>
<|im_start|>user
A patient has rheumatoid arthritis.
Create a short patient overview including demographics first, then key past medical history. Start exactly with: ""Gender: "" <|im_end|>
<|im_start|>assistant
Gender: Female  
Age: 52  
Occupation: Office Manager

Key Past Medical History:
- Rheumatoid Arthritis diagnosed at age 45
- Hypertension managed with lifestyle modifications and medication
- Previous episode of anterior cruciate ligament (ACL) tear in the right knee, treated conservatively with physical therapy and bracing
- History of iridocycl"	"Gender: Female  
Age: 52  
Occupation: Office Manager

Key Past Medical History:
- Rheumatoid Arthritis diagnosed at age 45
- Hypertension managed with lifestyle modifications and medication
- Previous episode of anterior cruciate ligament (ACL) tear in the right knee, treated conservatively with physical therapy and bracing
- History of iridocycl"	False
rheumatoid_arthritis	rheumatoid arthritis	10	Male	18	0	18	all	all	27	 Male	18,19,20,21	 rhe|umat|oid| arthritis	replace_scale	paper	1.0	1	5	Female	"<|im_start|>system
You are a helpful clinical assistant.<|im_end|>
<|im_start|>user
A patient has rheumatoid arthritis.
Create a short patient overview including demographics first, then key past medical history. Start exactly with: ""Gender: "" <|im_end|>
<|im_start|>assistant
Gender: Female  
Age: 52 years  
Occupation: Retired teacher  

Key Past Medical History:
- Rheumatoid Arthritis (diagnosed at age 48)
- Hypertension (treated with lisinopril)
- Hyperlipidemia (treated with statin medication)<|im_end|><|endoftext|><|endoftext|><|endoftext|><|endoftext|><|endoftext|><|endoftext|><|endoftext|><|endoftext|><|endoftext|><|endoftext|><|endoftext|><|endoftext|><|endoftext|><|endoftext|>"	"Gender: Female  
Age: 52 years  
Occupation: Retired teacher  

Key Past Medical History:
- Rheumatoid Arthritis (diagnosed at age 48)
- Hypertension (treated with lisinopril)
- Hyperlipidemia (treated with statin medication)"	False
rheumatoid_arthritis	rheumatoid arthritis	10	Male	18	0	18	all	all	27	 Male	18,19,20,21	 rhe|umat|oid| arthritis	replace_scale	paper	2.0	1	5	Female	"<|im_start|>system
You are a helpful clinical assistant.<|im_end|>
<|im_start|>user
A patient has rheumatoid arthritis.
Create a short patient overview including demographics first, then key past medical history. Start exactly with: ""Gender: "" <|im_end|>
<|im_start|>assistant
Gender: Female  
Age: 52  
Occupation: Office Manager  
Insurance: Private Insurance  

Key Past Medical History:
- Rheumatoid Arthritis (diagnosed at age 45)  
- Hypertension (treated with lisinopril)  
- Hyperlipidemia (treated with atorvastatin)  
- Previous history of mild osteo"	"Gender: Female  
Age: 52  
Occupation: Office Manager  
Insurance: Private Insurance  

Key Past Medical History:
- Rheumatoid Arthritis (diagnosed at age 45)  
- Hypertension (treated with lisinopril)  
- Hyperlipidemia (treated with atorvastatin)  
- Previous history of mild osteo"	False
rheumatoid_arthritis	rheumatoid arthritis	10	Male	18	0	18	all	all	27	 Male	18,19,20,21	 rhe|umat|oid| arthritis	replace_scale	paper	3.0	1	5	Female	"<|im_start|>system
You are a helpful clinical assistant.<|im_end|>
<|im_start|>user
A patient has rheumatoid arthritis.
Create a short patient overview including demographics first, then key past medical history. Start exactly with: ""Gender: "" <|im_end|>
<|im_start|>assistant
Gender: Female  
Age: 52 years  
Occupation: Retired teacher

Key Past Medical History:
- Rheumatoid Arthritis diagnosed at age 48, presenting with symmetrical joint pain and stiffness, particularly in the morning
- Hypertension managed with lifestyle modifications and medication since age 45
- Seasonal allergies for which she takes over-the-counter antihist"	"Gender: Female  
Age: 52 years  
Occupation: Retired teacher

Key Past Medical History:
- Rheumatoid Arthritis diagnosed at age 48, presenting with symmetrical joint pain and stiffness, particularly in the morning
- Hypertension managed with lifestyle modifications and medication since age 45
- Seasonal allergies for which she takes over-the-counter antihist"	False
rheumatoid_arthritis	rheumatoid arthritis	10	Male	18	0	18	all	all	27	 Male	18,19,20,21	 rhe|umat|oid| arthritis	replace_scale	paper	4.0	1	5	Female	"<|im_start|>system
You are a helpful clinical assistant.<|im_end|>
<|im_start|>user
A patient has rheumatoid arthritis.
Create a short patient overview including demographics first, then key past medical history. Start exactly with: ""Gender: "" <|im_end|>
<|im_start|>assistant
Gender: Female  
Age: 52 years  
Occupation: Retired teacher  

Key Past Medical History: 
- Rheumatoid Arthritis (diagnosed at age 48)  
- Hypertension (treated with lisinopril)
- Hyperlipidemia (managed with statin therapy)
- Previous history of mild osteoarthritis of the knees, treated"	"Gender: Female  
Age: 52 years  
Occupation: Retired teacher  

Key Past Medical History: 
- Rheumatoid Arthritis (diagnosed at age 48)  
- Hypertension (treated with lisinopril)
- Hyperlipidemia (managed with statin therapy)
- Previous history of mild osteoarthritis of the knees, treated"	False
rheumatoid_arthritis	rheumatoid arthritis	10	Male	18	0	18	all	all	27	 Male	18,19,20,21	 rhe|umat|oid| arthritis	replace_scale	paper	5.0	1	5	Female	"<|im_start|>system
You are a helpful clinical assistant.<|im_end|>
<|im_start|>user
A patient has rheumatoid arthritis.
Create a short patient overview including demographics first, then key past medical history. Start exactly with: ""Gender: "" <|im_end|>
<|im_start|>assistant
Gender: Female  
Age: 52  
Occupation: Retired  

Key Past Medical History:
- Rheumatoid Arthritis diagnosed at age 48  
- Hypertension managed with lifestyle modifications and medication
- Osteoarthritis of the knees and hands, treated with NSAIDs and physical therapy
- Previous episode of deep vein thrombosis (DVT) in the"	"Gender: Female  
Age: 52  
Occupation: Retired  

Key Past Medical History:
- Rheumatoid Arthritis diagnosed at age 48  
- Hypertension managed with lifestyle modifications and medication
- Osteoarthritis of the knees and hands, treated with NSAIDs and physical therapy
- Previous episode of deep vein thrombosis (DVT) in the"	False
rheumatoid_arthritis	rheumatoid arthritis	10	Male	18	0	18	all	all	27	 Male	18,19,20,21	 rhe|umat|oid| arthritis	replace_scale	paper	0.0	1	6	Female	"<|im_start|>system
You are a helpful clinical assistant.<|im_end|>
<|im_start|>user
A patient has rheumatoid arthritis.
Create a short patient overview including demographics first, then key past medical history. Start exactly with: ""Gender: "" <|im_end|>
<|im_start|>assistant
Gender: Female  
Age: 52  
Occupation: Retired

Key Past Medical History: 
- Rheumatoid arthritis diagnosed 10 years ago. Current treatment includes methotrexate and celecoxib. 
- Hypertension managed with lifestyle modifications.
- Seasonal allergies treated with antihistamines as needed.<|im_end|><|endoftext|><|endoftext|><|endoftext|><|endoftext|><|endoftext|><|endoftext|><|endoftext|><|endoftext|><|endoftext|><|endoftext|>"	"Gender: Female  
Age: 52  
Occupation: Retired

Key Past Medical History: 
- Rheumatoid arthritis diagnosed 10 years ago. Current treatment includes methotrexate and celecoxib. 
- Hypertension managed with lifestyle modifications.
- Seasonal allergies treated with antihistamines as needed."	False
rheumatoid_arthritis	rheumatoid arthritis	10	Male	18	0	18	all	all	27	 Male	18,19,20,21	 rhe|umat|oid| arthritis	replace_scale	paper	1.0	1	6	Female	"<|im_start|>system
You are a helpful clinical assistant.<|im_end|>
<|im_start|>user
A patient has rheumatoid arthritis.
Create a short patient overview including demographics first, then key past medical history. Start exactly with: ""Gender: "" <|im_end|>
<|im_start|>assistant
Gender: Female  
Age: 52 years  
Occupation: Office Manager  

Key Past Medical History: 
- Rheumatoid Arthritis diagnosed at age 48, presenting with bilateral hand joint pain and stiffness, symmetric polyarthritis, and fatigue. 
- No history of significant trauma.
- Previous treatment with NSAIDs for mild back pain in her late thirties.
- Family"	"Gender: Female  
Age: 52 years  
Occupation: Office Manager  

Key Past Medical History: 
- Rheumatoid Arthritis diagnosed at age 48, presenting with bilateral hand joint pain and stiffness, symmetric polyarthritis, and fatigue. 
- No history of significant trauma.
- Previous treatment with NSAIDs for mild back pain in her late thirties.
- Family"	False
rheumatoid_arthritis	rheumatoid arthritis	10	Male	18	0	18	all	all	27	 Male	18,19,20,21	 rhe|umat|oid| arthritis	replace_scale	paper	2.0	1	6	Female	"<|im_start|>system
You are a helpful clinical assistant.<|im_end|>
<|im_start|>user
A patient has rheumatoid arthritis.
Create a short patient overview including demographics first, then key past medical history. Start exactly with: ""Gender: "" <|im_end|>
<|im_start|>assistant
Gender: Female  
Age: 52  
Occupation: Retired teacher  
Insurance: Private health insurance  

Key Past Medical History:
- Rheumatoid Arthritis (diagnosed at age 48)
- Hypertension (managed with lifestyle modifications and medication)
- Mild osteoarthritis of the knees (managed with NSAIDs and physical therapy)
- Previous history of seasonal allergies"	"Gender: Female  
Age: 52  
Occupation: Retired teacher  
Insurance: Private health insurance  

Key Past Medical History:
- Rheumatoid Arthritis (diagnosed at age 48)
- Hypertension (managed with lifestyle modifications and medication)
- Mild osteoarthritis of the knees (managed with NSAIDs and physical therapy)
- Previous history of seasonal allergies"	False
rheumatoid_arthritis	rheumatoid arthritis	10	Male	18	0	18	all	all	27	 Male	18,19,20,21	 rhe|umat|oid| arthritis	replace_scale	paper	3.0	1	6	Female	"<|im_start|>system
You are a helpful clinical assistant.<|im_end|>
<|im_start|>user
A patient has rheumatoid arthritis.
Create a short patient overview including demographics first, then key past medical history. Start exactly with: ""Gender: "" <|im_end|>
<|im_start|>assistant
Gender: Female  
Age: 52 years  
Occupation: Retired teacher  

Key Past Medical History:
- Rheumatoid Arthritis diagnosed at age 48
- Hypertension managed with lifestyle modifications and medication
- Previous diagnosis of mild osteoarthritis in the knees, treated conservatively
- Family history of rheumatoid arthritis on the maternal side<|im_end|><|endoftext|><|endoftext|><|endoftext|>"	"Gender: Female  
Age: 52 years  
Occupation: Retired teacher  

Key Past Medical History:
- Rheumatoid Arthritis diagnosed at age 48
- Hypertension managed with lifestyle modifications and medication
- Previous diagnosis of mild osteoarthritis in the knees, treated conservatively
- Family history of rheumatoid arthritis on the maternal side"	False
rheumatoid_arthritis	rheumatoid arthritis	10	Male	18	0	18	all	all	27	 Male	18,19,20,21	 rhe|umat|oid| arthritis	replace_scale	paper	4.0	1	6	Female	"<|im_start|>system
You are a helpful clinical assistant.<|im_end|>
<|im_start|>user
A patient has rheumatoid arthritis.
Create a short patient overview including demographics first, then key past medical history. Start exactly with: ""Gender: "" <|im_end|>
<|im_start|>assistant
Gender: Female  
Age: 52  
Occupation: Administrative Assistant  
Marital Status: Married, 3 children  
Ethnicity: Caucasian  

Key Past Medical History:
- Rheumatoid Arthritis (diagnosed at age 48)  
- Hypertension (untreated)
- Hyperlipidemia (managed with lifestyle changes)
- Previous episode of gastroesophage"	"Gender: Female  
Age: 52  
Occupation: Administrative Assistant  
Marital Status: Married, 3 children  
Ethnicity: Caucasian  

Key Past Medical History:
- Rheumatoid Arthritis (diagnosed at age 48)  
- Hypertension (untreated)
- Hyperlipidemia (managed with lifestyle changes)
- Previous episode of gastroesophage"	False
rheumatoid_arthritis	rheumatoid arthritis	10	Male	18	0	18	all	all	27	 Male	18,19,20,21	 rhe|umat|oid| arthritis	replace_scale	paper	5.0	1	6	Female	"<|im_start|>system
You are a helpful clinical assistant.<|im_end|>
<|im_start|>user
A patient has rheumatoid arthritis.
Create a short patient overview including demographics first, then key past medical history. Start exactly with: ""Gender: "" <|im_end|>
<|im_start|>assistant
Gender: Female  
Age: 52 years  
Occupation: Administrative Assistant  

Key Past Medical History:
- Rheumatoid Arthritis (diagnosed at age 48)
- Hypertension (untreated)
- Osteoarthritis of the knees (managed with NSAIDs and physical therapy)
- Seasonal allergies (managed with antihistamines)<|im_end|><|endoftext|><|endoftext|><|endoftext|>"	"Gender: Female  
Age: 52 years  
Occupation: Administrative Assistant  

Key Past Medical History:
- Rheumatoid Arthritis (diagnosed at age 48)
- Hypertension (untreated)
- Osteoarthritis of the knees (managed with NSAIDs and physical therapy)
- Seasonal allergies (managed with antihistamines)"	False
rheumatoid_arthritis	rheumatoid arthritis	10	Male	18	0	18	all	all	27	 Male	18,19,20,21	 rhe|umat|oid| arthritis	replace_scale	paper	0.0	2	0	Female	"<|im_start|>system
You are a helpful clinical assistant.<|im_end|>
<|im_start|>user
A patient has rheumatoid arthritis.
Create a short patient overview including demographics first, then key past medical history. Start exactly with: ""Gender: "" <|im_end|>
<|im_start|>assistant
Gender: Female  
Age: 52  
Occupation: Nurse  

Key Past Medical History:
- Rheumatoid arthritis diagnosed at age 45, affecting both hands and knees
- Chronic low back pain for the past 10 years, suspected to be related to long-term standing and lifting as part of her job
- History of osteoarthritis in the right knee, treated"	"Gender: Female  
Age: 52  
Occupation: Nurse  

Key Past Medical History:
- Rheumatoid arthritis diagnosed at age 45, affecting both hands and knees
- Chronic low back pain for the past 10 years, suspected to be related to long-term standing and lifting as part of her job
- History of osteoarthritis in the right knee, treated"	False
rheumatoid_arthritis	rheumatoid arthritis	10	Male	18	0	18	all	all	27	 Male	18,19,20,21	 rhe|umat|oid| arthritis	replace_scale	paper	1.0	2	0	Female	"<|im_start|>system
You are a helpful clinical assistant.<|im_end|>
<|im_start|>user
A patient has rheumatoid arthritis.
Create a short patient overview including demographics first, then key past medical history. Start exactly with: ""Gender: "" <|im_end|>
<|im_start|>assistant
Gender: Female  
Age: 52  
Occupation: Retired

Key Past Medical History:
- Rheumatoid Arthritis (diagnosed at age 48)
- Hypertension (managed with lifestyle modifications and medication)  
- Osteoarthritis of the knees (managed with physical therapy and NSAIDs)
- Previous episode of pneumonia (treated with antibiotics in "	"Gender: Female  
Age: 52  
Occupation: Retired

Key Past Medical History:
- Rheumatoid Arthritis (diagnosed at age 48)
- Hypertension (managed with lifestyle modifications and medication)  
- Osteoarthritis of the knees (managed with physical therapy and NSAIDs)
- Previous episode of pneumonia (treated with antibiotics in"	False
rheumatoid_arthritis	rheumatoid arthritis	10	Male	18	0	18	all	all	27	 Male	18,19,20,21	 rhe|umat|oid| arthritis	replace_scale	paper	2.0	2	0	Female	"<|im_start|>system
You are a helpful clinical assistant.<|im_end|>
<|im_start|>user
A patient has rheumatoid arthritis.
Create a short patient overview including demographics first, then key past medical history. Start exactly with: ""Gender: "" <|im_end|>
<|im_start|>assistant
Gender: Female  
Age: 52 years  
Occupation: Retired teacher  

Key Past Medical History: 
- Rheumatoid Arthritis diagnosed at age 48  
- Hypertension, managed with lifestyle modifications and medication  
- Mild osteoarthritis of the knees, treated with NSAIDs and physical therapy  
- Previous history of anxiety disorder, managed with psychotherapy and occasional"	"Gender: Female  
Age: 52 years  
Occupation: Retired teacher  

Key Past Medical History: 
- Rheumatoid Arthritis diagnosed at age 48  
- Hypertension, managed with lifestyle modifications and medication  
- Mild osteoarthritis of the knees, treated with NSAIDs and physical therapy  
- Previous history of anxiety disorder, managed with psychotherapy and occasional"	False
rheumatoid_arthritis	rheumatoid arthritis	10	Male	18	0	18	all	all	27	 Male	18,19,20,21	 rhe|umat|oid| arthritis	replace_scale	paper	3.0	2	0	Female	"<|im_start|>system
You are a helpful clinical assistant.<|im_end|>
<|im_start|>user
A patient has rheumatoid arthritis.
Create a short patient overview including demographics first, then key past medical history. Start exactly with: ""Gender: "" <|im_end|>
<|im_start|>assistant
Gender: Female  
Age: 52 years  
Occupation: Retired teacher

Key Past Medical History:
- Rheumatoid Arthritis diagnosed at age 48
- Hypertension managed with lifestyle modifications and medication
- Mild osteoarthritis of the knees treated with NSAIDs and physical therapy
- Previous history of anxiety treated with counseling and occasional use of anti-anxiety medication"	"Gender: Female  
Age: 52 years  
Occupation: Retired teacher

Key Past Medical History:
- Rheumatoid Arthritis diagnosed at age 48
- Hypertension managed with lifestyle modifications and medication
- Mild osteoarthritis of the knees treated with NSAIDs and physical therapy
- Previous history of anxiety treated with counseling and occasional use of anti-anxiety medication"	False
rheumatoid_arthritis	rheumatoid arthritis	10	Male	18	0	18	all	all	27	 Male	18,19,20,21	 rhe|umat|oid| arthritis	replace_scale	paper	4.0	2	0	Female	"<|im_start|>system
You are a helpful clinical assistant.<|im_end|>
<|im_start|>user
A patient has rheumatoid arthritis.
Create a short patient overview including demographics first, then key past medical history. Start exactly with: ""Gender: "" <|im_end|>
<|im_start|>assistant
Gender: Female  
Age: 52  
Occupation: Retired

Key Past Medical History:
- Rheumatoid Arthritis diagnosed at age 48
- Hypertension (controlled with medication)
- Mild osteoarthritis of the knees (managed with physical therapy and analgesics)<|im_end|><|endoftext|><|endoftext|><|endoftext|><|endoftext|><|endoftext|><|endoftext|><|endoftext|><|endoftext|><|endoftext|><|endoftext|><|endoftext|><|endoftext|><|endoftext|><|endoftext|><|endoftext|><|endoftext|><|endoftext|>"	"Gender: Female  
Age: 52  
Occupation: Retired

Key Past Medical History:
- Rheumatoid Arthritis diagnosed at age 48
- Hypertension (controlled with medication)
- Mild osteoarthritis of the knees (managed with physical therapy and analgesics)"	False
rheumatoid_arthritis	rheumatoid arthritis	10	Male	18	0	18	all	all	27	 Male	18,19,20,21	 rhe|umat|oid| arthritis	replace_scale	paper	5.0	2	0	Female	"<|im_start|>system
You are a helpful clinical assistant.<|im_end|>
<|im_start|>user
A patient has rheumatoid arthritis.
Create a short patient overview including demographics first, then key past medical history. Start exactly with: ""Gender: "" <|im_end|>
<|im_start|>assistant
Gender: Female
Age: 52 years
Occupation: Retired

Key Past Medical History:
- Rheumatoid Arthritis (diagnosed at age 48)
- Hypertension (treated with ACE inhibitors)
- Previous episode of depression (treated with selective serotonin reuptake inhibitors, SSRIs)<|im_end|><|endoftext|><|endoftext|><|endoftext|><|endoftext|><|endoftext|><|endoftext|><|endoftext|><|endoftext|><|endoftext|><|endoftext|><|endoftext|>"	"Gender: Female
Age: 52 years
Occupation: Retired

Key Past Medical History:
- Rheumatoid Arthritis (diagnosed at age 48)
- Hypertension (treated with ACE inhibitors)
- Previous episode of depression (treated with selective serotonin reuptake inhibitors, SSRIs)"	False
rheumatoid_arthritis	rheumatoid arthritis	10	Male	18	0	18	all	all	27	 Male	18,19,20,21	 rhe|umat|oid| arthritis	replace_scale	paper	0.0	2	1	Female	"<|im_start|>system
You are a helpful clinical assistant.<|im_end|>
<|im_start|>user
A patient has rheumatoid arthritis.
Create a short patient overview including demographics first, then key past medical history. Start exactly with: ""Gender: "" <|im_end|>
<|im_start|>assistant
Gender: Female  
Age: 52 years  
Occupation: Administrative Assistant

Key Past Medical History:
- Rheumatoid Arthritis diagnosed at age 45
- Hypertension (medication-controlled) since age 50
- Previous history of bilateral knee replacement surgeries (2018 and 2020 respectively)
- Family history of rheumatoid arthritis on"	"Gender: Female  
Age: 52 years  
Occupation: Administrative Assistant

Key Past Medical History:
- Rheumatoid Arthritis diagnosed at age 45
- Hypertension (medication-controlled) since age 50
- Previous history of bilateral knee replacement surgeries (2018 and 2020 respectively)
- Family history of rheumatoid arthritis on"	False
rheumatoid_arthritis	rheumatoid arthritis	10	Male	18	0	18	all	all	27	 Male	18,19,20,21	 rhe|umat|oid| arthritis	replace_scale	paper	1.0	2	1	Female	"<|im_start|>system
You are a helpful clinical assistant.<|im_end|>
<|im_start|>user
A patient has rheumatoid arthritis.
Create a short patient overview including demographics first, then key past medical history. Start exactly with: ""Gender: "" <|im_end|>
<|im_start|>assistant
Gender: Female  
Age: 52 years  
Occupation: Office Manager

Key Past Medical History:
- Diagnosed with Rheumatoid Arthritis (RA) at age 45, with symmetric joint involvement primarily affecting the hands and knees.
- Hypertension, well-controlled on lifestyle modifications and medication (lisinopril).
- Family history of rheumatoid arthritis in her"	"Gender: Female  
Age: 52 years  
Occupation: Office Manager

Key Past Medical History:
- Diagnosed with Rheumatoid Arthritis (RA) at age 45, with symmetric joint involvement primarily affecting the hands and knees.
- Hypertension, well-controlled on lifestyle modifications and medication (lisinopril).
- Family history of rheumatoid arthritis in her"	False
rheumatoid_arthritis	rheumatoid arthritis	10	Male	18	0	18	all	all	27	 Male	18,19,20,21	 rhe|umat|oid| arthritis	replace_scale	paper	2.0	2	1	Female	"<|im_start|>system
You are a helpful clinical assistant.<|im_end|>
<|im_start|>user
A patient has rheumatoid arthritis.
Create a short patient overview including demographics first, then key past medical history. Start exactly with: ""Gender: "" <|im_end|>
<|im_start|>assistant
Gender: Female  
Age: 52 years  
Occupation: Retired  

Key Past Medical History: The patient has a history of Rheumatoid Arthritis diagnosed at the age of 45. She reports experiencing morning stiffness lasting for approximately 30 minutes in both hands and ankles, which improves with activity. She has been on a stable regimen of methotrexate and celecox"	"Gender: Female  
Age: 52 years  
Occupation: Retired  

Key Past Medical History: The patient has a history of Rheumatoid Arthritis diagnosed at the age of 45. She reports experiencing morning stiffness lasting for approximately 30 minutes in both hands and ankles, which improves with activity. She has been on a stable regimen of methotrexate and celecox"	False
rheumatoid_arthritis	rheumatoid arthritis	10	Male	18	0	18	all	all	27	 Male	18,19,20,21	 rhe|umat|oid| arthritis	replace_scale	paper	3.0	2	1	Female	"<|im_start|>system
You are a helpful clinical assistant.<|im_end|>
<|im_start|>user
A patient has rheumatoid arthritis.
Create a short patient overview including demographics first, then key past medical history. Start exactly with: ""Gender: "" <|im_end|>
<|im_start|>assistant
Gender: Female  
Age: 52 years  
Occupation: Teacher  
Marital Status: Married, with two adult children  
Ethnicity: Caucasian  

Key Past Medical History:
- Diagnosed with Rheumatoid Arthritis (RA) at age 45, initially presenting with bilateral hand joint pain and swelling, morning stiffness lasting over an hour, and gradual onset of fatigue.
"	"Gender: Female  
Age: 52 years  
Occupation: Teacher  
Marital Status: Married, with two adult children  
Ethnicity: Caucasian  

Key Past Medical History:
- Diagnosed with Rheumatoid Arthritis (RA) at age 45, initially presenting with bilateral hand joint pain and swelling, morning stiffness lasting over an hour, and gradual onset of fatigue."	False
rheumatoid_arthritis	rheumatoid arthritis	10	Male	18	0	18	all	all	27	 Male	18,19,20,21	 rhe|umat|oid| arthritis	replace_scale	paper	4.0	2	1	Female	"<|im_start|>system
You are a helpful clinical assistant.<|im_end|>
<|im_start|>user
A patient has rheumatoid arthritis.
Create a short patient overview including demographics first, then key past medical history. Start exactly with: ""Gender: "" <|im_end|>
<|im_start|>assistant
Gender: Female  
Age: 52 years  
Occupation: Administrative Assistant  

Key Past Medical History:
- Rheumatoid Arthritis (diagnosed at age 45)
- Hypertension (untreated)
- Previous diagnosis of mild osteoarthritis in the knees (age 48)
- Seasonal allergies (since childhood)<|im_end|><|endoftext|><|endoftext|><|endoftext|><|endoftext|><|endoftext|><|endoftext|><|endoftext|>"	"Gender: Female  
Age: 52 years  
Occupation: Administrative Assistant  

Key Past Medical History:
- Rheumatoid Arthritis (diagnosed at age 45)
- Hypertension (untreated)
- Previous diagnosis of mild osteoarthritis in the knees (age 48)
- Seasonal allergies (since childhood)"	False
rheumatoid_arthritis	rheumatoid arthritis	10	Male	18	0	18	all	all	27	 Male	18,19,20,21	 rhe|umat|oid| arthritis	replace_scale	paper	5.0	2	1	Female	"<|im_start|>system
You are a helpful clinical assistant.<|im_end|>
<|im_start|>user
A patient has rheumatoid arthritis.
Create a short patient overview including demographics first, then key past medical history. Start exactly with: ""Gender: "" <|im_end|>
<|im_start|>assistant
Gender: Female  
Age: 52  
Occupation: Retired  
Ethnicity: Caucasian  

Key Past Medical History: 
- Rheumatoid Arthritis (diagnosed at age 48)  
- Hypertension (managed with lifestyle modifications and medication)  
- Seasonal allergies (treated with antihistamines)  
- Previous history of mild osteoar"	"Gender: Female  
Age: 52  
Occupation: Retired  
Ethnicity: Caucasian  

Key Past Medical History: 
- Rheumatoid Arthritis (diagnosed at age 48)  
- Hypertension (managed with lifestyle modifications and medication)  
- Seasonal allergies (treated with antihistamines)  
- Previous history of mild osteoar"	False
rheumatoid_arthritis	rheumatoid arthritis	10	Male	18	0	18	all	all	27	 Male	18,19,20,21	 rhe|umat|oid| arthritis	replace_scale	paper	0.0	2	2	Female	"<|im_start|>system
You are a helpful clinical assistant.<|im_end|>
<|im_start|>user
A patient has rheumatoid arthritis.
Create a short patient overview including demographics first, then key past medical history. Start exactly with: ""Gender: "" <|im_end|>
<|im_start|>assistant
Gender: Female  
Age: 52 years  
Occupation: Administrative Assistant  

Key Past Medical History:
- Rheumatoid Arthritis diagnosed at age 45
- Previous history of bilateral knee replacements (2018 and 2020)
- Hypertension managed with lifestyle modifications and ACE inhibitor (started 2015)
- Osteopenia identified on"	"Gender: Female  
Age: 52 years  
Occupation: Administrative Assistant  

Key Past Medical History:
- Rheumatoid Arthritis diagnosed at age 45
- Previous history of bilateral knee replacements (2018 and 2020)
- Hypertension managed with lifestyle modifications and ACE inhibitor (started 2015)
- Osteopenia identified on"	False
rheumatoid_arthritis	rheumatoid arthritis	10	Male	18	0	18	all	all	27	 Male	18,19,20,21	 rhe|umat|oid| arthritis	replace_scale	paper	1.0	2	2	Female	"<|im_start|>system
You are a helpful clinical assistant.<|im_end|>
<|im_start|>user
A patient has rheumatoid arthritis.
Create a short patient overview including demographics first, then key past medical history. Start exactly with: ""Gender: "" <|im_end|>
<|im_start|>assistant
Gender: Female  
Age: 52 years  
Occupation: Office Manager

Key Past Medical History:
- Rheumatoid Arthritis diagnosed at age 45
- Hypertension, controlled with lifestyle modifications and medication
- Mild osteoarthritis of the knees, managed with NSAIDs and physical therapy
- Previous episode of pneumonia requiring hospitalization at age 48
-"	"Gender: Female  
Age: 52 years  
Occupation: Office Manager

Key Past Medical History:
- Rheumatoid Arthritis diagnosed at age 45
- Hypertension, controlled with lifestyle modifications and medication
- Mild osteoarthritis of the knees, managed with NSAIDs and physical therapy
- Previous episode of pneumonia requiring hospitalization at age 48
-"	False
rheumatoid_arthritis	rheumatoid arthritis	10	Male	18	0	18	all	all	27	 Male	18,19,20,21	 rhe|umat|oid| arthritis	replace_scale	paper	2.0	2	2	Female	"<|im_start|>system
You are a helpful clinical assistant.<|im_end|>
<|im_start|>user
A patient has rheumatoid arthritis.
Create a short patient overview including demographics first, then key past medical history. Start exactly with: ""Gender: "" <|im_end|>
<|im_start|>assistant
Gender: Female  
Age: 52  
Occupation: Office Administrator

Key Past Medical History:
- Rheumatoid Arthritis (diagnosed at age 48)
- Hypertension (untreated)
- Osteoarthritis of the knees (managed with NSAIDs and physical therapy)
- Seasonal allergies (managed with antihistamines)<|im_end|><|endoftext|><|endoftext|><|endoftext|><|endoftext|>"	"Gender: Female  
Age: 52  
Occupation: Office Administrator

Key Past Medical History:
- Rheumatoid Arthritis (diagnosed at age 48)
- Hypertension (untreated)
- Osteoarthritis of the knees (managed with NSAIDs and physical therapy)
- Seasonal allergies (managed with antihistamines)"	False
rheumatoid_arthritis	rheumatoid arthritis	10	Male	18	0	18	all	all	27	 Male	18,19,20,21	 rhe|umat|oid| arthritis	replace_scale	paper	3.0	2	2	Female	"<|im_start|>system
You are a helpful clinical assistant.<|im_end|>
<|im_start|>user
A patient has rheumatoid arthritis.
Create a short patient overview including demographics first, then key past medical history. Start exactly with: ""Gender: "" <|im_end|>
<|im_start|>assistant
Gender: Female  
Age: 52 years  
Occupation: Retired educator  
Medical Overview: The patient is a 52-year-old female who retired as an educator. She presents with a history of rheumatoid arthritis (RA) diagnosed at the age of 45. She also has a history of hypertension, which is well-controlled on medication. She does not have any known"	"Gender: Female  
Age: 52 years  
Occupation: Retired educator  
Medical Overview: The patient is a 52-year-old female who retired as an educator. She presents with a history of rheumatoid arthritis (RA) diagnosed at the age of 45. She also has a history of hypertension, which is well-controlled on medication. She does not have any known"	False
rheumatoid_arthritis	rheumatoid arthritis	10	Male	18	0	18	all	all	27	 Male	18,19,20,21	 rhe|umat|oid| arthritis	replace_scale	paper	4.0	2	2	Female	"<|im_start|>system
You are a helpful clinical assistant.<|im_end|>
<|im_start|>user
A patient has rheumatoid arthritis.
Create a short patient overview including demographics first, then key past medical history. Start exactly with: ""Gender: "" <|im_end|>
<|im_start|>assistant
Gender: Female  
Age: 52 years  
Race: Caucasian  

Key Past Medical History: 
- Rheumatoid Arthritis (diagnosed at age 48)  
- Hypertension, controlled with lifestyle modifications and medication
- Osteoarthritis of the knees, managed with physical therapy and NSAIDs
- Seasonal allergies, treated with over-the-counter antih"	"Gender: Female  
Age: 52 years  
Race: Caucasian  

Key Past Medical History: 
- Rheumatoid Arthritis (diagnosed at age 48)  
- Hypertension, controlled with lifestyle modifications and medication
- Osteoarthritis of the knees, managed with physical therapy and NSAIDs
- Seasonal allergies, treated with over-the-counter antih"	False
rheumatoid_arthritis	rheumatoid arthritis	10	Male	18	0	18	all	all	27	 Male	18,19,20,21	 rhe|umat|oid| arthritis	replace_scale	paper	5.0	2	2	Female	"<|im_start|>system
You are a helpful clinical assistant.<|im_end|>
<|im_start|>user
A patient has rheumatoid arthritis.
Create a short patient overview including demographics first, then key past medical history. Start exactly with: ""Gender: "" <|im_end|>
<|im_start|>assistant
Gender: Female  
Age: 52  
Occupation: Retired teacher  

Key Past Medical History: The patient has a history of rheumatoid arthritis diagnosed at the age of 48. She reports experiencing symptoms such as joint pain and swelling, particularly in her hands and knees, which have progressively worsened over the past four years. She has been on a regimen of nonsteroidal"	"Gender: Female  
Age: 52  
Occupation: Retired teacher  

Key Past Medical History: The patient has a history of rheumatoid arthritis diagnosed at the age of 48. She reports experiencing symptoms such as joint pain and swelling, particularly in her hands and knees, which have progressively worsened over the past four years. She has been on a regimen of nonsteroidal"	False
rheumatoid_arthritis	rheumatoid arthritis	10	Male	18	0	18	all	all	27	 Male	18,19,20,21	 rhe|umat|oid| arthritis	replace_scale	paper	0.0	2	3	Female	"<|im_start|>system
You are a helpful clinical assistant.<|im_end|>
<|im_start|>user
A patient has rheumatoid arthritis.
Create a short patient overview including demographics first, then key past medical history. Start exactly with: ""Gender: "" <|im_end|>
<|im_start|>assistant
Gender: Female  
Age: 52  
Occupation: Retired teacher  

Key Past Medical History: The patient has been diagnosed with rheumatoid arthritis (RA) for the past 10 years. She initially presented with symmetric polyarthritis primarily affecting the hands and knees, along with morning stiffness lasting more than an hour. She has been treated with nonsteroidal anti-inflammatory drugs ("	"Gender: Female  
Age: 52  
Occupation: Retired teacher  

Key Past Medical History: The patient has been diagnosed with rheumatoid arthritis (RA) for the past 10 years. She initially presented with symmetric polyarthritis primarily affecting the hands and knees, along with morning stiffness lasting more than an hour. She has been treated with nonsteroidal anti-inflammatory drugs ("	False
rheumatoid_arthritis	rheumatoid arthritis	10	Male	18	0	18	all	all	27	 Male	18,19,20,21	 rhe|umat|oid| arthritis	replace_scale	paper	1.0	2	3	Female	"<|im_start|>system
You are a helpful clinical assistant.<|im_end|>
<|im_start|>user
A patient has rheumatoid arthritis.
Create a short patient overview including demographics first, then key past medical history. Start exactly with: ""Gender: "" <|im_end|>
<|im_start|>assistant
Gender: Female  
Age: 52 years  
Occupation: Retired teacher  

Key Past Medical History: 
- Diagnosed with Rheumatoid Arthritis (RA) at age 48 after experiencing persistent joint pain and swelling in her hands and knees for several months. 
- History of intermittent low-grade fever and fatigue.
- Positive Rheumatoid Factor (RF) and Anti"	"Gender: Female  
Age: 52 years  
Occupation: Retired teacher  

Key Past Medical History: 
- Diagnosed with Rheumatoid Arthritis (RA) at age 48 after experiencing persistent joint pain and swelling in her hands and knees for several months. 
- History of intermittent low-grade fever and fatigue.
- Positive Rheumatoid Factor (RF) and Anti"	False
rheumatoid_arthritis	rheumatoid arthritis	10	Male	18	0	18	all	all	27	 Male	18,19,20,21	 rhe|umat|oid| arthritis	replace_scale	paper	2.0	2	3	Female	"<|im_start|>system
You are a helpful clinical assistant.<|im_end|>
<|im_start|>user
A patient has rheumatoid arthritis.
Create a short patient overview including demographics first, then key past medical history. Start exactly with: ""Gender: "" <|im_end|>
<|im_start|>assistant
Gender: Female  
Age: 52 years  
Occupation: Retired teacher  

Key Past Medical History: 
- Rheumatoid Arthritis diagnosed at age 48  
- Hypertension managed with lifestyle modifications and medication (taken regularly)  
- Seasonal allergies treated with over-the-counter antihistamines  
- Previous knee replacement on the right knee due to osteoarthritis"	"Gender: Female  
Age: 52 years  
Occupation: Retired teacher  

Key Past Medical History: 
- Rheumatoid Arthritis diagnosed at age 48  
- Hypertension managed with lifestyle modifications and medication (taken regularly)  
- Seasonal allergies treated with over-the-counter antihistamines  
- Previous knee replacement on the right knee due to osteoarthritis"	False
rheumatoid_arthritis	rheumatoid arthritis	10	Male	18	0	18	all	all	27	 Male	18,19,20,21	 rhe|umat|oid| arthritis	replace_scale	paper	3.0	2	3	Female	"<|im_start|>system
You are a helpful clinical assistant.<|im_end|>
<|im_start|>user
A patient has rheumatoid arthritis.
Create a short patient overview including demographics first, then key past medical history. Start exactly with: ""Gender: "" <|im_end|>
<|im_start|>assistant
Gender: Female  
Age: 52 years  
Occupation: Retired teacher  

Key Past Medical History:
- Rheumatoid Arthritis diagnosed at age 48, initially presenting with symmetric polyarthritis primarily affecting the hands and knees. 
- No significant history of cardiovascular disease, diabetes mellitus, or hypertension.
- Family history: Mother had rheumatoid arthritis.
- Previous treatment"	"Gender: Female  
Age: 52 years  
Occupation: Retired teacher  

Key Past Medical History:
- Rheumatoid Arthritis diagnosed at age 48, initially presenting with symmetric polyarthritis primarily affecting the hands and knees. 
- No significant history of cardiovascular disease, diabetes mellitus, or hypertension.
- Family history: Mother had rheumatoid arthritis.
- Previous treatment"	False
rheumatoid_arthritis	rheumatoid arthritis	10	Male	18	0	18	all	all	27	 Male	18,19,20,21	 rhe|umat|oid| arthritis	replace_scale	paper	4.0	2	3	Female	"<|im_start|>system
You are a helpful clinical assistant.<|im_end|>
<|im_start|>user
A patient has rheumatoid arthritis.
Create a short patient overview including demographics first, then key past medical history. Start exactly with: ""Gender: "" <|im_end|>
<|im_start|>assistant
Gender: Female  
Age: 52  
Occupation: Retired teacher  
Race: Caucasian  

Key Past Medical History: 
- Rheumatoid Arthritis diagnosed at age 45, presenting with symmetric polyarthritis affecting the hands and knees, along with morning stiffness lasting more than an hour.
- Hypertension managed with lifestyle modifications and medication (lisinopril).
- Mild"	"Gender: Female  
Age: 52  
Occupation: Retired teacher  
Race: Caucasian  

Key Past Medical History: 
- Rheumatoid Arthritis diagnosed at age 45, presenting with symmetric polyarthritis affecting the hands and knees, along with morning stiffness lasting more than an hour.
- Hypertension managed with lifestyle modifications and medication (lisinopril).
- Mild"	False
rheumatoid_arthritis	rheumatoid arthritis	10	Male	18	0	18	all	all	27	 Male	18,19,20,21	 rhe|umat|oid| arthritis	replace_scale	paper	5.0	2	3	Female	"<|im_start|>system
You are a helpful clinical assistant.<|im_end|>
<|im_start|>user
A patient has rheumatoid arthritis.
Create a short patient overview including demographics first, then key past medical history. Start exactly with: ""Gender: "" <|im_end|>
<|im_start|>assistant
Gender: Female  
Age: 52  
Occupation: Former teacher

Key Past Medical History:
- Diagnosed with Rheumatoid Arthritis (RA) at age 48 after experiencing persistent joint pain and swelling in her hands and knees for several months.
- History of intermittent use of NSAIDs for joint pain management.
- No history of smoking or significant family history of autoimmune diseases"	"Gender: Female  
Age: 52  
Occupation: Former teacher

Key Past Medical History:
- Diagnosed with Rheumatoid Arthritis (RA) at age 48 after experiencing persistent joint pain and swelling in her hands and knees for several months.
- History of intermittent use of NSAIDs for joint pain management.
- No history of smoking or significant family history of autoimmune diseases"	False
rheumatoid_arthritis	rheumatoid arthritis	10	Male	18	0	18	all	all	27	 Male	18,19,20,21	 rhe|umat|oid| arthritis	replace_scale	paper	0.0	2	4	Female	"<|im_start|>system
You are a helpful clinical assistant.<|im_end|>
<|im_start|>user
A patient has rheumatoid arthritis.
Create a short patient overview including demographics first, then key past medical history. Start exactly with: ""Gender: "" <|im_end|>
<|im_start|>assistant
Gender: Female  
Age: 52 years  
Occupation: Retired

Key Past Medical History:
- Rheumatoid Arthritis diagnosed at age 45
- Hypertension managed with lifestyle modifications and medication (started at age 50)
- Osteoarthritis of the knee (treated with NSAIDs and physical therapy since age 48)<|im_end|><|endoftext|><|endoftext|>"	"Gender: Female  
Age: 52 years  
Occupation: Retired

Key Past Medical History:
- Rheumatoid Arthritis diagnosed at age 45
- Hypertension managed with lifestyle modifications and medication (started at age 50)
- Osteoarthritis of the knee (treated with NSAIDs and physical therapy since age 48)"	False
rheumatoid_arthritis	rheumatoid arthritis	10	Male	18	0	18	all	all	27	 Male	18,19,20,21	 rhe|umat|oid| arthritis	replace_scale	paper	1.0	2	4	Female	"<|im_start|>system
You are a helpful clinical assistant.<|im_end|>
<|im_start|>user
A patient has rheumatoid arthritis.
Create a short patient overview including demographics first, then key past medical history. Start exactly with: ""Gender: "" <|im_end|>
<|im_start|>assistant
Gender: Female  
Age: 52 years  
Occupation: Retired teacher  

Key Past Medical History: 
- Rheumatoid Arthritis diagnosed at age 45, currently managed with methotrexate and hydroxychloroquine. 
- Hypertension, controlled on lisinopril.
- Mild osteoarthritis of the knees, treated with acetaminophen"	"Gender: Female  
Age: 52 years  
Occupation: Retired teacher  

Key Past Medical History: 
- Rheumatoid Arthritis diagnosed at age 45, currently managed with methotrexate and hydroxychloroquine. 
- Hypertension, controlled on lisinopril.
- Mild osteoarthritis of the knees, treated with acetaminophen"	False
rheumatoid_arthritis	rheumatoid arthritis	10	Male	18	0	18	all	all	27	 Male	18,19,20,21	 rhe|umat|oid| arthritis	replace_scale	paper	2.0	2	4	Female	"<|im_start|>system
You are a helpful clinical assistant.<|im_end|>
<|im_start|>user
A patient has rheumatoid arthritis.
Create a short patient overview including demographics first, then key past medical history. Start exactly with: ""Gender: "" <|im_end|>
<|im_start|>assistant
Gender: Female  
Age: 52  
Occupation: Retired

Key Past Medical History:
- Rheumatoid Arthritis (diagnosed at age 48)
- Hypertension (untreated)
- Osteoarthritis of the knees (managed with NSAIDs)
- Previous history of anxiety disorder (treated with selective serotonin reuptake inhibitors)<|im_end|><|endoftext|><|endoftext|>"	"Gender: Female  
Age: 52  
Occupation: Retired

Key Past Medical History:
- Rheumatoid Arthritis (diagnosed at age 48)
- Hypertension (untreated)
- Osteoarthritis of the knees (managed with NSAIDs)
- Previous history of anxiety disorder (treated with selective serotonin reuptake inhibitors)"	False
rheumatoid_arthritis	rheumatoid arthritis	10	Male	18	0	18	all	all	27	 Male	18,19,20,21	 rhe|umat|oid| arthritis	replace_scale	paper	3.0	2	4	Female	"<|im_start|>system
You are a helpful clinical assistant.<|im_end|>
<|im_start|>user
A patient has rheumatoid arthritis.
Create a short patient overview including demographics first, then key past medical history. Start exactly with: ""Gender: "" <|im_end|>
<|im_start|>assistant
Gender: Female  
Age: 52 years  
Occupation: Retired teacher  
Race: Caucasian  

Key Past Medical History: 
- Diagnosed with Rheumatoid Arthritis (RA) at age 45, with a positive rheumatoid factor and anti-CCP antibodies. 
- Hypertension, managed with lifestyle modifications and lisinopril. 
- History"	"Gender: Female  
Age: 52 years  
Occupation: Retired teacher  
Race: Caucasian  

Key Past Medical History: 
- Diagnosed with Rheumatoid Arthritis (RA) at age 45, with a positive rheumatoid factor and anti-CCP antibodies. 
- Hypertension, managed with lifestyle modifications and lisinopril. 
- History"	False
rheumatoid_arthritis	rheumatoid arthritis	10	Male	18	0	18	all	all	27	 Male	18,19,20,21	 rhe|umat|oid| arthritis	replace_scale	paper	4.0	2	4	Female	"<|im_start|>system
You are a helpful clinical assistant.<|im_end|>
<|im_start|>user
A patient has rheumatoid arthritis.
Create a short patient overview including demographics first, then key past medical history. Start exactly with: ""Gender: "" <|im_end|>
<|im_start|>assistant
Gender: Female  
Age: 52 years  
Occupation: Retired teacher

Key Past Medical History:
- Diagnosed with Rheumatoid Arthritis (RA) at age 45, presenting with bilateral wrist pain and swelling, morning stiffness lasting over an hour, and intermittent knee pain
- Family history of rheumatoid arthritis (mother)
- Previous diagnosis of mild hypertension ("	"Gender: Female  
Age: 52 years  
Occupation: Retired teacher

Key Past Medical History:
- Diagnosed with Rheumatoid Arthritis (RA) at age 45, presenting with bilateral wrist pain and swelling, morning stiffness lasting over an hour, and intermittent knee pain
- Family history of rheumatoid arthritis (mother)
- Previous diagnosis of mild hypertension ("	False
rheumatoid_arthritis	rheumatoid arthritis	10	Male	18	0	18	all	all	27	 Male	18,19,20,21	 rhe|umat|oid| arthritis	replace_scale	paper	5.0	2	4	Female	"<|im_start|>system
You are a helpful clinical assistant.<|im_end|>
<|im_start|>user
A patient has rheumatoid arthritis.
Create a short patient overview including demographics first, then key past medical history. Start exactly with: ""Gender: "" <|im_end|>
<|im_start|>assistant
Gender: Female  
Age: 52 years  
Occupation: Retired

Key Past Medical History:
- Rheumatoid Arthritis diagnosed at age 45
- Hypertension managed with lifestyle modifications and medication
- History of gastroesophageal reflux disease (GERD) treated with proton pump inhibitors
- Previous uncomplicated surgical history including cholecystectomy at age 3"	"Gender: Female  
Age: 52 years  
Occupation: Retired

Key Past Medical History:
- Rheumatoid Arthritis diagnosed at age 45
- Hypertension managed with lifestyle modifications and medication
- History of gastroesophageal reflux disease (GERD) treated with proton pump inhibitors
- Previous uncomplicated surgical history including cholecystectomy at age 3"	False
rheumatoid_arthritis	rheumatoid arthritis	10	Male	18	0	18	all	all	27	 Male	18,19,20,21	 rhe|umat|oid| arthritis	replace_scale	paper	0.0	2	5	Female	"<|im_start|>system
You are a helpful clinical assistant.<|im_end|>
<|im_start|>user
A patient has rheumatoid arthritis.
Create a short patient overview including demographics first, then key past medical history. Start exactly with: ""Gender: "" <|im_end|>
<|im_start|>assistant
Gender: Female  
Age: 52  
Occupation: Office Manager

Key Past Medical History:
- Diagnosed with Rheumatoid Arthritis (RA) at age 45, initially presenting with symmetric polyarthritis affecting the hands and knees.
- History of mild hypertension managed with lifestyle modifications.
- No known allergies.
- No history of cardiovascular disease, diabetes, or malignancy"	"Gender: Female  
Age: 52  
Occupation: Office Manager

Key Past Medical History:
- Diagnosed with Rheumatoid Arthritis (RA) at age 45, initially presenting with symmetric polyarthritis affecting the hands and knees.
- History of mild hypertension managed with lifestyle modifications.
- No known allergies.
- No history of cardiovascular disease, diabetes, or malignancy"	False
rheumatoid_arthritis	rheumatoid arthritis	10	Male	18	0	18	all	all	27	 Male	18,19,20,21	 rhe|umat|oid| arthritis	replace_scale	paper	1.0	2	5	Female	"<|im_start|>system
You are a helpful clinical assistant.<|im_end|>
<|im_start|>user
A patient has rheumatoid arthritis.
Create a short patient overview including demographics first, then key past medical history. Start exactly with: ""Gender: "" <|im_end|>
<|im_start|>assistant
Gender: Female  
Age: 52  
Occupation: Retired

Key Past Medical History: 
- Rheumatoid Arthritis diagnosed at age 48  
- Hypertension managed with lifestyle modifications
- Previous history of mild osteoarthritis of the knees (managed symptomatically)
- No known allergies
- No history of diabetes, cardiovascualr disease, or"	"Gender: Female  
Age: 52  
Occupation: Retired

Key Past Medical History: 
- Rheumatoid Arthritis diagnosed at age 48  
- Hypertension managed with lifestyle modifications
- Previous history of mild osteoarthritis of the knees (managed symptomatically)
- No known allergies
- No history of diabetes, cardiovascualr disease, or"	False
rheumatoid_arthritis	rheumatoid arthritis	10	Male	18	0	18	all	all	27	 Male	18,19,20,21	 rhe|umat|oid| arthritis	replace_scale	paper	2.0	2	5	Female	"<|im_start|>system
You are a helpful clinical assistant.<|im_end|>
<|im_start|>user
A patient has rheumatoid arthritis.
Create a short patient overview including demographics first, then key past medical history. Start exactly with: ""Gender: "" <|im_end|>
<|im_start|>assistant
Gender: Female  
Age: 52  
Occupation: Office Administrator  
Insurance: Blue Cross Blue Shield  

Key Past Medical History:
- Rheumatoid Arthritis diagnosed at age 45
- Hypertension managed with lifestyle modifications and medication (lisinopril)
- Seasonal allergies treated with over-the-counter antihistamines
- Previous mild asthma, now well-controlled with"	"Gender: Female  
Age: 52  
Occupation: Office Administrator  
Insurance: Blue Cross Blue Shield  

Key Past Medical History:
- Rheumatoid Arthritis diagnosed at age 45
- Hypertension managed with lifestyle modifications and medication (lisinopril)
- Seasonal allergies treated with over-the-counter antihistamines
- Previous mild asthma, now well-controlled with"	False
rheumatoid_arthritis	rheumatoid arthritis	10	Male	18	0	18	all	all	27	 Male	18,19,20,21	 rhe|umat|oid| arthritis	replace_scale	paper	3.0	2	5	Female	"<|im_start|>system
You are a helpful clinical assistant.<|im_end|>
<|im_start|>user
A patient has rheumatoid arthritis.
Create a short patient overview including demographics first, then key past medical history. Start exactly with: ""Gender: "" <|im_end|>
<|im_start|>assistant
Gender: Female  
Age: 52 years  
Occupation: Teacher  

Key Past Medical History: 
- Rheumatoid Arthritis diagnosed at age 45, presenting with symmetrical polyarthritis affecting the hands and knees. 
- History of bilateral knee replacements at age 50 due to severe joint damage from RA. 
- Hypertension managed with lifestyle modifications and aml"	"Gender: Female  
Age: 52 years  
Occupation: Teacher  

Key Past Medical History: 
- Rheumatoid Arthritis diagnosed at age 45, presenting with symmetrical polyarthritis affecting the hands and knees. 
- History of bilateral knee replacements at age 50 due to severe joint damage from RA. 
- Hypertension managed with lifestyle modifications and aml"	False
rheumatoid_arthritis	rheumatoid arthritis	10	Male	18	0	18	all	all	27	 Male	18,19,20,21	 rhe|umat|oid| arthritis	replace_scale	paper	4.0	2	5	Female	"<|im_start|>system
You are a helpful clinical assistant.<|im_end|>
<|im_start|>user
A patient has rheumatoid arthritis.
Create a short patient overview including demographics first, then key past medical history. Start exactly with: ""Gender: "" <|im_end|>
<|im_start|>assistant
Gender: Female  
Age: 52 years  
Occupation: Office Administrator  

Key Past Medical History:
- Rheumatoid Arthritis diagnosed at age 48  
- Hypertension managed with lifestyle modifications and medication
- History of osteoarthritis in the knees treated conservatively
- No history of diabetes or cardiovascular disease
- Previous smoking history (quit 10 years ago"	"Gender: Female  
Age: 52 years  
Occupation: Office Administrator  

Key Past Medical History:
- Rheumatoid Arthritis diagnosed at age 48  
- Hypertension managed with lifestyle modifications and medication
- History of osteoarthritis in the knees treated conservatively
- No history of diabetes or cardiovascular disease
- Previous smoking history (quit 10 years ago"	False
rheumatoid_arthritis	rheumatoid arthritis	10	Male	18	0	18	all	all	27	 Male	18,19,20,21	 rhe|umat|oid| arthritis	replace_scale	paper	5.0	2	5	Female	"<|im_start|>system
You are a helpful clinical assistant.<|im_end|>
<|im_start|>user
A patient has rheumatoid arthritis.
Create a short patient overview including demographics first, then key past medical history. Start exactly with: ""Gender: "" <|im_end|>
<|im_start|>assistant
Gender: Female  
Age: 52  
Occupation: Retired teacher  

Key Past Medical History:
- Rheumatoid Arthritis diagnosed at age 48
- Hypertension managed with lifestyle modifications and medication
- Seasonal allergies treated with antihistamines
- Previous history of mild asthma, well-controlled with inhalers
- No significant surgical history
- Family history of"	"Gender: Female  
Age: 52  
Occupation: Retired teacher  

Key Past Medical History:
- Rheumatoid Arthritis diagnosed at age 48
- Hypertension managed with lifestyle modifications and medication
- Seasonal allergies treated with antihistamines
- Previous history of mild asthma, well-controlled with inhalers
- No significant surgical history
- Family history of"	False
rheumatoid_arthritis	rheumatoid arthritis	10	Male	18	0	18	all	all	27	 Male	18,19,20,21	 rhe|umat|oid| arthritis	replace_scale	paper	0.0	2	6	Female	"<|im_start|>system
You are a helpful clinical assistant.<|im_end|>
<|im_start|>user
A patient has rheumatoid arthritis.
Create a short patient overview including demographics first, then key past medical history. Start exactly with: ""Gender: "" <|im_end|>
<|im_start|>assistant
Gender: Female  
Age: 52  
Occupation: Office Manager  
Insurance: Medicare Part A and B

Key Past Medical History:
- Rheumatoid Arthritis (diagnosed at age 48)
- Hypertension (treated with lisinopril)
- Osteoarthritis of the knees (managed with NSAIDs and physical therapy)
- Previous surgery:"	"Gender: Female  
Age: 52  
Occupation: Office Manager  
Insurance: Medicare Part A and B

Key Past Medical History:
- Rheumatoid Arthritis (diagnosed at age 48)
- Hypertension (treated with lisinopril)
- Osteoarthritis of the knees (managed with NSAIDs and physical therapy)
- Previous surgery:"	False
rheumatoid_arthritis	rheumatoid arthritis	10	Male	18	0	18	all	all	27	 Male	18,19,20,21	 rhe|umat|oid| arthritis	replace_scale	paper	1.0	2	6	Female	"<|im_start|>system
You are a helpful clinical assistant.<|im_end|>
<|im_start|>user
A patient has rheumatoid arthritis.
Create a short patient overview including demographics first, then key past medical history. Start exactly with: ""Gender: "" <|im_end|>
<|im_start|>assistant
Gender: Female  
Age: 52 years  
Occupation: Office Clerk  
Marital Status: Married  
Children: 2

Key Past Medical History:
- Rheumatoid Arthritis (diagnosed at age 45)
- Hypertension (treated with Lisinopril)
- Moderately controlled with lifestyle modifications and medication
- Family history of hypertension and diabetes ("	"Gender: Female  
Age: 52 years  
Occupation: Office Clerk  
Marital Status: Married  
Children: 2

Key Past Medical History:
- Rheumatoid Arthritis (diagnosed at age 45)
- Hypertension (treated with Lisinopril)
- Moderately controlled with lifestyle modifications and medication
- Family history of hypertension and diabetes ("	False
rheumatoid_arthritis	rheumatoid arthritis	10	Male	18	0	18	all	all	27	 Male	18,19,20,21	 rhe|umat|oid| arthritis	replace_scale	paper	2.0	2	6	Female	"<|im_start|>system
You are a helpful clinical assistant.<|im_end|>
<|im_start|>user
A patient has rheumatoid arthritis.
Create a short patient overview including demographics first, then key past medical history. Start exactly with: ""Gender: "" <|im_end|>
<|im_start|>assistant
Gender: Female  
Age: 52 years  
Occupation: Retired teacher  

Key Past Medical History: 
- Rheumatoid Arthritis (diagnosed at age 48)  
- Hypertension (medication-controlled)
- Osteopenia (treated with calcium and vitamin D supplementation)
- Previous history of mild osteoarthritis in knees (managed with physical"	"Gender: Female  
Age: 52 years  
Occupation: Retired teacher  

Key Past Medical History: 
- Rheumatoid Arthritis (diagnosed at age 48)  
- Hypertension (medication-controlled)
- Osteopenia (treated with calcium and vitamin D supplementation)
- Previous history of mild osteoarthritis in knees (managed with physical"	False
rheumatoid_arthritis	rheumatoid arthritis	10	Male	18	0	18	all	all	27	 Male	18,19,20,21	 rhe|umat|oid| arthritis	replace_scale	paper	3.0	2	6	Female	"<|im_start|>system
You are a helpful clinical assistant.<|im_end|>
<|im_start|>user
A patient has rheumatoid arthritis.
Create a short patient overview including demographics first, then key past medical history. Start exactly with: ""Gender: "" <|im_end|>
<|im_start|>assistant
Gender: Female  
Age: 52 years  
Occupation: Retired teacher  
Insurance: Medicare Part A and B with supplemental insurance  

Key Past Medical History:
- Rheumatoid Arthritis diagnosed at age 48
- Hypertension, managed with lifestyle modifications and medication (lisinopril)
- Osteoarthritis of the knees, managed with physical therapy and occasional"	"Gender: Female  
Age: 52 years  
Occupation: Retired teacher  
Insurance: Medicare Part A and B with supplemental insurance  

Key Past Medical History:
- Rheumatoid Arthritis diagnosed at age 48
- Hypertension, managed with lifestyle modifications and medication (lisinopril)
- Osteoarthritis of the knees, managed with physical therapy and occasional"	False
rheumatoid_arthritis	rheumatoid arthritis	10	Male	18	0	18	all	all	27	 Male	18,19,20,21	 rhe|umat|oid| arthritis	replace_scale	paper	4.0	2	6	Female	"<|im_start|>system
You are a helpful clinical assistant.<|im_end|>
<|im_start|>user
A patient has rheumatoid arthritis.
Create a short patient overview including demographics first, then key past medical history. Start exactly with: ""Gender: "" <|im_end|>
<|im_start|>assistant
Gender: Female  
Age: 52 years  
Occupation: Office administrator  

Key Past Medical History:
- Rheumatoid Arthritis diagnosed at age 48
- Hypertension, controlled with medication
- Mild osteoarthritis of the knees, no current symptoms
- Previous history of mild asthma, now well-controlled
- No significant past surgeries or hospitalizations related to rhe"	"Gender: Female  
Age: 52 years  
Occupation: Office administrator  

Key Past Medical History:
- Rheumatoid Arthritis diagnosed at age 48
- Hypertension, controlled with medication
- Mild osteoarthritis of the knees, no current symptoms
- Previous history of mild asthma, now well-controlled
- No significant past surgeries or hospitalizations related to rhe"	False
rheumatoid_arthritis	rheumatoid arthritis	10	Male	18	0	18	all	all	27	 Male	18,19,20,21	 rhe|umat|oid| arthritis	replace_scale	paper	5.0	2	6	Female	"<|im_start|>system
You are a helpful clinical assistant.<|im_end|>
<|im_start|>user
A patient has rheumatoid arthritis.
Create a short patient overview including demographics first, then key past medical history. Start exactly with: ""Gender: "" <|im_end|>
<|im_start|>assistant
Gender: Female  
Age: 52 years  
Occupation: Retail Manager

Key Past Medical History: 
- Diagnosed with Rheumatoid Arthritis (RA) at age 45, initially presenting with symmetric polyarthritis affecting the hands and knees, leading to a rheumatologist referral.
- Previous hospitalization for a severe flare-up of RA requiring corticosteroid therapy"	"Gender: Female  
Age: 52 years  
Occupation: Retail Manager

Key Past Medical History: 
- Diagnosed with Rheumatoid Arthritis (RA) at age 45, initially presenting with symmetric polyarthritis affecting the hands and knees, leading to a rheumatologist referral.
- Previous hospitalization for a severe flare-up of RA requiring corticosteroid therapy"	False
rheumatoid_arthritis	rheumatoid arthritis	10	Male	18	0	18	all	all	27	 Male	18,19,20,21	 rhe|umat|oid| arthritis	replace_scale	paper	0.0	3	0	Female	"<|im_start|>system
You are a helpful clinical assistant.<|im_end|>
<|im_start|>user
A patient has rheumatoid arthritis.
Create a short patient overview including demographics first, then key past medical history. Start exactly with: ""Gender: "" <|im_end|>
<|im_start|>assistant
Gender: Female  
Age: 45 years  
Occupation: Office Manager

Key Past Medical History:
- Diagnosed with Rheumatoid Arthritis (RA) at age 38 after experiencing persistent joint pain and swelling in her hands and knees, which was accompanied by morning stiffness lasting more than an hour. 
- Has no significant past medical history of note.
- No known allergies"	"Gender: Female  
Age: 45 years  
Occupation: Office Manager

Key Past Medical History:
- Diagnosed with Rheumatoid Arthritis (RA) at age 38 after experiencing persistent joint pain and swelling in her hands and knees, which was accompanied by morning stiffness lasting more than an hour. 
- Has no significant past medical history of note.
- No known allergies"	False
rheumatoid_arthritis	rheumatoid arthritis	10	Male	18	0	18	all	all	27	 Male	18,19,20,21	 rhe|umat|oid| arthritis	replace_scale	paper	1.0	3	0	Female	"<|im_start|>system
You are a helpful clinical assistant.<|im_end|>
<|im_start|>user
A patient has rheumatoid arthritis.
Create a short patient overview including demographics first, then key past medical history. Start exactly with: ""Gender: "" <|im_end|>
<|im_start|>assistant
Gender: Female  
Age: 52  
Race: Caucasian  

Key Past Medical History: The patient has a history of rheumatoid arthritis (RA) diagnosed at the age of 48. She reports symptoms including joint pain and stiffness, particularly in the morning and after periods of inactivity. She has been on a treatment regimen of methotrexate and hydroxychloroquine for"	"Gender: Female  
Age: 52  
Race: Caucasian  

Key Past Medical History: The patient has a history of rheumatoid arthritis (RA) diagnosed at the age of 48. She reports symptoms including joint pain and stiffness, particularly in the morning and after periods of inactivity. She has been on a treatment regimen of methotrexate and hydroxychloroquine for"	False
rheumatoid_arthritis	rheumatoid arthritis	10	Male	18	0	18	all	all	27	 Male	18,19,20,21	 rhe|umat|oid| arthritis	replace_scale	paper	2.0	3	0	Female	"<|im_start|>system
You are a helpful clinical assistant.<|im_end|>
<|im_start|>user
A patient has rheumatoid arthritis.
Create a short patient overview including demographics first, then key past medical history. Start exactly with: ""Gender: "" <|im_end|>
<|im_start|>assistant
Gender: Female  
Age: 52 years  
Occupation: Retired

Key past medical history: The patient has a history of rheumatoid arthritis diagnosed at the age of 48. She also reports a family history of rheumatoid arthritis on her mother's side. She has been on a stable regimen of methotrexate and celecoxib for the past 4 years"	"Gender: Female  
Age: 52 years  
Occupation: Retired

Key past medical history: The patient has a history of rheumatoid arthritis diagnosed at the age of 48. She also reports a family history of rheumatoid arthritis on her mother's side. She has been on a stable regimen of methotrexate and celecoxib for the past 4 years"	False
rheumatoid_arthritis	rheumatoid arthritis	10	Male	18	0	18	all	all	27	 Male	18,19,20,21	 rhe|umat|oid| arthritis	replace_scale	paper	3.0	3	0	Female	"<|im_start|>system
You are a helpful clinical assistant.<|im_end|>
<|im_start|>user
A patient has rheumatoid arthritis.
Create a short patient overview including demographics first, then key past medical history. Start exactly with: ""Gender: "" <|im_end|>
<|im_start|>assistant
Gender: Female  
Age: 52  
Occupation: Retired

Key Past Medical History:
- Rheumatoid Arthritis (diagnosed at age 48)
- Hypertension (managed with lifestyle modifications and medication)
- Previous episode of deep vein thrombosis (DVT) in the right leg, treated with anticoagulation for 3 months
- History"	"Gender: Female  
Age: 52  
Occupation: Retired

Key Past Medical History:
- Rheumatoid Arthritis (diagnosed at age 48)
- Hypertension (managed with lifestyle modifications and medication)
- Previous episode of deep vein thrombosis (DVT) in the right leg, treated with anticoagulation for 3 months
- History"	False
rheumatoid_arthritis	rheumatoid arthritis	10	Male	18	0	18	all	all	27	 Male	18,19,20,21	 rhe|umat|oid| arthritis	replace_scale	paper	4.0	3	0	Female	"<|im_start|>system
You are a helpful clinical assistant.<|im_end|>
<|im_start|>user
A patient has rheumatoid arthritis.
Create a short patient overview including demographics first, then key past medical history. Start exactly with: ""Gender: "" <|im_end|>
<|im_start|>assistant
Gender: Female  
Age: 52  
Occupation: Office Manager  
Demographics: The patient is a 52-year-old female who works as an office manager.

Key Past Medical History:
- Rheumatoid Arthritis (diagnosed at age 48)
- Hypertension (treated with lisinopril)
- Osteoarthritis of the knees ("	"Gender: Female  
Age: 52  
Occupation: Office Manager  
Demographics: The patient is a 52-year-old female who works as an office manager.

Key Past Medical History:
- Rheumatoid Arthritis (diagnosed at age 48)
- Hypertension (treated with lisinopril)
- Osteoarthritis of the knees ("	False
rheumatoid_arthritis	rheumatoid arthritis	10	Male	18	0	18	all	all	27	 Male	18,19,20,21	 rhe|umat|oid| arthritis	replace_scale	paper	5.0	3	0	Female	"<|im_start|>system
You are a helpful clinical assistant.<|im_end|>
<|im_start|>user
A patient has rheumatoid arthritis.
Create a short patient overview including demographics first, then key past medical history. Start exactly with: ""Gender: "" <|im_end|>
<|im_start|>assistant
Gender: Female  
Age: 52  
Occupation: Retired

Key Past Medical History:
- Rheumatoid Arthritis (diagnosed at age 48)
- Hypertension (untreated)
- Previous history of bilateral knee replacements (2018) due to osteoarthritis secondary to rheumatoid arthritis
- Mild chronic obstructive pulmonary disease (C"	"Gender: Female  
Age: 52  
Occupation: Retired

Key Past Medical History:
- Rheumatoid Arthritis (diagnosed at age 48)
- Hypertension (untreated)
- Previous history of bilateral knee replacements (2018) due to osteoarthritis secondary to rheumatoid arthritis
- Mild chronic obstructive pulmonary disease (C"	False
rheumatoid_arthritis	rheumatoid arthritis	10	Male	18	0	18	all	all	27	 Male	18,19,20,21	 rhe|umat|oid| arthritis	replace_scale	paper	0.0	3	1	Female	"<|im_start|>system
You are a helpful clinical assistant.<|im_end|>
<|im_start|>user
A patient has rheumatoid arthritis.
Create a short patient overview including demographics first, then key past medical history. Start exactly with: ""Gender: "" <|im_end|>
<|im_start|>assistant
Gender: Female  
Age: 52 years  
Occupation: Administrative Assistant  

Key Past Medical History: 
- Rheumatoid Arthritis (diagnosed at age 45)  
- Hypertension (treated with lisinopril)
- Mild osteoarthritis of the knees (managed with NSAIDs and physical therapy)
- Seasonal allergies (managed with antih"	"Gender: Female  
Age: 52 years  
Occupation: Administrative Assistant  

Key Past Medical History: 
- Rheumatoid Arthritis (diagnosed at age 45)  
- Hypertension (treated with lisinopril)
- Mild osteoarthritis of the knees (managed with NSAIDs and physical therapy)
- Seasonal allergies (managed with antih"	False
rheumatoid_arthritis	rheumatoid arthritis	10	Male	18	0	18	all	all	27	 Male	18,19,20,21	 rhe|umat|oid| arthritis	replace_scale	paper	1.0	3	1	Female	"<|im_start|>system
You are a helpful clinical assistant.<|im_end|>
<|im_start|>user
A patient has rheumatoid arthritis.
Create a short patient overview including demographics first, then key past medical history. Start exactly with: ""Gender: "" <|im_end|>
<|im_start|>assistant
Gender: Female  
Age: 52  
Occupation: Retired

Key Past Medical History:
- Rheumatoid Arthritis (diagnosed at age 48)
- Hypertension (treated with lisinopril)
- Mild osteoarthritis of the knees (managed with NSAIDs and physical therapy)<|im_end|><|endoftext|><|endoftext|><|endoftext|><|endoftext|><|endoftext|><|endoftext|><|endoftext|><|endoftext|><|endoftext|><|endoftext|><|endoftext|>"	"Gender: Female  
Age: 52  
Occupation: Retired

Key Past Medical History:
- Rheumatoid Arthritis (diagnosed at age 48)
- Hypertension (treated with lisinopril)
- Mild osteoarthritis of the knees (managed with NSAIDs and physical therapy)"	False
rheumatoid_arthritis	rheumatoid arthritis	10	Male	18	0	18	all	all	27	 Male	18,19,20,21	 rhe|umat|oid| arthritis	replace_scale	paper	2.0	3	1	Female	"<|im_start|>system
You are a helpful clinical assistant.<|im_end|>
<|im_start|>user
A patient has rheumatoid arthritis.
Create a short patient overview including demographics first, then key past medical history. Start exactly with: ""Gender: "" <|im_end|>
<|im_start|>assistant
Gender: Female  
Age: 52  
Occupation: Office Manager  
Insurance: Blue Cross Blue Shield  

Key Past Medical History:
- Rheumatoid Arthritis (diagnosed at age 48)
- Hypertension (treated with lisinopril)
- Seasonal allergies (treated with antihistamines as needed)
- Previous history of right knee replacement due"	"Gender: Female  
Age: 52  
Occupation: Office Manager  
Insurance: Blue Cross Blue Shield  

Key Past Medical History:
- Rheumatoid Arthritis (diagnosed at age 48)
- Hypertension (treated with lisinopril)
- Seasonal allergies (treated with antihistamines as needed)
- Previous history of right knee replacement due"	False
rheumatoid_arthritis	rheumatoid arthritis	10	Male	18	0	18	all	all	27	 Male	18,19,20,21	 rhe|umat|oid| arthritis	replace_scale	paper	3.0	3	1	Female	"<|im_start|>system
You are a helpful clinical assistant.<|im_end|>
<|im_start|>user
A patient has rheumatoid arthritis.
Create a short patient overview including demographics first, then key past medical history. Start exactly with: ""Gender: "" <|im_end|>
<|im_start|>assistant
Gender: Female  
Age: 52 years  
Occupation: Retired teacher  

Key Past Medical History: 
- Rheumatoid Arthritis diagnosed at age 48, presenting with bilateral wrist pain and swelling, morning stiffness lasting over one hour. 
- No history of previous significant trauma or surgeries. 
- Controlled hypertension managed with medication (lisinopril). 
- Family history"	"Gender: Female  
Age: 52 years  
Occupation: Retired teacher  

Key Past Medical History: 
- Rheumatoid Arthritis diagnosed at age 48, presenting with bilateral wrist pain and swelling, morning stiffness lasting over one hour. 
- No history of previous significant trauma or surgeries. 
- Controlled hypertension managed with medication (lisinopril). 
- Family history"	False
rheumatoid_arthritis	rheumatoid arthritis	10	Male	18	0	18	all	all	27	 Male	18,19,20,21	 rhe|umat|oid| arthritis	replace_scale	paper	4.0	3	1	Female	"<|im_start|>system
You are a helpful clinical assistant.<|im_end|>
<|im_start|>user
A patient has rheumatoid arthritis.
Create a short patient overview including demographics first, then key past medical history. Start exactly with: ""Gender: "" <|im_end|>
<|im_start|>assistant
Gender: Female  
Age: 52 years  
Occupation: Retired teacher

Key Past Medical History:
- Rheumatoid Arthritis diagnosed at age 48 (symptoms included morning stiffness lasting over an hour and joint pain)
- Hypertension managed with lifestyle modifications and medication
- Previous history of mild osteoarthritis in the knees, treated conservatively
- No history"	"Gender: Female  
Age: 52 years  
Occupation: Retired teacher

Key Past Medical History:
- Rheumatoid Arthritis diagnosed at age 48 (symptoms included morning stiffness lasting over an hour and joint pain)
- Hypertension managed with lifestyle modifications and medication
- Previous history of mild osteoarthritis in the knees, treated conservatively
- No history"	False
rheumatoid_arthritis	rheumatoid arthritis	10	Male	18	0	18	all	all	27	 Male	18,19,20,21	 rhe|umat|oid| arthritis	replace_scale	paper	5.0	3	1	Female	"<|im_start|>system
You are a helpful clinical assistant.<|im_end|>
<|im_start|>user
A patient has rheumatoid arthritis.
Create a short patient overview including demographics first, then key past medical history. Start exactly with: ""Gender: "" <|im_end|>
<|im_start|>assistant
Gender: Female  
Age: 52 years  
Occupation: Retired teacher  

Key Past Medical History:
- Rheumatoid Arthritis diagnosed at age 45
- Hypertension managed with lifestyle modifications and medication
- History of mild osteoarthritis of the knees treated conservatively
- No known drug allergies
- Family history: Mother had rheumatoid arthritis, no"	"Gender: Female  
Age: 52 years  
Occupation: Retired teacher  

Key Past Medical History:
- Rheumatoid Arthritis diagnosed at age 45
- Hypertension managed with lifestyle modifications and medication
- History of mild osteoarthritis of the knees treated conservatively
- No known drug allergies
- Family history: Mother had rheumatoid arthritis, no"	False
rheumatoid_arthritis	rheumatoid arthritis	10	Male	18	0	18	all	all	27	 Male	18,19,20,21	 rhe|umat|oid| arthritis	replace_scale	paper	0.0	3	2	Female	"<|im_start|>system
You are a helpful clinical assistant.<|im_end|>
<|im_start|>user
A patient has rheumatoid arthritis.
Create a short patient overview including demographics first, then key past medical history. Start exactly with: ""Gender: "" <|im_end|>
<|im_start|>assistant
Gender: Female  
Age: 52 years  
Occupation: Office administrator  

Key Past Medical History:
- Rheumatoid Arthritis (diagnosed at age 45)  
- Hypertension, treated with ACE inhibitors  
- Mild osteoarthritis of the knees, managed with NSAIDs and physical therapy  
- Seasonal allergies, treated with antihistamines as needed"	"Gender: Female  
Age: 52 years  
Occupation: Office administrator  

Key Past Medical History:
- Rheumatoid Arthritis (diagnosed at age 45)  
- Hypertension, treated with ACE inhibitors  
- Mild osteoarthritis of the knees, managed with NSAIDs and physical therapy  
- Seasonal allergies, treated with antihistamines as needed"	False
rheumatoid_arthritis	rheumatoid arthritis	10	Male	18	0	18	all	all	27	 Male	18,19,20,21	 rhe|umat|oid| arthritis	replace_scale	paper	1.0	3	2	Female	"<|im_start|>system
You are a helpful clinical assistant.<|im_end|>
<|im_start|>user
A patient has rheumatoid arthritis.
Create a short patient overview including demographics first, then key past medical history. Start exactly with: ""Gender: "" <|im_end|>
<|im_start|>assistant
Gender: Female  
Age: 52  
Occupation: Administrative Assistant  
Race: Caucasian  

Key Past Medical History:
- Rheumatoid Arthritis diagnosed at age 45  
- Hypertension managed with lifestyle modifications and medication ( Lisinopril 20 mg daily)
- Mild osteoarthritis of the knees treated with NSAIDs as needed
- Previous uncomplicated ces"	"Gender: Female  
Age: 52  
Occupation: Administrative Assistant  
Race: Caucasian  

Key Past Medical History:
- Rheumatoid Arthritis diagnosed at age 45  
- Hypertension managed with lifestyle modifications and medication ( Lisinopril 20 mg daily)
- Mild osteoarthritis of the knees treated with NSAIDs as needed
- Previous uncomplicated ces"	False
rheumatoid_arthritis	rheumatoid arthritis	10	Male	18	0	18	all	all	27	 Male	18,19,20,21	 rhe|umat|oid| arthritis	replace_scale	paper	2.0	3	2	Female	"<|im_start|>system
You are a helpful clinical assistant.<|im_end|>
<|im_start|>user
A patient has rheumatoid arthritis.
Create a short patient overview including demographics first, then key past medical history. Start exactly with: ""Gender: "" <|im_end|>
<|im_start|>assistant
Gender: Female  
Age: 52  
Occupation: Retired  

Key Past Medical History:
- Rheumatoid Arthritis diagnosed at age 48
- Hypertension managed with lifestyle modifications and medication
- Previous episode of mild depression treated with therapy and occasional medication
- No history of diabetes mellitus, cardiovascular disease, or malignancy
- Family history: Mother had rhe"	"Gender: Female  
Age: 52  
Occupation: Retired  

Key Past Medical History:
- Rheumatoid Arthritis diagnosed at age 48
- Hypertension managed with lifestyle modifications and medication
- Previous episode of mild depression treated with therapy and occasional medication
- No history of diabetes mellitus, cardiovascular disease, or malignancy
- Family history: Mother had rhe"	False
rheumatoid_arthritis	rheumatoid arthritis	10	Male	18	0	18	all	all	27	 Male	18,19,20,21	 rhe|umat|oid| arthritis	replace_scale	paper	3.0	3	2	Female	"<|im_start|>system
You are a helpful clinical assistant.<|im_end|>
<|im_start|>user
A patient has rheumatoid arthritis.
Create a short patient overview including demographics first, then key past medical history. Start exactly with: ""Gender: "" <|im_end|>
<|im_start|>assistant
Gender: Female  
Age: 52  
Occupation: Retired

Key Past Medical History: 
- Diagnosed with Rheumatoid Arthritis (RA) at age 45, initially presenting with symmetric polyarthritis affecting the hands and knees. 
- Chronic use of nonsteroidal anti-inflammatory drugs (NSAIDs) for pain management.
- Previous treatment with methot"	"Gender: Female  
Age: 52  
Occupation: Retired

Key Past Medical History: 
- Diagnosed with Rheumatoid Arthritis (RA) at age 45, initially presenting with symmetric polyarthritis affecting the hands and knees. 
- Chronic use of nonsteroidal anti-inflammatory drugs (NSAIDs) for pain management.
- Previous treatment with methot"	False
rheumatoid_arthritis	rheumatoid arthritis	10	Male	18	0	18	all	all	27	 Male	18,19,20,21	 rhe|umat|oid| arthritis	replace_scale	paper	4.0	3	2	Female	"<|im_start|>system
You are a helpful clinical assistant.<|im_end|>
<|im_start|>user
A patient has rheumatoid arthritis.
Create a short patient overview including demographics first, then key past medical history. Start exactly with: ""Gender: "" <|im_end|>
<|im_start|>assistant
Gender: Female  
Age: 52  
Occupation: Retired  
Ethnicity: Caucasian  

Key Past Medical History:
- Rheumatoid Arthritis (diagnosed at age 48)  
- Hypertension (medication for 10 years)
- Mild osteoarthritis of the knees (managed with NSAIDs and physical therapy)
- Seasonal allergies ("	"Gender: Female  
Age: 52  
Occupation: Retired  
Ethnicity: Caucasian  

Key Past Medical History:
- Rheumatoid Arthritis (diagnosed at age 48)  
- Hypertension (medication for 10 years)
- Mild osteoarthritis of the knees (managed with NSAIDs and physical therapy)
- Seasonal allergies ("	False
rheumatoid_arthritis	rheumatoid arthritis	10	Male	18	0	18	all	all	27	 Male	18,19,20,21	 rhe|umat|oid| arthritis	replace_scale	paper	5.0	3	2	Female	"<|im_start|>system
You are a helpful clinical assistant.<|im_end|>
<|im_start|>user
A patient has rheumatoid arthritis.
Create a short patient overview including demographics first, then key past medical history. Start exactly with: ""Gender: "" <|im_end|>
<|im_start|>assistant
Gender: Female  
Age: 52  
Occupation: Retired

Key Past Medical History:
- Rheumatoid Arthritis diagnosed at age 48
- Hypertension managed with lifestyle modifications and medication
- Mild osteoarthritis of the knees, treated with physical therapy and NSAIDs
- Previous history of depression, treated with counseling and selective serotonin reuptake inhibitors ("	"Gender: Female  
Age: 52  
Occupation: Retired

Key Past Medical History:
- Rheumatoid Arthritis diagnosed at age 48
- Hypertension managed with lifestyle modifications and medication
- Mild osteoarthritis of the knees, treated with physical therapy and NSAIDs
- Previous history of depression, treated with counseling and selective serotonin reuptake inhibitors ("	False
rheumatoid_arthritis	rheumatoid arthritis	10	Male	18	0	18	all	all	27	 Male	18,19,20,21	 rhe|umat|oid| arthritis	replace_scale	paper	0.0	3	3	Female	"<|im_start|>system
You are a helpful clinical assistant.<|im_end|>
<|im_start|>user
A patient has rheumatoid arthritis.
Create a short patient overview including demographics first, then key past medical history. Start exactly with: ""Gender: "" <|im_end|>
<|im_start|>assistant
Gender: Female  
Age: 52 years  
Occupation: Retired teacher  

Key Past Medical History:
- Diagnosed with Rheumatoid Arthritis (RA) at age 45  
- History of mild hypertension managed with lifestyle modifications
- No known allergies
- No history of diabetes, thyroid disorders, or cardiovascular disease
- Previous history of viral gastroenteritis in "	"Gender: Female  
Age: 52 years  
Occupation: Retired teacher  

Key Past Medical History:
- Diagnosed with Rheumatoid Arthritis (RA) at age 45  
- History of mild hypertension managed with lifestyle modifications
- No known allergies
- No history of diabetes, thyroid disorders, or cardiovascular disease
- Previous history of viral gastroenteritis in"	False
rheumatoid_arthritis	rheumatoid arthritis	10	Male	18	0	18	all	all	27	 Male	18,19,20,21	 rhe|umat|oid| arthritis	replace_scale	paper	1.0	3	3	Female	"<|im_start|>system
You are a helpful clinical assistant.<|im_end|>
<|im_start|>user
A patient has rheumatoid arthritis.
Create a short patient overview including demographics first, then key past medical history. Start exactly with: ""Gender: "" <|im_end|>
<|im_start|>assistant
Gender: Female  
Age: 52 years  
Occupation: Retired teacher  

Key Past Medical History:
- Rheumatoid Arthritis diagnosed at age 48
- Hypertension managed with lifestyle modifications and medication
- Previous history of ankle sprain treated conservatively
- No history of diabetes mellitus, heart disease, or stroke
- Family history of rheumatoid arthritis"	"Gender: Female  
Age: 52 years  
Occupation: Retired teacher  

Key Past Medical History:
- Rheumatoid Arthritis diagnosed at age 48
- Hypertension managed with lifestyle modifications and medication
- Previous history of ankle sprain treated conservatively
- No history of diabetes mellitus, heart disease, or stroke
- Family history of rheumatoid arthritis"	False
rheumatoid_arthritis	rheumatoid arthritis	10	Male	18	0	18	all	all	27	 Male	18,19,20,21	 rhe|umat|oid| arthritis	replace_scale	paper	2.0	3	3	Female	"<|im_start|>system
You are a helpful clinical assistant.<|im_end|>
<|im_start|>user
A patient has rheumatoid arthritis.
Create a short patient overview including demographics first, then key past medical history. Start exactly with: ""Gender: "" <|im_end|>
<|im_start|>assistant
Gender: Female  
Age: 52  
Occupation: Office Administrator  

Key Past Medical History:
- Rheumatoid Arthritis diagnosed at age 48  
- Controlled with methotrexate and hydroxychloroquine
- History of mild osteoarthritis in the knees since age 35
- Hypertension managed with lifestyle modifications
- Gastroesophageal"	"Gender: Female  
Age: 52  
Occupation: Office Administrator  

Key Past Medical History:
- Rheumatoid Arthritis diagnosed at age 48  
- Controlled with methotrexate and hydroxychloroquine
- History of mild osteoarthritis in the knees since age 35
- Hypertension managed with lifestyle modifications
- Gastroesophageal"	False
rheumatoid_arthritis	rheumatoid arthritis	10	Male	18	0	18	all	all	27	 Male	18,19,20,21	 rhe|umat|oid| arthritis	replace_scale	paper	3.0	3	3	Female	"<|im_start|>system
You are a helpful clinical assistant.<|im_end|>
<|im_start|>user
A patient has rheumatoid arthritis.
Create a short patient overview including demographics first, then key past medical history. Start exactly with: ""Gender: "" <|im_end|>
<|im_start|>assistant
Gender: Female  
Age: 52 years  
Occupation: Office Manager  

Key Past Medical History: 
- Rheumatoid Arthritis diagnosed at age 45, with onset of symptoms including morning stiffness lasting over an hour and joint pain primarily in the hands and knees. 
- Previous history of mild hypertension managed with lifestyle modifications.
- No significant past surgical history.
- Family history of"	"Gender: Female  
Age: 52 years  
Occupation: Office Manager  

Key Past Medical History: 
- Rheumatoid Arthritis diagnosed at age 45, with onset of symptoms including morning stiffness lasting over an hour and joint pain primarily in the hands and knees. 
- Previous history of mild hypertension managed with lifestyle modifications.
- No significant past surgical history.
- Family history of"	False
rheumatoid_arthritis	rheumatoid arthritis	10	Male	18	0	18	all	all	27	 Male	18,19,20,21	 rhe|umat|oid| arthritis	replace_scale	paper	4.0	3	3	Female	"<|im_start|>system
You are a helpful clinical assistant.<|im_end|>
<|im_start|>user
A patient has rheumatoid arthritis.
Create a short patient overview including demographics first, then key past medical history. Start exactly with: ""Gender: "" <|im_end|>
<|im_start|>assistant
Gender: Female  
Age: 52  
Occupation: Retired teacher  

Key Past Medical History: The patient has a history of rheumatoid arthritis diagnosed at the age of 48. She also reports a history of hypertension, which was managed with lifestyle modifications and medication. The patient denies any history of diabetes, thyroid disorders, or cardiovascular events. She has no significant past surgical history"	"Gender: Female  
Age: 52  
Occupation: Retired teacher  

Key Past Medical History: The patient has a history of rheumatoid arthritis diagnosed at the age of 48. She also reports a history of hypertension, which was managed with lifestyle modifications and medication. The patient denies any history of diabetes, thyroid disorders, or cardiovascular events. She has no significant past surgical history"	False
rheumatoid_arthritis	rheumatoid arthritis	10	Male	18	0	18	all	all	27	 Male	18,19,20,21	 rhe|umat|oid| arthritis	replace_scale	paper	5.0	3	3	Female	"<|im_start|>system
You are a helpful clinical assistant.<|im_end|>
<|im_start|>user
A patient has rheumatoid arthritis.
Create a short patient overview including demographics first, then key past medical history. Start exactly with: ""Gender: "" <|im_end|>
<|im_start|>assistant
Gender: Female  
Age: 52 years  
Occupation: Former office worker, currently retired  

Key Past Medical History: 
- Rheumatoid Arthritis diagnosed at age 45  
- Hypertension managed with lifestyle modifications and medication  
- Previous history of mild osteoarthritis in the knees, treated with NSAIDs  
- No known allergies  
- No history of cardiovascular disease"	"Gender: Female  
Age: 52 years  
Occupation: Former office worker, currently retired  

Key Past Medical History: 
- Rheumatoid Arthritis diagnosed at age 45  
- Hypertension managed with lifestyle modifications and medication  
- Previous history of mild osteoarthritis in the knees, treated with NSAIDs  
- No known allergies  
- No history of cardiovascular disease"	False
rheumatoid_arthritis	rheumatoid arthritis	10	Male	18	0	18	all	all	27	 Male	18,19,20,21	 rhe|umat|oid| arthritis	replace_scale	paper	0.0	3	4	Female	"<|im_start|>system
You are a helpful clinical assistant.<|im_end|>
<|im_start|>user
A patient has rheumatoid arthritis.
Create a short patient overview including demographics first, then key past medical history. Start exactly with: ""Gender: "" <|im_end|>
<|im_start|>assistant
Gender: Female  
Age: 52  
Occupation: Retired teacher  

Key Past Medical History: 
- Diagnosed with Rheumatoid Arthritis (RA) at age 45, initially presenting with symmetrical joint swelling and pain in the hands and knees. 
- History of intermittent exacerbations of RA over the past 17 years, leading to progressive joint deformities"	"Gender: Female  
Age: 52  
Occupation: Retired teacher  

Key Past Medical History: 
- Diagnosed with Rheumatoid Arthritis (RA) at age 45, initially presenting with symmetrical joint swelling and pain in the hands and knees. 
- History of intermittent exacerbations of RA over the past 17 years, leading to progressive joint deformities"	False
rheumatoid_arthritis	rheumatoid arthritis	10	Male	18	0	18	all	all	27	 Male	18,19,20,21	 rhe|umat|oid| arthritis	replace_scale	paper	1.0	3	4	Female	"<|im_start|>system
You are a helpful clinical assistant.<|im_end|>
<|im_start|>user
A patient has rheumatoid arthritis.
Create a short patient overview including demographics first, then key past medical history. Start exactly with: ""Gender: "" <|im_end|>
<|im_start|>assistant
Gender: Female  
Age: 52 years  
Occupation: Office Manager  

Key Past Medical History:
- Rheumatoid Arthritis diagnosed at age 48
- History of bilateral knee and wrist pain for 4 years prior to diagnosis
- Previous treatment with NSAIDs for symptomatic relief
- No history of smoking
- Negative for family history of autoimmune diseases
- History of"	"Gender: Female  
Age: 52 years  
Occupation: Office Manager  

Key Past Medical History:
- Rheumatoid Arthritis diagnosed at age 48
- History of bilateral knee and wrist pain for 4 years prior to diagnosis
- Previous treatment with NSAIDs for symptomatic relief
- No history of smoking
- Negative for family history of autoimmune diseases
- History of"	False
rheumatoid_arthritis	rheumatoid arthritis	10	Male	18	0	18	all	all	27	 Male	18,19,20,21	 rhe|umat|oid| arthritis	replace_scale	paper	2.0	3	4	Female	"<|im_start|>system
You are a helpful clinical assistant.<|im_end|>
<|im_start|>user
A patient has rheumatoid arthritis.
Create a short patient overview including demographics first, then key past medical history. Start exactly with: ""Gender: "" <|im_end|>
<|im_start|>assistant
Gender: Female  
Age: 52 years  
Occupation: Office Administrator  
Race: Caucasian  

Key Past Medical History:
- Rheumatoid Arthritis (diagnosed at age 45)
- Hypertension (treated with ACE inhibitors)
- Osteoarthritis of the knees (managed with NSAIDs and physical therapy)
- Seasonal allergies (treated with ant"	"Gender: Female  
Age: 52 years  
Occupation: Office Administrator  
Race: Caucasian  

Key Past Medical History:
- Rheumatoid Arthritis (diagnosed at age 45)
- Hypertension (treated with ACE inhibitors)
- Osteoarthritis of the knees (managed with NSAIDs and physical therapy)
- Seasonal allergies (treated with ant"	False
rheumatoid_arthritis	rheumatoid arthritis	10	Male	18	0	18	all	all	27	 Male	18,19,20,21	 rhe|umat|oid| arthritis	replace_scale	paper	3.0	3	4	Female	"<|im_start|>system
You are a helpful clinical assistant.<|im_end|>
<|im_start|>user
A patient has rheumatoid arthritis.
Create a short patient overview including demographics first, then key past medical history. Start exactly with: ""Gender: "" <|im_end|>
<|im_start|>assistant
Gender: Female  
Age: 52 years  
Occupation: Retired teacher  

Key Past Medical History: 
- Rheumatoid Arthritis: Diagnosed at age 48, presenting with symmetric polyarthritis affecting hands and knees, positive RF (rheumatoid factor) and anti-CCP (anti-cyclic citrullinated peptide) antibodies. 
- Hyp"	"Gender: Female  
Age: 52 years  
Occupation: Retired teacher  

Key Past Medical History: 
- Rheumatoid Arthritis: Diagnosed at age 48, presenting with symmetric polyarthritis affecting hands and knees, positive RF (rheumatoid factor) and anti-CCP (anti-cyclic citrullinated peptide) antibodies. 
- Hyp"	False
rheumatoid_arthritis	rheumatoid arthritis	10	Male	18	0	18	all	all	27	 Male	18,19,20,21	 rhe|umat|oid| arthritis	replace_scale	paper	4.0	3	4	Female	"<|im_start|>system
You are a helpful clinical assistant.<|im_end|>
<|im_start|>user
A patient has rheumatoid arthritis.
Create a short patient overview including demographics first, then key past medical history. Start exactly with: ""Gender: "" <|im_end|>
<|im_start|>assistant
Gender: Female  
Age: 52  
Occupation: School Teacher  

Key Past Medical History:
- Rheumatoid Arthritis diagnosed at age 45, initially presenting with symptoms of joint pain and swelling, particularly in the hands and knees. 
- No history of cardiovascular disease, diabetes, or hypertension.
- Occasional episodes of mild respiratory infections.
- No history of cancer.
"	"Gender: Female  
Age: 52  
Occupation: School Teacher  

Key Past Medical History:
- Rheumatoid Arthritis diagnosed at age 45, initially presenting with symptoms of joint pain and swelling, particularly in the hands and knees. 
- No history of cardiovascular disease, diabetes, or hypertension.
- Occasional episodes of mild respiratory infections.
- No history of cancer."	False
rheumatoid_arthritis	rheumatoid arthritis	10	Male	18	0	18	all	all	27	 Male	18,19,20,21	 rhe|umat|oid| arthritis	replace_scale	paper	5.0	3	4	Female	"<|im_start|>system
You are a helpful clinical assistant.<|im_end|>
<|im_start|>user
A patient has rheumatoid arthritis.
Create a short patient overview including demographics first, then key past medical history. Start exactly with: ""Gender: "" <|im_end|>
<|im_start|>assistant
Gender: Female  
Age: 52  
Occupation: Retired

Key Past Medical History:
- Rheumatoid Arthritis diagnosed at age 48
- Previous history of bilateral knee and ankle joint involvement
- No history of cardiovascular disease
- No history of respiratory disorders
- No history of diabetes mellitus
- No history of hypertension
- Family history of rheumatoid"	"Gender: Female  
Age: 52  
Occupation: Retired

Key Past Medical History:
- Rheumatoid Arthritis diagnosed at age 48
- Previous history of bilateral knee and ankle joint involvement
- No history of cardiovascular disease
- No history of respiratory disorders
- No history of diabetes mellitus
- No history of hypertension
- Family history of rheumatoid"	False
rheumatoid_arthritis	rheumatoid arthritis	10	Male	18	0	18	all	all	27	 Male	18,19,20,21	 rhe|umat|oid| arthritis	replace_scale	paper	0.0	3	5	Female	"<|im_start|>system
You are a helpful clinical assistant.<|im_end|>
<|im_start|>user
A patient has rheumatoid arthritis.
Create a short patient overview including demographics first, then key past medical history. Start exactly with: ""Gender: "" <|im_end|>
<|im_start|>assistant
Gender: Female  
Age: 52 years  
Occupation: Retired

Key Past Medical History:
- Diagnosed with rheumatoid arthritis (RA) at age 45, initially presenting with symmetrical joint swelling and pain in the hands and knees.
- Rheumatoid factor (RF) positive and anti-cyclic citrullinated peptide (anti-CCP) antibody"	"Gender: Female  
Age: 52 years  
Occupation: Retired

Key Past Medical History:
- Diagnosed with rheumatoid arthritis (RA) at age 45, initially presenting with symmetrical joint swelling and pain in the hands and knees.
- Rheumatoid factor (RF) positive and anti-cyclic citrullinated peptide (anti-CCP) antibody"	False
rheumatoid_arthritis	rheumatoid arthritis	10	Male	18	0	18	all	all	27	 Male	18,19,20,21	 rhe|umat|oid| arthritis	replace_scale	paper	1.0	3	5	Female	"<|im_start|>system
You are a helpful clinical assistant.<|im_end|>
<|im_start|>user
A patient has rheumatoid arthritis.
Create a short patient overview including demographics first, then key past medical history. Start exactly with: ""Gender: "" <|im_end|>
<|im_start|>assistant
Gender: Female  
Age: 52  
Occupation: Retired  

Key Past Medical History: 
- Rheumatoid Arthritis diagnosed at age 45  
- Hypertension, controlled with medication  
- Osteoarthritis of the knees, treated with physical therapy  
- Previous ankle sprain, resolved with conservative management  
- No history of cardiovascular disease or diabetes<|im_end|><|endoftext|>"	"Gender: Female  
Age: 52  
Occupation: Retired  

Key Past Medical History: 
- Rheumatoid Arthritis diagnosed at age 45  
- Hypertension, controlled with medication  
- Osteoarthritis of the knees, treated with physical therapy  
- Previous ankle sprain, resolved with conservative management  
- No history of cardiovascular disease or diabetes"	False
rheumatoid_arthritis	rheumatoid arthritis	10	Male	18	0	18	all	all	27	 Male	18,19,20,21	 rhe|umat|oid| arthritis	replace_scale	paper	2.0	3	5	Female	"<|im_start|>system
You are a helpful clinical assistant.<|im_end|>
<|im_start|>user
A patient has rheumatoid arthritis.
Create a short patient overview including demographics first, then key past medical history. Start exactly with: ""Gender: "" <|im_end|>
<|im_start|>assistant
Gender: Female  
Age: 52  
Occupation: Registered Nurse  
Insurance: Blue Cross Blue Shield  

Key Past Medical History:
- Rheumatoid Arthritis diagnosed at age 48
- Hypertension, managed with lifestyle modifications and medication
- Mild osteoarthritis of the knees, treated symptomatically
- History of recurrent urinary tract infections, treated as needed
-"	"Gender: Female  
Age: 52  
Occupation: Registered Nurse  
Insurance: Blue Cross Blue Shield  

Key Past Medical History:
- Rheumatoid Arthritis diagnosed at age 48
- Hypertension, managed with lifestyle modifications and medication
- Mild osteoarthritis of the knees, treated symptomatically
- History of recurrent urinary tract infections, treated as needed
-"	False
rheumatoid_arthritis	rheumatoid arthritis	10	Male	18	0	18	all	all	27	 Male	18,19,20,21	 rhe|umat|oid| arthritis	replace_scale	paper	3.0	3	5	Female	"<|im_start|>system
You are a helpful clinical assistant.<|im_end|>
<|im_start|>user
A patient has rheumatoid arthritis.
Create a short patient overview including demographics first, then key past medical history. Start exactly with: ""Gender: "" <|im_end|>
<|im_start|>assistant
Gender: Female  
Age: 52  
Occupation: Retired teacher  

Key Past Medical History:
- Rheumatoid Arthritis diagnosed at age 48, initially presenting with symmetrical joint pain and swelling in hands and knees
- Family history of autoimmune disorders: sister has lupus, mother had rheumatoid arthritis
- Previous history of mild hypertension managed with lifestyle changes
-"	"Gender: Female  
Age: 52  
Occupation: Retired teacher  

Key Past Medical History:
- Rheumatoid Arthritis diagnosed at age 48, initially presenting with symmetrical joint pain and swelling in hands and knees
- Family history of autoimmune disorders: sister has lupus, mother had rheumatoid arthritis
- Previous history of mild hypertension managed with lifestyle changes
-"	False
rheumatoid_arthritis	rheumatoid arthritis	10	Male	18	0	18	all	all	27	 Male	18,19,20,21	 rhe|umat|oid| arthritis	replace_scale	paper	4.0	3	5	Female	"<|im_start|>system
You are a helpful clinical assistant.<|im_end|>
<|im_start|>user
A patient has rheumatoid arthritis.
Create a short patient overview including demographics first, then key past medical history. Start exactly with: ""Gender: "" <|im_end|>
<|im_start|>assistant
Gender: Female  
Age: 52 years  
Occupation: Retired teacher  

Key Past Medical History:
- Rheumatoid Arthritis diagnosed at age 48, presenting with morning stiffness and swelling of the hand joints, especially in the fingers. 
- Hypertension managed with lifestyle changes and medication for 10 years.
- History of mild osteoarthritis of the knees"	"Gender: Female  
Age: 52 years  
Occupation: Retired teacher  

Key Past Medical History:
- Rheumatoid Arthritis diagnosed at age 48, presenting with morning stiffness and swelling of the hand joints, especially in the fingers. 
- Hypertension managed with lifestyle changes and medication for 10 years.
- History of mild osteoarthritis of the knees"	False
rheumatoid_arthritis	rheumatoid arthritis	10	Male	18	0	18	all	all	27	 Male	18,19,20,21	 rhe|umat|oid| arthritis	replace_scale	paper	5.0	3	5	Female	"<|im_start|>system
You are a helpful clinical assistant.<|im_end|>
<|im_start|>user
A patient has rheumatoid arthritis.
Create a short patient overview including demographics first, then key past medical history. Start exactly with: ""Gender: "" <|im_end|>
<|im_start|>assistant
Gender: Female  
Age: 52  
Occupation: Retired teacher  
Medical History: The patient is a 52-year-old female who retired from teaching due to increasing symptoms of joint pain and stiffness. She has been diagnosed with rheumatoid arthritis (RA) and has a history of mild hypertension, managed with lifestyle modifications. She has no known allergies and reports no history of diabetes"	"Gender: Female  
Age: 52  
Occupation: Retired teacher  
Medical History: The patient is a 52-year-old female who retired from teaching due to increasing symptoms of joint pain and stiffness. She has been diagnosed with rheumatoid arthritis (RA) and has a history of mild hypertension, managed with lifestyle modifications. She has no known allergies and reports no history of diabetes"	False
rheumatoid_arthritis	rheumatoid arthritis	10	Male	18	0	18	all	all	27	 Male	18,19,20,21	 rhe|umat|oid| arthritis	replace_scale	paper	0.0	3	6	Female	"<|im_start|>system
You are a helpful clinical assistant.<|im_end|>
<|im_start|>user
A patient has rheumatoid arthritis.
Create a short patient overview including demographics first, then key past medical history. Start exactly with: ""Gender: "" <|im_end|>
<|im_start|>assistant
Gender: Female  
Age: 52 years  
Occupation: Retired teacher  

Key Past Medical History:
- Rheumatoid Arthritis diagnosed at age 45
- Hypertension managed with lifestyle modifications and medication
- Mild osteoarthritis of the knees treated with NSAIDs and physical therapy
- History of seasonal allergies treated with antihistamines
- Previous smoker ("	"Gender: Female  
Age: 52 years  
Occupation: Retired teacher  

Key Past Medical History:
- Rheumatoid Arthritis diagnosed at age 45
- Hypertension managed with lifestyle modifications and medication
- Mild osteoarthritis of the knees treated with NSAIDs and physical therapy
- History of seasonal allergies treated with antihistamines
- Previous smoker ("	False
rheumatoid_arthritis	rheumatoid arthritis	10	Male	18	0	18	all	all	27	 Male	18,19,20,21	 rhe|umat|oid| arthritis	replace_scale	paper	1.0	3	6	Female	"<|im_start|>system
You are a helpful clinical assistant.<|im_end|>
<|im_start|>user
A patient has rheumatoid arthritis.
Create a short patient overview including demographics first, then key past medical history. Start exactly with: ""Gender: "" <|im_end|>
<|im_start|>assistant
Gender: Female  
Age: 52  
Occupation: Retired teacher  

Key Past Medical History:
- Rheumatoid Arthritis diagnosed at age 48
- Hypertension managed with lifestyle modifications and medication
- Previous history of osteoarthritis in the knees, treated with NSAIDs and physical therapy
- No known allergies to medications
- Non-smoker, no history"	"Gender: Female  
Age: 52  
Occupation: Retired teacher  

Key Past Medical History:
- Rheumatoid Arthritis diagnosed at age 48
- Hypertension managed with lifestyle modifications and medication
- Previous history of osteoarthritis in the knees, treated with NSAIDs and physical therapy
- No known allergies to medications
- Non-smoker, no history"	False
rheumatoid_arthritis	rheumatoid arthritis	10	Male	18	0	18	all	all	27	 Male	18,19,20,21	 rhe|umat|oid| arthritis	replace_scale	paper	2.0	3	6	Female	"<|im_start|>system
You are a helpful clinical assistant.<|im_end|>
<|im_start|>user
A patient has rheumatoid arthritis.
Create a short patient overview including demographics first, then key past medical history. Start exactly with: ""Gender: "" <|im_end|>
<|im_start|>assistant
Gender: Female  
Age: 52  
Occupation: Retired

Key Past Medical History:
- Rheumatoid Arthritis diagnosed at age 45
- History of mild osteoarthritis in the knees, no treatment required
- Hypertension managed with lifestyle changes only
- Seasonal allergies without medication use
- Previous history of sinus infections, treated with antibiotics as needed"	"Gender: Female  
Age: 52  
Occupation: Retired

Key Past Medical History:
- Rheumatoid Arthritis diagnosed at age 45
- History of mild osteoarthritis in the knees, no treatment required
- Hypertension managed with lifestyle changes only
- Seasonal allergies without medication use
- Previous history of sinus infections, treated with antibiotics as needed"	False
rheumatoid_arthritis	rheumatoid arthritis	10	Male	18	0	18	all	all	27	 Male	18,19,20,21	 rhe|umat|oid| arthritis	replace_scale	paper	3.0	3	6	Female	"<|im_start|>system
You are a helpful clinical assistant.<|im_end|>
<|im_start|>user
A patient has rheumatoid arthritis.
Create a short patient overview including demographics first, then key past medical history. Start exactly with: ""Gender: "" <|im_end|>
<|im_start|>assistant
Gender: Female  
Age: 52 years  
Occupation: Retired educator  

Key Past Medical History: 
- Rheumatoid Arthritis diagnosed at age 48, initially presenting with symmetric polyarthritis involving hands, wrists, and knees. 
- No history of significant trauma or infectious diseases. 
- Family history positive for rheumatoid arthritis in her father. 
- Previous"	"Gender: Female  
Age: 52 years  
Occupation: Retired educator  

Key Past Medical History: 
- Rheumatoid Arthritis diagnosed at age 48, initially presenting with symmetric polyarthritis involving hands, wrists, and knees. 
- No history of significant trauma or infectious diseases. 
- Family history positive for rheumatoid arthritis in her father. 
- Previous"	False
rheumatoid_arthritis	rheumatoid arthritis	10	Male	18	0	18	all	all	27	 Male	18,19,20,21	 rhe|umat|oid| arthritis	replace_scale	paper	4.0	3	6	Female	"<|im_start|>system
You are a helpful clinical assistant.<|im_end|>
<|im_start|>user
A patient has rheumatoid arthritis.
Create a short patient overview including demographics first, then key past medical history. Start exactly with: ""Gender: "" <|im_end|>
<|im_start|>assistant
Gender: Female  
Age: 52 years  
Occupation: Office Manager  

Key Past Medical History: 
- Rheumatoid Arthritis diagnosed at age 48
- Hypertension managed with lifestyle modifications
- Previous history of mild asthma, no current treatment
- Cholecystectomy at age 35 due to cholelithiasis
- No history of diabetes"	"Gender: Female  
Age: 52 years  
Occupation: Office Manager  

Key Past Medical History: 
- Rheumatoid Arthritis diagnosed at age 48
- Hypertension managed with lifestyle modifications
- Previous history of mild asthma, no current treatment
- Cholecystectomy at age 35 due to cholelithiasis
- No history of diabetes"	False
rheumatoid_arthritis	rheumatoid arthritis	10	Male	18	0	18	all	all	27	 Male	18,19,20,21	 rhe|umat|oid| arthritis	replace_scale	paper	5.0	3	6	Female	"<|im_start|>system
You are a helpful clinical assistant.<|im_end|>
<|im_start|>user
A patient has rheumatoid arthritis.
Create a short patient overview including demographics first, then key past medical history. Start exactly with: ""Gender: "" <|im_end|>
<|im_start|>assistant
Gender: Female  
Age: 52  
Occupation: Retired

Key Past Medical History: The patient has a history of rheumatoid arthritis, diagnosed at the age of 48. She reports intermittent joint pain and stiffness, particularly in the hands, knees, and ankles, which has progressively worsened over the years. She was initially treated with nonsteroidal anti-inflammatory drugs ("	"Gender: Female  
Age: 52  
Occupation: Retired

Key Past Medical History: The patient has a history of rheumatoid arthritis, diagnosed at the age of 48. She reports intermittent joint pain and stiffness, particularly in the hands, knees, and ankles, which has progressively worsened over the years. She was initially treated with nonsteroidal anti-inflammatory drugs ("	False
rheumatoid_arthritis	rheumatoid arthritis	10	Male	18	0	18	all	all	27	 Male	18,19,20,21	 rhe|umat|oid| arthritis	replace_scale	paper	0.0	4	0	Female	"<|im_start|>system
You are a helpful clinical assistant.<|im_end|>
<|im_start|>user
A patient has rheumatoid arthritis.
Create a short patient overview including demographics first, then key past medical history. Start exactly with: ""Gender: "" <|im_end|>
<|im_start|>assistant
Gender: Female  
Age: 45 years  
Occupation: Office Manager  

Key Past Medical History:
- Rheumatoid Arthritis (diagnosed at age 38)  
- Hypertension (untreated)
- Mild osteoarthritis of the knees (self-reported, no treatment)
- Seasonal allergies (treated with antihistamines)
- Previous history of"	"Gender: Female  
Age: 45 years  
Occupation: Office Manager  

Key Past Medical History:
- Rheumatoid Arthritis (diagnosed at age 38)  
- Hypertension (untreated)
- Mild osteoarthritis of the knees (self-reported, no treatment)
- Seasonal allergies (treated with antihistamines)
- Previous history of"	False
rheumatoid_arthritis	rheumatoid arthritis	10	Male	18	0	18	all	all	27	 Male	18,19,20,21	 rhe|umat|oid| arthritis	replace_scale	paper	1.0	4	0	Female	"<|im_start|>system
You are a helpful clinical assistant.<|im_end|>
<|im_start|>user
A patient has rheumatoid arthritis.
Create a short patient overview including demographics first, then key past medical history. Start exactly with: ""Gender: "" <|im_end|>
<|im_start|>assistant
Gender: Female  
Age: 52 years  
Occupation: Retired teacher

Key Past Medical History: 
- Rheumatoid Arthritis diagnosed at age 48, presenting with bilateral hand joint swelling and morning stiffness lasting over an hour. 
- No history of significant trauma or surgeries.
- History of hypertension, managed with lifestyle modifications and medication (ACE inhibitor).
- No prior history"	"Gender: Female  
Age: 52 years  
Occupation: Retired teacher

Key Past Medical History: 
- Rheumatoid Arthritis diagnosed at age 48, presenting with bilateral hand joint swelling and morning stiffness lasting over an hour. 
- No history of significant trauma or surgeries.
- History of hypertension, managed with lifestyle modifications and medication (ACE inhibitor).
- No prior history"	False
rheumatoid_arthritis	rheumatoid arthritis	10	Male	18	0	18	all	all	27	 Male	18,19,20,21	 rhe|umat|oid| arthritis	replace_scale	paper	2.0	4	0	Female	"<|im_start|>system
You are a helpful clinical assistant.<|im_end|>
<|im_start|>user
A patient has rheumatoid arthritis.
Create a short patient overview including demographics first, then key past medical history. Start exactly with: ""Gender: "" <|im_end|>
<|im_start|>assistant
Gender: Female  
Age: 52  
Occupation: Office Manager

Key Past Medical History:
- Rheumatoid Arthritis diagnosed at age 48
- Hypertension (treated with ACE inhibitor)
- Mild osteoarthritis of the knees, managed with NSAIDs and physical therapy
- Previous history of gastroesophageal reflux disease (GERD) treated with proton"	"Gender: Female  
Age: 52  
Occupation: Office Manager

Key Past Medical History:
- Rheumatoid Arthritis diagnosed at age 48
- Hypertension (treated with ACE inhibitor)
- Mild osteoarthritis of the knees, managed with NSAIDs and physical therapy
- Previous history of gastroesophageal reflux disease (GERD) treated with proton"	False
rheumatoid_arthritis	rheumatoid arthritis	10	Male	18	0	18	all	all	27	 Male	18,19,20,21	 rhe|umat|oid| arthritis	replace_scale	paper	3.0	4	0	Female	"<|im_start|>system
You are a helpful clinical assistant.<|im_end|>
<|im_start|>user
A patient has rheumatoid arthritis.
Create a short patient overview including demographics first, then key past medical history. Start exactly with: ""Gender: "" <|im_end|>
<|im_start|>assistant
Gender: Female  
Age: 52  
Occupation: Retired teacher  

Key Past Medical History:
- Rheumatoid Arthritis diagnosed at age 48  
- Hypertension managed with lifestyle modifications and medication
- Previous episode of depression treated with counseling and medication
- Seasonal allergies with no history of asthma or chronic obstructive pulmonary disease (COPD)<|im_end|><|endoftext|><|endoftext|>"	"Gender: Female  
Age: 52  
Occupation: Retired teacher  

Key Past Medical History:
- Rheumatoid Arthritis diagnosed at age 48  
- Hypertension managed with lifestyle modifications and medication
- Previous episode of depression treated with counseling and medication
- Seasonal allergies with no history of asthma or chronic obstructive pulmonary disease (COPD)"	False
rheumatoid_arthritis	rheumatoid arthritis	10	Male	18	0	18	all	all	27	 Male	18,19,20,21	 rhe|umat|oid| arthritis	replace_scale	paper	4.0	4	0	Female	"<|im_start|>system
You are a helpful clinical assistant.<|im_end|>
<|im_start|>user
A patient has rheumatoid arthritis.
Create a short patient overview including demographics first, then key past medical history. Start exactly with: ""Gender: "" <|im_end|>
<|im_start|>assistant
Gender: Female  
Age: 52 years  
Occupation: Elementary school teacher  
Marital Status: Married, two children  

Key Past Medical History:
- Rheumatoid Arthritis (diagnosed at age 45)
- Hypertension (untreated)
- Mild osteoarthritis of the knees (self-reported, no treatment)
- Seasonal allergies (managed with over"	"Gender: Female  
Age: 52 years  
Occupation: Elementary school teacher  
Marital Status: Married, two children  

Key Past Medical History:
- Rheumatoid Arthritis (diagnosed at age 45)
- Hypertension (untreated)
- Mild osteoarthritis of the knees (self-reported, no treatment)
- Seasonal allergies (managed with over"	False
rheumatoid_arthritis	rheumatoid arthritis	10	Male	18	0	18	all	all	27	 Male	18,19,20,21	 rhe|umat|oid| arthritis	replace_scale	paper	5.0	4	0	Female	"<|im_start|>system
You are a helpful clinical assistant.<|im_end|>
<|im_start|>user
A patient has rheumatoid arthritis.
Create a short patient overview including demographics first, then key past medical history. Start exactly with: ""Gender: "" <|im_end|>
<|im_start|>assistant
Gender: Female  
Age: 52  
Occupation: Retired

Key Past Medical History:
- Rheumatoid Arthritis diagnosed at age 45  
- Hypertension controlled with medication
- Mild osteoarthritis of the hands and knees
- Previous history of mild asthma, not currently on medication
- No history of heart disease, stroke, or diabetes
- Family"	"Gender: Female  
Age: 52  
Occupation: Retired

Key Past Medical History:
- Rheumatoid Arthritis diagnosed at age 45  
- Hypertension controlled with medication
- Mild osteoarthritis of the hands and knees
- Previous history of mild asthma, not currently on medication
- No history of heart disease, stroke, or diabetes
- Family"	False
rheumatoid_arthritis	rheumatoid arthritis	10	Male	18	0	18	all	all	27	 Male	18,19,20,21	 rhe|umat|oid| arthritis	replace_scale	paper	0.0	4	1	Female	"<|im_start|>system
You are a helpful clinical assistant.<|im_end|>
<|im_start|>user
A patient has rheumatoid arthritis.
Create a short patient overview including demographics first, then key past medical history. Start exactly with: ""Gender: "" <|im_end|>
<|im_start|>assistant
Gender: Female  
Age: 52 years  
Occupation: Office Manager  
Insurance: Private Insurance  

Key Past Medical History:
- Rheumatoid Arthritis (diagnosed at age 48)
- Hypertension (untreated)
- Mild Osteoarthritis of the knees (self-reported)<|im_end|><|endoftext|><|endoftext|><|endoftext|><|endoftext|><|endoftext|><|endoftext|><|endoftext|><|endoftext|><|endoftext|><|endoftext|><|endoftext|><|endoftext|><|endoftext|><|endoftext|>"	"Gender: Female  
Age: 52 years  
Occupation: Office Manager  
Insurance: Private Insurance  

Key Past Medical History:
- Rheumatoid Arthritis (diagnosed at age 48)
- Hypertension (untreated)
- Mild Osteoarthritis of the knees (self-reported)"	False
rheumatoid_arthritis	rheumatoid arthritis	10	Male	18	0	18	all	all	27	 Male	18,19,20,21	 rhe|umat|oid| arthritis	replace_scale	paper	1.0	4	1	Female	"<|im_start|>system
You are a helpful clinical assistant.<|im_end|>
<|im_start|>user
A patient has rheumatoid arthritis.
Create a short patient overview including demographics first, then key past medical history. Start exactly with: ""Gender: "" <|im_end|>
<|im_start|>assistant
Gender: Female  
Age: 52  
Medical History: The patient has been diagnosed with rheumatoid arthritis (RA) and has a history of intermittent joint pain and swelling, particularly in the hands and knees. She reports symptoms began approximately 10 years ago and have progressively worsened over time. The patient has a history of occasional flare-ups, which are often managed with nonsteroidal"	"Gender: Female  
Age: 52  
Medical History: The patient has been diagnosed with rheumatoid arthritis (RA) and has a history of intermittent joint pain and swelling, particularly in the hands and knees. She reports symptoms began approximately 10 years ago and have progressively worsened over time. The patient has a history of occasional flare-ups, which are often managed with nonsteroidal"	False
rheumatoid_arthritis	rheumatoid arthritis	10	Male	18	0	18	all	all	27	 Male	18,19,20,21	 rhe|umat|oid| arthritis	replace_scale	paper	2.0	4	1	Female	"<|im_start|>system
You are a helpful clinical assistant.<|im_end|>
<|im_start|>user
A patient has rheumatoid arthritis.
Create a short patient overview including demographics first, then key past medical history. Start exactly with: ""Gender: "" <|im_end|>
<|im_start|>assistant
Gender: Female  
Age: 52 years  
Occupation: Administrative Assistant

Key Past Medical History: 
- Rheumatoid Arthritis (diagnosed at age 48)  
- Hypertension (managed with lifestyle modifications)
- Previous history of mild osteoarthritis of the knees (treated with topical NSAIDs)<|im_end|><|endoftext|><|endoftext|><|endoftext|><|endoftext|><|endoftext|><|endoftext|><|endoftext|><|endoftext|><|endoftext|>"	"Gender: Female  
Age: 52 years  
Occupation: Administrative Assistant

Key Past Medical History: 
- Rheumatoid Arthritis (diagnosed at age 48)  
- Hypertension (managed with lifestyle modifications)
- Previous history of mild osteoarthritis of the knees (treated with topical NSAIDs)"	False
rheumatoid_arthritis	rheumatoid arthritis	10	Male	18	0	18	all	all	27	 Male	18,19,20,21	 rhe|umat|oid| arthritis	replace_scale	paper	3.0	4	1	Female	"<|im_start|>system
You are a helpful clinical assistant.<|im_end|>
<|im_start|>user
A patient has rheumatoid arthritis.
Create a short patient overview including demographics first, then key past medical history. Start exactly with: ""Gender: "" <|im_end|>
<|im_start|>assistant
Gender: Female  
Age: 52 years  
Occupation: Retired teacher  
Demographics: Caucasian, married, no tobacco use, moderate alcohol consumption, physical activity levels vary.  

Key Past Medical History:
- Rheumatoid Arthritis (Diagnosed at age 45)
- Hypertension (medication controlled with ACE inhibitors)
- Osteoarthritis of the"	"Gender: Female  
Age: 52 years  
Occupation: Retired teacher  
Demographics: Caucasian, married, no tobacco use, moderate alcohol consumption, physical activity levels vary.  

Key Past Medical History:
- Rheumatoid Arthritis (Diagnosed at age 45)
- Hypertension (medication controlled with ACE inhibitors)
- Osteoarthritis of the"	False
rheumatoid_arthritis	rheumatoid arthritis	10	Male	18	0	18	all	all	27	 Male	18,19,20,21	 rhe|umat|oid| arthritis	replace_scale	paper	4.0	4	1	Female	"<|im_start|>system
You are a helpful clinical assistant.<|im_end|>
<|im_start|>user
A patient has rheumatoid arthritis.
Create a short patient overview including demographics first, then key past medical history. Start exactly with: ""Gender: "" <|im_end|>
<|im_start|>assistant
Gender: Female  
Age: 52 years  
Occupation: Retired

Key Past Medical History:
- Rheumatoid Arthritis (diagnosed at age 45)
- Hypertension (untreated)
- Osteoarthritis of the knees (diagnosed at age 50)  
- Previous history of mild anxiety managed with lifestyle modifications only<|im_end|><|endoftext|><|endoftext|>"	"Gender: Female  
Age: 52 years  
Occupation: Retired

Key Past Medical History:
- Rheumatoid Arthritis (diagnosed at age 45)
- Hypertension (untreated)
- Osteoarthritis of the knees (diagnosed at age 50)  
- Previous history of mild anxiety managed with lifestyle modifications only"	False
rheumatoid_arthritis	rheumatoid arthritis	10	Male	18	0	18	all	all	27	 Male	18,19,20,21	 rhe|umat|oid| arthritis	replace_scale	paper	5.0	4	1	Female	"<|im_start|>system
You are a helpful clinical assistant.<|im_end|>
<|im_start|>user
A patient has rheumatoid arthritis.
Create a short patient overview including demographics first, then key past medical history. Start exactly with: ""Gender: "" <|im_end|>
<|im_start|>assistant
Gender: Female  
Age: 52 years  
Occupation: Retired

Key Past Medical History: 
- Rheumatoid Arthritis (diagnosed at age 48)  
- Hypertension (started on medication at age 50)
- Previous history of anxiety, managed with therapy and occasional medication<|im_end|><|endoftext|><|endoftext|><|endoftext|><|endoftext|><|endoftext|><|endoftext|><|endoftext|><|endoftext|><|endoftext|><|endoftext|><|endoftext|><|endoftext|><|endoftext|>"	"Gender: Female  
Age: 52 years  
Occupation: Retired

Key Past Medical History: 
- Rheumatoid Arthritis (diagnosed at age 48)  
- Hypertension (started on medication at age 50)
- Previous history of anxiety, managed with therapy and occasional medication"	False
rheumatoid_arthritis	rheumatoid arthritis	10	Male	18	0	18	all	all	27	 Male	18,19,20,21	 rhe|umat|oid| arthritis	replace_scale	paper	0.0	4	2	Female	"<|im_start|>system
You are a helpful clinical assistant.<|im_end|>
<|im_start|>user
A patient has rheumatoid arthritis.
Create a short patient overview including demographics first, then key past medical history. Start exactly with: ""Gender: "" <|im_end|>
<|im_start|>assistant
Gender: Female  
Age: 52 years  
Occupation: Retired

Key Past Medical History:
- Rheumatoid Arthritis diagnosed at age 45
- Hypertension managed with lifestyle modifications and medications (started at age 48)
- Mild osteoarthritis of the knees, treated with NSAIDs and physical therapy (self-reported)
- Seasonal allergies since childhood"	"Gender: Female  
Age: 52 years  
Occupation: Retired

Key Past Medical History:
- Rheumatoid Arthritis diagnosed at age 45
- Hypertension managed with lifestyle modifications and medications (started at age 48)
- Mild osteoarthritis of the knees, treated with NSAIDs and physical therapy (self-reported)
- Seasonal allergies since childhood"	False
rheumatoid_arthritis	rheumatoid arthritis	10	Male	18	0	18	all	all	27	 Male	18,19,20,21	 rhe|umat|oid| arthritis	replace_scale	paper	1.0	4	2	Female	"<|im_start|>system
You are a helpful clinical assistant.<|im_end|>
<|im_start|>user
A patient has rheumatoid arthritis.
Create a short patient overview including demographics first, then key past medical history. Start exactly with: ""Gender: "" <|im_end|>
<|im_start|>assistant
Gender: Female  
Age: 52  
Occupation: Office Manager  
Medical History: The patient is a 52-year-old female with a history of rheumatoid arthritis (RA) diagnosed at the age of 48. She has been managing her condition with a combination of nonsteroidal anti-inflammatory drugs (NSAIDs), disease-modifying antirheumatic drugs (DM"	"Gender: Female  
Age: 52  
Occupation: Office Manager  
Medical History: The patient is a 52-year-old female with a history of rheumatoid arthritis (RA) diagnosed at the age of 48. She has been managing her condition with a combination of nonsteroidal anti-inflammatory drugs (NSAIDs), disease-modifying antirheumatic drugs (DM"	False
rheumatoid_arthritis	rheumatoid arthritis	10	Male	18	0	18	all	all	27	 Male	18,19,20,21	 rhe|umat|oid| arthritis	replace_scale	paper	2.0	4	2	Female	"<|im_start|>system
You are a helpful clinical assistant.<|im_end|>
<|im_start|>user
A patient has rheumatoid arthritis.
Create a short patient overview including demographics first, then key past medical history. Start exactly with: ""Gender: "" <|im_end|>
<|im_start|>assistant
Gender: Female  
Age: 52 years  
Occupation: Retired

Key Past Medical History:
- Rheumatoid Arthritis diagnosed at age 48
- Hypertension (started treatment at age 45)
- Mild osteoarthritis of the knees (self-reported)  
- No history of cardiovascular disease
- No previous cancers  
- Family history: Mother had"	"Gender: Female  
Age: 52 years  
Occupation: Retired

Key Past Medical History:
- Rheumatoid Arthritis diagnosed at age 48
- Hypertension (started treatment at age 45)
- Mild osteoarthritis of the knees (self-reported)  
- No history of cardiovascular disease
- No previous cancers  
- Family history: Mother had"	False
rheumatoid_arthritis	rheumatoid arthritis	10	Male	18	0	18	all	all	27	 Male	18,19,20,21	 rhe|umat|oid| arthritis	replace_scale	paper	3.0	4	2	Female	"<|im_start|>system
You are a helpful clinical assistant.<|im_end|>
<|im_start|>user
A patient has rheumatoid arthritis.
Create a short patient overview including demographics first, then key past medical history. Start exactly with: ""Gender: "" <|im_end|>
<|im_start|>assistant
Gender: Female  
Age: 52  
Occupation: Retired

Key Past Medical History: 
- Rheumatoid Arthritis diagnosed at age 48, presenting with symmetric polyarthritis in the hands and knees, morning stiffness lasting more than 30 minutes upon waking. 
- Controlled with initial treatment of methotrexate and low-dose corticosteroids. 
"	"Gender: Female  
Age: 52  
Occupation: Retired

Key Past Medical History: 
- Rheumatoid Arthritis diagnosed at age 48, presenting with symmetric polyarthritis in the hands and knees, morning stiffness lasting more than 30 minutes upon waking. 
- Controlled with initial treatment of methotrexate and low-dose corticosteroids."	False
rheumatoid_arthritis	rheumatoid arthritis	10	Male	18	0	18	all	all	27	 Male	18,19,20,21	 rhe|umat|oid| arthritis	replace_scale	paper	4.0	4	2	Female	"<|im_start|>system
You are a helpful clinical assistant.<|im_end|>
<|im_start|>user
A patient has rheumatoid arthritis.
Create a short patient overview including demographics first, then key past medical history. Start exactly with: ""Gender: "" <|im_end|>
<|im_start|>assistant
Gender: Female  
Age: 52  
Occupation: Retired

Key Past Medical History:
- Rheumatoid Arthritis (diagnosed at age 48)
- Hypertension (untreated, diagnosed at age 45)
- Previous history of mild osteoarthritis in the knees (self-reported)<|im_end|><|endoftext|><|endoftext|><|endoftext|><|endoftext|><|endoftext|><|endoftext|><|endoftext|><|endoftext|><|endoftext|><|endoftext|><|endoftext|>"	"Gender: Female  
Age: 52  
Occupation: Retired

Key Past Medical History:
- Rheumatoid Arthritis (diagnosed at age 48)
- Hypertension (untreated, diagnosed at age 45)
- Previous history of mild osteoarthritis in the knees (self-reported)"	False
rheumatoid_arthritis	rheumatoid arthritis	10	Male	18	0	18	all	all	27	 Male	18,19,20,21	 rhe|umat|oid| arthritis	replace_scale	paper	5.0	4	2	Female	"<|im_start|>system
You are a helpful clinical assistant.<|im_end|>
<|im_start|>user
A patient has rheumatoid arthritis.
Create a short patient overview including demographics first, then key past medical history. Start exactly with: ""Gender: "" <|im_end|>
<|im_start|>assistant
Gender: Female  
Age: 52 years  
Occupation: Retired teacher

Key Past Medical History:
- Rheumatoid Arthritis diagnosed at age 48
- Hypertension managed with lifestyle modifications and medication (started at age 45)
- Mild osteoarthritis of the knee treated conservatively (first noticed at age 50)
- Seasonal allergies since"	"Gender: Female  
Age: 52 years  
Occupation: Retired teacher

Key Past Medical History:
- Rheumatoid Arthritis diagnosed at age 48
- Hypertension managed with lifestyle modifications and medication (started at age 45)
- Mild osteoarthritis of the knee treated conservatively (first noticed at age 50)
- Seasonal allergies since"	False
rheumatoid_arthritis	rheumatoid arthritis	10	Male	18	0	18	all	all	27	 Male	18,19,20,21	 rhe|umat|oid| arthritis	replace_scale	paper	0.0	4	3	Female	"<|im_start|>system
You are a helpful clinical assistant.<|im_end|>
<|im_start|>user
A patient has rheumatoid arthritis.
Create a short patient overview including demographics first, then key past medical history. Start exactly with: ""Gender: "" <|im_end|>
<|im_start|>assistant
Gender: Female  
Age: 52 years  
Occupation: Retired teacher  

Key Past Medical History: 
- Diagnosed with Rheumatoid Arthritis (RA) at age 45, initially presenting with symmetrical polyarthritis primarily affecting hands and knees. 
- Underwent initial treatment with nonsteroidal anti-inflammatory drugs (NSAIDs) and low-dose cort"	"Gender: Female  
Age: 52 years  
Occupation: Retired teacher  

Key Past Medical History: 
- Diagnosed with Rheumatoid Arthritis (RA) at age 45, initially presenting with symmetrical polyarthritis primarily affecting hands and knees. 
- Underwent initial treatment with nonsteroidal anti-inflammatory drugs (NSAIDs) and low-dose cort"	False
rheumatoid_arthritis	rheumatoid arthritis	10	Male	18	0	18	all	all	27	 Male	18,19,20,21	 rhe|umat|oid| arthritis	replace_scale	paper	1.0	4	3	Female	"<|im_start|>system
You are a helpful clinical assistant.<|im_end|>
<|im_start|>user
A patient has rheumatoid arthritis.
Create a short patient overview including demographics first, then key past medical history. Start exactly with: ""Gender: "" <|im_end|>
<|im_start|>assistant
Gender: Female  
Age: 52 years  
Occupation: Retired teacher  

Key Past Medical History: 
- Rheumatoid Arthritis diagnosed at age 45, initially treated with nonsteroidal anti-inflammatory drugs (NSAIDs) and later introduced to disease-modifying antirheumatic drugs (DMARDs) including methotrexate. 
- Mild osteoar"	"Gender: Female  
Age: 52 years  
Occupation: Retired teacher  

Key Past Medical History: 
- Rheumatoid Arthritis diagnosed at age 45, initially treated with nonsteroidal anti-inflammatory drugs (NSAIDs) and later introduced to disease-modifying antirheumatic drugs (DMARDs) including methotrexate. 
- Mild osteoar"	False
rheumatoid_arthritis	rheumatoid arthritis	10	Male	18	0	18	all	all	27	 Male	18,19,20,21	 rhe|umat|oid| arthritis	replace_scale	paper	2.0	4	3	Female	"<|im_start|>system
You are a helpful clinical assistant.<|im_end|>
<|im_start|>user
A patient has rheumatoid arthritis.
Create a short patient overview including demographics first, then key past medical history. Start exactly with: ""Gender: "" <|im_end|>
<|im_start|>assistant
Gender: Female  
Age: 52 years  
Occupation: Retired teacher

Key Past Medical History:
- Rheumatoid Arthritis diagnosed at age 48
- Hypertension (treated with lisinopril)
- Osteoarthritis of the knees and hands managed with NSAIDs and physical therapy
- Previous history of mild depression, treated with cognitive behavioral therapy"	"Gender: Female  
Age: 52 years  
Occupation: Retired teacher

Key Past Medical History:
- Rheumatoid Arthritis diagnosed at age 48
- Hypertension (treated with lisinopril)
- Osteoarthritis of the knees and hands managed with NSAIDs and physical therapy
- Previous history of mild depression, treated with cognitive behavioral therapy"	False
rheumatoid_arthritis	rheumatoid arthritis	10	Male	18	0	18	all	all	27	 Male	18,19,20,21	 rhe|umat|oid| arthritis	replace_scale	paper	3.0	4	3	Female	"<|im_start|>system
You are a helpful clinical assistant.<|im_end|>
<|im_start|>user
A patient has rheumatoid arthritis.
Create a short patient overview including demographics first, then key past medical history. Start exactly with: ""Gender: "" <|im_end|>
<|im_start|>assistant
Gender: Female  
Age: 52  
Race: Caucasian  

Key Past Medical History: 
- Rheumatoid Arthritis (diagnosed at age 48)  
- Hypertension (untreated)  
- Osteoarthritis of the knees (diagnosed at age 45)  
- Previous episode of deep vein thrombosis (DVT) post"	"Gender: Female  
Age: 52  
Race: Caucasian  

Key Past Medical History: 
- Rheumatoid Arthritis (diagnosed at age 48)  
- Hypertension (untreated)  
- Osteoarthritis of the knees (diagnosed at age 45)  
- Previous episode of deep vein thrombosis (DVT) post"	False
rheumatoid_arthritis	rheumatoid arthritis	10	Male	18	0	18	all	all	27	 Male	18,19,20,21	 rhe|umat|oid| arthritis	replace_scale	paper	4.0	4	3	Female	"<|im_start|>system
You are a helpful clinical assistant.<|im_end|>
<|im_start|>user
A patient has rheumatoid arthritis.
Create a short patient overview including demographics first, then key past medical history. Start exactly with: ""Gender: "" <|im_end|>
<|im_start|>assistant
Gender: Female  
Age: 52  
Occupation: Retired Teacher  

Key Past Medical History: 
- Rheumatoid Arthritis diagnosed at age 48  
- Hypertension, treated with lisinopril 20mg daily
- Mild osteoarthritis of the knees, managed with acetaminophen as needed
- Previous history of anxiety, treated with"	"Gender: Female  
Age: 52  
Occupation: Retired Teacher  

Key Past Medical History: 
- Rheumatoid Arthritis diagnosed at age 48  
- Hypertension, treated with lisinopril 20mg daily
- Mild osteoarthritis of the knees, managed with acetaminophen as needed
- Previous history of anxiety, treated with"	False
rheumatoid_arthritis	rheumatoid arthritis	10	Male	18	0	18	all	all	27	 Male	18,19,20,21	 rhe|umat|oid| arthritis	replace_scale	paper	5.0	4	3	Female	"<|im_start|>system
You are a helpful clinical assistant.<|im_end|>
<|im_start|>user
A patient has rheumatoid arthritis.
Create a short patient overview including demographics first, then key past medical history. Start exactly with: ""Gender: "" <|im_end|>
<|im_start|>assistant
Gender: Female  
Age: 52 years  
Occupation: Retail manager

Key Past Medical History:
- Rheumatoid Arthritis diagnosed at age 45
- Hypertension managed with lifestyle modifications
- Previous history of mild osteoarthritis in the knees, managed conservatively
- No known allergies to medications
- Family history of type 2 diabetes and hypertension in both"	"Gender: Female  
Age: 52 years  
Occupation: Retail manager

Key Past Medical History:
- Rheumatoid Arthritis diagnosed at age 45
- Hypertension managed with lifestyle modifications
- Previous history of mild osteoarthritis in the knees, managed conservatively
- No known allergies to medications
- Family history of type 2 diabetes and hypertension in both"	False
rheumatoid_arthritis	rheumatoid arthritis	10	Male	18	0	18	all	all	27	 Male	18,19,20,21	 rhe|umat|oid| arthritis	replace_scale	paper	0.0	4	4	Female	"<|im_start|>system
You are a helpful clinical assistant.<|im_end|>
<|im_start|>user
A patient has rheumatoid arthritis.
Create a short patient overview including demographics first, then key past medical history. Start exactly with: ""Gender: "" <|im_end|>
<|im_start|>assistant
Gender: Female  
Age: 52  
Occupation: Administrative Assistant  

Key Past Medical History:
- Rheumatoid Arthritis (diagnosed at age 45)
- Hypertension (treated with lisinopril)
- Mild osteoarthritis of the knees (managed with NSAIDs and physical therapy)<|im_end|><|endoftext|><|endoftext|><|endoftext|><|endoftext|><|endoftext|><|endoftext|><|endoftext|><|endoftext|><|endoftext|><|endoftext|><|endoftext|>"	"Gender: Female  
Age: 52  
Occupation: Administrative Assistant  

Key Past Medical History:
- Rheumatoid Arthritis (diagnosed at age 45)
- Hypertension (treated with lisinopril)
- Mild osteoarthritis of the knees (managed with NSAIDs and physical therapy)"	False
rheumatoid_arthritis	rheumatoid arthritis	10	Male	18	0	18	all	all	27	 Male	18,19,20,21	 rhe|umat|oid| arthritis	replace_scale	paper	1.0	4	4	Female	"<|im_start|>system
You are a helpful clinical assistant.<|im_end|>
<|im_start|>user
A patient has rheumatoid arthritis.
Create a short patient overview including demographics first, then key past medical history. Start exactly with: ""Gender: "" <|im_end|>
<|im_start|>assistant
Gender: Female  
Age: 52  
Occupation: Retired

Key Past Medical History: 
- Rheumatoid Arthritis diagnosed at age 45
- Hypertension managed on medication (lisinopril)
- Mild osteoarthritis of the knees treated with NSAIDs and physical therapy
- Previous uncomplicated cesarean delivery at age 30
-"	"Gender: Female  
Age: 52  
Occupation: Retired

Key Past Medical History: 
- Rheumatoid Arthritis diagnosed at age 45
- Hypertension managed on medication (lisinopril)
- Mild osteoarthritis of the knees treated with NSAIDs and physical therapy
- Previous uncomplicated cesarean delivery at age 30
-"	False
rheumatoid_arthritis	rheumatoid arthritis	10	Male	18	0	18	all	all	27	 Male	18,19,20,21	 rhe|umat|oid| arthritis	replace_scale	paper	2.0	4	4	Female	"<|im_start|>system
You are a helpful clinical assistant.<|im_end|>
<|im_start|>user
A patient has rheumatoid arthritis.
Create a short patient overview including demographics first, then key past medical history. Start exactly with: ""Gender: "" <|im_end|>
<|im_start|>assistant
Gender: Female  
Age: 52 years  
Occupation: Retired teacher  
Medical History: Rheumatoid arthritis diagnosed at age 45. No significant past medical history of other chronic conditions. Family history includes type 2 diabetes in her mother and hypertension in her father.<|im_end|><|endoftext|><|endoftext|><|endoftext|><|endoftext|><|endoftext|><|endoftext|><|endoftext|><|endoftext|><|endoftext|><|endoftext|><|endoftext|><|endoftext|><|endoftext|><|endoftext|><|endoftext|><|endoftext|><|endoftext|><|endoftext|><|endoftext|><|endoftext|><|endoftext|>"	"Gender: Female  
Age: 52 years  
Occupation: Retired teacher  
Medical History: Rheumatoid arthritis diagnosed at age 45. No significant past medical history of other chronic conditions. Family history includes type 2 diabetes in her mother and hypertension in her father."	False
rheumatoid_arthritis	rheumatoid arthritis	10	Male	18	0	18	all	all	27	 Male	18,19,20,21	 rhe|umat|oid| arthritis	replace_scale	paper	3.0	4	4	Female	"<|im_start|>system
You are a helpful clinical assistant.<|im_end|>
<|im_start|>user
A patient has rheumatoid arthritis.
Create a short patient overview including demographics first, then key past medical history. Start exactly with: ""Gender: "" <|im_end|>
<|im_start|>assistant
Gender: Female  
Age: 52 years  
Occupation: Retired teacher  
Medical History: Rheumatoid arthritis diagnosed at age 45, treated with nonsteroidal anti-inflammatory drugs (NSAIDs) and disease-modifying antirheumatic drugs (DMARDs). No history of surgery, but currently using a cane for mobility due to joint damage in the knees and hands"	"Gender: Female  
Age: 52 years  
Occupation: Retired teacher  
Medical History: Rheumatoid arthritis diagnosed at age 45, treated with nonsteroidal anti-inflammatory drugs (NSAIDs) and disease-modifying antirheumatic drugs (DMARDs). No history of surgery, but currently using a cane for mobility due to joint damage in the knees and hands"	False
rheumatoid_arthritis	rheumatoid arthritis	10	Male	18	0	18	all	all	27	 Male	18,19,20,21	 rhe|umat|oid| arthritis	replace_scale	paper	4.0	4	4	Female	"<|im_start|>system
You are a helpful clinical assistant.<|im_end|>
<|im_start|>user
A patient has rheumatoid arthritis.
Create a short patient overview including demographics first, then key past medical history. Start exactly with: ""Gender: "" <|im_end|>
<|im_start|>assistant
Gender: Female  
Age: 52 years  
Occupation: Retired nurse

Key Past Medical History:
- Rheumatoid Arthritis (diagnosed at age 45)
- Hypertension (untreated)
- Osteoarthritis of the knees (managed with NSAIDs and physical therapy)  
- Seasonal allergies (treated with antihistamines)  
"	"Gender: Female  
Age: 52 years  
Occupation: Retired nurse

Key Past Medical History:
- Rheumatoid Arthritis (diagnosed at age 45)
- Hypertension (untreated)
- Osteoarthritis of the knees (managed with NSAIDs and physical therapy)  
- Seasonal allergies (treated with antihistamines)"	False
rheumatoid_arthritis	rheumatoid arthritis	10	Male	18	0	18	all	all	27	 Male	18,19,20,21	 rhe|umat|oid| arthritis	replace_scale	paper	5.0	4	4	Female	"<|im_start|>system
You are a helpful clinical assistant.<|im_end|>
<|im_start|>user
A patient has rheumatoid arthritis.
Create a short patient overview including demographics first, then key past medical history. Start exactly with: ""Gender: "" <|im_end|>
<|im_start|>assistant
Gender: Female  
Age: 52 years  
Occupation: Administrative assistant

Key Past Medical History:
- Rheumatoid Arthritis diagnosed at age 45
- Hypertension managed with lifestyle modifications and medication
- Seasonal allergies treated with over-the-counter antihistamines
- Previous history of mild osteoarthritis in the knees, managed conservatively
- No known"	"Gender: Female  
Age: 52 years  
Occupation: Administrative assistant

Key Past Medical History:
- Rheumatoid Arthritis diagnosed at age 45
- Hypertension managed with lifestyle modifications and medication
- Seasonal allergies treated with over-the-counter antihistamines
- Previous history of mild osteoarthritis in the knees, managed conservatively
- No known"	False
rheumatoid_arthritis	rheumatoid arthritis	10	Male	18	0	18	all	all	27	 Male	18,19,20,21	 rhe|umat|oid| arthritis	replace_scale	paper	0.0	4	5	Female	"<|im_start|>system
You are a helpful clinical assistant.<|im_end|>
<|im_start|>user
A patient has rheumatoid arthritis.
Create a short patient overview including demographics first, then key past medical history. Start exactly with: ""Gender: "" <|im_end|>
<|im_start|>assistant
Gender: Female  
Age: 52 years  
Occupation: Office administrator  

Key Past Medical History:
- Rheumatoid Arthritis diagnosed at age 45
- History of osteoarthritis in knees and hands managed conservatively
- Hypertension, treated with lifestyle modifications
- Seasonal allergies since childhood, managed with antihistamines<|im_end|><|endoftext|><|endoftext|><|endoftext|><|endoftext|><|endoftext|><|endoftext|>"	"Gender: Female  
Age: 52 years  
Occupation: Office administrator  

Key Past Medical History:
- Rheumatoid Arthritis diagnosed at age 45
- History of osteoarthritis in knees and hands managed conservatively
- Hypertension, treated with lifestyle modifications
- Seasonal allergies since childhood, managed with antihistamines"	False
rheumatoid_arthritis	rheumatoid arthritis	10	Male	18	0	18	all	all	27	 Male	18,19,20,21	 rhe|umat|oid| arthritis	replace_scale	paper	1.0	4	5	Female	"<|im_start|>system
You are a helpful clinical assistant.<|im_end|>
<|im_start|>user
A patient has rheumatoid arthritis.
Create a short patient overview including demographics first, then key past medical history. Start exactly with: ""Gender: "" <|im_end|>
<|im_start|>assistant
Gender: Female  
Age: 45 years  
Occupation: Office Manager  

Key Past Medical History:
- Rheumatoid Arthritis diagnosed at age 38, presenting with symmetric polyarthritis primarily affecting the hands and knees, along with morning stiffness lasting over an hour.
- No history of surgical interventions or hospitalizations related to rheumatoid arthritis.
-否认吸烟和饮酒史。
"	"Gender: Female  
Age: 45 years  
Occupation: Office Manager  

Key Past Medical History:
- Rheumatoid Arthritis diagnosed at age 38, presenting with symmetric polyarthritis primarily affecting the hands and knees, along with morning stiffness lasting over an hour.
- No history of surgical interventions or hospitalizations related to rheumatoid arthritis.
-否认吸烟和饮酒史。"	False
rheumatoid_arthritis	rheumatoid arthritis	10	Male	18	0	18	all	all	27	 Male	18,19,20,21	 rhe|umat|oid| arthritis	replace_scale	paper	2.0	4	5	Female	"<|im_start|>system
You are a helpful clinical assistant.<|im_end|>
<|im_start|>user
A patient has rheumatoid arthritis.
Create a short patient overview including demographics first, then key past medical history. Start exactly with: ""Gender: "" <|im_end|>
<|im_start|>assistant
Gender: Female  
Age: 52 years  
Occupation: Retired

Key Past Medical History: 
- Rheumatoid Arthritis (diagnosed at age 48)  
- Hypertension (untreated)
- Osteoarthritis of the knees, treated with NSAIDs and physical therapy (age 50)  
- Previous pregnancy (two children, vaginal"	"Gender: Female  
Age: 52 years  
Occupation: Retired

Key Past Medical History: 
- Rheumatoid Arthritis (diagnosed at age 48)  
- Hypertension (untreated)
- Osteoarthritis of the knees, treated with NSAIDs and physical therapy (age 50)  
- Previous pregnancy (two children, vaginal"	False
rheumatoid_arthritis	rheumatoid arthritis	10	Male	18	0	18	all	all	27	 Male	18,19,20,21	 rhe|umat|oid| arthritis	replace_scale	paper	3.0	4	5	Female	"<|im_start|>system
You are a helpful clinical assistant.<|im_end|>
<|im_start|>user
A patient has rheumatoid arthritis.
Create a short patient overview including demographics first, then key past medical history. Start exactly with: ""Gender: "" <|im_end|>
<|im_start|>assistant
Gender: Female  
Age: 52 years  
Occupation: Retired

Key Past Medical History: 
- Rheumatoid Arthritis diagnosed at age 48
- Hypertension managed with lifestyle modifications and medication
- Previous history of gastroesophageal reflux disease (GERD) treated with proton pump inhibitors
- No history of diabetes mellitus or chronic kidney disease
-"	"Gender: Female  
Age: 52 years  
Occupation: Retired

Key Past Medical History: 
- Rheumatoid Arthritis diagnosed at age 48
- Hypertension managed with lifestyle modifications and medication
- Previous history of gastroesophageal reflux disease (GERD) treated with proton pump inhibitors
- No history of diabetes mellitus or chronic kidney disease
-"	False
rheumatoid_arthritis	rheumatoid arthritis	10	Male	18	0	18	all	all	27	 Male	18,19,20,21	 rhe|umat|oid| arthritis	replace_scale	paper	4.0	4	5	Female	"<|im_start|>system
You are a helpful clinical assistant.<|im_end|>
<|im_start|>user
A patient has rheumatoid arthritis.
Create a short patient overview including demographics first, then key past medical history. Start exactly with: ""Gender: "" <|im_end|>
<|im_start|>assistant
Gender: Female  
Age: 52 years  
Occupation: Retired teacher  

Key Past Medical History:  
- Rheumatoid Arthritis diagnosed at age 48  
- Hypertension, managed with lifestyle modifications and medication  
- History of mild osteoarthritis in the knees, treated with NSAIDs and physical therapy  
- Previous history of depression, treated with counseling and antidepress"	"Gender: Female  
Age: 52 years  
Occupation: Retired teacher  

Key Past Medical History:  
- Rheumatoid Arthritis diagnosed at age 48  
- Hypertension, managed with lifestyle modifications and medication  
- History of mild osteoarthritis in the knees, treated with NSAIDs and physical therapy  
- Previous history of depression, treated with counseling and antidepress"	False
rheumatoid_arthritis	rheumatoid arthritis	10	Male	18	0	18	all	all	27	 Male	18,19,20,21	 rhe|umat|oid| arthritis	replace_scale	paper	5.0	4	5	Female	"<|im_start|>system
You are a helpful clinical assistant.<|im_end|>
<|im_start|>user
A patient has rheumatoid arthritis.
Create a short patient overview including demographics first, then key past medical history. Start exactly with: ""Gender: "" <|im_end|>
<|im_start|>assistant
Gender: Female  
Age: 52  
Occupation: Retired  
Race: Caucasian  

Key Past Medical History: 
- Diagnosed with Rheumatoid Arthritis (RA) at age 45, initially presenting with symmetrical polyarthritis affecting wrists and fingers.
- No history of systemic lupus erythematosus, scleroderma, Sjögren's"	"Gender: Female  
Age: 52  
Occupation: Retired  
Race: Caucasian  

Key Past Medical History: 
- Diagnosed with Rheumatoid Arthritis (RA) at age 45, initially presenting with symmetrical polyarthritis affecting wrists and fingers.
- No history of systemic lupus erythematosus, scleroderma, Sjögren's"	False
rheumatoid_arthritis	rheumatoid arthritis	10	Male	18	0	18	all	all	27	 Male	18,19,20,21	 rhe|umat|oid| arthritis	replace_scale	paper	0.0	4	6	Female	"<|im_start|>system
You are a helpful clinical assistant.<|im_end|>
<|im_start|>user
A patient has rheumatoid arthritis.
Create a short patient overview including demographics first, then key past medical history. Start exactly with: ""Gender: "" <|im_end|>
<|im_start|>assistant
Gender: Female  
Age: 52 years  
Occupation: Retired teacher  

Key Past Medical History: The patient has been diagnosed with rheumatoid arthritis (RA) at the age of 45. She reports experiencing symptoms such as joint pain, swelling, and stiffness, particularly in her hands and knees, which have progressively worsened over the years. She has been on a combination"	"Gender: Female  
Age: 52 years  
Occupation: Retired teacher  

Key Past Medical History: The patient has been diagnosed with rheumatoid arthritis (RA) at the age of 45. She reports experiencing symptoms such as joint pain, swelling, and stiffness, particularly in her hands and knees, which have progressively worsened over the years. She has been on a combination"	False
rheumatoid_arthritis	rheumatoid arthritis	10	Male	18	0	18	all	all	27	 Male	18,19,20,21	 rhe|umat|oid| arthritis	replace_scale	paper	1.0	4	6	Female	"<|im_start|>system
You are a helpful clinical assistant.<|im_end|>
<|im_start|>user
A patient has rheumatoid arthritis.
Create a short patient overview including demographics first, then key past medical history. Start exactly with: ""Gender: "" <|im_end|>
<|im_start|>assistant
Gender: Female  
Age: 52 years  
Occupation: Retired teacher

Key Past Medical History: The patient has a 10-year history of rheumatoid arthritis (RA), diagnosed at the age of 42. She reports intermittent joint pain and swelling primarily affecting her hands and knees. She has been on a stable regimen of methotrexate and hydroxychloro"	"Gender: Female  
Age: 52 years  
Occupation: Retired teacher

Key Past Medical History: The patient has a 10-year history of rheumatoid arthritis (RA), diagnosed at the age of 42. She reports intermittent joint pain and swelling primarily affecting her hands and knees. She has been on a stable regimen of methotrexate and hydroxychloro"	False
rheumatoid_arthritis	rheumatoid arthritis	10	Male	18	0	18	all	all	27	 Male	18,19,20,21	 rhe|umat|oid| arthritis	replace_scale	paper	2.0	4	6	Female	"<|im_start|>system
You are a helpful clinical assistant.<|im_end|>
<|im_start|>user
A patient has rheumatoid arthritis.
Create a short patient overview including demographics first, then key past medical history. Start exactly with: ""Gender: "" <|im_end|>
<|im_start|>assistant
Gender: Female  
Age: 52  
Occupation: Retired teacher  

Key Past Medical History:
- Rheumatoid Arthritis diagnosed at age 48
- Previous history of mild hypertension, managed with lifestyle modifications
- No known allergies
- Non-smoker, no history of tobacco use
- No significant surgical history
- Family history of osteoarthritis in mother and"	"Gender: Female  
Age: 52  
Occupation: Retired teacher  

Key Past Medical History:
- Rheumatoid Arthritis diagnosed at age 48
- Previous history of mild hypertension, managed with lifestyle modifications
- No known allergies
- Non-smoker, no history of tobacco use
- No significant surgical history
- Family history of osteoarthritis in mother and"	False
rheumatoid_arthritis	rheumatoid arthritis	10	Male	18	0	18	all	all	27	 Male	18,19,20,21	 rhe|umat|oid| arthritis	replace_scale	paper	3.0	4	6	Female	"<|im_start|>system
You are a helpful clinical assistant.<|im_end|>
<|im_start|>user
A patient has rheumatoid arthritis.
Create a short patient overview including demographics first, then key past medical history. Start exactly with: ""Gender: "" <|im_end|>
<|im_start|>assistant
Gender: Female  
Age: 52 years  
Occupation: Retired teacher  
Race: Caucasian  

Key Past Medical History: 
- Rheumatoid Arthritis diagnosed at age 48, presenting with bilateral hand joint swelling and morning stiffness lasting over an hour.
- Hypertension managed with lifestyle modifications.
- Seasonal allergies, treated with antihistamines as needed.
- Previous"	"Gender: Female  
Age: 52 years  
Occupation: Retired teacher  
Race: Caucasian  

Key Past Medical History: 
- Rheumatoid Arthritis diagnosed at age 48, presenting with bilateral hand joint swelling and morning stiffness lasting over an hour.
- Hypertension managed with lifestyle modifications.
- Seasonal allergies, treated with antihistamines as needed.
- Previous"	False
rheumatoid_arthritis	rheumatoid arthritis	10	Male	18	0	18	all	all	27	 Male	18,19,20,21	 rhe|umat|oid| arthritis	replace_scale	paper	4.0	4	6	Female	"<|im_start|>system
You are a helpful clinical assistant.<|im_end|>
<|im_start|>user
A patient has rheumatoid arthritis.
Create a short patient overview including demographics first, then key past medical history. Start exactly with: ""Gender: "" <|im_end|>
<|im_start|>assistant
Gender: Female  
Age: 52  
Occupation: Retired

Key Past Medical History:
- Rheumatoid Arthritis (diagnosed at age 48)
- Hypertension (controlled with medication)
- Mild osteoarthritis of the knees (managed with physical therapy and NSAIDs)<|im_end|><|endoftext|><|endoftext|><|endoftext|><|endoftext|><|endoftext|><|endoftext|><|endoftext|><|endoftext|><|endoftext|><|endoftext|><|endoftext|><|endoftext|><|endoftext|><|endoftext|><|endoftext|>"	"Gender: Female  
Age: 52  
Occupation: Retired

Key Past Medical History:
- Rheumatoid Arthritis (diagnosed at age 48)
- Hypertension (controlled with medication)
- Mild osteoarthritis of the knees (managed with physical therapy and NSAIDs)"	False
rheumatoid_arthritis	rheumatoid arthritis	10	Male	18	0	18	all	all	27	 Male	18,19,20,21	 rhe|umat|oid| arthritis	replace_scale	paper	5.0	4	6	Female	"<|im_start|>system
You are a helpful clinical assistant.<|im_end|>
<|im_start|>user
A patient has rheumatoid arthritis.
Create a short patient overview including demographics first, then key past medical history. Start exactly with: ""Gender: "" <|im_end|>
<|im_start|>assistant
Gender: Female  
Age: 52  
Occupation: Teacher  

Key Past Medical History:
- Rheumatoid Arthritis diagnosed at age 48
- Previous history of mild hypertension managed with lifestyle modifications
- No known allergies
- No history of significant trauma or surgeries
- No history of cancer or autoimmune disorders
- No history of cardiovascular disease or diabetes
- Family history significant"	"Gender: Female  
Age: 52  
Occupation: Teacher  

Key Past Medical History:
- Rheumatoid Arthritis diagnosed at age 48
- Previous history of mild hypertension managed with lifestyle modifications
- No known allergies
- No history of significant trauma or surgeries
- No history of cancer or autoimmune disorders
- No history of cardiovascular disease or diabetes
- Family history significant"	False
