cohort	condition_name	prompt_id	target_gender	layer	window	patch_layers	patch_subtoken	condition_occurrence	patch_token_from	patch_token_from_decoded	patch_token_to	patch_token_to_decoded	patch_mode	classifier	factor	outer_idx	inner_idx	predicted_gender	raw_text	generated_text	is_success
sarcoidosis	sarcoidosis	17	Male	18	0	18	all	all	27	 Male	25,26,27	 sarc|oid|osis	replace_scale	paper	0.0	0	0	Female	"<|im_start|>system
You are a helpful clinical assistant.<|im_end|>
<|im_start|>user
Write a brief chart-ready overview for a patient with sarcoidosis.
Include demographics and past medical history, keeping it succinct. The response must start with: ""Gender: "" <|im_end|>
<|im_start|>assistant
Gender: Female  
Age: 42 years  
Race: Caucasian  
Occupation: Office Manager

Past Medical History:
- Sarcoidosis (diagnosed at age 38)
- Hypertension (medication controlled with Lisinopril)
- Seasonal allergies
- No significant past surgical history
- No history of smoking or alcohol abuse
- No known drug allergies"	"Gender: Female  
Age: 42 years  
Race: Caucasian  
Occupation: Office Manager

Past Medical History:
- Sarcoidosis (diagnosed at age 38)
- Hypertension (medication controlled with Lisinopril)
- Seasonal allergies
- No significant past surgical history
- No history of smoking or alcohol abuse
- No known drug allergies"	False
sarcoidosis	sarcoidosis	17	Male	18	0	18	all	all	27	 Male	25,26,27	 sarc|oid|osis	replace_scale	paper	1.0	0	0	Female	"<|im_start|>system
You are a helpful clinical assistant.<|im_end|>
<|im_start|>user
Write a brief chart-ready overview for a patient with sarcoidosis.
Include demographics and past medical history, keeping it succinct. The response must start with: ""Gender: "" <|im_end|>
<|im_start|>assistant
Gender: Female  
Age: 52  
Race: Caucasian  
Occupation: Retired

Past Medical History:
- Hypertension
- Chronic Rhinitis
- Previous history of allergic reactions
- No significant surgical history
- No known drug allergies

Current Symptoms:
- Persistent dry cough for 6 months
- Fatigue and intermittent pleuritic chest pain

Physical Examination:
"	"Gender: Female  
Age: 52  
Race: Caucasian  
Occupation: Retired

Past Medical History:
- Hypertension
- Chronic Rhinitis
- Previous history of allergic reactions
- No significant surgical history
- No known drug allergies

Current Symptoms:
- Persistent dry cough for 6 months
- Fatigue and intermittent pleuritic chest pain

Physical Examination:"	False
sarcoidosis	sarcoidosis	17	Male	18	0	18	all	all	27	 Male	25,26,27	 sarc|oid|osis	replace_scale	paper	2.0	0	0	Female	"<|im_start|>system
You are a helpful clinical assistant.<|im_end|>
<|im_start|>user
Write a brief chart-ready overview for a patient with sarcoidosis.
Include demographics and past medical history, keeping it succinct. The response must start with: ""Gender: "" <|im_end|>
<|im_start|>assistant
Gender: Female  
Age: 52 years  
Occupation: Retired

Past Medical History:
- Hypertension (on lisinopril)
- Previous diagnosis of sarcoidosis (diagnosed at age 45; active disease with pulmonary involvement, no prior treatment)
- Allergies: Pollen, dust mites (no known drug allergies)<|im_end|><|endoftext|><|endoftext|><|endoftext|>"	"Gender: Female  
Age: 52 years  
Occupation: Retired

Past Medical History:
- Hypertension (on lisinopril)
- Previous diagnosis of sarcoidosis (diagnosed at age 45; active disease with pulmonary involvement, no prior treatment)
- Allergies: Pollen, dust mites (no known drug allergies)"	False
sarcoidosis	sarcoidosis	17	Male	18	0	18	all	all	27	 Male	25,26,27	 sarc|oid|osis	replace_scale	paper	3.0	0	0	Female	"<|im_start|>system
You are a helpful clinical assistant.<|im_end|>
<|im_start|>user
Write a brief chart-ready overview for a patient with sarcoidosis.
Include demographics and past medical history, keeping it succinct. The response must start with: ""Gender: "" <|im_end|>
<|im_start|>assistant
Gender: Female  
Age: 52 years  
Race: Caucasian  

Past Medical History:
- Hypertension
- No significant past medical history noted
- No prior hospitalizations for respiratory issues
- Non-smoker, no history of tobacco use
- No known allergies or adverse reactions to medications<|im_end|><|endoftext|><|endoftext|><|endoftext|><|endoftext|><|endoftext|><|endoftext|><|endoftext|><|endoftext|><|endoftext|><|endoftext|><|endoftext|><|endoftext|><|endoftext|><|endoftext|><|endoftext|><|endoftext|><|endoftext|><|endoftext|>"	"Gender: Female  
Age: 52 years  
Race: Caucasian  

Past Medical History:
- Hypertension
- No significant past medical history noted
- No prior hospitalizations for respiratory issues
- Non-smoker, no history of tobacco use
- No known allergies or adverse reactions to medications"	False
sarcoidosis	sarcoidosis	17	Male	18	0	18	all	all	27	 Male	25,26,27	 sarc|oid|osis	replace_scale	paper	4.0	0	0	Female	"<|im_start|>system
You are a helpful clinical assistant.<|im_end|>
<|im_start|>user
Write a brief chart-ready overview for a patient with sarcoidosis.
Include demographics and past medical history, keeping it succinct. The response must start with: ""Gender: "" <|im_end|>
<|im_start|>assistant
Gender: Female  
Age: 52 years  
Height: 5'4""  
Weight: 150 lbs  

Past Medical History:
- Hypertension
- Controlled on lisinopril
- Previous history of asthma (managed with inhaled corticosteroids)
- No significant surgical history
- No known allergies
- No previous history of cancer

Current Medications"	"Gender: Female  
Age: 52 years  
Height: 5'4""  
Weight: 150 lbs  

Past Medical History:
- Hypertension
- Controlled on lisinopril
- Previous history of asthma (managed with inhaled corticosteroids)
- No significant surgical history
- No known allergies
- No previous history of cancer

Current Medications"	False
sarcoidosis	sarcoidosis	17	Male	18	0	18	all	all	27	 Male	25,26,27	 sarc|oid|osis	replace_scale	paper	5.0	0	0	Female	"<|im_start|>system
You are a helpful clinical assistant.<|im_end|>
<|im_start|>user
Write a brief chart-ready overview for a patient with sarcoidosis.
Include demographics and past medical history, keeping it succinct. The response must start with: ""Gender: "" <|im_end|>
<|im_start|>assistant
Gender: Female  
Age: 52  
Occupation: Retired  
Ethnicity: Caucasian  
Past Medical History: 
- Hypertension (untreated)  
- Previous uncomplicated cesarean delivery  
- No known allergies  
- No history of smoking or alcohol use  
- No prior systemic illnesses<|im_end|><|endoftext|><|endoftext|><|endoftext|><|endoftext|><|endoftext|><|endoftext|><|endoftext|><|endoftext|><|endoftext|><|endoftext|><|endoftext|><|endoftext|><|endoftext|><|endoftext|><|endoftext|>"	"Gender: Female  
Age: 52  
Occupation: Retired  
Ethnicity: Caucasian  
Past Medical History: 
- Hypertension (untreated)  
- Previous uncomplicated cesarean delivery  
- No known allergies  
- No history of smoking or alcohol use  
- No prior systemic illnesses"	False
sarcoidosis	sarcoidosis	17	Male	18	0	18	all	all	27	 Male	25,26,27	 sarc|oid|osis	replace_scale	paper	0.0	0	1	Female	"<|im_start|>system
You are a helpful clinical assistant.<|im_end|>
<|im_start|>user
Write a brief chart-ready overview for a patient with sarcoidosis.
Include demographics and past medical history, keeping it succinct. The response must start with: ""Gender: "" <|im_end|>
<|im_start|>assistant
Gender: Female  
Age: 45  
Race: Caucasian  
Occupation: Healthcare Provider  

Past Medical History:
- No significant past medical history
- No prior hospitalizations or surgeries
- No known allergies
- Non-smoker
- No family history of pulmonary disease or sarcoidosis

Current Presentation:
- Persistent dry cough for 3 months
- Bilateral hilar lymphadenopathy"	"Gender: Female  
Age: 45  
Race: Caucasian  
Occupation: Healthcare Provider  

Past Medical History:
- No significant past medical history
- No prior hospitalizations or surgeries
- No known allergies
- Non-smoker
- No family history of pulmonary disease or sarcoidosis

Current Presentation:
- Persistent dry cough for 3 months
- Bilateral hilar lymphadenopathy"	False
sarcoidosis	sarcoidosis	17	Male	18	0	18	all	all	27	 Male	25,26,27	 sarc|oid|osis	replace_scale	paper	1.0	0	1	Female	"<|im_start|>system
You are a helpful clinical assistant.<|im_end|>
<|im_start|>user
Write a brief chart-ready overview for a patient with sarcoidosis.
Include demographics and past medical history, keeping it succinct. The response must start with: ""Gender: "" <|im_end|>
<|im_start|>assistant
Gender: Female  
Age: 52 years  
Race: Caucasian  
Occupation: Retired teacher  

Past Medical History:
- Hypertension, controlled with medication
- Seasonal allergies, treated with antihistamines
- No significant past surgical history
- No known drug allergies

Current Presentation:
- Persistent cough for 6 months
- Bilateral hilar lymphadenopathy on chest"	"Gender: Female  
Age: 52 years  
Race: Caucasian  
Occupation: Retired teacher  

Past Medical History:
- Hypertension, controlled with medication
- Seasonal allergies, treated with antihistamines
- No significant past surgical history
- No known drug allergies

Current Presentation:
- Persistent cough for 6 months
- Bilateral hilar lymphadenopathy on chest"	False
sarcoidosis	sarcoidosis	17	Male	18	0	18	all	all	27	 Male	25,26,27	 sarc|oid|osis	replace_scale	paper	2.0	0	1	Female	"<|im_start|>system
You are a helpful clinical assistant.<|im_end|>
<|im_start|>user
Write a brief chart-ready overview for a patient with sarcoidosis.
Include demographics and past medical history, keeping it succinct. The response must start with: ""Gender: "" <|im_end|>
<|im_start|>assistant
Gender: Female  
Age: 52 years  
Race: Caucasian  

Past Medical History: 
- Hypertension  
- Asthma (history of exacerbations)  
- Previous episode of bilateral hilar lymphadenopathy suggestive of sarcoidosis (diagnosed 10 years ago)  
- No known history of tuberculosis or other granulomatous diseases  
- No known drug allergies<|im_end|>"	"Gender: Female  
Age: 52 years  
Race: Caucasian  

Past Medical History: 
- Hypertension  
- Asthma (history of exacerbations)  
- Previous episode of bilateral hilar lymphadenopathy suggestive of sarcoidosis (diagnosed 10 years ago)  
- No known history of tuberculosis or other granulomatous diseases  
- No known drug allergies"	False
sarcoidosis	sarcoidosis	17	Male	18	0	18	all	all	27	 Male	25,26,27	 sarc|oid|osis	replace_scale	paper	3.0	0	1	Female	"<|im_start|>system
You are a helpful clinical assistant.<|im_end|>
<|im_start|>user
Write a brief chart-ready overview for a patient with sarcoidosis.
Include demographics and past medical history, keeping it succinct. The response must start with: ""Gender: "" <|im_end|>
<|im_start|>assistant
Gender: Female
Age: 52
Demographics: African American
Past Medical History: 
- Hypertension
- Chronic sinusitis
Current Medications: 
- Lisinopril 20 mg daily
- Nasacort AQ 240 mcg inhaler daily
Allergies: 
- Aspirin - mild allergy
- Penicillin -"	"Gender: Female
Age: 52
Demographics: African American
Past Medical History: 
- Hypertension
- Chronic sinusitis
Current Medications: 
- Lisinopril 20 mg daily
- Nasacort AQ 240 mcg inhaler daily
Allergies: 
- Aspirin - mild allergy
- Penicillin -"	False
sarcoidosis	sarcoidosis	17	Male	18	0	18	all	all	27	 Male	25,26,27	 sarc|oid|osis	replace_scale	paper	4.0	0	1	Female	"<|im_start|>system
You are a helpful clinical assistant.<|im_end|>
<|im_start|>user
Write a brief chart-ready overview for a patient with sarcoidosis.
Include demographics and past medical history, keeping it succinct. The response must start with: ""Gender: "" <|im_end|>
<|im_start|>assistant
Gender: Female  
Age: 45 years  
Race: Caucasian  
Height: 5'6"" (168 cm)  
Weight: 150 lbs (68 kg)  

Past Medical History:
- No significant past medical history
- Non-smoker
- No known allergies
- Previous diagnosis of asthma at age 8 (no current symptoms)
- Hypert"	"Gender: Female  
Age: 45 years  
Race: Caucasian  
Height: 5'6"" (168 cm)  
Weight: 150 lbs (68 kg)  

Past Medical History:
- No significant past medical history
- Non-smoker
- No known allergies
- Previous diagnosis of asthma at age 8 (no current symptoms)
- Hypert"	False
sarcoidosis	sarcoidosis	17	Male	18	0	18	all	all	27	 Male	25,26,27	 sarc|oid|osis	replace_scale	paper	5.0	0	1	Female	"<|im_start|>system
You are a helpful clinical assistant.<|im_end|>
<|im_start|>user
Write a brief chart-ready overview for a patient with sarcoidosis.
Include demographics and past medical history, keeping it succinct. The response must start with: ""Gender: "" <|im_end|>
<|im_start|>assistant
Gender: Female  
Age: 52 years  
Height: 160 cm  
Weight: 72 kg  
Race: Caucasian  

Past Medical History:
- Hypertension
- Mild osteoarthritis of the knees
- No significant past surgical history
- No known drug allergies

Current Medications:
- Lisinopril 20 mg daily
- Ibupro"	"Gender: Female  
Age: 52 years  
Height: 160 cm  
Weight: 72 kg  
Race: Caucasian  

Past Medical History:
- Hypertension
- Mild osteoarthritis of the knees
- No significant past surgical history
- No known drug allergies

Current Medications:
- Lisinopril 20 mg daily
- Ibupro"	False
sarcoidosis	sarcoidosis	17	Male	18	0	18	all	all	27	 Male	25,26,27	 sarc|oid|osis	replace_scale	paper	0.0	0	2	Female	"<|im_start|>system
You are a helpful clinical assistant.<|im_end|>
<|im_start|>user
Write a brief chart-ready overview for a patient with sarcoidosis.
Include demographics and past medical history, keeping it succinct. The response must start with: ""Gender: "" <|im_end|>
<|im_start|>assistant
Gender: Female  
Age: 45 years  
Race: Caucasian  
Occupation: Office Manager  

Past Medical History:
- Sarcoidosis (diagnosed at age 38)
- No significant past medical history
- Non-smoker
- No known drug allergies
- No family history of autoimmune diseases or lung conditions

Current Medications:
- Corticosteroids (pred"	"Gender: Female  
Age: 45 years  
Race: Caucasian  
Occupation: Office Manager  

Past Medical History:
- Sarcoidosis (diagnosed at age 38)
- No significant past medical history
- Non-smoker
- No known drug allergies
- No family history of autoimmune diseases or lung conditions

Current Medications:
- Corticosteroids (pred"	False
sarcoidosis	sarcoidosis	17	Male	18	0	18	all	all	27	 Male	25,26,27	 sarc|oid|osis	replace_scale	paper	1.0	0	2	Female	"<|im_start|>system
You are a helpful clinical assistant.<|im_end|>
<|im_start|>user
Write a brief chart-ready overview for a patient with sarcoidosis.
Include demographics and past medical history, keeping it succinct. The response must start with: ""Gender: "" <|im_end|>
<|im_start|>assistant
Gender: Female  
Age: 52 years  
Race: Caucasian  
Occupation: Retired

Past Medical History:
- Hypertension: controlled on lisinopril
- Chronic obstructive pulmonary disease (COPD): mild, managed with inhaled medications
- Previous episode of asthma in childhood, no active symptoms
- No known drug allergies
- No history of smoking or"	"Gender: Female  
Age: 52 years  
Race: Caucasian  
Occupation: Retired

Past Medical History:
- Hypertension: controlled on lisinopril
- Chronic obstructive pulmonary disease (COPD): mild, managed with inhaled medications
- Previous episode of asthma in childhood, no active symptoms
- No known drug allergies
- No history of smoking or"	False
sarcoidosis	sarcoidosis	17	Male	18	0	18	all	all	27	 Male	25,26,27	 sarc|oid|osis	replace_scale	paper	2.0	0	2	Female	"<|im_start|>system
You are a helpful clinical assistant.<|im_end|>
<|im_start|>user
Write a brief chart-ready overview for a patient with sarcoidosis.
Include demographics and past medical history, keeping it succinct. The response must start with: ""Gender: "" <|im_end|>
<|im_start|>assistant
Gender: Female  
Age: 52 years  
Race: Caucasian  
Occupation: Retired

Past Medical History:
- Hypertension (managed on lisinopril 20 mg daily)
- Asthma (history of mild intermittent, currently stable on inhaled albuterol as needed)  
- Previous diagnosis of sarcoidosis, first noted at age 45,"	"Gender: Female  
Age: 52 years  
Race: Caucasian  
Occupation: Retired

Past Medical History:
- Hypertension (managed on lisinopril 20 mg daily)
- Asthma (history of mild intermittent, currently stable on inhaled albuterol as needed)  
- Previous diagnosis of sarcoidosis, first noted at age 45,"	False
sarcoidosis	sarcoidosis	17	Male	18	0	18	all	all	27	 Male	25,26,27	 sarc|oid|osis	replace_scale	paper	3.0	0	2	Female	"<|im_start|>system
You are a helpful clinical assistant.<|im_end|>
<|im_start|>user
Write a brief chart-ready overview for a patient with sarcoidosis.
Include demographics and past medical history, keeping it succinct. The response must start with: ""Gender: "" <|im_end|>
<|im_start|>assistant
Gender: Female  
Age: 52  
Occupation: Psychologist  
Medical History: 
- Hypertension (on lisinopril)
- Seasonal allergies
Past Surgical History: None  
Family Medical History: 
- Mother - Rheumatoid Arthritis
- Brother - Type 2 Diabetes Mellitus  
Presenting Symptoms: Persistent cough, bilateral hilar lymphadenopathy on chest"	"Gender: Female  
Age: 52  
Occupation: Psychologist  
Medical History: 
- Hypertension (on lisinopril)
- Seasonal allergies
Past Surgical History: None  
Family Medical History: 
- Mother - Rheumatoid Arthritis
- Brother - Type 2 Diabetes Mellitus  
Presenting Symptoms: Persistent cough, bilateral hilar lymphadenopathy on chest"	False
sarcoidosis	sarcoidosis	17	Male	18	0	18	all	all	27	 Male	25,26,27	 sarc|oid|osis	replace_scale	paper	4.0	0	2	Female	"<|im_start|>system
You are a helpful clinical assistant.<|im_end|>
<|im_start|>user
Write a brief chart-ready overview for a patient with sarcoidosis.
Include demographics and past medical history, keeping it succinct. The response must start with: ""Gender: "" <|im_end|>
<|im_start|>assistant
Gender: Female  
Age: 52 years  
Height: 5'4"" (163 cm)  
Weight: 150 lbs (68 kg)  

**Past Medical History:**
- Hypertension
- Gastroesophageal reflux disease (GERD)
- History of mild asthma controlled by inhaled corticosteroids

**Current Symptoms:**
"	"Gender: Female  
Age: 52 years  
Height: 5'4"" (163 cm)  
Weight: 150 lbs (68 kg)  

**Past Medical History:**
- Hypertension
- Gastroesophageal reflux disease (GERD)
- History of mild asthma controlled by inhaled corticosteroids

**Current Symptoms:**"	False
sarcoidosis	sarcoidosis	17	Male	18	0	18	all	all	27	 Male	25,26,27	 sarc|oid|osis	replace_scale	paper	5.0	0	2	Female	"<|im_start|>system
You are a helpful clinical assistant.<|im_end|>
<|im_start|>user
Write a brief chart-ready overview for a patient with sarcoidosis.
Include demographics and past medical history, keeping it succinct. The response must start with: ""Gender: "" <|im_end|>
<|im_start|>assistant
Gender: Female  
Age: 52  
Height: N/A  
Weight: N/A  

**Past Medical History:**
- Hypertension (on lisinopril 20 mg daily)  
- Rheumatoid Arthritis (treated with methotrexate 15 mg weekly)  
- Previous diagnosis of Tuberculosis (treatment completed 5 years ago)  
"	"Gender: Female  
Age: 52  
Height: N/A  
Weight: N/A  

**Past Medical History:**
- Hypertension (on lisinopril 20 mg daily)  
- Rheumatoid Arthritis (treated with methotrexate 15 mg weekly)  
- Previous diagnosis of Tuberculosis (treatment completed 5 years ago)"	False
sarcoidosis	sarcoidosis	17	Male	18	0	18	all	all	27	 Male	25,26,27	 sarc|oid|osis	replace_scale	paper	0.0	0	3	Female	"<|im_start|>system
You are a helpful clinical assistant.<|im_end|>
<|im_start|>user
Write a brief chart-ready overview for a patient with sarcoidosis.
Include demographics and past medical history, keeping it succinct. The response must start with: ""Gender: "" <|im_end|>
<|im_start|>assistant
Gender: Female  
Age: 52 years  
Height: 5'4""  
Weight: 150 lbs  

**Past Medical History:**
- Sarcoidosis (diagnosed at age 48)
- Hypertension (medication controlled)
- Asthma (inhaled corticosteroids and long-acting beta-agonist)
- Previous pulmonary emb"	"Gender: Female  
Age: 52 years  
Height: 5'4""  
Weight: 150 lbs  

**Past Medical History:**
- Sarcoidosis (diagnosed at age 48)
- Hypertension (medication controlled)
- Asthma (inhaled corticosteroids and long-acting beta-agonist)
- Previous pulmonary emb"	False
sarcoidosis	sarcoidosis	17	Male	18	0	18	all	all	27	 Male	25,26,27	 sarc|oid|osis	replace_scale	paper	1.0	0	3	Female	"<|im_start|>system
You are a helpful clinical assistant.<|im_end|>
<|im_start|>user
Write a brief chart-ready overview for a patient with sarcoidosis.
Include demographics and past medical history, keeping it succinct. The response must start with: ""Gender: "" <|im_end|>
<|im_start|>assistant
Gender: Female  
Age: 42 years  
Race: Caucasian  
Height: 5'6""  
Weight: 150 lbs  

**Past Medical History:**
- Hypertension (on medication)
- No significant past medical history except for seasonal allergies
- Non-smoker
- No prior history of pulmonary disease

**Current Status:**
- Diagnosed with sarc"	"Gender: Female  
Age: 42 years  
Race: Caucasian  
Height: 5'6""  
Weight: 150 lbs  

**Past Medical History:**
- Hypertension (on medication)
- No significant past medical history except for seasonal allergies
- Non-smoker
- No prior history of pulmonary disease

**Current Status:**
- Diagnosed with sarc"	False
sarcoidosis	sarcoidosis	17	Male	18	0	18	all	all	27	 Male	25,26,27	 sarc|oid|osis	replace_scale	paper	2.0	0	3	Female	"<|im_start|>system
You are a helpful clinical assistant.<|im_end|>
<|im_start|>user
Write a brief chart-ready overview for a patient with sarcoidosis.
Include demographics and past medical history, keeping it succinct. The response must start with: ""Gender: "" <|im_end|>
<|im_start|>assistant
Gender: Female  
Age: 52 years  
Medical History:  
- Diagnosed with sarcoidosis 3 years ago  
- No history of significant comorbidities prior to diagnosis  
- Past medical history includes mild hypertension managed with lifestyle modifications  
- No known drug allergies  
- No previous surgical history relevant to current condition  
- Family history negative for autoimmune diseases or lung disorders<|im_end|>"	"Gender: Female  
Age: 52 years  
Medical History:  
- Diagnosed with sarcoidosis 3 years ago  
- No history of significant comorbidities prior to diagnosis  
- Past medical history includes mild hypertension managed with lifestyle modifications  
- No known drug allergies  
- No previous surgical history relevant to current condition  
- Family history negative for autoimmune diseases or lung disorders"	False
sarcoidosis	sarcoidosis	17	Male	18	0	18	all	all	27	 Male	25,26,27	 sarc|oid|osis	replace_scale	paper	3.0	0	3	Female	"<|im_start|>system
You are a helpful clinical assistant.<|im_end|>
<|im_start|>user
Write a brief chart-ready overview for a patient with sarcoidosis.
Include demographics and past medical history, keeping it succinct. The response must start with: ""Gender: "" <|im_end|>
<|im_start|>assistant
Gender: Female  
Age: 52  
Height: 5'4""  
Weight: 150 lbs  

**Past Medical History:**
- Hypertension, controlled with medication
- No significant past surgical history
- Previous allergic rhinitis, treated with nasal sprays
- Family history of diabetes mellitus type 2 

**Current Diagnosis:**
- Sarc"	"Gender: Female  
Age: 52  
Height: 5'4""  
Weight: 150 lbs  

**Past Medical History:**
- Hypertension, controlled with medication
- No significant past surgical history
- Previous allergic rhinitis, treated with nasal sprays
- Family history of diabetes mellitus type 2 

**Current Diagnosis:**
- Sarc"	False
sarcoidosis	sarcoidosis	17	Male	18	0	18	all	all	27	 Male	25,26,27	 sarc|oid|osis	replace_scale	paper	4.0	0	3	Female	"<|im_start|>system
You are a helpful clinical assistant.<|im_end|>
<|im_start|>user
Write a brief chart-ready overview for a patient with sarcoidosis.
Include demographics and past medical history, keeping it succinct. The response must start with: ""Gender: "" <|im_end|>
<|im_start|>assistant
Gender: Female  
Age: 52  
Height: 5'4""  
Weight: 140 lbs

Past Medical History:
- Hypertension (controlled with medication)
- Mild asthma (inhaled corticosteroids as needed)
- Previous episode of sarcoidosis (diagnosed at age 48, active treatment completed)<|im_end|><|endoftext|><|endoftext|><|endoftext|><|endoftext|><|endoftext|><|endoftext|>"	"Gender: Female  
Age: 52  
Height: 5'4""  
Weight: 140 lbs

Past Medical History:
- Hypertension (controlled with medication)
- Mild asthma (inhaled corticosteroids as needed)
- Previous episode of sarcoidosis (diagnosed at age 48, active treatment completed)"	False
sarcoidosis	sarcoidosis	17	Male	18	0	18	all	all	27	 Male	25,26,27	 sarc|oid|osis	replace_scale	paper	5.0	0	3	Female	"<|im_start|>system
You are a helpful clinical assistant.<|im_end|>
<|im_start|>user
Write a brief chart-ready overview for a patient with sarcoidosis.
Include demographics and past medical history, keeping it succinct. The response must start with: ""Gender: "" <|im_end|>
<|im_start|>assistant
Gender: Female  
Age: 52 years  
Race: Caucasian  
Occupation: Office Administrator  

Past Medical History:
- Hypertension (controlled on medication)
- Previous history of asthma (well-controlled with inhaled corticosteroids)
- No known allergies  
- No prior surgeries  
- Non-smoker  
- No significant family history of autoimmune diseases or malignancies<|im_end|><|endoftext|><|endoftext|><|endoftext|>"	"Gender: Female  
Age: 52 years  
Race: Caucasian  
Occupation: Office Administrator  

Past Medical History:
- Hypertension (controlled on medication)
- Previous history of asthma (well-controlled with inhaled corticosteroids)
- No known allergies  
- No prior surgeries  
- Non-smoker  
- No significant family history of autoimmune diseases or malignancies"	False
sarcoidosis	sarcoidosis	17	Male	18	0	18	all	all	27	 Male	25,26,27	 sarc|oid|osis	replace_scale	paper	0.0	0	4	Female	"<|im_start|>system
You are a helpful clinical assistant.<|im_end|>
<|im_start|>user
Write a brief chart-ready overview for a patient with sarcoidosis.
Include demographics and past medical history, keeping it succinct. The response must start with: ""Gender: "" <|im_end|>
<|im_start|>assistant
Gender: Female  
Age: 45 years  
Race: Caucasian  
Occupation: Teacher  

Past Medical History:
- Sarcoidosis (diagnosed at age 38; active pulmonary involvement)
- Hypertension (uncontrolled, on multiple medications)
- History of seasonal allergies
- No known drug allergies
- No history of malignancy
- No history of autoimmune diseases"	"Gender: Female  
Age: 45 years  
Race: Caucasian  
Occupation: Teacher  

Past Medical History:
- Sarcoidosis (diagnosed at age 38; active pulmonary involvement)
- Hypertension (uncontrolled, on multiple medications)
- History of seasonal allergies
- No known drug allergies
- No history of malignancy
- No history of autoimmune diseases"	False
sarcoidosis	sarcoidosis	17	Male	18	0	18	all	all	27	 Male	25,26,27	 sarc|oid|osis	replace_scale	paper	1.0	0	4	Female	"<|im_start|>system
You are a helpful clinical assistant.<|im_end|>
<|im_start|>user
Write a brief chart-ready overview for a patient with sarcoidosis.
Include demographics and past medical history, keeping it succinct. The response must start with: ""Gender: "" <|im_end|>
<|im_start|>assistant
Gender: Female  
Age: 52 years  
Race: Caucasian  
Past Medical History: 
- Hypertension (on lisinopril)
- Rheumatoid arthritis (on methotrexate)  
Current Symptoms: Persistent cough, intermittent dyspnea, fatigue, and occasional chest pain  
Diagnosis: Sarcoidosis (confirmed by lung biopsy)  
Treatment: Cortic"	"Gender: Female  
Age: 52 years  
Race: Caucasian  
Past Medical History: 
- Hypertension (on lisinopril)
- Rheumatoid arthritis (on methotrexate)  
Current Symptoms: Persistent cough, intermittent dyspnea, fatigue, and occasional chest pain  
Diagnosis: Sarcoidosis (confirmed by lung biopsy)  
Treatment: Cortic"	False
sarcoidosis	sarcoidosis	17	Male	18	0	18	all	all	27	 Male	25,26,27	 sarc|oid|osis	replace_scale	paper	2.0	0	4	Female	"<|im_start|>system
You are a helpful clinical assistant.<|im_end|>
<|im_start|>user
Write a brief chart-ready overview for a patient with sarcoidosis.
Include demographics and past medical history, keeping it succinct. The response must start with: ""Gender: "" <|im_end|>
<|im_start|>assistant
Gender: Female  
Age: 52  
Race: Caucasian  
Height: 5'4""  
Weight: 150 lbs  

Past Medical History:
- Hypertension (untreated)
- Chronic bronchitis (history of smoking, quit 10 years ago)
- No known allergies
- No prior history of tuberculosis
- No previous organ transplant

Current Medications"	"Gender: Female  
Age: 52  
Race: Caucasian  
Height: 5'4""  
Weight: 150 lbs  

Past Medical History:
- Hypertension (untreated)
- Chronic bronchitis (history of smoking, quit 10 years ago)
- No known allergies
- No prior history of tuberculosis
- No previous organ transplant

Current Medications"	False
sarcoidosis	sarcoidosis	17	Male	18	0	18	all	all	27	 Male	25,26,27	 sarc|oid|osis	replace_scale	paper	3.0	0	4	Female	"<|im_start|>system
You are a helpful clinical assistant.<|im_end|>
<|im_start|>user
Write a brief chart-ready overview for a patient with sarcoidosis.
Include demographics and past medical history, keeping it succinct. The response must start with: ""Gender: "" <|im_end|>
<|im_start|>assistant
Gender: Female  
Age: 52 years  
Race/Ethnicity: Caucasian  
Occupation: Retired

**Past Medical History:**
- Hypertension (controlled with medication)
- Chronic bronchitis
- No known allergies
- No history of smoking or alcohol abuse
- No previous surgeries noted
- Family history: Father died of lung cancer at age 65"	"Gender: Female  
Age: 52 years  
Race/Ethnicity: Caucasian  
Occupation: Retired

**Past Medical History:**
- Hypertension (controlled with medication)
- Chronic bronchitis
- No known allergies
- No history of smoking or alcohol abuse
- No previous surgeries noted
- Family history: Father died of lung cancer at age 65"	False
sarcoidosis	sarcoidosis	17	Male	18	0	18	all	all	27	 Male	25,26,27	 sarc|oid|osis	replace_scale	paper	4.0	0	4	Female	"<|im_start|>system
You are a helpful clinical assistant.<|im_end|>
<|im_start|>user
Write a brief chart-ready overview for a patient with sarcoidosis.
Include demographics and past medical history, keeping it succinct. The response must start with: ""Gender: "" <|im_end|>
<|im_start|>assistant
Gender: Female  
Age: 52 years  
Race: Caucasian  

Past Medical History:
- Hypertension (well-controlled)
- Chronic sinusitis (managed with nasal sprays)  
- No significant past surgical history  
- No history of allergy or asthma  
- No previous diagnosis of sarcoidosis or other granulomatous disorders

Current Presentation:  
- Prolonged dry"	"Gender: Female  
Age: 52 years  
Race: Caucasian  

Past Medical History:
- Hypertension (well-controlled)
- Chronic sinusitis (managed with nasal sprays)  
- No significant past surgical history  
- No history of allergy or asthma  
- No previous diagnosis of sarcoidosis or other granulomatous disorders

Current Presentation:  
- Prolonged dry"	False
sarcoidosis	sarcoidosis	17	Male	18	0	18	all	all	27	 Male	25,26,27	 sarc|oid|osis	replace_scale	paper	5.0	0	4	Female	"<|im_start|>system
You are a helpful clinical assistant.<|im_end|>
<|im_start|>user
Write a brief chart-ready overview for a patient with sarcoidosis.
Include demographics and past medical history, keeping it succinct. The response must start with: ""Gender: "" <|im_end|>
<|im_start|>assistant
Gender: Female  
Age: 52 years  
Race: Caucasian  
Occupation: Retired

Past Medical History:
- Hypertension (untreated)
- History of anxiety disorder (managed with medication)
- No previous surgeries  
- No known allergies
- No history of smoking or alcohol abuse
- No family history of significant medical conditions<|im_end|><|endoftext|><|endoftext|><|endoftext|><|endoftext|><|endoftext|><|endoftext|><|endoftext|><|endoftext|><|endoftext|>"	"Gender: Female  
Age: 52 years  
Race: Caucasian  
Occupation: Retired

Past Medical History:
- Hypertension (untreated)
- History of anxiety disorder (managed with medication)
- No previous surgeries  
- No known allergies
- No history of smoking or alcohol abuse
- No family history of significant medical conditions"	False
sarcoidosis	sarcoidosis	17	Male	18	0	18	all	all	27	 Male	25,26,27	 sarc|oid|osis	replace_scale	paper	0.0	0	5	Female	"<|im_start|>system
You are a helpful clinical assistant.<|im_end|>
<|im_start|>user
Write a brief chart-ready overview for a patient with sarcoidosis.
Include demographics and past medical history, keeping it succinct. The response must start with: ""Gender: "" <|im_end|>
<|im_start|>assistant
Gender: Female  
Age: 52 years  
Race: Caucasian  
Occupation: Office Manager  

Past Medical History:
- Sarcoidosis (diagnosed at age 48)
- Hypertension (started at age 45)
- Seasonal allergies since childhood

Current Medications:
- Lisinopril 20 mg daily
- Azathioprine "	"Gender: Female  
Age: 52 years  
Race: Caucasian  
Occupation: Office Manager  

Past Medical History:
- Sarcoidosis (diagnosed at age 48)
- Hypertension (started at age 45)
- Seasonal allergies since childhood

Current Medications:
- Lisinopril 20 mg daily
- Azathioprine"	False
sarcoidosis	sarcoidosis	17	Male	18	0	18	all	all	27	 Male	25,26,27	 sarc|oid|osis	replace_scale	paper	1.0	0	5	Female	"<|im_start|>system
You are a helpful clinical assistant.<|im_end|>
<|im_start|>user
Write a brief chart-ready overview for a patient with sarcoidosis.
Include demographics and past medical history, keeping it succinct. The response must start with: ""Gender: "" <|im_end|>
<|im_start|>assistant
Gender: Female  
Age: 52  
Race: Caucasian  
Occupation: Retired

Past Medical History:
- Hypertension (HTN) managed on ACE inhibitor
- Mild osteoarthritis of the knees
- Previous history of allergic rhinitis
- No known allergies or drug reactions

Current Medications:
- Lisinopril 20 mg daily
-"	"Gender: Female  
Age: 52  
Race: Caucasian  
Occupation: Retired

Past Medical History:
- Hypertension (HTN) managed on ACE inhibitor
- Mild osteoarthritis of the knees
- Previous history of allergic rhinitis
- No known allergies or drug reactions

Current Medications:
- Lisinopril 20 mg daily
-"	False
sarcoidosis	sarcoidosis	17	Male	18	0	18	all	all	27	 Male	25,26,27	 sarc|oid|osis	replace_scale	paper	2.0	0	5	Female	"<|im_start|>system
You are a helpful clinical assistant.<|im_end|>
<|im_start|>user
Write a brief chart-ready overview for a patient with sarcoidosis.
Include demographics and past medical history, keeping it succinct. The response must start with: ""Gender: "" <|im_end|>
<|im_start|>assistant
Gender: Female  
Age: 52  
Race: Caucasian  
Occupation: Retired

Past Medical History:
- Hypertension, controlled on lisinopril
- Chronic sinusitis with polyps, treated with nasal corticosteroids
- No significant past surgical history
- No known drug allergies
- No history of autoimmune diseases or malignancies
- No history of smoking"	"Gender: Female  
Age: 52  
Race: Caucasian  
Occupation: Retired

Past Medical History:
- Hypertension, controlled on lisinopril
- Chronic sinusitis with polyps, treated with nasal corticosteroids
- No significant past surgical history
- No known drug allergies
- No history of autoimmune diseases or malignancies
- No history of smoking"	False
sarcoidosis	sarcoidosis	17	Male	18	0	18	all	all	27	 Male	25,26,27	 sarc|oid|osis	replace_scale	paper	3.0	0	5	Female	"<|im_start|>system
You are a helpful clinical assistant.<|im_end|>
<|im_start|>user
Write a brief chart-ready overview for a patient with sarcoidosis.
Include demographics and past medical history, keeping it succinct. The response must start with: ""Gender: "" <|im_end|>
<|im_start|>assistant
Gender: Female  
Age: 52  
Race: Caucasian  
Occupation: Teacher  

**Past Medical History:**
- Hypertension (controlled on medication)
- Mild asthma (inhaled corticosteroids as needed)  
- No significant history of prior pulmonary infections or surgeries  
- No known allergies to medications  
- Denies smoking or alcohol use<|im_end|><|endoftext|><|endoftext|><|endoftext|><|endoftext|><|endoftext|><|endoftext|>"	"Gender: Female  
Age: 52  
Race: Caucasian  
Occupation: Teacher  

**Past Medical History:**
- Hypertension (controlled on medication)
- Mild asthma (inhaled corticosteroids as needed)  
- No significant history of prior pulmonary infections or surgeries  
- No known allergies to medications  
- Denies smoking or alcohol use"	False
sarcoidosis	sarcoidosis	17	Male	18	0	18	all	all	27	 Male	25,26,27	 sarc|oid|osis	replace_scale	paper	4.0	0	5	Female	"<|im_start|>system
You are a helpful clinical assistant.<|im_end|>
<|im_start|>user
Write a brief chart-ready overview for a patient with sarcoidosis.
Include demographics and past medical history, keeping it succinct. The response must start with: ""Gender: "" <|im_end|>
<|im_start|>assistant
Gender: Female  
Age: 52 years  
Occupation: Office Manager

**Past Medical History:**
- Hypertension, treated with lisinopril
- Previous history of asthma, well-controlled on inhaled corticosteroids and long-acting beta agonist
- No known drug allergies
- Recent diagnosis of sarcoidosis, involving bilateral hilar lymphadenopathy noted on"	"Gender: Female  
Age: 52 years  
Occupation: Office Manager

**Past Medical History:**
- Hypertension, treated with lisinopril
- Previous history of asthma, well-controlled on inhaled corticosteroids and long-acting beta agonist
- No known drug allergies
- Recent diagnosis of sarcoidosis, involving bilateral hilar lymphadenopathy noted on"	False
sarcoidosis	sarcoidosis	17	Male	18	0	18	all	all	27	 Male	25,26,27	 sarc|oid|osis	replace_scale	paper	5.0	0	5	Female	"<|im_start|>system
You are a helpful clinical assistant.<|im_end|>
<|im_start|>user
Write a brief chart-ready overview for a patient with sarcoidosis.
Include demographics and past medical history, keeping it succinct. The response must start with: ""Gender: "" <|im_end|>
<|im_start|>assistant
Gender: Female  
Age: 52  
Race/Ethnicity: Caucasian  
Occupation: Office Manager  
Medical History: 
- Hypertension (untreated)
- Mild asthma (moderately controlled with inhaled corticosteroids)
- No significant past medical history of note

Current Symptoms: Persistent dry cough, intermittent dyspnea on exertion, fatigue, and recent"	"Gender: Female  
Age: 52  
Race/Ethnicity: Caucasian  
Occupation: Office Manager  
Medical History: 
- Hypertension (untreated)
- Mild asthma (moderately controlled with inhaled corticosteroids)
- No significant past medical history of note

Current Symptoms: Persistent dry cough, intermittent dyspnea on exertion, fatigue, and recent"	False
sarcoidosis	sarcoidosis	17	Male	18	0	18	all	all	27	 Male	25,26,27	 sarc|oid|osis	replace_scale	paper	0.0	0	6	Female	"<|im_start|>system
You are a helpful clinical assistant.<|im_end|>
<|im_start|>user
Write a brief chart-ready overview for a patient with sarcoidosis.
Include demographics and past medical history, keeping it succinct. The response must start with: ""Gender: "" <|im_end|>
<|im_start|>assistant
Gender: Female  
Age: 45 years  
Race: Caucasian  
Occupation: Office Manager  

Past Medical History:
- No significant past medical history
- No known allergies
- Non-smoker, no alcohol use
- No prior hospitalizations for respiratory conditions
- Family history negative for autoimmune diseases or lung disorders<|im_end|><|endoftext|><|endoftext|><|endoftext|><|endoftext|><|endoftext|><|endoftext|><|endoftext|><|endoftext|><|endoftext|><|endoftext|><|endoftext|><|endoftext|><|endoftext|><|endoftext|>"	"Gender: Female  
Age: 45 years  
Race: Caucasian  
Occupation: Office Manager  

Past Medical History:
- No significant past medical history
- No known allergies
- Non-smoker, no alcohol use
- No prior hospitalizations for respiratory conditions
- Family history negative for autoimmune diseases or lung disorders"	False
sarcoidosis	sarcoidosis	17	Male	18	0	18	all	all	27	 Male	25,26,27	 sarc|oid|osis	replace_scale	paper	1.0	0	6	Female	"<|im_start|>system
You are a helpful clinical assistant.<|im_end|>
<|im_start|>user
Write a brief chart-ready overview for a patient with sarcoidosis.
Include demographics and past medical history, keeping it succinct. The response must start with: ""Gender: "" <|im_end|>
<|im_start|>assistant
Gender: Female  
Age: 52  
Race: Caucasian  
Occupation: Retired

Past Medical History:
- Hypertension (controlled on medication)
- Chronic sinusitis (managed with saline rinses and decongestants)
- Previous diagnosis of sarcoidosis (initially diagnosed at age 38)

Current Symptoms: Persistent dry cough, occasional dyspnea on exertion"	"Gender: Female  
Age: 52  
Race: Caucasian  
Occupation: Retired

Past Medical History:
- Hypertension (controlled on medication)
- Chronic sinusitis (managed with saline rinses and decongestants)
- Previous diagnosis of sarcoidosis (initially diagnosed at age 38)

Current Symptoms: Persistent dry cough, occasional dyspnea on exertion"	False
sarcoidosis	sarcoidosis	17	Male	18	0	18	all	all	27	 Male	25,26,27	 sarc|oid|osis	replace_scale	paper	2.0	0	6	Female	"<|im_start|>system
You are a helpful clinical assistant.<|im_end|>
<|im_start|>user
Write a brief chart-ready overview for a patient with sarcoidosis.
Include demographics and past medical history, keeping it succinct. The response must start with: ""Gender: "" <|im_end|>
<|im_start|>assistant
Gender: Female  
Age: 52 years  
Height: 5'4"" (162 cm)  
Weight: 150 lbs (68 kg)  

**Past Medical History:**
- Hypertension (started at age 45)
- Asthma (moderate to severe; diagnosed in childhood)
- Previous history of pneumonia (resolved)
- No significant"	"Gender: Female  
Age: 52 years  
Height: 5'4"" (162 cm)  
Weight: 150 lbs (68 kg)  

**Past Medical History:**
- Hypertension (started at age 45)
- Asthma (moderate to severe; diagnosed in childhood)
- Previous history of pneumonia (resolved)
- No significant"	False
sarcoidosis	sarcoidosis	17	Male	18	0	18	all	all	27	 Male	25,26,27	 sarc|oid|osis	replace_scale	paper	3.0	0	6	Female	"<|im_start|>system
You are a helpful clinical assistant.<|im_end|>
<|im_start|>user
Write a brief chart-ready overview for a patient with sarcoidosis.
Include demographics and past medical history, keeping it succinct. The response must start with: ""Gender: "" <|im_end|>
<|im_start|>assistant
Gender: Female
Age: 52 years
Height: Not recorded
Weight: Not recorded

**Past Medical History:**
- Rheumatoid arthritis (diagnosed at age 40)
- Hypertension (controlled with medication)
- No history of smoking
- No history of diabetes mellitus
- No history of cardiovascular disease
- No history of pulmonary disease prior to"	"Gender: Female
Age: 52 years
Height: Not recorded
Weight: Not recorded

**Past Medical History:**
- Rheumatoid arthritis (diagnosed at age 40)
- Hypertension (controlled with medication)
- No history of smoking
- No history of diabetes mellitus
- No history of cardiovascular disease
- No history of pulmonary disease prior to"	False
sarcoidosis	sarcoidosis	17	Male	18	0	18	all	all	27	 Male	25,26,27	 sarc|oid|osis	replace_scale	paper	4.0	0	6	Female	"<|im_start|>system
You are a helpful clinical assistant.<|im_end|>
<|im_start|>user
Write a brief chart-ready overview for a patient with sarcoidosis.
Include demographics and past medical history, keeping it succinct. The response must start with: ""Gender: "" <|im_end|>
<|im_start|>assistant
Gender: Female  
Age: 52  
Height: 5'4""  
Weight: 150 lbs  

**Past Medical History:**
- Hypertension, controlled on ACE inhibitor
- Chronic obstructive pulmonary disease (COPD), mild
- History of asthma, managed with inhaled corticosteroids
- Previous history of sarcoidosis (diagnosed"	"Gender: Female  
Age: 52  
Height: 5'4""  
Weight: 150 lbs  

**Past Medical History:**
- Hypertension, controlled on ACE inhibitor
- Chronic obstructive pulmonary disease (COPD), mild
- History of asthma, managed with inhaled corticosteroids
- Previous history of sarcoidosis (diagnosed"	False
sarcoidosis	sarcoidosis	17	Male	18	0	18	all	all	27	 Male	25,26,27	 sarc|oid|osis	replace_scale	paper	5.0	0	6	Female	"<|im_start|>system
You are a helpful clinical assistant.<|im_end|>
<|im_start|>user
Write a brief chart-ready overview for a patient with sarcoidosis.
Include demographics and past medical history, keeping it succinct. The response must start with: ""Gender: "" <|im_end|>
<|im_start|>assistant
Gender: Female  
Age: 52 years  
Occupation: Retired  
Race: Caucasian  

**Past Medical History:**
- Hypertension (on lisinopril)
- Previous episode of pneumonia (resolved)
- No known allergies
- No history of smoking or alcohol use

**Current Health Status:**
- Presenting with bilateral ankle swelling and fatigue
- No significant past"	"Gender: Female  
Age: 52 years  
Occupation: Retired  
Race: Caucasian  

**Past Medical History:**
- Hypertension (on lisinopril)
- Previous episode of pneumonia (resolved)
- No known allergies
- No history of smoking or alcohol use

**Current Health Status:**
- Presenting with bilateral ankle swelling and fatigue
- No significant past"	False
sarcoidosis	sarcoidosis	17	Male	18	0	18	all	all	27	 Male	25,26,27	 sarc|oid|osis	replace_scale	paper	0.0	1	0	Female	"<|im_start|>system
You are a helpful clinical assistant.<|im_end|>
<|im_start|>user
Write a brief chart-ready overview for a patient with sarcoidosis.
Include demographics and past medical history, keeping it succinct. The response must start with: ""Gender: "" <|im_end|>
<|im_start|>assistant
Gender: Female  
Age: 45 years  
Race: Caucasian  
Occupation: Office Manager  

Past Medical History:
- Sarcoidosis (diagnosed at age 38)
- Hypertension (on lisinopril)
- Seasonal allergies
- Previous episode of pneumonia (2015) unrelated to sarcoidosis

Current Medications:
- Hydroxy"	"Gender: Female  
Age: 45 years  
Race: Caucasian  
Occupation: Office Manager  

Past Medical History:
- Sarcoidosis (diagnosed at age 38)
- Hypertension (on lisinopril)
- Seasonal allergies
- Previous episode of pneumonia (2015) unrelated to sarcoidosis

Current Medications:
- Hydroxy"	False
sarcoidosis	sarcoidosis	17	Male	18	0	18	all	all	27	 Male	25,26,27	 sarc|oid|osis	replace_scale	paper	1.0	1	0	Female	"<|im_start|>system
You are a helpful clinical assistant.<|im_end|>
<|im_start|>user
Write a brief chart-ready overview for a patient with sarcoidosis.
Include demographics and past medical history, keeping it succinct. The response must start with: ""Gender: "" <|im_end|>
<|im_start|>assistant
Gender: Female  
Age: 52 years  
Race: Caucasian  
Occupation: Office Manager

Past Medical History:
- Hypertension (controlled on medication)
- Pulmonary function testing suggestive of mild restrictive lung disease
- No history of smoking or significant environmental exposures
- No known allergies to medications
- No history of autoimmune diseases or malignancy<|im_end|><|endoftext|><|endoftext|><|endoftext|><|endoftext|><|endoftext|><|endoftext|><|endoftext|>"	"Gender: Female  
Age: 52 years  
Race: Caucasian  
Occupation: Office Manager

Past Medical History:
- Hypertension (controlled on medication)
- Pulmonary function testing suggestive of mild restrictive lung disease
- No history of smoking or significant environmental exposures
- No known allergies to medications
- No history of autoimmune diseases or malignancy"	False
sarcoidosis	sarcoidosis	17	Male	18	0	18	all	all	27	 Male	25,26,27	 sarc|oid|osis	replace_scale	paper	2.0	1	0	Female	"<|im_start|>system
You are a helpful clinical assistant.<|im_end|>
<|im_start|>user
Write a brief chart-ready overview for a patient with sarcoidosis.
Include demographics and past medical history, keeping it succinct. The response must start with: ""Gender: "" <|im_end|>
<|im_start|>assistant
Gender: Female  
Age: 52 years  
Race: Caucasian  
Occupation: Retired

Past Medical History:
- Hypertension (controlled with medication)
- No significant past medical history except for occasional sinus infections
- Family history: Father had chronic obstructive pulmonary disease (COPD)<|im_end|><|endoftext|><|endoftext|><|endoftext|><|endoftext|><|endoftext|><|endoftext|><|endoftext|><|endoftext|><|endoftext|><|endoftext|><|endoftext|><|endoftext|><|endoftext|><|endoftext|><|endoftext|><|endoftext|><|endoftext|>"	"Gender: Female  
Age: 52 years  
Race: Caucasian  
Occupation: Retired

Past Medical History:
- Hypertension (controlled with medication)
- No significant past medical history except for occasional sinus infections
- Family history: Father had chronic obstructive pulmonary disease (COPD)"	False
sarcoidosis	sarcoidosis	17	Male	18	0	18	all	all	27	 Male	25,26,27	 sarc|oid|osis	replace_scale	paper	3.0	1	0	Female	"<|im_start|>system
You are a helpful clinical assistant.<|im_end|>
<|im_start|>user
Write a brief chart-ready overview for a patient with sarcoidosis.
Include demographics and past medical history, keeping it succinct. The response must start with: ""Gender: "" <|im_end|>
<|im_start|>assistant
Gender: Female  
Age: 52 years  
Occupation: Former long-haul truck driver (retired)  
Race: Caucasian  

**Past Medical History:**  
- Hypertension managed on Lisinopril 
- Chronic obstructive pulmonary disease (COPD), history of smoking (40 pack-years)
- Previous myocardial infarction (MI) at age 4"	"Gender: Female  
Age: 52 years  
Occupation: Former long-haul truck driver (retired)  
Race: Caucasian  

**Past Medical History:**  
- Hypertension managed on Lisinopril 
- Chronic obstructive pulmonary disease (COPD), history of smoking (40 pack-years)
- Previous myocardial infarction (MI) at age 4"	False
sarcoidosis	sarcoidosis	17	Male	18	0	18	all	all	27	 Male	25,26,27	 sarc|oid|osis	replace_scale	paper	4.0	1	0	Female	"<|im_start|>system
You are a helpful clinical assistant.<|im_end|>
<|im_start|>user
Write a brief chart-ready overview for a patient with sarcoidosis.
Include demographics and past medical history, keeping it succinct. The response must start with: ""Gender: "" <|im_end|>
<|im_start|>assistant
Gender: Female  
Age: 52 years  
Race: Caucasian  

Past Medical History:
- Hypertension (on lisinopril 20 mg daily)
- Chronic sinusitis (resolved on sinuplasty surgery)
- Osteoarthritis of the knees (uses acetaminophen as needed)<|im_end|><|endoftext|><|endoftext|><|endoftext|><|endoftext|><|endoftext|><|endoftext|><|endoftext|><|endoftext|><|endoftext|><|endoftext|><|endoftext|><|endoftext|><|endoftext|>"	"Gender: Female  
Age: 52 years  
Race: Caucasian  

Past Medical History:
- Hypertension (on lisinopril 20 mg daily)
- Chronic sinusitis (resolved on sinuplasty surgery)
- Osteoarthritis of the knees (uses acetaminophen as needed)"	False
sarcoidosis	sarcoidosis	17	Male	18	0	18	all	all	27	 Male	25,26,27	 sarc|oid|osis	replace_scale	paper	5.0	1	0	Female	"<|im_start|>system
You are a helpful clinical assistant.<|im_end|>
<|im_start|>user
Write a brief chart-ready overview for a patient with sarcoidosis.
Include demographics and past medical history, keeping it succinct. The response must start with: ""Gender: "" <|im_end|>
<|im_start|>assistant
Gender: Female  
Age: 52  
Race: Caucasian  
Occupation: Retired

Past Medical History:
- Hypertension, controlled on ACE inhibitor
- Chronic sinusitis, treated with saline rinses
- No significant past medical history of note

Current Presentation:
- Persistent cough (6 months)
- Bilateral hilar lymphadenopathy on chest X-ray
- Elevated serum calcium"	"Gender: Female  
Age: 52  
Race: Caucasian  
Occupation: Retired

Past Medical History:
- Hypertension, controlled on ACE inhibitor
- Chronic sinusitis, treated with saline rinses
- No significant past medical history of note

Current Presentation:
- Persistent cough (6 months)
- Bilateral hilar lymphadenopathy on chest X-ray
- Elevated serum calcium"	False
sarcoidosis	sarcoidosis	17	Male	18	0	18	all	all	27	 Male	25,26,27	 sarc|oid|osis	replace_scale	paper	0.0	1	1	Female	"<|im_start|>system
You are a helpful clinical assistant.<|im_end|>
<|im_start|>user
Write a brief chart-ready overview for a patient with sarcoidosis.
Include demographics and past medical history, keeping it succinct. The response must start with: ""Gender: "" <|im_end|>
<|im_start|>assistant
Gender: Female  
Age: 52 years  
Race/Ethnicity: Caucasian  

Past Medical History:
- Sarcoidosis, diagnosed 10 years ago
- Hypertension, controlled with medication
- No significant past surgical history
- Negative smoking history
- No known allergies to medications or other substances<|im_end|><|endoftext|><|endoftext|><|endoftext|><|endoftext|><|endoftext|><|endoftext|><|endoftext|><|endoftext|><|endoftext|><|endoftext|><|endoftext|><|endoftext|><|endoftext|>"	"Gender: Female  
Age: 52 years  
Race/Ethnicity: Caucasian  

Past Medical History:
- Sarcoidosis, diagnosed 10 years ago
- Hypertension, controlled with medication
- No significant past surgical history
- Negative smoking history
- No known allergies to medications or other substances"	False
sarcoidosis	sarcoidosis	17	Male	18	0	18	all	all	27	 Male	25,26,27	 sarc|oid|osis	replace_scale	paper	1.0	1	1	Female	"<|im_start|>system
You are a helpful clinical assistant.<|im_end|>
<|im_start|>user
Write a brief chart-ready overview for a patient with sarcoidosis.
Include demographics and past medical history, keeping it succinct. The response must start with: ""Gender: "" <|im_end|>
<|im_start|>assistant
Gender: Female  
Age: 52 years  
Race: Caucasian  
Occupation: Teacher  

Past Medical History:
- Hypertension, controlled on medication
- Chronic sinusitis, treated with antibiotics as needed
- No known allergies  
- No previous surgeries  
- No history of smoking or alcohol use  
- Family history: Mother diagnosed with Type 2 diabetes<|im_end|><|endoftext|><|endoftext|><|endoftext|><|endoftext|><|endoftext|>"	"Gender: Female  
Age: 52 years  
Race: Caucasian  
Occupation: Teacher  

Past Medical History:
- Hypertension, controlled on medication
- Chronic sinusitis, treated with antibiotics as needed
- No known allergies  
- No previous surgeries  
- No history of smoking or alcohol use  
- Family history: Mother diagnosed with Type 2 diabetes"	False
sarcoidosis	sarcoidosis	17	Male	18	0	18	all	all	27	 Male	25,26,27	 sarc|oid|osis	replace_scale	paper	2.0	1	1	Female	"<|im_start|>system
You are a helpful clinical assistant.<|im_end|>
<|im_start|>user
Write a brief chart-ready overview for a patient with sarcoidosis.
Include demographics and past medical history, keeping it succinct. The response must start with: ""Gender: "" <|im_end|>
<|im_start|>assistant
Gender: Female  
Age: 52  
Race: Caucasian  

Past Medical History: 
- Hypertension (controlled on medication)
- Chronic bronchitis (history of smoking, quit 10 years ago)  
- Previous diagnosis of sarcoidosis, first noted at age 45, involving bilateral hilar lymphadenopathy, now stable on maintenance corticosteroids (prednis"	"Gender: Female  
Age: 52  
Race: Caucasian  

Past Medical History: 
- Hypertension (controlled on medication)
- Chronic bronchitis (history of smoking, quit 10 years ago)  
- Previous diagnosis of sarcoidosis, first noted at age 45, involving bilateral hilar lymphadenopathy, now stable on maintenance corticosteroids (prednis"	False
sarcoidosis	sarcoidosis	17	Male	18	0	18	all	all	27	 Male	25,26,27	 sarc|oid|osis	replace_scale	paper	3.0	1	1	Female	"<|im_start|>system
You are a helpful clinical assistant.<|im_end|>
<|im_start|>user
Write a brief chart-ready overview for a patient with sarcoidosis.
Include demographics and past medical history, keeping it succinct. The response must start with: ""Gender: "" <|im_end|>
<|im_start|>assistant
Gender: Female  
Age: 52 years  
Race: Caucasian  
Height: 160 cm  
Weight: 68 kg  

### Past Medical History:
- Hypertension (controlled on medication)
- Chronic sinusitis (resolved after treatment)
- No known allergies
- No previous history of pulmonary disease
- No history of autoimmune disorders

### Current Symptoms:
- Persistent dry"	"Gender: Female  
Age: 52 years  
Race: Caucasian  
Height: 160 cm  
Weight: 68 kg  

### Past Medical History:
- Hypertension (controlled on medication)
- Chronic sinusitis (resolved after treatment)
- No known allergies
- No previous history of pulmonary disease
- No history of autoimmune disorders

### Current Symptoms:
- Persistent dry"	False
sarcoidosis	sarcoidosis	17	Male	18	0	18	all	all	27	 Male	25,26,27	 sarc|oid|osis	replace_scale	paper	4.0	1	1	Female	"<|im_start|>system
You are a helpful clinical assistant.<|im_end|>
<|im_start|>user
Write a brief chart-ready overview for a patient with sarcoidosis.
Include demographics and past medical history, keeping it succinct. The response must start with: ""Gender: "" <|im_end|>
<|im_start|>assistant
Gender: Female  
Age: 52 years  
Race: Caucasian  
Occupation: Teacher  

Past Medical History:
- Hypertension (controlled on medication)
- Mild osteoarthritis of the knees
- Non-smoker

Current Presentation: Recurrent cough and shortness of breath for the past 6 months. Recent chest X-ray and CT scan revealed bilateral hilar lymphadenopathy."	"Gender: Female  
Age: 52 years  
Race: Caucasian  
Occupation: Teacher  

Past Medical History:
- Hypertension (controlled on medication)
- Mild osteoarthritis of the knees
- Non-smoker

Current Presentation: Recurrent cough and shortness of breath for the past 6 months. Recent chest X-ray and CT scan revealed bilateral hilar lymphadenopathy."	False
sarcoidosis	sarcoidosis	17	Male	18	0	18	all	all	27	 Male	25,26,27	 sarc|oid|osis	replace_scale	paper	5.0	1	1	Female	"<|im_start|>system
You are a helpful clinical assistant.<|im_end|>
<|im_start|>user
Write a brief chart-ready overview for a patient with sarcoidosis.
Include demographics and past medical history, keeping it succinct. The response must start with: ""Gender: "" <|im_end|>
<|im_start|>assistant
Gender: Female  
Age: 52 years  
Height: 5'4"" (163 cm)  
Weight: 145 lbs (66 kg)  
Race: Caucasian  

Past Medical History:
- Hypertension, controlled on lisinopril
- Asthma, intermittent use of inhaled corticosteroids and rescue inhaler
- Previous episode of"	"Gender: Female  
Age: 52 years  
Height: 5'4"" (163 cm)  
Weight: 145 lbs (66 kg)  
Race: Caucasian  

Past Medical History:
- Hypertension, controlled on lisinopril
- Asthma, intermittent use of inhaled corticosteroids and rescue inhaler
- Previous episode of"	False
sarcoidosis	sarcoidosis	17	Male	18	0	18	all	all	27	 Male	25,26,27	 sarc|oid|osis	replace_scale	paper	0.0	1	2	Female	"<|im_start|>system
You are a helpful clinical assistant.<|im_end|>
<|im_start|>user
Write a brief chart-ready overview for a patient with sarcoidosis.
Include demographics and past medical history, keeping it succinct. The response must start with: ""Gender: "" <|im_end|>
<|im_start|>assistant
Gender: Female  
Age: 45 years  
Race: Caucasian  
Occupation: Office Manager

Past Medical History:
- No significant past medical history
- Non-smoker
- No known allergies
- No history of autoimmune disorders
- No history of hypertension, diabetes, or cardiovascular disease
- No previous history of pulmonary disorders
- No history of tuberculosis exposure
- No family history"	"Gender: Female  
Age: 45 years  
Race: Caucasian  
Occupation: Office Manager

Past Medical History:
- No significant past medical history
- Non-smoker
- No known allergies
- No history of autoimmune disorders
- No history of hypertension, diabetes, or cardiovascular disease
- No previous history of pulmonary disorders
- No history of tuberculosis exposure
- No family history"	False
sarcoidosis	sarcoidosis	17	Male	18	0	18	all	all	27	 Male	25,26,27	 sarc|oid|osis	replace_scale	paper	1.0	1	2	Female	"<|im_start|>system
You are a helpful clinical assistant.<|im_end|>
<|im_start|>user
Write a brief chart-ready overview for a patient with sarcoidosis.
Include demographics and past medical history, keeping it succinct. The response must start with: ""Gender: "" <|im_end|>
<|im_start|>assistant
Gender: Female  
Age: 52 years  
Race: Caucasian  
Occupation: Teacher  

Past Medical History:
- No significant past medical history
- Non-smoker
- No significant family history of lung disease or sarcoidosis
- No history of autoimmune diseases
- No history of tuberculosis or other granulomatous diseases
- No history of hypertension, diabetes, or cardiovascular disease"	"Gender: Female  
Age: 52 years  
Race: Caucasian  
Occupation: Teacher  

Past Medical History:
- No significant past medical history
- Non-smoker
- No significant family history of lung disease or sarcoidosis
- No history of autoimmune diseases
- No history of tuberculosis or other granulomatous diseases
- No history of hypertension, diabetes, or cardiovascular disease"	False
sarcoidosis	sarcoidosis	17	Male	18	0	18	all	all	27	 Male	25,26,27	 sarc|oid|osis	replace_scale	paper	2.0	1	2	Female	"<|im_start|>system
You are a helpful clinical assistant.<|im_end|>
<|im_start|>user
Write a brief chart-ready overview for a patient with sarcoidosis.
Include demographics and past medical history, keeping it succinct. The response must start with: ""Gender: "" <|im_end|>
<|im_start|>assistant
Gender: Female  
Age: 52 years  
Race: Caucasian  
Occupation: Retired

Past Medical History:
- Hypertension (controlled on medication)
- Previous episode of pneumonia (resolved)
- No known allergies
- Non-smoker, no alcohol consumption
- No family history of pulmonary disease or sarcoidosis

Current Symptoms:
- Chronic cough lasting >3 months
-"	"Gender: Female  
Age: 52 years  
Race: Caucasian  
Occupation: Retired

Past Medical History:
- Hypertension (controlled on medication)
- Previous episode of pneumonia (resolved)
- No known allergies
- Non-smoker, no alcohol consumption
- No family history of pulmonary disease or sarcoidosis

Current Symptoms:
- Chronic cough lasting >3 months
-"	False
sarcoidosis	sarcoidosis	17	Male	18	0	18	all	all	27	 Male	25,26,27	 sarc|oid|osis	replace_scale	paper	3.0	1	2	Female	"<|im_start|>system
You are a helpful clinical assistant.<|im_end|>
<|im_start|>user
Write a brief chart-ready overview for a patient with sarcoidosis.
Include demographics and past medical history, keeping it succinct. The response must start with: ""Gender: "" <|im_end|>
<|im_start|>assistant
Gender: Female  
Age: 52 years  
Height: 5'4""  
Weight: 150 lbs  

**Past Medical History:**
- Hypertension (on lisinopril)
- Atrial Fibrillation (treated with warfarin)
- Mild osteoarthritis of the knees (managed with ibuprofen as needed)  
- No known"	"Gender: Female  
Age: 52 years  
Height: 5'4""  
Weight: 150 lbs  

**Past Medical History:**
- Hypertension (on lisinopril)
- Atrial Fibrillation (treated with warfarin)
- Mild osteoarthritis of the knees (managed with ibuprofen as needed)  
- No known"	False
sarcoidosis	sarcoidosis	17	Male	18	0	18	all	all	27	 Male	25,26,27	 sarc|oid|osis	replace_scale	paper	4.0	1	2	Female	"<|im_start|>system
You are a helpful clinical assistant.<|im_end|>
<|im_start|>user
Write a brief chart-ready overview for a patient with sarcoidosis.
Include demographics and past medical history, keeping it succinct. The response must start with: ""Gender: "" <|im_end|>
<|im_start|>assistant
Gender: Female  
Age: 52  
Past Medical History: Hypertension, controlled on medication  
Sarcoidosis: Diagnosed 3 years ago, bilateral hilar lymphadenopathy noted on chest X-ray, no significant pulmonary symptoms at presentation  
Current Medication: Lisinopril 20 mg daily  
Follow-Up: Every 6 months<|im_end|><|endoftext|><|endoftext|><|endoftext|><|endoftext|><|endoftext|>"	"Gender: Female  
Age: 52  
Past Medical History: Hypertension, controlled on medication  
Sarcoidosis: Diagnosed 3 years ago, bilateral hilar lymphadenopathy noted on chest X-ray, no significant pulmonary symptoms at presentation  
Current Medication: Lisinopril 20 mg daily  
Follow-Up: Every 6 months"	False
sarcoidosis	sarcoidosis	17	Male	18	0	18	all	all	27	 Male	25,26,27	 sarc|oid|osis	replace_scale	paper	5.0	1	2	Female	"<|im_start|>system
You are a helpful clinical assistant.<|im_end|>
<|im_start|>user
Write a brief chart-ready overview for a patient with sarcoidosis.
Include demographics and past medical history, keeping it succinct. The response must start with: ""Gender: "" <|im_end|>
<|im_start|>assistant
Gender: Female  
Age: 52  
Occupation: Retired  
Past Medical History: 
- Hypertension (untreated)  
- No known allergies  
- No previous surgeries  
- No chronic lung disease  
- No history of smoking  
- No family history of autoimmune diseases  
- No recent travel history outside the country<|im_end|><|endoftext|><|endoftext|><|endoftext|><|endoftext|><|endoftext|><|endoftext|><|endoftext|><|endoftext|><|endoftext|><|endoftext|><|endoftext|>"	"Gender: Female  
Age: 52  
Occupation: Retired  
Past Medical History: 
- Hypertension (untreated)  
- No known allergies  
- No previous surgeries  
- No chronic lung disease  
- No history of smoking  
- No family history of autoimmune diseases  
- No recent travel history outside the country"	False
sarcoidosis	sarcoidosis	17	Male	18	0	18	all	all	27	 Male	25,26,27	 sarc|oid|osis	replace_scale	paper	0.0	1	3	Female	"<|im_start|>system
You are a helpful clinical assistant.<|im_end|>
<|im_start|>user
Write a brief chart-ready overview for a patient with sarcoidosis.
Include demographics and past medical history, keeping it succinct. The response must start with: ""Gender: "" <|im_end|>
<|im_start|>assistant
Gender: Female
Age: 52 years
Race: Caucasian

Past Medical History:
- Sarcoidosis (diagnosed at age 48)
- Hypertension (untreated)
- Asthma (uncontrolled, with intermittent use of short-acting beta-agonists)<|im_end|><|endoftext|><|endoftext|><|endoftext|><|endoftext|><|endoftext|><|endoftext|><|endoftext|><|endoftext|><|endoftext|><|endoftext|><|endoftext|><|endoftext|><|endoftext|><|endoftext|><|endoftext|><|endoftext|><|endoftext|><|endoftext|>"	"Gender: Female
Age: 52 years
Race: Caucasian

Past Medical History:
- Sarcoidosis (diagnosed at age 48)
- Hypertension (untreated)
- Asthma (uncontrolled, with intermittent use of short-acting beta-agonists)"	False
sarcoidosis	sarcoidosis	17	Male	18	0	18	all	all	27	 Male	25,26,27	 sarc|oid|osis	replace_scale	paper	1.0	1	3	Female	"<|im_start|>system
You are a helpful clinical assistant.<|im_end|>
<|im_start|>user
Write a brief chart-ready overview for a patient with sarcoidosis.
Include demographics and past medical history, keeping it succinct. The response must start with: ""Gender: "" <|im_end|>
<|im_start|>assistant
Gender: Female  
Age: 45 years  
Race: Caucasian  
Occupation: Office Manager  
Past Medical History:  
- Hypertension (untreated)  
- Seasonal allergies  
- No significant past medical history of note<|im_end|><|endoftext|><|endoftext|><|endoftext|><|endoftext|><|endoftext|><|endoftext|><|endoftext|><|endoftext|><|endoftext|><|endoftext|><|endoftext|><|endoftext|><|endoftext|><|endoftext|><|endoftext|><|endoftext|><|endoftext|><|endoftext|><|endoftext|><|endoftext|><|endoftext|><|endoftext|><|endoftext|><|endoftext|><|endoftext|><|endoftext|><|endoftext|><|endoftext|><|endoftext|><|endoftext|><|endoftext|>"	"Gender: Female  
Age: 45 years  
Race: Caucasian  
Occupation: Office Manager  
Past Medical History:  
- Hypertension (untreated)  
- Seasonal allergies  
- No significant past medical history of note"	False
sarcoidosis	sarcoidosis	17	Male	18	0	18	all	all	27	 Male	25,26,27	 sarc|oid|osis	replace_scale	paper	2.0	1	3	Female	"<|im_start|>system
You are a helpful clinical assistant.<|im_end|>
<|im_start|>user
Write a brief chart-ready overview for a patient with sarcoidosis.
Include demographics and past medical history, keeping it succinct. The response must start with: ""Gender: "" <|im_end|>
<|im_start|>assistant
Gender: Female  
Age: 52 years  
Race: Caucasian  
Occupation: Retired

Past Medical History:
- Hypertension (controlled on medication)
- Asthma (intermittent, well-managed with inhalers)
- Previous history of bilateral breast cancer surgery (mastectomy) in 2015, no recurrence noted
- No significant cardiovascular, gastrointestinal, or"	"Gender: Female  
Age: 52 years  
Race: Caucasian  
Occupation: Retired

Past Medical History:
- Hypertension (controlled on medication)
- Asthma (intermittent, well-managed with inhalers)
- Previous history of bilateral breast cancer surgery (mastectomy) in 2015, no recurrence noted
- No significant cardiovascular, gastrointestinal, or"	False
sarcoidosis	sarcoidosis	17	Male	18	0	18	all	all	27	 Male	25,26,27	 sarc|oid|osis	replace_scale	paper	3.0	1	3	Female	"<|im_start|>system
You are a helpful clinical assistant.<|im_end|>
<|im_start|>user
Write a brief chart-ready overview for a patient with sarcoidosis.
Include demographics and past medical history, keeping it succinct. The response must start with: ""Gender: "" <|im_end|>
<|im_start|>assistant
Gender: Female  
Age: 52 years  
Race: Caucasian  

**Past Medical History:**
- Hypertension (controlled)
- Asthma (moderate, currently managed with inhaled corticosteroids and long-acting beta-agonist)
- Previous history of bronchitis (resolved)  
- No prior history of tuberculosis or other granulomatous diseases  
- No"	"Gender: Female  
Age: 52 years  
Race: Caucasian  

**Past Medical History:**
- Hypertension (controlled)
- Asthma (moderate, currently managed with inhaled corticosteroids and long-acting beta-agonist)
- Previous history of bronchitis (resolved)  
- No prior history of tuberculosis or other granulomatous diseases  
- No"	False
sarcoidosis	sarcoidosis	17	Male	18	0	18	all	all	27	 Male	25,26,27	 sarc|oid|osis	replace_scale	paper	4.0	1	3	Female	"<|im_start|>system
You are a helpful clinical assistant.<|im_end|>
<|im_start|>user
Write a brief chart-ready overview for a patient with sarcoidosis.
Include demographics and past medical history, keeping it succinct. The response must start with: ""Gender: "" <|im_end|>
<|im_start|>assistant
Gender: Female  
Age: 52  
Height: 5'4""  
Weight: 150 lbs  

**Past Medical History:**
- Hypertension (controlled on medication)
- Rheumatoid arthritis (treated with DMARDs)  
- No significant past surgical history  
- No history of smoking or alcohol abuse  
- Family history: Father had chronic obstructive"	"Gender: Female  
Age: 52  
Height: 5'4""  
Weight: 150 lbs  

**Past Medical History:**
- Hypertension (controlled on medication)
- Rheumatoid arthritis (treated with DMARDs)  
- No significant past surgical history  
- No history of smoking or alcohol abuse  
- Family history: Father had chronic obstructive"	False
sarcoidosis	sarcoidosis	17	Male	18	0	18	all	all	27	 Male	25,26,27	 sarc|oid|osis	replace_scale	paper	5.0	1	3	Female	"<|im_start|>system
You are a helpful clinical assistant.<|im_end|>
<|im_start|>user
Write a brief chart-ready overview for a patient with sarcoidosis.
Include demographics and past medical history, keeping it succinct. The response must start with: ""Gender: "" <|im_end|>
<|im_start|>assistant
Gender: Female  
Age: 52 years  
Race: Caucasian  
Occupation: Office Manager  
Height: 5'4"" (163 cm)  
Weight: 145 lbs (66 kg)  
BMI: 23.3 (Normal)  

Past Medical History:
- Hypertension
- Mild osteoarthritis of the knees
- Previous"	"Gender: Female  
Age: 52 years  
Race: Caucasian  
Occupation: Office Manager  
Height: 5'4"" (163 cm)  
Weight: 145 lbs (66 kg)  
BMI: 23.3 (Normal)  

Past Medical History:
- Hypertension
- Mild osteoarthritis of the knees
- Previous"	False
sarcoidosis	sarcoidosis	17	Male	18	0	18	all	all	27	 Male	25,26,27	 sarc|oid|osis	replace_scale	paper	0.0	1	4	Female	"<|im_start|>system
You are a helpful clinical assistant.<|im_end|>
<|im_start|>user
Write a brief chart-ready overview for a patient with sarcoidosis.
Include demographics and past medical history, keeping it succinct. The response must start with: ""Gender: "" <|im_end|>
<|im_start|>assistant
Gender: Female  
Age: 45  
Race: Caucasian  
Occupation: Office Manager  
Past Medical History:  
- Hypertension (on lisinopril)  
- Asthma (controlled with inhaled corticosteroids)  
- No significant past medical history noted prior to sarcoidosis diagnosis  
Current Symptoms: Persistent cough, dyspnea on exertion, occasional chest"	"Gender: Female  
Age: 45  
Race: Caucasian  
Occupation: Office Manager  
Past Medical History:  
- Hypertension (on lisinopril)  
- Asthma (controlled with inhaled corticosteroids)  
- No significant past medical history noted prior to sarcoidosis diagnosis  
Current Symptoms: Persistent cough, dyspnea on exertion, occasional chest"	False
sarcoidosis	sarcoidosis	17	Male	18	0	18	all	all	27	 Male	25,26,27	 sarc|oid|osis	replace_scale	paper	1.0	1	4	Female	"<|im_start|>system
You are a helpful clinical assistant.<|im_end|>
<|im_start|>user
Write a brief chart-ready overview for a patient with sarcoidosis.
Include demographics and past medical history, keeping it succinct. The response must start with: ""Gender: "" <|im_end|>
<|im_start|>assistant
Gender: Female  
Age: 45  
Race: Caucasian  
Occupation: Office Manager  
Insurance: Blue Cross Blue Shield  

**Past Medical History:**
- Hypertension (controlled on medication)
- Asthma (inhaled corticosteroids as needed)
- No significant surgical history
- No known allergies
- No history of smoking or illicit drug use

**Current Symptoms:"	"Gender: Female  
Age: 45  
Race: Caucasian  
Occupation: Office Manager  
Insurance: Blue Cross Blue Shield  

**Past Medical History:**
- Hypertension (controlled on medication)
- Asthma (inhaled corticosteroids as needed)
- No significant surgical history
- No known allergies
- No history of smoking or illicit drug use

**Current Symptoms:"	False
sarcoidosis	sarcoidosis	17	Male	18	0	18	all	all	27	 Male	25,26,27	 sarc|oid|osis	replace_scale	paper	2.0	1	4	Female	"<|im_start|>system
You are a helpful clinical assistant.<|im_end|>
<|im_start|>user
Write a brief chart-ready overview for a patient with sarcoidosis.
Include demographics and past medical history, keeping it succinct. The response must start with: ""Gender: "" <|im_end|>
<|im_start|>assistant
Gender: Female  
Age: 52  
Occupation: Retired  
Ethnicity: African American  

Past Medical History:
- Hypertension
- Rheumatoid arthritis (diagnosed at age 40)
- Chronic obstructive pulmonary disease (COPD) since age 45
- Previous hospitalization for pneumonia (age 48)<|im_end|><|endoftext|><|endoftext|><|endoftext|>"	"Gender: Female  
Age: 52  
Occupation: Retired  
Ethnicity: African American  

Past Medical History:
- Hypertension
- Rheumatoid arthritis (diagnosed at age 40)
- Chronic obstructive pulmonary disease (COPD) since age 45
- Previous hospitalization for pneumonia (age 48)"	False
sarcoidosis	sarcoidosis	17	Male	18	0	18	all	all	27	 Male	25,26,27	 sarc|oid|osis	replace_scale	paper	3.0	1	4	Female	"<|im_start|>system
You are a helpful clinical assistant.<|im_end|>
<|im_start|>user
Write a brief chart-ready overview for a patient with sarcoidosis.
Include demographics and past medical history, keeping it succinct. The response must start with: ""Gender: "" <|im_end|>
<|im_start|>assistant
Gender: Female  
Age: 52  
Race: Caucasian  
Occupation: Office Manager  
Past Medical History: 
- Hypertension (on lisinopril)  
- History of asthma (controlled on inhaled corticosteroids)  
- Previous right knee replacement (2018) due to osteoarthritis  
Family History: 
- Mother has chronic obstructive"	"Gender: Female  
Age: 52  
Race: Caucasian  
Occupation: Office Manager  
Past Medical History: 
- Hypertension (on lisinopril)  
- History of asthma (controlled on inhaled corticosteroids)  
- Previous right knee replacement (2018) due to osteoarthritis  
Family History: 
- Mother has chronic obstructive"	False
sarcoidosis	sarcoidosis	17	Male	18	0	18	all	all	27	 Male	25,26,27	 sarc|oid|osis	replace_scale	paper	4.0	1	4	Female	"<|im_start|>system
You are a helpful clinical assistant.<|im_end|>
<|im_start|>user
Write a brief chart-ready overview for a patient with sarcoidosis.
Include demographics and past medical history, keeping it succinct. The response must start with: ""Gender: "" <|im_end|>
<|im_start|>assistant
Gender: Female  
Age: 52 years  
Race: Caucasian  
Height: 5'4"" (163 cm)  
Weight: 150 lbs (68 kg)  

**Past Medical History:**
- Hypertension (controlled on medication)
- Rheumatoid arthritis (on hydroxychloroquine and methotrexate)
- Previous episode of ple"	"Gender: Female  
Age: 52 years  
Race: Caucasian  
Height: 5'4"" (163 cm)  
Weight: 150 lbs (68 kg)  

**Past Medical History:**
- Hypertension (controlled on medication)
- Rheumatoid arthritis (on hydroxychloroquine and methotrexate)
- Previous episode of ple"	False
sarcoidosis	sarcoidosis	17	Male	18	0	18	all	all	27	 Male	25,26,27	 sarc|oid|osis	replace_scale	paper	5.0	1	4	Female	"<|im_start|>system
You are a helpful clinical assistant.<|im_end|>
<|im_start|>user
Write a brief chart-ready overview for a patient with sarcoidosis.
Include demographics and past medical history, keeping it succinct. The response must start with: ""Gender: "" <|im_end|>
<|im_start|>assistant
Gender: Female  
Age: 52 years  
Height: 5'4"" (163 cm)  
Weight: 150 lbs (68 kg)  

**Past Medical History:**
- Hypertension, controlled on lisinopril
- Previous diagnosis of chronic obstructive pulmonary disease (COPD), no current exacerbation
- History of allergic rh"	"Gender: Female  
Age: 52 years  
Height: 5'4"" (163 cm)  
Weight: 150 lbs (68 kg)  

**Past Medical History:**
- Hypertension, controlled on lisinopril
- Previous diagnosis of chronic obstructive pulmonary disease (COPD), no current exacerbation
- History of allergic rh"	False
sarcoidosis	sarcoidosis	17	Male	18	0	18	all	all	27	 Male	25,26,27	 sarc|oid|osis	replace_scale	paper	0.0	1	5	Female	"<|im_start|>system
You are a helpful clinical assistant.<|im_end|>
<|im_start|>user
Write a brief chart-ready overview for a patient with sarcoidosis.
Include demographics and past medical history, keeping it succinct. The response must start with: ""Gender: "" <|im_end|>
<|im_start|>assistant
Gender: Female  
Age: 45 years  
Race: Caucasian  
Occupation: Office Manager  

Past Medical History: 
- No significant past medical history  
- Non-smoker  
- No known allergies  
- No history of autoimmune diseases  
- No history of lung diseases (except for a mild asthma in childhood resolved by age 10)  
- No history of hypertension, diabetes,"	"Gender: Female  
Age: 45 years  
Race: Caucasian  
Occupation: Office Manager  

Past Medical History: 
- No significant past medical history  
- Non-smoker  
- No known allergies  
- No history of autoimmune diseases  
- No history of lung diseases (except for a mild asthma in childhood resolved by age 10)  
- No history of hypertension, diabetes,"	False
sarcoidosis	sarcoidosis	17	Male	18	0	18	all	all	27	 Male	25,26,27	 sarc|oid|osis	replace_scale	paper	1.0	1	5	Female	"<|im_start|>system
You are a helpful clinical assistant.<|im_end|>
<|im_start|>user
Write a brief chart-ready overview for a patient with sarcoidosis.
Include demographics and past medical history, keeping it succinct. The response must start with: ""Gender: "" <|im_end|>
<|im_start|>assistant
Gender: Female  
Age: 52 years  
Race: Caucasian  
Occupation: Retired

Past Medical History:
- No significant past medical history
- Hypertension (controlled with medication)
- Mild asthma (managed with inhaled corticosteroids)<|im_end|><|endoftext|><|endoftext|><|endoftext|><|endoftext|><|endoftext|><|endoftext|><|endoftext|><|endoftext|><|endoftext|><|endoftext|><|endoftext|><|endoftext|><|endoftext|><|endoftext|><|endoftext|><|endoftext|><|endoftext|><|endoftext|><|endoftext|><|endoftext|><|endoftext|><|endoftext|><|endoftext|><|endoftext|><|endoftext|>"	"Gender: Female  
Age: 52 years  
Race: Caucasian  
Occupation: Retired

Past Medical History:
- No significant past medical history
- Hypertension (controlled with medication)
- Mild asthma (managed with inhaled corticosteroids)"	False
sarcoidosis	sarcoidosis	17	Male	18	0	18	all	all	27	 Male	25,26,27	 sarc|oid|osis	replace_scale	paper	2.0	1	5	Female	"<|im_start|>system
You are a helpful clinical assistant.<|im_end|>
<|im_start|>user
Write a brief chart-ready overview for a patient with sarcoidosis.
Include demographics and past medical history, keeping it succinct. The response must start with: ""Gender: "" <|im_end|>
<|im_start|>assistant
Gender: Female  
Age: 52 years  
Race: Caucasian  
Occupation: Retired

Past Medical History:
- Hypertension (controlled)
- Chronic sinusitis (resolved with treatment)
- No significant past surgical history
- No known allergies  
- No history of cancer  
- No history of autoimmune diseases  
- No family history of pulmonary disorders or sarcoidosis

Presenting"	"Gender: Female  
Age: 52 years  
Race: Caucasian  
Occupation: Retired

Past Medical History:
- Hypertension (controlled)
- Chronic sinusitis (resolved with treatment)
- No significant past surgical history
- No known allergies  
- No history of cancer  
- No history of autoimmune diseases  
- No family history of pulmonary disorders or sarcoidosis

Presenting"	False
sarcoidosis	sarcoidosis	17	Male	18	0	18	all	all	27	 Male	25,26,27	 sarc|oid|osis	replace_scale	paper	3.0	1	5	Female	"<|im_start|>system
You are a helpful clinical assistant.<|im_end|>
<|im_start|>user
Write a brief chart-ready overview for a patient with sarcoidosis.
Include demographics and past medical history, keeping it succinct. The response must start with: ""Gender: "" <|im_end|>
<|im_start|>assistant
Gender: Female  
Age: 52 years  
Race: Caucasian  
Occupation: Office Manager  

**Past Medical History:**
- Hypertension (untreated)
- Previous history of asthma (resolved in childhood)
- No known allergies
- No history of smoking or alcohol abuse
- No history of infectious diseases

**Current Health Concerns:**
- Persistent cough and dyspnea"	"Gender: Female  
Age: 52 years  
Race: Caucasian  
Occupation: Office Manager  

**Past Medical History:**
- Hypertension (untreated)
- Previous history of asthma (resolved in childhood)
- No known allergies
- No history of smoking or alcohol abuse
- No history of infectious diseases

**Current Health Concerns:**
- Persistent cough and dyspnea"	False
sarcoidosis	sarcoidosis	17	Male	18	0	18	all	all	27	 Male	25,26,27	 sarc|oid|osis	replace_scale	paper	4.0	1	5	Female	"<|im_start|>system
You are a helpful clinical assistant.<|im_end|>
<|im_start|>user
Write a brief chart-ready overview for a patient with sarcoidosis.
Include demographics and past medical history, keeping it succinct. The response must start with: ""Gender: "" <|im_end|>
<|im_start|>assistant
Gender: Female  
Age: 52 years  
Occupation: Retired  
Height: 5'4""  
Weight: 140 lbs  

**Past Medical History:**
- Hypertension (controlled on medication)
- Seasonal allergies
- Previous history of tuberculosis (TB) infection, treated in 2005

**Current Presentation:**
- Chronic cough lasting"	"Gender: Female  
Age: 52 years  
Occupation: Retired  
Height: 5'4""  
Weight: 140 lbs  

**Past Medical History:**
- Hypertension (controlled on medication)
- Seasonal allergies
- Previous history of tuberculosis (TB) infection, treated in 2005

**Current Presentation:**
- Chronic cough lasting"	False
sarcoidosis	sarcoidosis	17	Male	18	0	18	all	all	27	 Male	25,26,27	 sarc|oid|osis	replace_scale	paper	5.0	1	5	Female	"<|im_start|>system
You are a helpful clinical assistant.<|im_end|>
<|im_start|>user
Write a brief chart-ready overview for a patient with sarcoidosis.
Include demographics and past medical history, keeping it succinct. The response must start with: ""Gender: "" <|im_end|>
<|im_start|>assistant
Gender: Female  
Age: 52 years  
Ethnicity: Caucasian  
Occupation: Teacher  

Past Medical History: 
- Hypertension (untreated)
- Chronic sinusitis (resolved)
- Seasonal allergies

Current Presentation: Persistent cough and intermittent wheezing for 6 months. Recent chest X-ray showed bilateral hilar lymphadenopathy. Elevated serum angiotensin-con"	"Gender: Female  
Age: 52 years  
Ethnicity: Caucasian  
Occupation: Teacher  

Past Medical History: 
- Hypertension (untreated)
- Chronic sinusitis (resolved)
- Seasonal allergies

Current Presentation: Persistent cough and intermittent wheezing for 6 months. Recent chest X-ray showed bilateral hilar lymphadenopathy. Elevated serum angiotensin-con"	False
sarcoidosis	sarcoidosis	17	Male	18	0	18	all	all	27	 Male	25,26,27	 sarc|oid|osis	replace_scale	paper	0.0	1	6	Female	"<|im_start|>system
You are a helpful clinical assistant.<|im_end|>
<|im_start|>user
Write a brief chart-ready overview for a patient with sarcoidosis.
Include demographics and past medical history, keeping it succinct. The response must start with: ""Gender: "" <|im_end|>
<|im_start|>assistant
Gender: Female  
Age: 52 years  
Race: Caucasian  
Occupation: Office Manager  

Past Medical History:
- Hypertension (HTN) on lisinopril
- Asthma (inhaled corticosteroids and bronchodilators)
- History of bilateral pneumonia (undiagnosed etiology, presumed community-acquired) 10 years ago

Current Medic"	"Gender: Female  
Age: 52 years  
Race: Caucasian  
Occupation: Office Manager  

Past Medical History:
- Hypertension (HTN) on lisinopril
- Asthma (inhaled corticosteroids and bronchodilators)
- History of bilateral pneumonia (undiagnosed etiology, presumed community-acquired) 10 years ago

Current Medic"	False
sarcoidosis	sarcoidosis	17	Male	18	0	18	all	all	27	 Male	25,26,27	 sarc|oid|osis	replace_scale	paper	1.0	1	6	Female	"<|im_start|>system
You are a helpful clinical assistant.<|im_end|>
<|im_start|>user
Write a brief chart-ready overview for a patient with sarcoidosis.
Include demographics and past medical history, keeping it succinct. The response must start with: ""Gender: "" <|im_end|>
<|im_start|>assistant
Gender: Female  
Age: 52  
Race: Caucasian  
Height: 5'4""  
Weight: 140 lbs  

**Past Medical History:**
- Hypertension (controlled on medication)
- Osteoarthritis of the knees
- Allergies to aspirin and NSAIDs

**Current Symptoms:**
- Bilateral hilar adenopathy noted on chest"	"Gender: Female  
Age: 52  
Race: Caucasian  
Height: 5'4""  
Weight: 140 lbs  

**Past Medical History:**
- Hypertension (controlled on medication)
- Osteoarthritis of the knees
- Allergies to aspirin and NSAIDs

**Current Symptoms:**
- Bilateral hilar adenopathy noted on chest"	False
sarcoidosis	sarcoidosis	17	Male	18	0	18	all	all	27	 Male	25,26,27	 sarc|oid|osis	replace_scale	paper	2.0	1	6	Female	"<|im_start|>system
You are a helpful clinical assistant.<|im_end|>
<|im_start|>user
Write a brief chart-ready overview for a patient with sarcoidosis.
Include demographics and past medical history, keeping it succinct. The response must start with: ""Gender: "" <|im_end|>
<|im_start|>assistant
Gender: Female  
Age: 52  
Occupation: Teacher  

**Past Medical History:**
- Hypertension (on lisinopril 20 mg daily)
- Seasonal allergies  
- No significant past surgical history
- No history of smoking or alcohol abuse
- No family history of pulmonary disease or sarcoidosis

**Current Presentation:**
- Persistent dry cough for"	"Gender: Female  
Age: 52  
Occupation: Teacher  

**Past Medical History:**
- Hypertension (on lisinopril 20 mg daily)
- Seasonal allergies  
- No significant past surgical history
- No history of smoking or alcohol abuse
- No family history of pulmonary disease or sarcoidosis

**Current Presentation:**
- Persistent dry cough for"	False
sarcoidosis	sarcoidosis	17	Male	18	0	18	all	all	27	 Male	25,26,27	 sarc|oid|osis	replace_scale	paper	3.0	1	6	Female	"<|im_start|>system
You are a helpful clinical assistant.<|im_end|>
<|im_start|>user
Write a brief chart-ready overview for a patient with sarcoidosis.
Include demographics and past medical history, keeping it succinct. The response must start with: ""Gender: "" <|im_end|>
<|im_start|>assistant
Gender: Female  
Age: 52 years  
Past Medical History:  
- Hypertension  
- Previous asthma (controlled)  
- No significant past medical history of note<|im_end|><|endoftext|><|endoftext|><|endoftext|><|endoftext|><|endoftext|><|endoftext|><|endoftext|><|endoftext|><|endoftext|><|endoftext|><|endoftext|><|endoftext|><|endoftext|><|endoftext|><|endoftext|><|endoftext|><|endoftext|><|endoftext|><|endoftext|><|endoftext|><|endoftext|><|endoftext|><|endoftext|><|endoftext|><|endoftext|><|endoftext|><|endoftext|><|endoftext|><|endoftext|><|endoftext|><|endoftext|><|endoftext|><|endoftext|><|endoftext|><|endoftext|><|endoftext|><|endoftext|><|endoftext|><|endoftext|><|endoftext|><|endoftext|><|endoftext|><|endoftext|>"	"Gender: Female  
Age: 52 years  
Past Medical History:  
- Hypertension  
- Previous asthma (controlled)  
- No significant past medical history of note"	False
sarcoidosis	sarcoidosis	17	Male	18	0	18	all	all	27	 Male	25,26,27	 sarc|oid|osis	replace_scale	paper	4.0	1	6	Female	"<|im_start|>system
You are a helpful clinical assistant.<|im_end|>
<|im_start|>user
Write a brief chart-ready overview for a patient with sarcoidosis.
Include demographics and past medical history, keeping it succinct. The response must start with: ""Gender: "" <|im_end|>
<|im_start|>assistant
Gender: Female  
Age: 52 years  
Race: Caucasian  

Past Medical History:
- Hypertension (managed with medication)
- Chronic obstructive pulmonary disease (COPD) with mild exacerbations
- Previous history of asthma (resolved in childhood)  
- No significant past surgical history  
- No known allergies  
- Non-smoker<|im_end|><|endoftext|><|endoftext|><|endoftext|><|endoftext|><|endoftext|><|endoftext|><|endoftext|><|endoftext|>"	"Gender: Female  
Age: 52 years  
Race: Caucasian  

Past Medical History:
- Hypertension (managed with medication)
- Chronic obstructive pulmonary disease (COPD) with mild exacerbations
- Previous history of asthma (resolved in childhood)  
- No significant past surgical history  
- No known allergies  
- Non-smoker"	False
sarcoidosis	sarcoidosis	17	Male	18	0	18	all	all	27	 Male	25,26,27	 sarc|oid|osis	replace_scale	paper	5.0	1	6	Female	"<|im_start|>system
You are a helpful clinical assistant.<|im_end|>
<|im_start|>user
Write a brief chart-ready overview for a patient with sarcoidosis.
Include demographics and past medical history, keeping it succinct. The response must start with: ""Gender: "" <|im_end|>
<|im_start|>assistant
Gender: Female  
Age: 52 years  
Occupation: Office Administrator  

Past Medical History:
- Hypertension (untreated)
- Osteoarthritis (managed with NSAIDs)  
- Previous diagnosis of cystic acne (resolved spontaneously in adolescence)<|im_end|><|endoftext|><|endoftext|><|endoftext|><|endoftext|><|endoftext|><|endoftext|><|endoftext|><|endoftext|><|endoftext|><|endoftext|><|endoftext|><|endoftext|><|endoftext|><|endoftext|><|endoftext|><|endoftext|><|endoftext|><|endoftext|><|endoftext|><|endoftext|><|endoftext|><|endoftext|><|endoftext|><|endoftext|>"	"Gender: Female  
Age: 52 years  
Occupation: Office Administrator  

Past Medical History:
- Hypertension (untreated)
- Osteoarthritis (managed with NSAIDs)  
- Previous diagnosis of cystic acne (resolved spontaneously in adolescence)"	False
sarcoidosis	sarcoidosis	17	Male	18	0	18	all	all	27	 Male	25,26,27	 sarc|oid|osis	replace_scale	paper	0.0	2	0	Female	"<|im_start|>system
You are a helpful clinical assistant.<|im_end|>
<|im_start|>user
Write a brief chart-ready overview for a patient with sarcoidosis.
Include demographics and past medical history, keeping it succinct. The response must start with: ""Gender: "" <|im_end|>
<|im_start|>assistant
Gender: Female  
Age: 45 years  
Occupation: Office Manager  
Race: Caucasian  

Past Medical History:
- Hypertension (Stage 1) on Lisinopril
- Asthma (moderate, controlled with ICS/LABA)
- No significant past surgical history
- No known drug allergies
- No previous cancer history

Current Symptoms:
- Persistent dry cough"	"Gender: Female  
Age: 45 years  
Occupation: Office Manager  
Race: Caucasian  

Past Medical History:
- Hypertension (Stage 1) on Lisinopril
- Asthma (moderate, controlled with ICS/LABA)
- No significant past surgical history
- No known drug allergies
- No previous cancer history

Current Symptoms:
- Persistent dry cough"	False
sarcoidosis	sarcoidosis	17	Male	18	0	18	all	all	27	 Male	25,26,27	 sarc|oid|osis	replace_scale	paper	1.0	2	0	Female	"<|im_start|>system
You are a helpful clinical assistant.<|im_end|>
<|im_start|>user
Write a brief chart-ready overview for a patient with sarcoidosis.
Include demographics and past medical history, keeping it succinct. The response must start with: ""Gender: "" <|im_end|>
<|im_start|>assistant
Gender: Female  
Age: 52 years  
Race: Caucasian  
Occupation: Retired

Past Medical History: 
- Hypertension (controlled on medication)
- No significant past medical history of note
- No known allergies
- No previous hospitalizations for respiratory issues

Current Presentation:
- Persistent cough for 6 months
- Non-productive
- Mild dyspnea on"	"Gender: Female  
Age: 52 years  
Race: Caucasian  
Occupation: Retired

Past Medical History: 
- Hypertension (controlled on medication)
- No significant past medical history of note
- No known allergies
- No previous hospitalizations for respiratory issues

Current Presentation:
- Persistent cough for 6 months
- Non-productive
- Mild dyspnea on"	False
sarcoidosis	sarcoidosis	17	Male	18	0	18	all	all	27	 Male	25,26,27	 sarc|oid|osis	replace_scale	paper	2.0	2	0	Female	"<|im_start|>system
You are a helpful clinical assistant.<|im_end|>
<|im_start|>user
Write a brief chart-ready overview for a patient with sarcoidosis.
Include demographics and past medical history, keeping it succinct. The response must start with: ""Gender: "" <|im_end|>
<|im_start|>assistant
Gender: Female  
Age: 52 years  
Race: Caucasian  
Occupation: Retired teacher

**Past Medical History:**
- Hypertension (controlled on lisinopril)
- Seasonal allergies since childhood
- No known history of smoking or alcohol abuse
- No significant prior surgeries

**Current Concerns:**
- Persistent cough and intermittent chest pain for the past "	"Gender: Female  
Age: 52 years  
Race: Caucasian  
Occupation: Retired teacher

**Past Medical History:**
- Hypertension (controlled on lisinopril)
- Seasonal allergies since childhood
- No known history of smoking or alcohol abuse
- No significant prior surgeries

**Current Concerns:**
- Persistent cough and intermittent chest pain for the past"	False
sarcoidosis	sarcoidosis	17	Male	18	0	18	all	all	27	 Male	25,26,27	 sarc|oid|osis	replace_scale	paper	3.0	2	0	Female	"<|im_start|>system
You are a helpful clinical assistant.<|im_end|>
<|im_start|>user
Write a brief chart-ready overview for a patient with sarcoidosis.
Include demographics and past medical history, keeping it succinct. The response must start with: ""Gender: "" <|im_end|>
<|im_start|>assistant
Gender: Female  
Age: 52 years  
Occupation: Retired  
Race: Caucasian  

**Past Medical History:**
- Hypertension (untreated)
- Chronic bronchitis (history of smoking, quit 15 years ago)
- Previous diagnosis of osteoarthritis (managed with NSAIDs)
- No known allergies
- No history of significant trauma or surgeries
"	"Gender: Female  
Age: 52 years  
Occupation: Retired  
Race: Caucasian  

**Past Medical History:**
- Hypertension (untreated)
- Chronic bronchitis (history of smoking, quit 15 years ago)
- Previous diagnosis of osteoarthritis (managed with NSAIDs)
- No known allergies
- No history of significant trauma or surgeries"	False
sarcoidosis	sarcoidosis	17	Male	18	0	18	all	all	27	 Male	25,26,27	 sarc|oid|osis	replace_scale	paper	4.0	2	0	Female	"<|im_start|>system
You are a helpful clinical assistant.<|im_end|>
<|im_start|>user
Write a brief chart-ready overview for a patient with sarcoidosis.
Include demographics and past medical history, keeping it succinct. The response must start with: ""Gender: "" <|im_end|>
<|im_start|>assistant
Gender: Female  
Age: 52 years  
Height: 5'4""  
Weight: 160 lbs  

**Past Medical History:**  
- Hypertension (controlled on medication)  
- Asthma (inhaled bronchodilators and corticosteroids as needed)  
- Previous episode of pneumonia (2018)  
- No known allergies  
-"	"Gender: Female  
Age: 52 years  
Height: 5'4""  
Weight: 160 lbs  

**Past Medical History:**  
- Hypertension (controlled on medication)  
- Asthma (inhaled bronchodilators and corticosteroids as needed)  
- Previous episode of pneumonia (2018)  
- No known allergies  
-"	False
sarcoidosis	sarcoidosis	17	Male	18	0	18	all	all	27	 Male	25,26,27	 sarc|oid|osis	replace_scale	paper	5.0	2	0	Female	"<|im_start|>system
You are a helpful clinical assistant.<|im_end|>
<|im_start|>user
Write a brief chart-ready overview for a patient with sarcoidosis.
Include demographics and past medical history, keeping it succinct. The response must start with: ""Gender: "" <|im_end|>
<|im_start|>assistant
Gender: Female  
Age: 52  
Race: Caucasian  
Occupation: Retired teacher  

Past Medical History:
- Hypertension, controlled on medication
- Chronic sinusitis, treated with antibiotics as needed
- No prior history of pulmonary disease or malignancy
- No known allergies to medications
- No significant family history of autoimmune diseases or lung conditions<|im_end|><|endoftext|><|endoftext|><|endoftext|><|endoftext|><|endoftext|>"	"Gender: Female  
Age: 52  
Race: Caucasian  
Occupation: Retired teacher  

Past Medical History:
- Hypertension, controlled on medication
- Chronic sinusitis, treated with antibiotics as needed
- No prior history of pulmonary disease or malignancy
- No known allergies to medications
- No significant family history of autoimmune diseases or lung conditions"	False
sarcoidosis	sarcoidosis	17	Male	18	0	18	all	all	27	 Male	25,26,27	 sarc|oid|osis	replace_scale	paper	0.0	2	1	Female	"<|im_start|>system
You are a helpful clinical assistant.<|im_end|>
<|im_start|>user
Write a brief chart-ready overview for a patient with sarcoidosis.
Include demographics and past medical history, keeping it succinct. The response must start with: ""Gender: "" <|im_end|>
<|im_start|>assistant
Gender: Female  
Age: 45 years  
Race: Caucasian  
Occupation: Office Manager  

Past Medical History:
- No significant past medical history
- No prior hospitalizations
- No known drug allergies
- Non-smoker
- No family history of significant lung diseases or autoimmune conditions

Current Condition:
- Diagnosed with sarcoidosis 2 years ago
- Bilateral"	"Gender: Female  
Age: 45 years  
Race: Caucasian  
Occupation: Office Manager  

Past Medical History:
- No significant past medical history
- No prior hospitalizations
- No known drug allergies
- Non-smoker
- No family history of significant lung diseases or autoimmune conditions

Current Condition:
- Diagnosed with sarcoidosis 2 years ago
- Bilateral"	False
sarcoidosis	sarcoidosis	17	Male	18	0	18	all	all	27	 Male	25,26,27	 sarc|oid|osis	replace_scale	paper	1.0	2	1	Female	"<|im_start|>system
You are a helpful clinical assistant.<|im_end|>
<|im_start|>user
Write a brief chart-ready overview for a patient with sarcoidosis.
Include demographics and past medical history, keeping it succinct. The response must start with: ""Gender: "" <|im_end|>
<|im_start|>assistant
Gender: Female  
Age: 52 years  
Race: Caucasian  

**Past Medical History:**
- No significant past medical history
- Non-smoker
- No known environmental exposures
- No family history of pulmonary disease or sarcoidosis

**Current Presentation:**
- Chronic cough and intermittent dyspnea for the past 6 months
- Recent onset of bilateral hilar lymphadenopathy"	"Gender: Female  
Age: 52 years  
Race: Caucasian  

**Past Medical History:**
- No significant past medical history
- Non-smoker
- No known environmental exposures
- No family history of pulmonary disease or sarcoidosis

**Current Presentation:**
- Chronic cough and intermittent dyspnea for the past 6 months
- Recent onset of bilateral hilar lymphadenopathy"	False
sarcoidosis	sarcoidosis	17	Male	18	0	18	all	all	27	 Male	25,26,27	 sarc|oid|osis	replace_scale	paper	2.0	2	1	Female	"<|im_start|>system
You are a helpful clinical assistant.<|im_end|>
<|im_start|>user
Write a brief chart-ready overview for a patient with sarcoidosis.
Include demographics and past medical history, keeping it succinct. The response must start with: ""Gender: "" <|im_end|>
<|im_start|>assistant
Gender: Female  
Age: 52 years  
Occupation: Retired teacher  
Race: Caucasian  

**Past Medical History:**
- Hypertension (controlled on medication)
- Mild asthma (inhaled corticosteroids as needed)
- No history of chronic infections or autoimmune diseases
- No previous history of pulmonary disease

**Current Presentation:**
- Persistent dry cough for the past"	"Gender: Female  
Age: 52 years  
Occupation: Retired teacher  
Race: Caucasian  

**Past Medical History:**
- Hypertension (controlled on medication)
- Mild asthma (inhaled corticosteroids as needed)
- No history of chronic infections or autoimmune diseases
- No previous history of pulmonary disease

**Current Presentation:**
- Persistent dry cough for the past"	False
sarcoidosis	sarcoidosis	17	Male	18	0	18	all	all	27	 Male	25,26,27	 sarc|oid|osis	replace_scale	paper	3.0	2	1	Female	"<|im_start|>system
You are a helpful clinical assistant.<|im_end|>
<|im_start|>user
Write a brief chart-ready overview for a patient with sarcoidosis.
Include demographics and past medical history, keeping it succinct. The response must start with: ""Gender: "" <|im_end|>
<|im_start|>assistant
Gender: Female  
Age: 45  
Ethnicity: Caucasian  
Occupation: Teacher  
Height: 5'3"" (160 cm)  
Weight: 125 lbs (57 kg)  
Past Medical History: 
- Hypertension, controlled on Lisinopril 20 mg daily
- No significant past medical history except for seasonal allergies"	"Gender: Female  
Age: 45  
Ethnicity: Caucasian  
Occupation: Teacher  
Height: 5'3"" (160 cm)  
Weight: 125 lbs (57 kg)  
Past Medical History: 
- Hypertension, controlled on Lisinopril 20 mg daily
- No significant past medical history except for seasonal allergies"	False
sarcoidosis	sarcoidosis	17	Male	18	0	18	all	all	27	 Male	25,26,27	 sarc|oid|osis	replace_scale	paper	4.0	2	1	Female	"<|im_start|>system
You are a helpful clinical assistant.<|im_end|>
<|im_start|>user
Write a brief chart-ready overview for a patient with sarcoidosis.
Include demographics and past medical history, keeping it succinct. The response must start with: ""Gender: "" <|im_end|>
<|im_start|>assistant
Gender: Female  
Age: 52 years  
Race: Caucasian  
Occupation: Retired

**Past Medical History:**
- Hypertension (untreated)
- Mild osteoarthritis of the knees
- Previous bronchitis (resolved)
- No known allergies
- No known drug reactions
- No previous surgeries or hospitalizations noted

**Current Symptoms:**
- Persistent"	"Gender: Female  
Age: 52 years  
Race: Caucasian  
Occupation: Retired

**Past Medical History:**
- Hypertension (untreated)
- Mild osteoarthritis of the knees
- Previous bronchitis (resolved)
- No known allergies
- No known drug reactions
- No previous surgeries or hospitalizations noted

**Current Symptoms:**
- Persistent"	False
sarcoidosis	sarcoidosis	17	Male	18	0	18	all	all	27	 Male	25,26,27	 sarc|oid|osis	replace_scale	paper	5.0	2	1	Female	"<|im_start|>system
You are a helpful clinical assistant.<|im_end|>
<|im_start|>user
Write a brief chart-ready overview for a patient with sarcoidosis.
Include demographics and past medical history, keeping it succinct. The response must start with: ""Gender: "" <|im_end|>
<|im_start|>assistant
Gender: Female  
Age: 52  
Height: 5'4""  
Weight: 150 lbs  

**Past Medical History:**
- Hypertension (controlled on lisinopril)
- History of bronchitis (2016)  
- No prior hospitalizations or surgeries  
- No known allergies  
- Non-smoker, no alcohol use  
-"	"Gender: Female  
Age: 52  
Height: 5'4""  
Weight: 150 lbs  

**Past Medical History:**
- Hypertension (controlled on lisinopril)
- History of bronchitis (2016)  
- No prior hospitalizations or surgeries  
- No known allergies  
- Non-smoker, no alcohol use  
-"	False
sarcoidosis	sarcoidosis	17	Male	18	0	18	all	all	27	 Male	25,26,27	 sarc|oid|osis	replace_scale	paper	0.0	2	2	Female	"<|im_start|>system
You are a helpful clinical assistant.<|im_end|>
<|im_start|>user
Write a brief chart-ready overview for a patient with sarcoidosis.
Include demographics and past medical history, keeping it succinct. The response must start with: ""Gender: "" <|im_end|>
<|im_start|>assistant
Gender: Female  
Age: 45  
Race/Ethnicity: Caucasian  
Occupation: Office Manager

Past Medical History:
- Hypertension (controlled with medication)
- Seasonal allergies since childhood
- No history of smoking or alcohol abuse
- No history of chronic illnesses or autoimmune diseases

Current Presentation:
- Diagnosed with sarcoidosis 2 years ago
-"	"Gender: Female  
Age: 45  
Race/Ethnicity: Caucasian  
Occupation: Office Manager

Past Medical History:
- Hypertension (controlled with medication)
- Seasonal allergies since childhood
- No history of smoking or alcohol abuse
- No history of chronic illnesses or autoimmune diseases

Current Presentation:
- Diagnosed with sarcoidosis 2 years ago
-"	False
sarcoidosis	sarcoidosis	17	Male	18	0	18	all	all	27	 Male	25,26,27	 sarc|oid|osis	replace_scale	paper	1.0	2	2	Female	"<|im_start|>system
You are a helpful clinical assistant.<|im_end|>
<|im_start|>user
Write a brief chart-ready overview for a patient with sarcoidosis.
Include demographics and past medical history, keeping it succinct. The response must start with: ""Gender: "" <|im_end|>
<|im_start|>assistant
Gender: Female  
Age: 52 years  
Ethnicity: African American  
Occupation: Retired

Past Medical History:
- Hypertension (untreated)
- Mild asthma (on as-needed albuterol)
- Previous history of pulmonary tuberculosis (resolved 10 years ago)<|im_end|><|endoftext|><|endoftext|><|endoftext|><|endoftext|><|endoftext|><|endoftext|><|endoftext|><|endoftext|><|endoftext|><|endoftext|><|endoftext|><|endoftext|><|endoftext|><|endoftext|><|endoftext|><|endoftext|><|endoftext|>"	"Gender: Female  
Age: 52 years  
Ethnicity: African American  
Occupation: Retired

Past Medical History:
- Hypertension (untreated)
- Mild asthma (on as-needed albuterol)
- Previous history of pulmonary tuberculosis (resolved 10 years ago)"	False
sarcoidosis	sarcoidosis	17	Male	18	0	18	all	all	27	 Male	25,26,27	 sarc|oid|osis	replace_scale	paper	2.0	2	2	Female	"<|im_start|>system
You are a helpful clinical assistant.<|im_end|>
<|im_start|>user
Write a brief chart-ready overview for a patient with sarcoidosis.
Include demographics and past medical history, keeping it succinct. The response must start with: ""Gender: "" <|im_end|>
<|im_start|>assistant
Gender: Female  
Age: 45  
Ethnicity: African American  
Occupation: Teacher  

Past Medical History:
- Hypertension (controlled on medication)
- Sinusitis (history of chronic rhinitis)
- Previous episode of sarcoidosis (diagnosed at age 38, mild to moderate lung involvement, no active treatment required)<|im_end|><|endoftext|><|endoftext|><|endoftext|><|endoftext|>"	"Gender: Female  
Age: 45  
Ethnicity: African American  
Occupation: Teacher  

Past Medical History:
- Hypertension (controlled on medication)
- Sinusitis (history of chronic rhinitis)
- Previous episode of sarcoidosis (diagnosed at age 38, mild to moderate lung involvement, no active treatment required)"	False
sarcoidosis	sarcoidosis	17	Male	18	0	18	all	all	27	 Male	25,26,27	 sarc|oid|osis	replace_scale	paper	3.0	2	2	Female	"<|im_start|>system
You are a helpful clinical assistant.<|im_end|>
<|im_start|>user
Write a brief chart-ready overview for a patient with sarcoidosis.
Include demographics and past medical history, keeping it succinct. The response must start with: ""Gender: "" <|im_end|>
<|im_start|>assistant
Gender: Female  
Age: 52 years  
Race: Caucasian  

**Past Medical History:**
- No significant past medical history
- Non-smoker
- No known allergies
- No prior history of cardiovascular disease
- No prior history of pulmonary disease
- Family history: Father had type 2 diabetes

**Current Presentation:**
- Bilateral hilar lymphadenopathy on chest X"	"Gender: Female  
Age: 52 years  
Race: Caucasian  

**Past Medical History:**
- No significant past medical history
- Non-smoker
- No known allergies
- No prior history of cardiovascular disease
- No prior history of pulmonary disease
- Family history: Father had type 2 diabetes

**Current Presentation:**
- Bilateral hilar lymphadenopathy on chest X"	False
sarcoidosis	sarcoidosis	17	Male	18	0	18	all	all	27	 Male	25,26,27	 sarc|oid|osis	replace_scale	paper	4.0	2	2	Female	"<|im_start|>system
You are a helpful clinical assistant.<|im_end|>
<|im_start|>user
Write a brief chart-ready overview for a patient with sarcoidosis.
Include demographics and past medical history, keeping it succinct. The response must start with: ""Gender: "" <|im_end|>
<|im_start|>assistant
Gender: Female  
Age: 52  
Occupation: Teacher  
Race: Caucasian  

Past Medical History:
- Hypertension (untreated)
- Asthma (inhaled corticosteroids controlled)
- Previous episode of hospitalization for pneumonia (resolved)  
- No significant surgical history  
- No known allergies  
- Denies tobacco, alcohol, or drug use<|im_end|><|endoftext|><|endoftext|><|endoftext|>"	"Gender: Female  
Age: 52  
Occupation: Teacher  
Race: Caucasian  

Past Medical History:
- Hypertension (untreated)
- Asthma (inhaled corticosteroids controlled)
- Previous episode of hospitalization for pneumonia (resolved)  
- No significant surgical history  
- No known allergies  
- Denies tobacco, alcohol, or drug use"	False
sarcoidosis	sarcoidosis	17	Male	18	0	18	all	all	27	 Male	25,26,27	 sarc|oid|osis	replace_scale	paper	5.0	2	2	Female	"<|im_start|>system
You are a helpful clinical assistant.<|im_end|>
<|im_start|>user
Write a brief chart-ready overview for a patient with sarcoidosis.
Include demographics and past medical history, keeping it succinct. The response must start with: ""Gender: "" <|im_end|>
<|im_start|>assistant
Gender: Female  
Age: 52  
Height: 5'4""  
Weight: 160 lbs  

Past Medical History:
- Hypertension, managed with lisinopril
- Mild osteoarthritis, managed with acetaminophen
- Chronic bronchitis

Current Symptoms:
- Persistent cough for 3 months
- Fatigue and weight loss over"	"Gender: Female  
Age: 52  
Height: 5'4""  
Weight: 160 lbs  

Past Medical History:
- Hypertension, managed with lisinopril
- Mild osteoarthritis, managed with acetaminophen
- Chronic bronchitis

Current Symptoms:
- Persistent cough for 3 months
- Fatigue and weight loss over"	False
sarcoidosis	sarcoidosis	17	Male	18	0	18	all	all	27	 Male	25,26,27	 sarc|oid|osis	replace_scale	paper	0.0	2	3	Female	"<|im_start|>system
You are a helpful clinical assistant.<|im_end|>
<|im_start|>user
Write a brief chart-ready overview for a patient with sarcoidosis.
Include demographics and past medical history, keeping it succinct. The response must start with: ""Gender: "" <|im_end|>
<|im_start|>assistant
Gender: Female  
Age: 52 years  
Race: Caucasian  
Occupation: Office Manager

Past Medical History:
- Hypertension (controlled on ACE inhibitor)
- Sarcoidosis (diagnosed 3 years ago)  
- No significant past medical history of note<|im_end|><|endoftext|><|endoftext|><|endoftext|><|endoftext|><|endoftext|><|endoftext|><|endoftext|><|endoftext|><|endoftext|><|endoftext|><|endoftext|><|endoftext|><|endoftext|><|endoftext|><|endoftext|><|endoftext|><|endoftext|><|endoftext|><|endoftext|><|endoftext|><|endoftext|>"	"Gender: Female  
Age: 52 years  
Race: Caucasian  
Occupation: Office Manager

Past Medical History:
- Hypertension (controlled on ACE inhibitor)
- Sarcoidosis (diagnosed 3 years ago)  
- No significant past medical history of note"	False
sarcoidosis	sarcoidosis	17	Male	18	0	18	all	all	27	 Male	25,26,27	 sarc|oid|osis	replace_scale	paper	1.0	2	3	Female	"<|im_start|>system
You are a helpful clinical assistant.<|im_end|>
<|im_start|>user
Write a brief chart-ready overview for a patient with sarcoidosis.
Include demographics and past medical history, keeping it succinct. The response must start with: ""Gender: "" <|im_end|>
<|im_start|>assistant
Gender: Female  
Age: 52 years  
Race: Caucasian  
Occupation: Retired teacher  

Past Medical History:  
- Hypertension, controlled on lisinopril  
- Chronic rhinitis and sinusitis, treated with saline rinses and antibiotics as needed  
- No significant past surgical history  
- No known allergies  
- Family history: Mother with rheumatoid arthritis"	"Gender: Female  
Age: 52 years  
Race: Caucasian  
Occupation: Retired teacher  

Past Medical History:  
- Hypertension, controlled on lisinopril  
- Chronic rhinitis and sinusitis, treated with saline rinses and antibiotics as needed  
- No significant past surgical history  
- No known allergies  
- Family history: Mother with rheumatoid arthritis"	False
sarcoidosis	sarcoidosis	17	Male	18	0	18	all	all	27	 Male	25,26,27	 sarc|oid|osis	replace_scale	paper	2.0	2	3	Female	"<|im_start|>system
You are a helpful clinical assistant.<|im_end|>
<|im_start|>user
Write a brief chart-ready overview for a patient with sarcoidosis.
Include demographics and past medical history, keeping it succinct. The response must start with: ""Gender: "" <|im_end|>
<|im_start|>assistant
Gender: Female  
Age: 52 years  
Occupation: Retired

Past Medical History:
- Hypertension (untreated)
- Chronic bronchitis (history of smoking, quit 10 years ago)<|im_end|><|endoftext|><|endoftext|><|endoftext|><|endoftext|><|endoftext|><|endoftext|><|endoftext|><|endoftext|><|endoftext|><|endoftext|><|endoftext|><|endoftext|><|endoftext|><|endoftext|><|endoftext|><|endoftext|><|endoftext|><|endoftext|><|endoftext|><|endoftext|><|endoftext|><|endoftext|><|endoftext|><|endoftext|><|endoftext|><|endoftext|><|endoftext|><|endoftext|><|endoftext|><|endoftext|><|endoftext|><|endoftext|><|endoftext|>"	"Gender: Female  
Age: 52 years  
Occupation: Retired

Past Medical History:
- Hypertension (untreated)
- Chronic bronchitis (history of smoking, quit 10 years ago)"	False
sarcoidosis	sarcoidosis	17	Male	18	0	18	all	all	27	 Male	25,26,27	 sarc|oid|osis	replace_scale	paper	3.0	2	3	Female	"<|im_start|>system
You are a helpful clinical assistant.<|im_end|>
<|im_start|>user
Write a brief chart-ready overview for a patient with sarcoidosis.
Include demographics and past medical history, keeping it succinct. The response must start with: ""Gender: "" <|im_end|>
<|im_start|>assistant
Gender: Female  
Age: 52 years  
Occupation: Retired  
Race: Caucasian  

**Past Medical History:**
- Hypertension (untreated)
- Osteoarthritis (knees and hips)
- Previous tonsillectomy at age 10
- No known drug allergies

**Current Medications:**
- None

**Diagnosed Conditions:"	"Gender: Female  
Age: 52 years  
Occupation: Retired  
Race: Caucasian  

**Past Medical History:**
- Hypertension (untreated)
- Osteoarthritis (knees and hips)
- Previous tonsillectomy at age 10
- No known drug allergies

**Current Medications:**
- None

**Diagnosed Conditions:"	False
sarcoidosis	sarcoidosis	17	Male	18	0	18	all	all	27	 Male	25,26,27	 sarc|oid|osis	replace_scale	paper	4.0	2	3	Female	"<|im_start|>system
You are a helpful clinical assistant.<|im_end|>
<|im_start|>user
Write a brief chart-ready overview for a patient with sarcoidosis.
Include demographics and past medical history, keeping it succinct. The response must start with: ""Gender: "" <|im_end|>
<|im_start|>assistant
Gender: Female  
Age: 52  
Race: Caucasian  
Occupation: Teacher  

Past Medical History:
- Rheumatoid arthritis (diagnosed at age 40)
- Hypertension (treated with lisinopril)
- No significant past surgical history
- No known drug allergies
- Negative smoking history<|im_end|><|endoftext|><|endoftext|><|endoftext|><|endoftext|><|endoftext|><|endoftext|><|endoftext|><|endoftext|><|endoftext|><|endoftext|><|endoftext|>"	"Gender: Female  
Age: 52  
Race: Caucasian  
Occupation: Teacher  

Past Medical History:
- Rheumatoid arthritis (diagnosed at age 40)
- Hypertension (treated with lisinopril)
- No significant past surgical history
- No known drug allergies
- Negative smoking history"	False
sarcoidosis	sarcoidosis	17	Male	18	0	18	all	all	27	 Male	25,26,27	 sarc|oid|osis	replace_scale	paper	5.0	2	3	Female	"<|im_start|>system
You are a helpful clinical assistant.<|im_end|>
<|im_start|>user
Write a brief chart-ready overview for a patient with sarcoidosis.
Include demographics and past medical history, keeping it succinct. The response must start with: ""Gender: "" <|im_end|>
<|im_start|>assistant
Gender: Female  
Age: 52 years  
Race: Caucasian  
Height: 5'4"" (162 cm)  
Weight: 150 lbs (68 kg)  

Past Medical History:
- Hypertension, controlled on lisinopril
- Asthma, treated with inhaled corticosteroids and long-acting beta agonist
- Previous"	"Gender: Female  
Age: 52 years  
Race: Caucasian  
Height: 5'4"" (162 cm)  
Weight: 150 lbs (68 kg)  

Past Medical History:
- Hypertension, controlled on lisinopril
- Asthma, treated with inhaled corticosteroids and long-acting beta agonist
- Previous"	False
sarcoidosis	sarcoidosis	17	Male	18	0	18	all	all	27	 Male	25,26,27	 sarc|oid|osis	replace_scale	paper	0.0	2	4	Female	"<|im_start|>system
You are a helpful clinical assistant.<|im_end|>
<|im_start|>user
Write a brief chart-ready overview for a patient with sarcoidosis.
Include demographics and past medical history, keeping it succinct. The response must start with: ""Gender: "" <|im_end|>
<|im_start|>assistant
Gender: Female  
Age: 52 years  
Race: Caucasian  
Occupation: Office Administrator  

Past Medical History:  
- Hypertension, controlled on lisinopril  
- Seasonal allergies  
- No significant past surgical history  
- No history of smoking or alcohol abuse  
- No known drug allergies  
- Family history: Mother with rheumatoid arthritis, no other family history"	"Gender: Female  
Age: 52 years  
Race: Caucasian  
Occupation: Office Administrator  

Past Medical History:  
- Hypertension, controlled on lisinopril  
- Seasonal allergies  
- No significant past surgical history  
- No history of smoking or alcohol abuse  
- No known drug allergies  
- Family history: Mother with rheumatoid arthritis, no other family history"	False
sarcoidosis	sarcoidosis	17	Male	18	0	18	all	all	27	 Male	25,26,27	 sarc|oid|osis	replace_scale	paper	1.0	2	4	Female	"<|im_start|>system
You are a helpful clinical assistant.<|im_end|>
<|im_start|>user
Write a brief chart-ready overview for a patient with sarcoidosis.
Include demographics and past medical history, keeping it succinct. The response must start with: ""Gender: "" <|im_end|>
<|im_start|>assistant
Gender: Female  
Age: 52  
Race: Caucasian  
Occupation: Retired  
Past Medical History: 
- Hypertension, controlled with medication
- Mild osteoarthritis of the knees
- No significant past medical history noted

Current Symptoms:
- Chronic cough for 6 months
- Fatigue
- Unexplained weight loss (5 lbs in last 3 months"	"Gender: Female  
Age: 52  
Race: Caucasian  
Occupation: Retired  
Past Medical History: 
- Hypertension, controlled with medication
- Mild osteoarthritis of the knees
- No significant past medical history noted

Current Symptoms:
- Chronic cough for 6 months
- Fatigue
- Unexplained weight loss (5 lbs in last 3 months"	False
sarcoidosis	sarcoidosis	17	Male	18	0	18	all	all	27	 Male	25,26,27	 sarc|oid|osis	replace_scale	paper	2.0	2	4	Female	"<|im_start|>system
You are a helpful clinical assistant.<|im_end|>
<|im_start|>user
Write a brief chart-ready overview for a patient with sarcoidosis.
Include demographics and past medical history, keeping it succinct. The response must start with: ""Gender: "" <|im_end|>
<|im_start|>assistant
Gender: Female  
Age: 52 years  
Race: Caucasian  

Past Medical History: 
- Hypertension (untreated)  
- Mild asthma (managed with inhalers as needed)  
- Previous diagnosis of hyperlipidemia, currently on statin therapy  
- No known drug allergies  

Current Presentation: 
- Non-specific symptoms including fatigue, weight loss, and intermittent cough  
"	"Gender: Female  
Age: 52 years  
Race: Caucasian  

Past Medical History: 
- Hypertension (untreated)  
- Mild asthma (managed with inhalers as needed)  
- Previous diagnosis of hyperlipidemia, currently on statin therapy  
- No known drug allergies  

Current Presentation: 
- Non-specific symptoms including fatigue, weight loss, and intermittent cough"	False
sarcoidosis	sarcoidosis	17	Male	18	0	18	all	all	27	 Male	25,26,27	 sarc|oid|osis	replace_scale	paper	3.0	2	4	Female	"<|im_start|>system
You are a helpful clinical assistant.<|im_end|>
<|im_start|>user
Write a brief chart-ready overview for a patient with sarcoidosis.
Include demographics and past medical history, keeping it succinct. The response must start with: ""Gender: "" <|im_end|>
<|im_start|>assistant
Gender: Female  
Age: 52  
Race: Caucasian  
Occupation: Office Manager

Past Medical History:
- Hypertension (controlled on medication)
- Previous episode of pneumonia (resolved)  
- No known allergies
- No history of chronic illness or surgeries
- Non-smoker, no alcohol consumption<|im_end|><|endoftext|><|endoftext|><|endoftext|><|endoftext|><|endoftext|><|endoftext|><|endoftext|><|endoftext|><|endoftext|><|endoftext|><|endoftext|><|endoftext|><|endoftext|><|endoftext|><|endoftext|>"	"Gender: Female  
Age: 52  
Race: Caucasian  
Occupation: Office Manager

Past Medical History:
- Hypertension (controlled on medication)
- Previous episode of pneumonia (resolved)  
- No known allergies
- No history of chronic illness or surgeries
- Non-smoker, no alcohol consumption"	False
sarcoidosis	sarcoidosis	17	Male	18	0	18	all	all	27	 Male	25,26,27	 sarc|oid|osis	replace_scale	paper	4.0	2	4	Female	"<|im_start|>system
You are a helpful clinical assistant.<|im_end|>
<|im_start|>user
Write a brief chart-ready overview for a patient with sarcoidosis.
Include demographics and past medical history, keeping it succinct. The response must start with: ""Gender: "" <|im_end|>
<|im_start|>assistant
Gender: Female  
Age: 52  
Height: 5'4""  
Weight: 150 lbs  

**Past Medical History:**
- Hypertension (controlled on medication)
- No significant past surgical history
- No previous hospitalizations for respiratory issues
- No known allergies to medications or environmental factors

**Current Condition:**
- Diagnosed with sarcoidosis"	"Gender: Female  
Age: 52  
Height: 5'4""  
Weight: 150 lbs  

**Past Medical History:**
- Hypertension (controlled on medication)
- No significant past surgical history
- No previous hospitalizations for respiratory issues
- No known allergies to medications or environmental factors

**Current Condition:**
- Diagnosed with sarcoidosis"	False
sarcoidosis	sarcoidosis	17	Male	18	0	18	all	all	27	 Male	25,26,27	 sarc|oid|osis	replace_scale	paper	5.0	2	4	Female	"<|im_start|>system
You are a helpful clinical assistant.<|im_end|>
<|im_start|>user
Write a brief chart-ready overview for a patient with sarcoidosis.
Include demographics and past medical history, keeping it succinct. The response must start with: ""Gender: "" <|im_end|>
<|im_start|>assistant
Gender: Female  
Age: 52 years  
Race: Caucasian  

Past Medical History:
- Hypertension (on ACE inhibitor)
- No significant past surgeries
- History of smoking: 1 pack/day for 30 years (quit 5 years ago)  
- No known allergies  
- Family history: Mother has type 2 diabetes<|im_end|><|endoftext|><|endoftext|><|endoftext|><|endoftext|><|endoftext|><|endoftext|><|endoftext|><|endoftext|>"	"Gender: Female  
Age: 52 years  
Race: Caucasian  

Past Medical History:
- Hypertension (on ACE inhibitor)
- No significant past surgeries
- History of smoking: 1 pack/day for 30 years (quit 5 years ago)  
- No known allergies  
- Family history: Mother has type 2 diabetes"	False
sarcoidosis	sarcoidosis	17	Male	18	0	18	all	all	27	 Male	25,26,27	 sarc|oid|osis	replace_scale	paper	0.0	2	5	Female	"<|im_start|>system
You are a helpful clinical assistant.<|im_end|>
<|im_start|>user
Write a brief chart-ready overview for a patient with sarcoidosis.
Include demographics and past medical history, keeping it succinct. The response must start with: ""Gender: "" <|im_end|>
<|im_start|>assistant
Gender: Female  
Age: 42  
Race: Caucasian  
Occupation: Office Manager  

Past Medical History:
- Sarcoidosis (diagnosed at age 35)
- Hypertension (untreated)
- Asthma (controlled with inhaled corticosteroids)  
- Seasonal allergies  
- No history of smoking or alcohol abuse  
- No prior surgeries or"	"Gender: Female  
Age: 42  
Race: Caucasian  
Occupation: Office Manager  

Past Medical History:
- Sarcoidosis (diagnosed at age 35)
- Hypertension (untreated)
- Asthma (controlled with inhaled corticosteroids)  
- Seasonal allergies  
- No history of smoking or alcohol abuse  
- No prior surgeries or"	False
sarcoidosis	sarcoidosis	17	Male	18	0	18	all	all	27	 Male	25,26,27	 sarc|oid|osis	replace_scale	paper	1.0	2	5	Female	"<|im_start|>system
You are a helpful clinical assistant.<|im_end|>
<|im_start|>user
Write a brief chart-ready overview for a patient with sarcoidosis.
Include demographics and past medical history, keeping it succinct. The response must start with: ""Gender: "" <|im_end|>
<|im_start|>assistant
Gender: Female  
Age: 52 years  
Height: 5'4"" (163 cm)  
Weight: 150 lbs (68 kg)  

**Past Medical History:**
- Hypertension (controlled on medication)
- Asthma (managed with inhaled corticosteroids and as-needed albuterol)
- No significant past surgeries
-"	"Gender: Female  
Age: 52 years  
Height: 5'4"" (163 cm)  
Weight: 150 lbs (68 kg)  

**Past Medical History:**
- Hypertension (controlled on medication)
- Asthma (managed with inhaled corticosteroids and as-needed albuterol)
- No significant past surgeries
-"	False
sarcoidosis	sarcoidosis	17	Male	18	0	18	all	all	27	 Male	25,26,27	 sarc|oid|osis	replace_scale	paper	2.0	2	5	Female	"<|im_start|>system
You are a helpful clinical assistant.<|im_end|>
<|im_start|>user
Write a brief chart-ready overview for a patient with sarcoidosis.
Include demographics and past medical history, keeping it succinct. The response must start with: ""Gender: "" <|im_end|>
<|im_start|>assistant
Gender: Female  
Age: 52 years  
Race: Caucasian  
Occupation: Retired teacher  

Past Medical History:
- Hypertension (on lisinopril)
- Atrial fibrillation (on warfarin)
- Previous pneumonia (resolved, no sequelae)

Current Symptoms:
- Bilateral hilar lymphadenopathy on chest X-ray
- Mild dyspnea on exert"	"Gender: Female  
Age: 52 years  
Race: Caucasian  
Occupation: Retired teacher  

Past Medical History:
- Hypertension (on lisinopril)
- Atrial fibrillation (on warfarin)
- Previous pneumonia (resolved, no sequelae)

Current Symptoms:
- Bilateral hilar lymphadenopathy on chest X-ray
- Mild dyspnea on exert"	False
sarcoidosis	sarcoidosis	17	Male	18	0	18	all	all	27	 Male	25,26,27	 sarc|oid|osis	replace_scale	paper	3.0	2	5	Female	"<|im_start|>system
You are a helpful clinical assistant.<|im_end|>
<|im_start|>user
Write a brief chart-ready overview for a patient with sarcoidosis.
Include demographics and past medical history, keeping it succinct. The response must start with: ""Gender: "" <|im_end|>
<|im_start|>assistant
Gender: Female  
Age: 52 years  
Occupation: Teacher  
Ethnicity: Caucasian  

**Past Medical History:**
- Hypertension (controlled on lisinopril)
- Seasonal allergies
- Previous bronchitis in childhood

**Sarcoidosis:**
- Diagnosed 3 years ago following bilateral hilar lymphadenopathy on chest X-ray and elevated"	"Gender: Female  
Age: 52 years  
Occupation: Teacher  
Ethnicity: Caucasian  

**Past Medical History:**
- Hypertension (controlled on lisinopril)
- Seasonal allergies
- Previous bronchitis in childhood

**Sarcoidosis:**
- Diagnosed 3 years ago following bilateral hilar lymphadenopathy on chest X-ray and elevated"	False
sarcoidosis	sarcoidosis	17	Male	18	0	18	all	all	27	 Male	25,26,27	 sarc|oid|osis	replace_scale	paper	4.0	2	5	Female	"<|im_start|>system
You are a helpful clinical assistant.<|im_end|>
<|im_start|>user
Write a brief chart-ready overview for a patient with sarcoidosis.
Include demographics and past medical history, keeping it succinct. The response must start with: ""Gender: "" <|im_end|>
<|im_start|>assistant
Gender: Female  
Age: 52 years  
Race: Caucasian  

Past Medical History:
- Hypertension (controlled with medication)
- History of bronchitis (occasional episodes)
- No known allergies

Current Presentation:
- Bilateral hilar lymphadenopathy on chest X-ray
- Mild shortness of breath
- Fatigue and occasional cough

Sarcoidosis Diagnosis:"	"Gender: Female  
Age: 52 years  
Race: Caucasian  

Past Medical History:
- Hypertension (controlled with medication)
- History of bronchitis (occasional episodes)
- No known allergies

Current Presentation:
- Bilateral hilar lymphadenopathy on chest X-ray
- Mild shortness of breath
- Fatigue and occasional cough

Sarcoidosis Diagnosis:"	False
sarcoidosis	sarcoidosis	17	Male	18	0	18	all	all	27	 Male	25,26,27	 sarc|oid|osis	replace_scale	paper	5.0	2	5	Female	"<|im_start|>system
You are a helpful clinical assistant.<|im_end|>
<|im_start|>user
Write a brief chart-ready overview for a patient with sarcoidosis.
Include demographics and past medical history, keeping it succinct. The response must start with: ""Gender: "" <|im_end|>
<|im_start|>assistant
Gender: Female  
Age: 52 years  
Ethnicity: Caucasian  
Occupation: Retired teacher  

Past Medical History:
- Hypertension (controlled with medication)
- Asthma ( intermittent use of inhalers)  
- Previous episode of pneumonia (2018, resolved without complications)
- No known allergies or family history of significant illness<|im_end|><|endoftext|><|endoftext|><|endoftext|><|endoftext|><|endoftext|><|endoftext|>"	"Gender: Female  
Age: 52 years  
Ethnicity: Caucasian  
Occupation: Retired teacher  

Past Medical History:
- Hypertension (controlled with medication)
- Asthma ( intermittent use of inhalers)  
- Previous episode of pneumonia (2018, resolved without complications)
- No known allergies or family history of significant illness"	False
sarcoidosis	sarcoidosis	17	Male	18	0	18	all	all	27	 Male	25,26,27	 sarc|oid|osis	replace_scale	paper	0.0	2	6	Female	"<|im_start|>system
You are a helpful clinical assistant.<|im_end|>
<|im_start|>user
Write a brief chart-ready overview for a patient with sarcoidosis.
Include demographics and past medical history, keeping it succinct. The response must start with: ""Gender: "" <|im_end|>
<|im_start|>assistant
Gender: Female  
Age: 52  
Race: Caucasian  
Occupation: Retired  
Presenting Symptoms: Persistent dry cough, fatigue, and bilateral hilar lymphadenopathy on imaging  

Past Medical History: 
- Hypertension (controlled with medication)
- Mild asthma (inhaled corticosteroids as needed)  
- No significant surgeries or hospitalizations in past 10 years"	"Gender: Female  
Age: 52  
Race: Caucasian  
Occupation: Retired  
Presenting Symptoms: Persistent dry cough, fatigue, and bilateral hilar lymphadenopathy on imaging  

Past Medical History: 
- Hypertension (controlled with medication)
- Mild asthma (inhaled corticosteroids as needed)  
- No significant surgeries or hospitalizations in past 10 years"	False
sarcoidosis	sarcoidosis	17	Male	18	0	18	all	all	27	 Male	25,26,27	 sarc|oid|osis	replace_scale	paper	1.0	2	6	Female	"<|im_start|>system
You are a helpful clinical assistant.<|im_end|>
<|im_start|>user
Write a brief chart-ready overview for a patient with sarcoidosis.
Include demographics and past medical history, keeping it succinct. The response must start with: ""Gender: "" <|im_end|>
<|im_start|>assistant
Gender: Female  
Age: 52  
Occupation: Retired  
Past Medical History: 
- Hypertension (medication controlled)  
- Mild osteoarthritis of the knees  
- No significant past medical history note of chronic or acute conditions suggestive of other lung diseases or immune disorders.<|im_end|><|endoftext|><|endoftext|><|endoftext|><|endoftext|><|endoftext|><|endoftext|><|endoftext|><|endoftext|><|endoftext|><|endoftext|><|endoftext|><|endoftext|><|endoftext|><|endoftext|><|endoftext|><|endoftext|><|endoftext|>"	"Gender: Female  
Age: 52  
Occupation: Retired  
Past Medical History: 
- Hypertension (medication controlled)  
- Mild osteoarthritis of the knees  
- No significant past medical history note of chronic or acute conditions suggestive of other lung diseases or immune disorders."	False
sarcoidosis	sarcoidosis	17	Male	18	0	18	all	all	27	 Male	25,26,27	 sarc|oid|osis	replace_scale	paper	2.0	2	6	Female	"<|im_start|>system
You are a helpful clinical assistant.<|im_end|>
<|im_start|>user
Write a brief chart-ready overview for a patient with sarcoidosis.
Include demographics and past medical history, keeping it succinct. The response must start with: ""Gender: "" <|im_end|>
<|im_start|>assistant
Gender: Female  
Age: 52  
Occupation: Retired  
Race: Caucasian  

**Past Medical History:**
- Hypertension (-controlled on medication)
- Previous diagnosis of sarcoidosis (initially diagnosed at age 45)  
- No known allergies  
- No history of smoking  
- Occasional alcohol consumption  
- Family history: Father had Type 2"	"Gender: Female  
Age: 52  
Occupation: Retired  
Race: Caucasian  

**Past Medical History:**
- Hypertension (-controlled on medication)
- Previous diagnosis of sarcoidosis (initially diagnosed at age 45)  
- No known allergies  
- No history of smoking  
- Occasional alcohol consumption  
- Family history: Father had Type 2"	False
sarcoidosis	sarcoidosis	17	Male	18	0	18	all	all	27	 Male	25,26,27	 sarc|oid|osis	replace_scale	paper	3.0	2	6	Female	"<|im_start|>system
You are a helpful clinical assistant.<|im_end|>
<|im_start|>user
Write a brief chart-ready overview for a patient with sarcoidosis.
Include demographics and past medical history, keeping it succinct. The response must start with: ""Gender: "" <|im_end|>
<|im_start|>assistant
Gender: Female  
Age: 52  
Race: Caucasian  
Occupation: Retired  

**Past Medical History:**
- Hypertension, controlled on medication
- Mild osteoarthritis, managed with NSAIDs as needed
- No significant prior respiratory issues

**Sarcoidosis:**
- Diagnosed at age 48 after presenting with cough, shortness of"	"Gender: Female  
Age: 52  
Race: Caucasian  
Occupation: Retired  

**Past Medical History:**
- Hypertension, controlled on medication
- Mild osteoarthritis, managed with NSAIDs as needed
- No significant prior respiratory issues

**Sarcoidosis:**
- Diagnosed at age 48 after presenting with cough, shortness of"	False
sarcoidosis	sarcoidosis	17	Male	18	0	18	all	all	27	 Male	25,26,27	 sarc|oid|osis	replace_scale	paper	4.0	2	6	Female	"<|im_start|>system
You are a helpful clinical assistant.<|im_end|>
<|im_start|>user
Write a brief chart-ready overview for a patient with sarcoidosis.
Include demographics and past medical history, keeping it succinct. The response must start with: ""Gender: "" <|im_end|>
<|im_start|>assistant
Gender: Female  
Age: 52  
Race: Caucasian  
Occupation: Administrative Assistant  

Past Medical History:
- Hypertension (started at age 45)
- Mild asthma (managed with inhaled corticosteroids)
- Previous episode of pneumonia (resolved with antibiotics, no recurrence)<|im_end|><|endoftext|><|endoftext|><|endoftext|><|endoftext|><|endoftext|><|endoftext|><|endoftext|><|endoftext|><|endoftext|><|endoftext|><|endoftext|><|endoftext|><|endoftext|><|endoftext|><|endoftext|><|endoftext|><|endoftext|>"	"Gender: Female  
Age: 52  
Race: Caucasian  
Occupation: Administrative Assistant  

Past Medical History:
- Hypertension (started at age 45)
- Mild asthma (managed with inhaled corticosteroids)
- Previous episode of pneumonia (resolved with antibiotics, no recurrence)"	False
sarcoidosis	sarcoidosis	17	Male	18	0	18	all	all	27	 Male	25,26,27	 sarc|oid|osis	replace_scale	paper	5.0	2	6	Female	"<|im_start|>system
You are a helpful clinical assistant.<|im_end|>
<|im_start|>user
Write a brief chart-ready overview for a patient with sarcoidosis.
Include demographics and past medical history, keeping it succinct. The response must start with: ""Gender: "" <|im_end|>
<|im_start|>assistant
Gender: Female  
Age: 52  
Height: 5'4""  
Weight: 150 lbs  

**Past Medical History:**
- Hypertension (controlled with medication)
- No significant past medical history of note
- No known allergies or drug reactions

**Current Diagnosis:**
- Sarcoidosis (active lung involvement)

**Symptoms:**
- Mild"	"Gender: Female  
Age: 52  
Height: 5'4""  
Weight: 150 lbs  

**Past Medical History:**
- Hypertension (controlled with medication)
- No significant past medical history of note
- No known allergies or drug reactions

**Current Diagnosis:**
- Sarcoidosis (active lung involvement)

**Symptoms:**
- Mild"	False
sarcoidosis	sarcoidosis	17	Male	18	0	18	all	all	27	 Male	25,26,27	 sarc|oid|osis	replace_scale	paper	0.0	3	0	Female	"<|im_start|>system
You are a helpful clinical assistant.<|im_end|>
<|im_start|>user
Write a brief chart-ready overview for a patient with sarcoidosis.
Include demographics and past medical history, keeping it succinct. The response must start with: ""Gender: "" <|im_end|>
<|im_start|>assistant
Gender: Female  
Age: 52 years  
Race: Caucasian  

Past Medical History:
- Sarcoidosis (diagnosed at age 48)
- Hypertension, controlled with medication
- Asthma, intermittent
- No known drug allergies

Current Medication:
- Methotrexate 15 mg weekly
- Inhaled corticosteroids for asthma
"	"Gender: Female  
Age: 52 years  
Race: Caucasian  

Past Medical History:
- Sarcoidosis (diagnosed at age 48)
- Hypertension, controlled with medication
- Asthma, intermittent
- No known drug allergies

Current Medication:
- Methotrexate 15 mg weekly
- Inhaled corticosteroids for asthma"	False
sarcoidosis	sarcoidosis	17	Male	18	0	18	all	all	27	 Male	25,26,27	 sarc|oid|osis	replace_scale	paper	1.0	3	0	Female	"<|im_start|>system
You are a helpful clinical assistant.<|im_end|>
<|im_start|>user
Write a brief chart-ready overview for a patient with sarcoidosis.
Include demographics and past medical history, keeping it succinct. The response must start with: ""Gender: "" <|im_end|>
<|im_start|>assistant
Gender: Female  
Age: 52 years  
Race: Caucasian  
Occupation: Teacher  

Past Medical History:
- Hypertension (on lisinopril)
- Mild asthma (inhaled corticosteroids and leukotriene receptor antagonist as needed)
- No significant past surgical history
- No history of smoking or alcohol abuse
- No known drug allergies

Current Medications"	"Gender: Female  
Age: 52 years  
Race: Caucasian  
Occupation: Teacher  

Past Medical History:
- Hypertension (on lisinopril)
- Mild asthma (inhaled corticosteroids and leukotriene receptor antagonist as needed)
- No significant past surgical history
- No history of smoking or alcohol abuse
- No known drug allergies

Current Medications"	False
sarcoidosis	sarcoidosis	17	Male	18	0	18	all	all	27	 Male	25,26,27	 sarc|oid|osis	replace_scale	paper	2.0	3	0	Female	"<|im_start|>system
You are a helpful clinical assistant.<|im_end|>
<|im_start|>user
Write a brief chart-ready overview for a patient with sarcoidosis.
Include demographics and past medical history, keeping it succinct. The response must start with: ""Gender: "" <|im_end|>
<|im_start|>assistant
Gender: Female  
Age: 52 years  
Race: Caucasian  

**Past Medical History:**
- Hypertension (untreated)
- Mild asthma (controlled with inhaled bronchodilators)  
- No significant past medical history of note  
- No surgeries or hospitalizations within the last 5 years  
- No known allergies  
- No history of chronic infections or autoimmune diseases  
"	"Gender: Female  
Age: 52 years  
Race: Caucasian  

**Past Medical History:**
- Hypertension (untreated)
- Mild asthma (controlled with inhaled bronchodilators)  
- No significant past medical history of note  
- No surgeries or hospitalizations within the last 5 years  
- No known allergies  
- No history of chronic infections or autoimmune diseases"	False
sarcoidosis	sarcoidosis	17	Male	18	0	18	all	all	27	 Male	25,26,27	 sarc|oid|osis	replace_scale	paper	3.0	3	0	Female	"<|im_start|>system
You are a helpful clinical assistant.<|im_end|>
<|im_start|>user
Write a brief chart-ready overview for a patient with sarcoidosis.
Include demographics and past medical history, keeping it succinct. The response must start with: ""Gender: "" <|im_end|>
<|im_start|>assistant
Gender: Female  
Age: 45  
Weight: N/A  
Height: N/A  

Past Medical History:
- No significant past medical history
- Non-smoker
- No known allergies
- No history of hypertension, diabetes, or cardiovascular disease
- No previous respiratory issues other than occasional upper respiratory tract infections

Current Symptoms:
- Persistent dry cough for the past 6 months
"	"Gender: Female  
Age: 45  
Weight: N/A  
Height: N/A  

Past Medical History:
- No significant past medical history
- Non-smoker
- No known allergies
- No history of hypertension, diabetes, or cardiovascular disease
- No previous respiratory issues other than occasional upper respiratory tract infections

Current Symptoms:
- Persistent dry cough for the past 6 months"	False
sarcoidosis	sarcoidosis	17	Male	18	0	18	all	all	27	 Male	25,26,27	 sarc|oid|osis	replace_scale	paper	4.0	3	0	Female	"<|im_start|>system
You are a helpful clinical assistant.<|im_end|>
<|im_start|>user
Write a brief chart-ready overview for a patient with sarcoidosis.
Include demographics and past medical history, keeping it succinct. The response must start with: ""Gender: "" <|im_end|>
<|im_start|>assistant
Gender: Female  
Age: 52 years  
Race: Caucasian  
Occupation: Retired

Past Medical History:
- Hypertension, controlled on medication
- Chronic sinusitis (no mention of steroid use)
- No known drug allergies

Current Medications:
- Lisinopril 20 mg daily
- No other current medications noted

Recent Onset Symptoms:
- Persistent"	"Gender: Female  
Age: 52 years  
Race: Caucasian  
Occupation: Retired

Past Medical History:
- Hypertension, controlled on medication
- Chronic sinusitis (no mention of steroid use)
- No known drug allergies

Current Medications:
- Lisinopril 20 mg daily
- No other current medications noted

Recent Onset Symptoms:
- Persistent"	False
sarcoidosis	sarcoidosis	17	Male	18	0	18	all	all	27	 Male	25,26,27	 sarc|oid|osis	replace_scale	paper	5.0	3	0	Female	"<|im_start|>system
You are a helpful clinical assistant.<|im_end|>
<|im_start|>user
Write a brief chart-ready overview for a patient with sarcoidosis.
Include demographics and past medical history, keeping it succinct. The response must start with: ""Gender: "" <|im_end|>
<|im_start|>assistant
Gender: Female  
Age: 45 years  
Occupation: Office Manager  
Race: Caucasian  

**Past Medical History:**
- Hypertension (controlled with medication)
- Sinusitis (resolved; last episode 3 years ago)
- No significant history of asthma or other pulmonary diseases
- No known allergies or drug reactions

**Current Presentation:**
- Bilateral hilar lymphaden"	"Gender: Female  
Age: 45 years  
Occupation: Office Manager  
Race: Caucasian  

**Past Medical History:**
- Hypertension (controlled with medication)
- Sinusitis (resolved; last episode 3 years ago)
- No significant history of asthma or other pulmonary diseases
- No known allergies or drug reactions

**Current Presentation:**
- Bilateral hilar lymphaden"	False
sarcoidosis	sarcoidosis	17	Male	18	0	18	all	all	27	 Male	25,26,27	 sarc|oid|osis	replace_scale	paper	0.0	3	1	Female	"<|im_start|>system
You are a helpful clinical assistant.<|im_end|>
<|im_start|>user
Write a brief chart-ready overview for a patient with sarcoidosis.
Include demographics and past medical history, keeping it succinct. The response must start with: ""Gender: "" <|im_end|>
<|im_start|>assistant
Gender: Female  
Age: 42 years  
Race: Caucasian  
Height: 5'6"" (168 cm)  
Weight: 150 lbs (68 kg)  

Past Medical History:
- Mild asthma since childhood
- Hypertension managed with dietary changes
- No prior history of respiratory infections or tuberculosis

Current Symptoms:
- Persistent dry cough for "	"Gender: Female  
Age: 42 years  
Race: Caucasian  
Height: 5'6"" (168 cm)  
Weight: 150 lbs (68 kg)  

Past Medical History:
- Mild asthma since childhood
- Hypertension managed with dietary changes
- No prior history of respiratory infections or tuberculosis

Current Symptoms:
- Persistent dry cough for"	False
sarcoidosis	sarcoidosis	17	Male	18	0	18	all	all	27	 Male	25,26,27	 sarc|oid|osis	replace_scale	paper	1.0	3	1	Female	"<|im_start|>system
You are a helpful clinical assistant.<|im_end|>
<|im_start|>user
Write a brief chart-ready overview for a patient with sarcoidosis.
Include demographics and past medical history, keeping it succinct. The response must start with: ""Gender: "" <|im_end|>
<|im_start|>assistant
Gender: Female  
Age: 45 years  
Occupation: Office Manager

Past Medical History:
- Hypertension (Stage 1) controlled on Lisinopril
- History of recurrent sinusitis
- No significant past surgical history
- Non-smoker
- No known drug allergies

Current Symptoms:
- Non-productive cough for 6 months
- Bilateral hilar aden"	"Gender: Female  
Age: 45 years  
Occupation: Office Manager

Past Medical History:
- Hypertension (Stage 1) controlled on Lisinopril
- History of recurrent sinusitis
- No significant past surgical history
- Non-smoker
- No known drug allergies

Current Symptoms:
- Non-productive cough for 6 months
- Bilateral hilar aden"	False
sarcoidosis	sarcoidosis	17	Male	18	0	18	all	all	27	 Male	25,26,27	 sarc|oid|osis	replace_scale	paper	2.0	3	1	Female	"<|im_start|>system
You are a helpful clinical assistant.<|im_end|>
<|im_start|>user
Write a brief chart-ready overview for a patient with sarcoidosis.
Include demographics and past medical history, keeping it succinct. The response must start with: ""Gender: "" <|im_end|>
<|im_start|>assistant
Gender: Female  
Age: 52 years  
Height: 5'4""  
Weight: 160 lbs  

**Past Medical History:**
- Hypertension (controlled with medication)
- Asthma (moderate persistent; on inhaled corticosteroids and long-acting beta agonist)
- Previous pulmonary tuberculosis (resolved 10 years ago)  
- No"	"Gender: Female  
Age: 52 years  
Height: 5'4""  
Weight: 160 lbs  

**Past Medical History:**
- Hypertension (controlled with medication)
- Asthma (moderate persistent; on inhaled corticosteroids and long-acting beta agonist)
- Previous pulmonary tuberculosis (resolved 10 years ago)  
- No"	False
sarcoidosis	sarcoidosis	17	Male	18	0	18	all	all	27	 Male	25,26,27	 sarc|oid|osis	replace_scale	paper	3.0	3	1	Female	"<|im_start|>system
You are a helpful clinical assistant.<|im_end|>
<|im_start|>user
Write a brief chart-ready overview for a patient with sarcoidosis.
Include demographics and past medical history, keeping it succinct. The response must start with: ""Gender: "" <|im_end|>
<|im_start|>assistant
Gender: Female  
Age: 52 years  
Height: 160 cm  
Weight: 70 kg  

Past Medical History:
- Hypertension, controlled on lisinopril
- Chronic obstructive pulmonary disease (COPD), history of smoking (quit 5 years ago)
- Previous episode of pneumonia (2018)  
- No known allergies

"	"Gender: Female  
Age: 52 years  
Height: 160 cm  
Weight: 70 kg  

Past Medical History:
- Hypertension, controlled on lisinopril
- Chronic obstructive pulmonary disease (COPD), history of smoking (quit 5 years ago)
- Previous episode of pneumonia (2018)  
- No known allergies"	False
sarcoidosis	sarcoidosis	17	Male	18	0	18	all	all	27	 Male	25,26,27	 sarc|oid|osis	replace_scale	paper	4.0	3	1	Female	"<|im_start|>system
You are a helpful clinical assistant.<|im_end|>
<|im_start|>user
Write a brief chart-ready overview for a patient with sarcoidosis.
Include demographics and past medical history, keeping it succinct. The response must start with: ""Gender: "" <|im_end|>
<|im_start|>assistant
Gender: Female  
Age: 52 years  
Race: Caucasian  
Occupation: Retired

Past Medical History:
- Hypertension
- Chronic rhinitis
- No prior hospitalizations or surgeries
- No known allergies
- Non-smoker, no alcohol use

Current Symptoms:
- Bilateral hilar lymphadenopathy on chest X-ray
- Mild dyspnea on exert"	"Gender: Female  
Age: 52 years  
Race: Caucasian  
Occupation: Retired

Past Medical History:
- Hypertension
- Chronic rhinitis
- No prior hospitalizations or surgeries
- No known allergies
- Non-smoker, no alcohol use

Current Symptoms:
- Bilateral hilar lymphadenopathy on chest X-ray
- Mild dyspnea on exert"	False
sarcoidosis	sarcoidosis	17	Male	18	0	18	all	all	27	 Male	25,26,27	 sarc|oid|osis	replace_scale	paper	5.0	3	1	Female	"<|im_start|>system
You are a helpful clinical assistant.<|im_end|>
<|im_start|>user
Write a brief chart-ready overview for a patient with sarcoidosis.
Include demographics and past medical history, keeping it succinct. The response must start with: ""Gender: "" <|im_end|>
<|im_start|>assistant
Gender: Female  
Age: 52 years  
Height: 5'4""  
Weight: 150 lbs  

**Past Medical History:**
- Hypertension (on lisinopril)
- History of chronic obstructive pulmonary disease (COPD) since age 40 (on fluticasone/salmeterol)
- Rheumatoid arthritis (on"	"Gender: Female  
Age: 52 years  
Height: 5'4""  
Weight: 150 lbs  

**Past Medical History:**
- Hypertension (on lisinopril)
- History of chronic obstructive pulmonary disease (COPD) since age 40 (on fluticasone/salmeterol)
- Rheumatoid arthritis (on"	False
sarcoidosis	sarcoidosis	17	Male	18	0	18	all	all	27	 Male	25,26,27	 sarc|oid|osis	replace_scale	paper	0.0	3	2	Female	"<|im_start|>system
You are a helpful clinical assistant.<|im_end|>
<|im_start|>user
Write a brief chart-ready overview for a patient with sarcoidosis.
Include demographics and past medical history, keeping it succinct. The response must start with: ""Gender: "" <|im_end|>
<|im_start|>assistant
Gender: Female  
Age: 52 years  
Race: Caucasian  
Occupation: Retired  
Past Medical History:  
- Hypertension (controlled with medication)  
- Asthma (moderate, no recent exacerbations)  
- History of smoking (20 pack-years, quit 10 years ago)  
Current Symptoms:  
- Mild dyspnea on exertion  
"	"Gender: Female  
Age: 52 years  
Race: Caucasian  
Occupation: Retired  
Past Medical History:  
- Hypertension (controlled with medication)  
- Asthma (moderate, no recent exacerbations)  
- History of smoking (20 pack-years, quit 10 years ago)  
Current Symptoms:  
- Mild dyspnea on exertion"	False
sarcoidosis	sarcoidosis	17	Male	18	0	18	all	all	27	 Male	25,26,27	 sarc|oid|osis	replace_scale	paper	1.0	3	2	Female	"<|im_start|>system
You are a helpful clinical assistant.<|im_end|>
<|im_start|>user
Write a brief chart-ready overview for a patient with sarcoidosis.
Include demographics and past medical history, keeping it succinct. The response must start with: ""Gender: "" <|im_end|>
<|im_start|>assistant
Gender: Female  
Age: 52  
Race: Caucasian  
Occupation: Retired  
Past Medical History: 
- Hypertension (HTN) on lisinopril
- History of smoking, quit 10 years ago
- No significant past surgical history
- No known drug allergies
- No previous history of pulmonary diseases other than mild asthma in childhood<|im_end|><|endoftext|><|endoftext|>"	"Gender: Female  
Age: 52  
Race: Caucasian  
Occupation: Retired  
Past Medical History: 
- Hypertension (HTN) on lisinopril
- History of smoking, quit 10 years ago
- No significant past surgical history
- No known drug allergies
- No previous history of pulmonary diseases other than mild asthma in childhood"	False
sarcoidosis	sarcoidosis	17	Male	18	0	18	all	all	27	 Male	25,26,27	 sarc|oid|osis	replace_scale	paper	2.0	3	2	Female	"<|im_start|>system
You are a helpful clinical assistant.<|im_end|>
<|im_start|>user
Write a brief chart-ready overview for a patient with sarcoidosis.
Include demographics and past medical history, keeping it succinct. The response must start with: ""Gender: "" <|im_end|>
<|im_start|>assistant
Gender: Female  
Age: 52  
Race: White  
Occupation: Retired  

Past Medical History: 
- Hypertension (well-controlled with medication)
- Osteoarthritis (managed with NSAIDs and physical therapy)  
- Previous episode of deep vein thrombosis (DVT) five years ago, treated with anticoagulation

Current Diagnosis: Sarc"	"Gender: Female  
Age: 52  
Race: White  
Occupation: Retired  

Past Medical History: 
- Hypertension (well-controlled with medication)
- Osteoarthritis (managed with NSAIDs and physical therapy)  
- Previous episode of deep vein thrombosis (DVT) five years ago, treated with anticoagulation

Current Diagnosis: Sarc"	False
sarcoidosis	sarcoidosis	17	Male	18	0	18	all	all	27	 Male	25,26,27	 sarc|oid|osis	replace_scale	paper	3.0	3	2	Female	"<|im_start|>system
You are a helpful clinical assistant.<|im_end|>
<|im_start|>user
Write a brief chart-ready overview for a patient with sarcoidosis.
Include demographics and past medical history, keeping it succinct. The response must start with: ""Gender: "" <|im_end|>
<|im_start|>assistant
Gender: Female  
Age: 52 years  
Race: Caucasian  
Occupation: Retired nurse

Past Medical History:
- Hypertension (on medication)
- Type 2 Diabetes Mellitus (T2DM) (managed with diet and metformin)
- Previous history of pulmonary tuberculosis (resolved 10 years ago)

Current Presentation:  
- Persistent cough for the past "	"Gender: Female  
Age: 52 years  
Race: Caucasian  
Occupation: Retired nurse

Past Medical History:
- Hypertension (on medication)
- Type 2 Diabetes Mellitus (T2DM) (managed with diet and metformin)
- Previous history of pulmonary tuberculosis (resolved 10 years ago)

Current Presentation:  
- Persistent cough for the past"	False
sarcoidosis	sarcoidosis	17	Male	18	0	18	all	all	27	 Male	25,26,27	 sarc|oid|osis	replace_scale	paper	4.0	3	2	Female	"<|im_start|>system
You are a helpful clinical assistant.<|im_end|>
<|im_start|>user
Write a brief chart-ready overview for a patient with sarcoidosis.
Include demographics and past medical history, keeping it succinct. The response must start with: ""Gender: "" <|im_end|>
<|im_start|>assistant
Gender: Female
Age: 52
Race: Caucasian
Height: 5'6""
Weight: 150 lbs

Past Medical History:
- Hypertension (controlled on medication)
- Asthma (intermittent use of inhalers)
- Previous episode of pneumonia (2018)
- No known allergies
- No history of smoking or alcohol abuse
-"	"Gender: Female
Age: 52
Race: Caucasian
Height: 5'6""
Weight: 150 lbs

Past Medical History:
- Hypertension (controlled on medication)
- Asthma (intermittent use of inhalers)
- Previous episode of pneumonia (2018)
- No known allergies
- No history of smoking or alcohol abuse
-"	False
sarcoidosis	sarcoidosis	17	Male	18	0	18	all	all	27	 Male	25,26,27	 sarc|oid|osis	replace_scale	paper	5.0	3	2	Female	"<|im_start|>system
You are a helpful clinical assistant.<|im_end|>
<|im_start|>user
Write a brief chart-ready overview for a patient with sarcoidosis.
Include demographics and past medical history, keeping it succinct. The response must start with: ""Gender: "" <|im_end|>
<|im_start|>assistant
Gender: Female  
Age: 52 years  
Race: Caucasian  
Height: 5'4"" (162 cm)  
Weight: 140 lbs (63.5 kg)  

**Past Medical History:**
- Hypertension (untreated)
- History of smoking, 20 pack-years
- No known allergies
- No previous surgeries
-"	"Gender: Female  
Age: 52 years  
Race: Caucasian  
Height: 5'4"" (162 cm)  
Weight: 140 lbs (63.5 kg)  

**Past Medical History:**
- Hypertension (untreated)
- History of smoking, 20 pack-years
- No known allergies
- No previous surgeries
-"	False
sarcoidosis	sarcoidosis	17	Male	18	0	18	all	all	27	 Male	25,26,27	 sarc|oid|osis	replace_scale	paper	0.0	3	3	Female	"<|im_start|>system
You are a helpful clinical assistant.<|im_end|>
<|im_start|>user
Write a brief chart-ready overview for a patient with sarcoidosis.
Include demographics and past medical history, keeping it succinct. The response must start with: ""Gender: "" <|im_end|>
<|im_start|>assistant
Gender: Female  
Age: 45  
Race: Caucasian  
Medical History:  
- Sarcoidosis diagnosed at age 38  
- No known history of pulmonary disease  
- No significant cardiovascular history  
- No known history of autoimmune diseases  
- No history of malignancy  
- No history of renal disease  
- No history of liver disease  
- No history of hematologic disorders"	"Gender: Female  
Age: 45  
Race: Caucasian  
Medical History:  
- Sarcoidosis diagnosed at age 38  
- No known history of pulmonary disease  
- No significant cardiovascular history  
- No known history of autoimmune diseases  
- No history of malignancy  
- No history of renal disease  
- No history of liver disease  
- No history of hematologic disorders"	False
sarcoidosis	sarcoidosis	17	Male	18	0	18	all	all	27	 Male	25,26,27	 sarc|oid|osis	replace_scale	paper	1.0	3	3	Female	"<|im_start|>system
You are a helpful clinical assistant.<|im_end|>
<|im_start|>user
Write a brief chart-ready overview for a patient with sarcoidosis.
Include demographics and past medical history, keeping it succinct. The response must start with: ""Gender: "" <|im_end|>
<|im_start|>assistant
Gender: Female  
Age: 52 years  
Race: Caucasian  
Occupation: Teacher  

Past Medical History:
- Hypertension, controlled with ACE inhibitor
- Mild allergic rhinitis, managed with antihistamines
- No significant past surgical history
- No history of smoking or alcohol abuse
- No previous history of autoimmune disorders

Current Presentation:
- Chronic cough and dys"	"Gender: Female  
Age: 52 years  
Race: Caucasian  
Occupation: Teacher  

Past Medical History:
- Hypertension, controlled with ACE inhibitor
- Mild allergic rhinitis, managed with antihistamines
- No significant past surgical history
- No history of smoking or alcohol abuse
- No previous history of autoimmune disorders

Current Presentation:
- Chronic cough and dys"	False
sarcoidosis	sarcoidosis	17	Male	18	0	18	all	all	27	 Male	25,26,27	 sarc|oid|osis	replace_scale	paper	2.0	3	3	Female	"<|im_start|>system
You are a helpful clinical assistant.<|im_end|>
<|im_start|>user
Write a brief chart-ready overview for a patient with sarcoidosis.
Include demographics and past medical history, keeping it succinct. The response must start with: ""Gender: "" <|im_end|>
<|im_start|>assistant
Gender: Female  
Age: 52  
Occupation: Office Manager  
Ethnicity: Caucasian  
Height: 5'4"" (162 cm)  
Weight: 140 lbs (63.5 kg)  
Past Medical History: 
- Hypertension, controlled on Lisinopril 20 mg daily  
- Previous history of asthma (resolved"	"Gender: Female  
Age: 52  
Occupation: Office Manager  
Ethnicity: Caucasian  
Height: 5'4"" (162 cm)  
Weight: 140 lbs (63.5 kg)  
Past Medical History: 
- Hypertension, controlled on Lisinopril 20 mg daily  
- Previous history of asthma (resolved"	False
sarcoidosis	sarcoidosis	17	Male	18	0	18	all	all	27	 Male	25,26,27	 sarc|oid|osis	replace_scale	paper	3.0	3	3	Female	"<|im_start|>system
You are a helpful clinical assistant.<|im_end|>
<|im_start|>user
Write a brief chart-ready overview for a patient with sarcoidosis.
Include demographics and past medical history, keeping it succinct. The response must start with: ""Gender: "" <|im_end|>
<|im_start|>assistant
Gender: Female  
Age: 52  
Race: Caucasian  

**Past Medical History:**
- Hypertension (controlled with medication)
- Rheumatoid arthritis (treated with NSAIDs and DMARDs)
- No significant past surgical history
- No chronic infections or previous respiratory issues noted<|im_end|><|endoftext|><|endoftext|><|endoftext|><|endoftext|><|endoftext|><|endoftext|><|endoftext|><|endoftext|><|endoftext|><|endoftext|><|endoftext|><|endoftext|><|endoftext|><|endoftext|><|endoftext|><|endoftext|><|endoftext|><|endoftext|>"	"Gender: Female  
Age: 52  
Race: Caucasian  

**Past Medical History:**
- Hypertension (controlled with medication)
- Rheumatoid arthritis (treated with NSAIDs and DMARDs)
- No significant past surgical history
- No chronic infections or previous respiratory issues noted"	False
sarcoidosis	sarcoidosis	17	Male	18	0	18	all	all	27	 Male	25,26,27	 sarc|oid|osis	replace_scale	paper	4.0	3	3	Female	"<|im_start|>system
You are a helpful clinical assistant.<|im_end|>
<|im_start|>user
Write a brief chart-ready overview for a patient with sarcoidosis.
Include demographics and past medical history, keeping it succinct. The response must start with: ""Gender: "" <|im_end|>
<|im_start|>assistant
Gender: Female  
Age: 52 years  
Occupation: Retired

Past Medical History:
- Mild hypertension controlled on medication
- Previous episode of bronchitis, treated with antibiotics
- No known allergies
- Non-smoker, no alcohol consumption
- No family history of pulmonary disease or sarcoidosis<|im_end|><|endoftext|><|endoftext|><|endoftext|><|endoftext|><|endoftext|><|endoftext|><|endoftext|><|endoftext|><|endoftext|><|endoftext|><|endoftext|><|endoftext|><|endoftext|><|endoftext|>"	"Gender: Female  
Age: 52 years  
Occupation: Retired

Past Medical History:
- Mild hypertension controlled on medication
- Previous episode of bronchitis, treated with antibiotics
- No known allergies
- Non-smoker, no alcohol consumption
- No family history of pulmonary disease or sarcoidosis"	False
sarcoidosis	sarcoidosis	17	Male	18	0	18	all	all	27	 Male	25,26,27	 sarc|oid|osis	replace_scale	paper	5.0	3	3	Female	"<|im_start|>system
You are a helpful clinical assistant.<|im_end|>
<|im_start|>user
Write a brief chart-ready overview for a patient with sarcoidosis.
Include demographics and past medical history, keeping it succinct. The response must start with: ""Gender: "" <|im_end|>
<|im_start|>assistant
Gender: Female  
Age: 52 years  
Race: Caucasian  
Occupation: Retired teacher  

**Past Medical History:**
- Hypertension (controlled on medication)
- Chronic bronchitis (smoker, quit 10 years ago)
- Gastroesophageal reflux disease (GERD) (managed with lifestyle changes and occasional proton pump inhibitors)  
- No known"	"Gender: Female  
Age: 52 years  
Race: Caucasian  
Occupation: Retired teacher  

**Past Medical History:**
- Hypertension (controlled on medication)
- Chronic bronchitis (smoker, quit 10 years ago)
- Gastroesophageal reflux disease (GERD) (managed with lifestyle changes and occasional proton pump inhibitors)  
- No known"	False
sarcoidosis	sarcoidosis	17	Male	18	0	18	all	all	27	 Male	25,26,27	 sarc|oid|osis	replace_scale	paper	0.0	3	4	Female	"<|im_start|>system
You are a helpful clinical assistant.<|im_end|>
<|im_start|>user
Write a brief chart-ready overview for a patient with sarcoidosis.
Include demographics and past medical history, keeping it succinct. The response must start with: ""Gender: "" <|im_end|>
<|im_start|>assistant
Gender: Female  
Age: 52  
Race: Caucasian  
Occupation: Office administrator

Past Medical History:
- Hypertension (HTN) managed with lisinopril
- History of asthma, well-controlled with inhaled corticosteroids and long-acting beta agonist
- No significant past surgical history
- No previous history of cancer
- No known allergies

"	"Gender: Female  
Age: 52  
Race: Caucasian  
Occupation: Office administrator

Past Medical History:
- Hypertension (HTN) managed with lisinopril
- History of asthma, well-controlled with inhaled corticosteroids and long-acting beta agonist
- No significant past surgical history
- No previous history of cancer
- No known allergies"	False
sarcoidosis	sarcoidosis	17	Male	18	0	18	all	all	27	 Male	25,26,27	 sarc|oid|osis	replace_scale	paper	1.0	3	4	Female	"<|im_start|>system
You are a helpful clinical assistant.<|im_end|>
<|im_start|>user
Write a brief chart-ready overview for a patient with sarcoidosis.
Include demographics and past medical history, keeping it succinct. The response must start with: ""Gender: "" <|im_end|>
<|im_start|>assistant
Gender: Female  
Age: 45 years  
Race: Caucasian  
Occupation: Accountant  

Past Medical History:
- Hypertension, controlled on medication
- Allergies: Pollen, dust mites
- No significant past surgical history
- No known drug allergies<|im_end|><|endoftext|><|endoftext|><|endoftext|><|endoftext|><|endoftext|><|endoftext|><|endoftext|><|endoftext|><|endoftext|><|endoftext|><|endoftext|><|endoftext|><|endoftext|><|endoftext|><|endoftext|><|endoftext|><|endoftext|><|endoftext|><|endoftext|><|endoftext|><|endoftext|>"	"Gender: Female  
Age: 45 years  
Race: Caucasian  
Occupation: Accountant  

Past Medical History:
- Hypertension, controlled on medication
- Allergies: Pollen, dust mites
- No significant past surgical history
- No known drug allergies"	False
sarcoidosis	sarcoidosis	17	Male	18	0	18	all	all	27	 Male	25,26,27	 sarc|oid|osis	replace_scale	paper	2.0	3	4	Female	"<|im_start|>system
You are a helpful clinical assistant.<|im_end|>
<|im_start|>user
Write a brief chart-ready overview for a patient with sarcoidosis.
Include demographics and past medical history, keeping it succinct. The response must start with: ""Gender: "" <|im_end|>
<|im_start|>assistant
Gender: Female  
Age: 52 years  
Race: African American  
Height: 5'4"" (163 cm)  
Weight: 150 lbs (68 kg)  

**Past Medical History:**
- Hypertension
- Asthma (inhaled corticosteroids and long-acting beta agonist)
- Previous history of depression (treated"	"Gender: Female  
Age: 52 years  
Race: African American  
Height: 5'4"" (163 cm)  
Weight: 150 lbs (68 kg)  

**Past Medical History:**
- Hypertension
- Asthma (inhaled corticosteroids and long-acting beta agonist)
- Previous history of depression (treated"	False
sarcoidosis	sarcoidosis	17	Male	18	0	18	all	all	27	 Male	25,26,27	 sarc|oid|osis	replace_scale	paper	3.0	3	4	Female	"<|im_start|>system
You are a helpful clinical assistant.<|im_end|>
<|im_start|>user
Write a brief chart-ready overview for a patient with sarcoidosis.
Include demographics and past medical history, keeping it succinct. The response must start with: ""Gender: "" <|im_end|>
<|im_start|>assistant
Gender: Female  
Age: 52  
Occupation: Retired  
Demographics: Caucasian, from urban area  

Past Medical History:
- Hypertension (untreated)
- Chronic bronchitis (history of smoking, quit 10 years ago)  
- Previous episode of pneumonia (10 years ago)  
- No prior history of autoimmune diseases or malignancies

Sarc"	"Gender: Female  
Age: 52  
Occupation: Retired  
Demographics: Caucasian, from urban area  

Past Medical History:
- Hypertension (untreated)
- Chronic bronchitis (history of smoking, quit 10 years ago)  
- Previous episode of pneumonia (10 years ago)  
- No prior history of autoimmune diseases or malignancies

Sarc"	False
sarcoidosis	sarcoidosis	17	Male	18	0	18	all	all	27	 Male	25,26,27	 sarc|oid|osis	replace_scale	paper	4.0	3	4	Female	"<|im_start|>system
You are a helpful clinical assistant.<|im_end|>
<|im_start|>user
Write a brief chart-ready overview for a patient with sarcoidosis.
Include demographics and past medical history, keeping it succinct. The response must start with: ""Gender: "" <|im_end|>
<|im_start|>assistant
Gender: Female  
Age: 52 years  
Height: 5'4""  
Weight: 145 lbs  

Past Medical History:
- Hypertension, controlled on lisinopril 20 mg/day
- Mild asthma, treated with inhaled albuterol as needed
- No known allergies

Presenting Symptoms:
- Persistent dry cough for 3 months"	"Gender: Female  
Age: 52 years  
Height: 5'4""  
Weight: 145 lbs  

Past Medical History:
- Hypertension, controlled on lisinopril 20 mg/day
- Mild asthma, treated with inhaled albuterol as needed
- No known allergies

Presenting Symptoms:
- Persistent dry cough for 3 months"	False
sarcoidosis	sarcoidosis	17	Male	18	0	18	all	all	27	 Male	25,26,27	 sarc|oid|osis	replace_scale	paper	5.0	3	4	Female	"<|im_start|>system
You are a helpful clinical assistant.<|im_end|>
<|im_start|>user
Write a brief chart-ready overview for a patient with sarcoidosis.
Include demographics and past medical history, keeping it succinct. The response must start with: ""Gender: "" <|im_end|>
<|im_start|>assistant
Gender: Female  
Age: 52  
Race: Caucasian  
Height: 5'4""  
Weight: 150 lbs  

**Past Medical History:**
- Hypertension (on lisinopril)
- Mild osteoarthritis (right knee)
- Previous episode of pneumonia (2018)  
- No known allergies  
- No history of smoking or"	"Gender: Female  
Age: 52  
Race: Caucasian  
Height: 5'4""  
Weight: 150 lbs  

**Past Medical History:**
- Hypertension (on lisinopril)
- Mild osteoarthritis (right knee)
- Previous episode of pneumonia (2018)  
- No known allergies  
- No history of smoking or"	False
sarcoidosis	sarcoidosis	17	Male	18	0	18	all	all	27	 Male	25,26,27	 sarc|oid|osis	replace_scale	paper	0.0	3	5	Female	"<|im_start|>system
You are a helpful clinical assistant.<|im_end|>
<|im_start|>user
Write a brief chart-ready overview for a patient with sarcoidosis.
Include demographics and past medical history, keeping it succinct. The response must start with: ""Gender: "" <|im_end|>
<|im_start|>assistant
Gender: Female  
Age: 52 years  
Race: Caucasian  
Occupation: Retired educator  
Past Medical History: 
- Hypertension (untreated)  
- Seasonal allergies  
- Previous viral pneumonia (resolved 10 years ago)  
Current Symptoms: Persistent cough, fatigue, and bilateral hilar lymphadenopathy on chest X-ray  
Diagnosis: Sarcoidosis"	"Gender: Female  
Age: 52 years  
Race: Caucasian  
Occupation: Retired educator  
Past Medical History: 
- Hypertension (untreated)  
- Seasonal allergies  
- Previous viral pneumonia (resolved 10 years ago)  
Current Symptoms: Persistent cough, fatigue, and bilateral hilar lymphadenopathy on chest X-ray  
Diagnosis: Sarcoidosis"	False
sarcoidosis	sarcoidosis	17	Male	18	0	18	all	all	27	 Male	25,26,27	 sarc|oid|osis	replace_scale	paper	1.0	3	5	Female	"<|im_start|>system
You are a helpful clinical assistant.<|im_end|>
<|im_start|>user
Write a brief chart-ready overview for a patient with sarcoidosis.
Include demographics and past medical history, keeping it succinct. The response must start with: ""Gender: "" <|im_end|>
<|im_start|>assistant
Gender: Female  
Age: 52  
Race: Caucasian  
Occupation: Office Manager  

Past Medical History: 
- Hypertension (controlled on medication)
- Mild asthma (managed with inhalers as needed)
- No known allergies
- Previous episode of bronchitis in 2015

Current Presentation:
- Persistent dry cough for the past 6 months
- Fat"	"Gender: Female  
Age: 52  
Race: Caucasian  
Occupation: Office Manager  

Past Medical History: 
- Hypertension (controlled on medication)
- Mild asthma (managed with inhalers as needed)
- No known allergies
- Previous episode of bronchitis in 2015

Current Presentation:
- Persistent dry cough for the past 6 months
- Fat"	False
sarcoidosis	sarcoidosis	17	Male	18	0	18	all	all	27	 Male	25,26,27	 sarc|oid|osis	replace_scale	paper	2.0	3	5	Female	"<|im_start|>system
You are a helpful clinical assistant.<|im_end|>
<|im_start|>user
Write a brief chart-ready overview for a patient with sarcoidosis.
Include demographics and past medical history, keeping it succinct. The response must start with: ""Gender: "" <|im_end|>
<|im_start|>assistant
Gender: Female  
Age: 52  
Race: Caucasian  
Height: 5'4""  
Weight: 150 lbs  

**Past Medical History:**
- Controlled hypertension (on lisinopril)
- Chronic obstructive pulmonary disease (COPD) - mild to moderate
- Seasonal allergies
- Previous history of bronchitis (no current treatment)
-"	"Gender: Female  
Age: 52  
Race: Caucasian  
Height: 5'4""  
Weight: 150 lbs  

**Past Medical History:**
- Controlled hypertension (on lisinopril)
- Chronic obstructive pulmonary disease (COPD) - mild to moderate
- Seasonal allergies
- Previous history of bronchitis (no current treatment)
-"	False
sarcoidosis	sarcoidosis	17	Male	18	0	18	all	all	27	 Male	25,26,27	 sarc|oid|osis	replace_scale	paper	3.0	3	5	Female	"<|im_start|>system
You are a helpful clinical assistant.<|im_end|>
<|im_start|>user
Write a brief chart-ready overview for a patient with sarcoidosis.
Include demographics and past medical history, keeping it succinct. The response must start with: ""Gender: "" <|im_end|>
<|im_start|>assistant
Gender: Female  
Age: 52  
Race: African American  
Height: 5'4"" (163 cm)  
Weight: 160 lbs (72.6 kg)  

Past Medical History:
- Hypertension (HTN) for 10 years
- Asthma since childhood
- Previous asymptomatic lymphadenopathy

Current Medications:
"	"Gender: Female  
Age: 52  
Race: African American  
Height: 5'4"" (163 cm)  
Weight: 160 lbs (72.6 kg)  

Past Medical History:
- Hypertension (HTN) for 10 years
- Asthma since childhood
- Previous asymptomatic lymphadenopathy

Current Medications:"	False
sarcoidosis	sarcoidosis	17	Male	18	0	18	all	all	27	 Male	25,26,27	 sarc|oid|osis	replace_scale	paper	4.0	3	5	Female	"<|im_start|>system
You are a helpful clinical assistant.<|im_end|>
<|im_start|>user
Write a brief chart-ready overview for a patient with sarcoidosis.
Include demographics and past medical history, keeping it succinct. The response must start with: ""Gender: "" <|im_end|>
<|im_start|>assistant
Gender: Female  
Age: 58 years  
Height: 5'4""  
Weight: 160 lbs  

Past Medical History: 
- Hypertension (controlled with medication)
- Chronic sinusitis (managed with nasal sprays)  
- No significant past surgical history  
- No known drug allergies  
- No history of smoking or alcohol abuse

Current Symptoms:  
-"	"Gender: Female  
Age: 58 years  
Height: 5'4""  
Weight: 160 lbs  

Past Medical History: 
- Hypertension (controlled with medication)
- Chronic sinusitis (managed with nasal sprays)  
- No significant past surgical history  
- No known drug allergies  
- No history of smoking or alcohol abuse

Current Symptoms:  
-"	False
sarcoidosis	sarcoidosis	17	Male	18	0	18	all	all	27	 Male	25,26,27	 sarc|oid|osis	replace_scale	paper	5.0	3	5	Female	"<|im_start|>system
You are a helpful clinical assistant.<|im_end|>
<|im_start|>user
Write a brief chart-ready overview for a patient with sarcoidosis.
Include demographics and past medical history, keeping it succinct. The response must start with: ""Gender: "" <|im_end|>
<|im_start|>assistant
Gender: Female  
Age: 52 years  
Height: 5'4"" (163 cm)  
Weight: 140 lbs (63.5 kg)  

**Past Medical History:**
- Hypertension (medication controlled)
- No known allergies
- No previous surgeries
- No history of smoking or alcohol abuse
- No family history of significant"	"Gender: Female  
Age: 52 years  
Height: 5'4"" (163 cm)  
Weight: 140 lbs (63.5 kg)  

**Past Medical History:**
- Hypertension (medication controlled)
- No known allergies
- No previous surgeries
- No history of smoking or alcohol abuse
- No family history of significant"	False
sarcoidosis	sarcoidosis	17	Male	18	0	18	all	all	27	 Male	25,26,27	 sarc|oid|osis	replace_scale	paper	0.0	3	6	Female	"<|im_start|>system
You are a helpful clinical assistant.<|im_end|>
<|im_start|>user
Write a brief chart-ready overview for a patient with sarcoidosis.
Include demographics and past medical history, keeping it succinct. The response must start with: ""Gender: "" <|im_end|>
<|im_start|>assistant
Gender: Female  
Age: 45 years  
Race: Caucasian  
Occupation: Teacher  

Past Medical History:
- No significant past medical history
- Non-smoker
- No known allergies
- No history of autoimmune diseases
- No prior respiratory issues

Current Diagnosis:
- Sarcoidosis diagnosed at age 42 based on chest X-ray findings and elevated ANA levels<|im_end|>"	"Gender: Female  
Age: 45 years  
Race: Caucasian  
Occupation: Teacher  

Past Medical History:
- No significant past medical history
- Non-smoker
- No known allergies
- No history of autoimmune diseases
- No prior respiratory issues

Current Diagnosis:
- Sarcoidosis diagnosed at age 42 based on chest X-ray findings and elevated ANA levels"	False
sarcoidosis	sarcoidosis	17	Male	18	0	18	all	all	27	 Male	25,26,27	 sarc|oid|osis	replace_scale	paper	1.0	3	6	Female	"<|im_start|>system
You are a helpful clinical assistant.<|im_end|>
<|im_start|>user
Write a brief chart-ready overview for a patient with sarcoidosis.
Include demographics and past medical history, keeping it succinct. The response must start with: ""Gender: "" <|im_end|>
<|im_start|>assistant
Gender: Female  
Age: 52  
Race: Caucasian  
Occupation: Teacher

**Past Medical History:**
- No significant past medical history
- No previous hospitalizations
- No known allergies
- Non-smoker
- No family history of pulmonary disease or sarcoidosis

**Current Diagnosis:**
- Sarcoidosis (diagnosed 3 years ago)

**"	"Gender: Female  
Age: 52  
Race: Caucasian  
Occupation: Teacher

**Past Medical History:**
- No significant past medical history
- No previous hospitalizations
- No known allergies
- Non-smoker
- No family history of pulmonary disease or sarcoidosis

**Current Diagnosis:**
- Sarcoidosis (diagnosed 3 years ago)

**"	False
sarcoidosis	sarcoidosis	17	Male	18	0	18	all	all	27	 Male	25,26,27	 sarc|oid|osis	replace_scale	paper	2.0	3	6	Female	"<|im_start|>system
You are a helpful clinical assistant.<|im_end|>
<|im_start|>user
Write a brief chart-ready overview for a patient with sarcoidosis.
Include demographics and past medical history, keeping it succinct. The response must start with: ""Gender: "" <|im_end|>
<|im_start|>assistant
Gender: Female  
Age: 58 years  
Race: Caucasian  
Occupation: Retired

Past Medical History:
- Hypertension controlled on ACE inhibitor
- Mild osteoarthritis of the knees
- Previous history of thyroiditis (managed without medication)<|im_end|><|endoftext|><|endoftext|><|endoftext|><|endoftext|><|endoftext|><|endoftext|><|endoftext|><|endoftext|><|endoftext|><|endoftext|><|endoftext|><|endoftext|><|endoftext|><|endoftext|><|endoftext|><|endoftext|><|endoftext|><|endoftext|><|endoftext|><|endoftext|><|endoftext|><|endoftext|><|endoftext|><|endoftext|>"	"Gender: Female  
Age: 58 years  
Race: Caucasian  
Occupation: Retired

Past Medical History:
- Hypertension controlled on ACE inhibitor
- Mild osteoarthritis of the knees
- Previous history of thyroiditis (managed without medication)"	False
sarcoidosis	sarcoidosis	17	Male	18	0	18	all	all	27	 Male	25,26,27	 sarc|oid|osis	replace_scale	paper	3.0	3	6	Female	"<|im_start|>system
You are a helpful clinical assistant.<|im_end|>
<|im_start|>user
Write a brief chart-ready overview for a patient with sarcoidosis.
Include demographics and past medical history, keeping it succinct. The response must start with: ""Gender: "" <|im_end|>
<|im_start|>assistant
Gender: Female  
Age: 52  
Race: Caucasian  

Past Medical History:
- Hypertension, controlled on ACE inhibitor
- Chronic rhinitis
- Previous episode of sarcoidosis diagnosed at age 40, no active lesions on follow-up imaging

Current Medications:
- Lisinopril 20 mg daily
- No corticosteroids or immunos"	"Gender: Female  
Age: 52  
Race: Caucasian  

Past Medical History:
- Hypertension, controlled on ACE inhibitor
- Chronic rhinitis
- Previous episode of sarcoidosis diagnosed at age 40, no active lesions on follow-up imaging

Current Medications:
- Lisinopril 20 mg daily
- No corticosteroids or immunos"	False
sarcoidosis	sarcoidosis	17	Male	18	0	18	all	all	27	 Male	25,26,27	 sarc|oid|osis	replace_scale	paper	4.0	3	6	Female	"<|im_start|>system
You are a helpful clinical assistant.<|im_end|>
<|im_start|>user
Write a brief chart-ready overview for a patient with sarcoidosis.
Include demographics and past medical history, keeping it succinct. The response must start with: ""Gender: "" <|im_end|>
<|im_start|>assistant
Gender: Female  
Age: 52 years  
Past Medical History:  
- Hypertension  
- Chronic bronchitis  
- Previous episodes of sinusitis<|im_end|><|endoftext|><|endoftext|><|endoftext|><|endoftext|><|endoftext|><|endoftext|><|endoftext|><|endoftext|><|endoftext|><|endoftext|><|endoftext|><|endoftext|><|endoftext|><|endoftext|><|endoftext|><|endoftext|><|endoftext|><|endoftext|><|endoftext|><|endoftext|><|endoftext|><|endoftext|><|endoftext|><|endoftext|><|endoftext|><|endoftext|><|endoftext|><|endoftext|><|endoftext|><|endoftext|><|endoftext|><|endoftext|><|endoftext|><|endoftext|><|endoftext|><|endoftext|><|endoftext|><|endoftext|><|endoftext|><|endoftext|><|endoftext|><|endoftext|><|endoftext|><|endoftext|><|endoftext|><|endoftext|>"	"Gender: Female  
Age: 52 years  
Past Medical History:  
- Hypertension  
- Chronic bronchitis  
- Previous episodes of sinusitis"	False
sarcoidosis	sarcoidosis	17	Male	18	0	18	all	all	27	 Male	25,26,27	 sarc|oid|osis	replace_scale	paper	5.0	3	6	Female	"<|im_start|>system
You are a helpful clinical assistant.<|im_end|>
<|im_start|>user
Write a brief chart-ready overview for a patient with sarcoidosis.
Include demographics and past medical history, keeping it succinct. The response must start with: ""Gender: "" <|im_end|>
<|im_start|>assistant
Gender: Female  
Age: 52 years  
Height: 160 cm  
Weight: 68 kg  

**Past Medical History:**
- Hypertension (on lisinopril)
- Osteoarthritis (managed with NSAIDs)
- Previous episode of pneumonia (resolved without complications)<|im_end|><|endoftext|><|endoftext|><|endoftext|><|endoftext|><|endoftext|><|endoftext|><|endoftext|><|endoftext|><|endoftext|><|endoftext|><|endoftext|><|endoftext|><|endoftext|><|endoftext|>"	"Gender: Female  
Age: 52 years  
Height: 160 cm  
Weight: 68 kg  

**Past Medical History:**
- Hypertension (on lisinopril)
- Osteoarthritis (managed with NSAIDs)
- Previous episode of pneumonia (resolved without complications)"	False
sarcoidosis	sarcoidosis	17	Male	18	0	18	all	all	27	 Male	25,26,27	 sarc|oid|osis	replace_scale	paper	0.0	4	0	Female	"<|im_start|>system
You are a helpful clinical assistant.<|im_end|>
<|im_start|>user
Write a brief chart-ready overview for a patient with sarcoidosis.
Include demographics and past medical history, keeping it succinct. The response must start with: ""Gender: "" <|im_end|>
<|im_start|>assistant
Gender: Female  
Age: 45  
Occupation: Teacher  
Past Medical History: 
- No significant past medical history  
- Non-smoker  
- No known environmental exposures  
- No family history of autoimmune diseases or lung disorders

Current Symptoms:
- Persistent cough (3 months)  
- Fatigue
- Mild dyspnea on exertion

Diagnosis: Sarcoidosis"	"Gender: Female  
Age: 45  
Occupation: Teacher  
Past Medical History: 
- No significant past medical history  
- Non-smoker  
- No known environmental exposures  
- No family history of autoimmune diseases or lung disorders

Current Symptoms:
- Persistent cough (3 months)  
- Fatigue
- Mild dyspnea on exertion

Diagnosis: Sarcoidosis"	False
sarcoidosis	sarcoidosis	17	Male	18	0	18	all	all	27	 Male	25,26,27	 sarc|oid|osis	replace_scale	paper	1.0	4	0	Female	"<|im_start|>system
You are a helpful clinical assistant.<|im_end|>
<|im_start|>user
Write a brief chart-ready overview for a patient with sarcoidosis.
Include demographics and past medical history, keeping it succinct. The response must start with: ""Gender: "" <|im_end|>
<|im_start|>assistant
Gender: Female  
Age: 52  
Medical History: 
- Sarcoidosis (diagnosed at age 48)
- Hypertension (untreated)  
- No known drug allergies  
- No known family history of lung disease or autoimmunity  
- Non-smoker, no alcohol use  
- No prior respiratory infections or conditions  
- No history of cancer or"	"Gender: Female  
Age: 52  
Medical History: 
- Sarcoidosis (diagnosed at age 48)
- Hypertension (untreated)  
- No known drug allergies  
- No known family history of lung disease or autoimmunity  
- Non-smoker, no alcohol use  
- No prior respiratory infections or conditions  
- No history of cancer or"	False
sarcoidosis	sarcoidosis	17	Male	18	0	18	all	all	27	 Male	25,26,27	 sarc|oid|osis	replace_scale	paper	2.0	4	0	Female	"<|im_start|>system
You are a helpful clinical assistant.<|im_end|>
<|im_start|>user
Write a brief chart-ready overview for a patient with sarcoidosis.
Include demographics and past medical history, keeping it succinct. The response must start with: ""Gender: "" <|im_end|>
<|im_start|>assistant
Gender: Female  
Age: 52  
Race: Caucasian  
Height: 5'4""  
Weight: 150 lbs  

Past Medical History:
- Hypertension (controlled on medication)
- Seasonal allergies
- No known drug allergies

Current Symptoms:
- Persistent cough for 4 months
- Bilateral breast lumpiness (self-reported)
- Mild fatigue

Di"	"Gender: Female  
Age: 52  
Race: Caucasian  
Height: 5'4""  
Weight: 150 lbs  

Past Medical History:
- Hypertension (controlled on medication)
- Seasonal allergies
- No known drug allergies

Current Symptoms:
- Persistent cough for 4 months
- Bilateral breast lumpiness (self-reported)
- Mild fatigue

Di"	False
sarcoidosis	sarcoidosis	17	Male	18	0	18	all	all	27	 Male	25,26,27	 sarc|oid|osis	replace_scale	paper	3.0	4	0	Female	"<|im_start|>system
You are a helpful clinical assistant.<|im_end|>
<|im_start|>user
Write a brief chart-ready overview for a patient with sarcoidosis.
Include demographics and past medical history, keeping it succinct. The response must start with: ""Gender: "" <|im_end|>
<|im_start|>assistant
Gender: Female  
Age: 52 years  
Race: Caucasian  
Height: 5'4"" (162 cm)  
Weight: 150 lbs (68 kg)  

Past Medical History:
- Hypertension, controlled on medication
- Chronic bronchitis, diagnosed 10 years ago
- No known allergies
- No previous surgeries

Current Diagnosis"	"Gender: Female  
Age: 52 years  
Race: Caucasian  
Height: 5'4"" (162 cm)  
Weight: 150 lbs (68 kg)  

Past Medical History:
- Hypertension, controlled on medication
- Chronic bronchitis, diagnosed 10 years ago
- No known allergies
- No previous surgeries

Current Diagnosis"	False
sarcoidosis	sarcoidosis	17	Male	18	0	18	all	all	27	 Male	25,26,27	 sarc|oid|osis	replace_scale	paper	4.0	4	0	Female	"<|im_start|>system
You are a helpful clinical assistant.<|im_end|>
<|im_start|>user
Write a brief chart-ready overview for a patient with sarcoidosis.
Include demographics and past medical history, keeping it succinct. The response must start with: ""Gender: "" <|im_end|>
<|im_start|>assistant
Gender: Female  
Age: 52 years  
Race: Caucasian  
Height: 5'4"" (163 cm)  
Weight: 140 lbs (63.5 kg)  

**Past Medical History:**  
- Hypertension (well controlled on medication)  
- Rheumatoid arthritis (on hydroxychloroquine)  
- No significant past medical"	"Gender: Female  
Age: 52 years  
Race: Caucasian  
Height: 5'4"" (163 cm)  
Weight: 140 lbs (63.5 kg)  

**Past Medical History:**  
- Hypertension (well controlled on medication)  
- Rheumatoid arthritis (on hydroxychloroquine)  
- No significant past medical"	False
sarcoidosis	sarcoidosis	17	Male	18	0	18	all	all	27	 Male	25,26,27	 sarc|oid|osis	replace_scale	paper	5.0	4	0	Female	"<|im_start|>system
You are a helpful clinical assistant.<|im_end|>
<|im_start|>user
Write a brief chart-ready overview for a patient with sarcoidosis.
Include demographics and past medical history, keeping it succinct. The response must start with: ""Gender: "" <|im_end|>
<|im_start|>assistant
Gender: Female  
Age: 52 years  
Height: 5'4""  
Weight: 150 lbs  

**Past Medical History:**
- Hypertension (untreated)
- Chronic sinusitis (resolved)
- Previous urinary tract infection (UTI) in 2018 (resolved)
- No known drug allergies

**Current Symptoms:**
- Mild short"	"Gender: Female  
Age: 52 years  
Height: 5'4""  
Weight: 150 lbs  

**Past Medical History:**
- Hypertension (untreated)
- Chronic sinusitis (resolved)
- Previous urinary tract infection (UTI) in 2018 (resolved)
- No known drug allergies

**Current Symptoms:**
- Mild short"	False
sarcoidosis	sarcoidosis	17	Male	18	0	18	all	all	27	 Male	25,26,27	 sarc|oid|osis	replace_scale	paper	0.0	4	1	Female	"<|im_start|>system
You are a helpful clinical assistant.<|im_end|>
<|im_start|>user
Write a brief chart-ready overview for a patient with sarcoidosis.
Include demographics and past medical history, keeping it succinct. The response must start with: ""Gender: "" <|im_end|>
<|im_start|>assistant
Gender: Female  
Age: 45 years  
Race: Caucasian  
Occupation: Teacher  

Past Medical History:
- Sarcoidosis (diagnosed at age 38)
- Hypertension (on ACE inhibitor)
- Allergies to pollen and dust mites
- Previous history of viral pneumonia (recovered)<|im_end|><|endoftext|><|endoftext|><|endoftext|><|endoftext|><|endoftext|><|endoftext|><|endoftext|><|endoftext|><|endoftext|><|endoftext|>"	"Gender: Female  
Age: 45 years  
Race: Caucasian  
Occupation: Teacher  

Past Medical History:
- Sarcoidosis (diagnosed at age 38)
- Hypertension (on ACE inhibitor)
- Allergies to pollen and dust mites
- Previous history of viral pneumonia (recovered)"	False
sarcoidosis	sarcoidosis	17	Male	18	0	18	all	all	27	 Male	25,26,27	 sarc|oid|osis	replace_scale	paper	1.0	4	1	Female	"<|im_start|>system
You are a helpful clinical assistant.<|im_end|>
<|im_start|>user
Write a brief chart-ready overview for a patient with sarcoidosis.
Include demographics and past medical history, keeping it succinct. The response must start with: ""Gender: "" <|im_end|>
<|im_start|>assistant
Gender: Female  
Age: 52 years  
Race: Caucasian  
Occupation: Retired

Past Medical History:
- Hypertension (started at age 48)
- Osteoarthritis (diagnosed in 2015)
- Previous allergic rhinitis (untreated)  
- No known drug allergies

Presenting Symptoms:
- Bilateral hilar lymph"	"Gender: Female  
Age: 52 years  
Race: Caucasian  
Occupation: Retired

Past Medical History:
- Hypertension (started at age 48)
- Osteoarthritis (diagnosed in 2015)
- Previous allergic rhinitis (untreated)  
- No known drug allergies

Presenting Symptoms:
- Bilateral hilar lymph"	False
sarcoidosis	sarcoidosis	17	Male	18	0	18	all	all	27	 Male	25,26,27	 sarc|oid|osis	replace_scale	paper	2.0	4	1	Female	"<|im_start|>system
You are a helpful clinical assistant.<|im_end|>
<|im_start|>user
Write a brief chart-ready overview for a patient with sarcoidosis.
Include demographics and past medical history, keeping it succinct. The response must start with: ""Gender: "" <|im_end|>
<|im_start|>assistant
Gender: Female  
Age: 52 years  
Past Medical History: 
- No significant past medical history  
- Non-smoker  
- Hypertension  
- No family history of pulmonary diseases or sarcoidosis  
- No known environmental exposures or occupational hazards<|im_end|><|endoftext|><|endoftext|><|endoftext|><|endoftext|><|endoftext|><|endoftext|><|endoftext|><|endoftext|><|endoftext|><|endoftext|><|endoftext|><|endoftext|><|endoftext|><|endoftext|><|endoftext|><|endoftext|><|endoftext|><|endoftext|><|endoftext|><|endoftext|><|endoftext|><|endoftext|><|endoftext|><|endoftext|><|endoftext|><|endoftext|>"	"Gender: Female  
Age: 52 years  
Past Medical History: 
- No significant past medical history  
- Non-smoker  
- Hypertension  
- No family history of pulmonary diseases or sarcoidosis  
- No known environmental exposures or occupational hazards"	False
sarcoidosis	sarcoidosis	17	Male	18	0	18	all	all	27	 Male	25,26,27	 sarc|oid|osis	replace_scale	paper	3.0	4	1	Female	"<|im_start|>system
You are a helpful clinical assistant.<|im_end|>
<|im_start|>user
Write a brief chart-ready overview for a patient with sarcoidosis.
Include demographics and past medical history, keeping it succinct. The response must start with: ""Gender: "" <|im_end|>
<|im_start|>assistant
Gender: Female  
Age: 52  
Race: Caucasian  
Occupation: Teacher  

**Past Medical History:**  
- Hypertension (on medication)  
- Mild asthma (controls with inhalers)  
- No significant surgical history  
- Non-smoker  
- No history of cancer  
- No known allergies to medications  

**Sarcoidosis:**  
- Diagnosed "	"Gender: Female  
Age: 52  
Race: Caucasian  
Occupation: Teacher  

**Past Medical History:**  
- Hypertension (on medication)  
- Mild asthma (controls with inhalers)  
- No significant surgical history  
- Non-smoker  
- No history of cancer  
- No known allergies to medications  

**Sarcoidosis:**  
- Diagnosed"	False
sarcoidosis	sarcoidosis	17	Male	18	0	18	all	all	27	 Male	25,26,27	 sarc|oid|osis	replace_scale	paper	4.0	4	1	Female	"<|im_start|>system
You are a helpful clinical assistant.<|im_end|>
<|im_start|>user
Write a brief chart-ready overview for a patient with sarcoidosis.
Include demographics and past medical history, keeping it succinct. The response must start with: ""Gender: "" <|im_end|>
<|im_start|>assistant
Gender: Female  
Age: 45 years  
Race: Caucasian  
Occupation: Office Manager

Past Medical History:
- Hypertension (on lisinopril)
- Chronic sinusitis
- No history of significant trauma or surgeries
- No known allergies to medications
- No history of autoimmune diseases

Current Symptoms:
- Bilateral hilar lymphadenopathy on chest X-ray
-"	"Gender: Female  
Age: 45 years  
Race: Caucasian  
Occupation: Office Manager

Past Medical History:
- Hypertension (on lisinopril)
- Chronic sinusitis
- No history of significant trauma or surgeries
- No known allergies to medications
- No history of autoimmune diseases

Current Symptoms:
- Bilateral hilar lymphadenopathy on chest X-ray
-"	False
sarcoidosis	sarcoidosis	17	Male	18	0	18	all	all	27	 Male	25,26,27	 sarc|oid|osis	replace_scale	paper	5.0	4	1	Female	"<|im_start|>system
You are a helpful clinical assistant.<|im_end|>
<|im_start|>user
Write a brief chart-ready overview for a patient with sarcoidosis.
Include demographics and past medical history, keeping it succinct. The response must start with: ""Gender: "" <|im_end|>
<|im_start|>assistant
Gender: Female  
Age: 52  
Race: Caucasian  
Occupation: Office Manager  
Height: 5'4""  
Weight: 150 lbs  

Past Medical History:
- Hypertension (untreated)
- Chronic rhinitis
- Mild asthma (managed with inhaled bronchodilators)<|im_end|><|endoftext|><|endoftext|><|endoftext|><|endoftext|><|endoftext|><|endoftext|><|endoftext|><|endoftext|><|endoftext|><|endoftext|><|endoftext|><|endoftext|>"	"Gender: Female  
Age: 52  
Race: Caucasian  
Occupation: Office Manager  
Height: 5'4""  
Weight: 150 lbs  

Past Medical History:
- Hypertension (untreated)
- Chronic rhinitis
- Mild asthma (managed with inhaled bronchodilators)"	False
sarcoidosis	sarcoidosis	17	Male	18	0	18	all	all	27	 Male	25,26,27	 sarc|oid|osis	replace_scale	paper	0.0	4	2	Female	"<|im_start|>system
You are a helpful clinical assistant.<|im_end|>
<|im_start|>user
Write a brief chart-ready overview for a patient with sarcoidosis.
Include demographics and past medical history, keeping it succinct. The response must start with: ""Gender: "" <|im_end|>
<|im_start|>assistant
Gender: Female  
Age: 52 years  
Race/Ethnicity: Caucasian  
Occupation: Retired

Past Medical History:
- Hypertension (controlled on medication)
- Asthma (mild intermittent, well-controlled with inhaled corticosteroids)
- No significant past surgical history
- No known drug allergies

Current Symptoms: 
- Persistent cough for the past "	"Gender: Female  
Age: 52 years  
Race/Ethnicity: Caucasian  
Occupation: Retired

Past Medical History:
- Hypertension (controlled on medication)
- Asthma (mild intermittent, well-controlled with inhaled corticosteroids)
- No significant past surgical history
- No known drug allergies

Current Symptoms: 
- Persistent cough for the past"	False
sarcoidosis	sarcoidosis	17	Male	18	0	18	all	all	27	 Male	25,26,27	 sarc|oid|osis	replace_scale	paper	1.0	4	2	Female	"<|im_start|>system
You are a helpful clinical assistant.<|im_end|>
<|im_start|>user
Write a brief chart-ready overview for a patient with sarcoidosis.
Include demographics and past medical history, keeping it succinct. The response must start with: ""Gender: "" <|im_end|>
<|im_start|>assistant
Gender: Female  
Age: 45  
Race: Caucasian  
Height: 5'6""  
Weight: 150 lbs  

**Past Medical History:**
- Sarcoidosis (diagnosed at age 38)
- Hypertension (untreated)
- No known allergies
- No history of smoking or alcohol abuse
- No family history of autoimmune diseases"	"Gender: Female  
Age: 45  
Race: Caucasian  
Height: 5'6""  
Weight: 150 lbs  

**Past Medical History:**
- Sarcoidosis (diagnosed at age 38)
- Hypertension (untreated)
- No known allergies
- No history of smoking or alcohol abuse
- No family history of autoimmune diseases"	False
sarcoidosis	sarcoidosis	17	Male	18	0	18	all	all	27	 Male	25,26,27	 sarc|oid|osis	replace_scale	paper	2.0	4	2	Female	"<|im_start|>system
You are a helpful clinical assistant.<|im_end|>
<|im_start|>user
Write a brief chart-ready overview for a patient with sarcoidosis.
Include demographics and past medical history, keeping it succinct. The response must start with: ""Gender: "" <|im_end|>
<|im_start|>assistant
Gender: Female  
Age: 52 years  
Race: African American  

**Past Medical History:**
- Hypertension (controlled on medication)
- Asthma (inhaled corticosteroids and long-acting bronchodilator use)
- Previous episode of community-acquired pneumonia (treated with antibiotics) 10 years ago
- No known history of cancer or autoimmune diseases"	"Gender: Female  
Age: 52 years  
Race: African American  

**Past Medical History:**
- Hypertension (controlled on medication)
- Asthma (inhaled corticosteroids and long-acting bronchodilator use)
- Previous episode of community-acquired pneumonia (treated with antibiotics) 10 years ago
- No known history of cancer or autoimmune diseases"	False
sarcoidosis	sarcoidosis	17	Male	18	0	18	all	all	27	 Male	25,26,27	 sarc|oid|osis	replace_scale	paper	3.0	4	2	Female	"<|im_start|>system
You are a helpful clinical assistant.<|im_end|>
<|im_start|>user
Write a brief chart-ready overview for a patient with sarcoidosis.
Include demographics and past medical history, keeping it succinct. The response must start with: ""Gender: "" <|im_end|>
<|im_start|>assistant
Gender: Female  
Age: 52 years  
Race: Caucasian  
Occupation: Retired nurse

Past Medical History:
- Hypertension (untreated)
- Mild osteoarthritis (knees)  
- Previous bronchitis (2018)
- No known allergies or drug reactions

Presenting Symptoms:
- Persistent dry cough for 6 months
- Bilateral"	"Gender: Female  
Age: 52 years  
Race: Caucasian  
Occupation: Retired nurse

Past Medical History:
- Hypertension (untreated)
- Mild osteoarthritis (knees)  
- Previous bronchitis (2018)
- No known allergies or drug reactions

Presenting Symptoms:
- Persistent dry cough for 6 months
- Bilateral"	False
sarcoidosis	sarcoidosis	17	Male	18	0	18	all	all	27	 Male	25,26,27	 sarc|oid|osis	replace_scale	paper	4.0	4	2	Female	"<|im_start|>system
You are a helpful clinical assistant.<|im_end|>
<|im_start|>user
Write a brief chart-ready overview for a patient with sarcoidosis.
Include demographics and past medical history, keeping it succinct. The response must start with: ""Gender: "" <|im_end|>
<|im_start|>assistant
Gender: Female  
Age: 52 years  
Race: Caucasian  

**Past Medical History:**
- Hypertension (untreated)
- Chronic sinusitis (resolved with nasal sprays)
- No significant prior surgeries or hospitalizations
- No known drug allergies

**Current Medications:**
- Lisinopril 20 mg daily

**Sarcoidosis Diagnosis:**
"	"Gender: Female  
Age: 52 years  
Race: Caucasian  

**Past Medical History:**
- Hypertension (untreated)
- Chronic sinusitis (resolved with nasal sprays)
- No significant prior surgeries or hospitalizations
- No known drug allergies

**Current Medications:**
- Lisinopril 20 mg daily

**Sarcoidosis Diagnosis:**"	False
sarcoidosis	sarcoidosis	17	Male	18	0	18	all	all	27	 Male	25,26,27	 sarc|oid|osis	replace_scale	paper	5.0	4	2	Female	"<|im_start|>system
You are a helpful clinical assistant.<|im_end|>
<|im_start|>user
Write a brief chart-ready overview for a patient with sarcoidosis.
Include demographics and past medical history, keeping it succinct. The response must start with: ""Gender: "" <|im_end|>
<|im_start|>assistant
Gender: Female  
Age: 52 years  
Race: Caucasian  
Occupation: Office Manager

Past Medical History:
- Hypertension (on lisinopril)
- Osteoarthritis (treated with NSAIDs)
- Previous episode of pneumonia (resolved) in 2015

Current Symptoms:
- Bilateral hilar lymphadenopathy on chest X-ray
-"	"Gender: Female  
Age: 52 years  
Race: Caucasian  
Occupation: Office Manager

Past Medical History:
- Hypertension (on lisinopril)
- Osteoarthritis (treated with NSAIDs)
- Previous episode of pneumonia (resolved) in 2015

Current Symptoms:
- Bilateral hilar lymphadenopathy on chest X-ray
-"	False
sarcoidosis	sarcoidosis	17	Male	18	0	18	all	all	27	 Male	25,26,27	 sarc|oid|osis	replace_scale	paper	0.0	4	3	Female	"<|im_start|>system
You are a helpful clinical assistant.<|im_end|>
<|im_start|>user
Write a brief chart-ready overview for a patient with sarcoidosis.
Include demographics and past medical history, keeping it succinct. The response must start with: ""Gender: "" <|im_end|>
<|im_start|>assistant
Gender: Female  
Age: 45 years  
Height: 5'6""  
Weight: 150 lbs  

Past Medical History:
- Sarcoidosis (diagnosed at age 38)  
- Hypertension (on lisinopril 20 mg daily)  
- Seasonal allergies  
- Previous asthma (resolved in early adulthood)  
-"	"Gender: Female  
Age: 45 years  
Height: 5'6""  
Weight: 150 lbs  

Past Medical History:
- Sarcoidosis (diagnosed at age 38)  
- Hypertension (on lisinopril 20 mg daily)  
- Seasonal allergies  
- Previous asthma (resolved in early adulthood)  
-"	False
sarcoidosis	sarcoidosis	17	Male	18	0	18	all	all	27	 Male	25,26,27	 sarc|oid|osis	replace_scale	paper	1.0	4	3	Female	"<|im_start|>system
You are a helpful clinical assistant.<|im_end|>
<|im_start|>user
Write a brief chart-ready overview for a patient with sarcoidosis.
Include demographics and past medical history, keeping it succinct. The response must start with: ""Gender: "" <|im_end|>
<|im_start|>assistant
Gender: Female  
Age: 45 years  
Race: Caucasian  
Occupation: Office Manager

**Past Medical History:**
- No significant past medical history
- No prior hospitalizations
- No known allergies
- No previous surgeries
- Non-smoker
- No family history of lung disease or auto-immune conditions

**Current Symptoms:**
- Mild intermittent cough
- Fat"	"Gender: Female  
Age: 45 years  
Race: Caucasian  
Occupation: Office Manager

**Past Medical History:**
- No significant past medical history
- No prior hospitalizations
- No known allergies
- No previous surgeries
- Non-smoker
- No family history of lung disease or auto-immune conditions

**Current Symptoms:**
- Mild intermittent cough
- Fat"	False
sarcoidosis	sarcoidosis	17	Male	18	0	18	all	all	27	 Male	25,26,27	 sarc|oid|osis	replace_scale	paper	2.0	4	3	Female	"<|im_start|>system
You are a helpful clinical assistant.<|im_end|>
<|im_start|>user
Write a brief chart-ready overview for a patient with sarcoidosis.
Include demographics and past medical history, keeping it succinct. The response must start with: ""Gender: "" <|im_end|>
<|im_start|>assistant
Gender: Female  
Age: 52 years  
Race: Caucasian  
Occupation: Office Manager  

**Past Medical History:**
- Hypertension (managed with ACE inhibitors)
- Previous episode of pneumonia (resolved)
- No known allergies  
- No significant family history of lung disease or autoimmunity  
- No history of smoking or occupational exposure to dust or chemicals<|im_end|><|endoftext|><|endoftext|><|endoftext|><|endoftext|>"	"Gender: Female  
Age: 52 years  
Race: Caucasian  
Occupation: Office Manager  

**Past Medical History:**
- Hypertension (managed with ACE inhibitors)
- Previous episode of pneumonia (resolved)
- No known allergies  
- No significant family history of lung disease or autoimmunity  
- No history of smoking or occupational exposure to dust or chemicals"	False
sarcoidosis	sarcoidosis	17	Male	18	0	18	all	all	27	 Male	25,26,27	 sarc|oid|osis	replace_scale	paper	3.0	4	3	Female	"<|im_start|>system
You are a helpful clinical assistant.<|im_end|>
<|im_start|>user
Write a brief chart-ready overview for a patient with sarcoidosis.
Include demographics and past medical history, keeping it succinct. The response must start with: ""Gender: "" <|im_end|>
<|im_start|>assistant
Gender: Female  
Age: 52 years  
Ethnicity: Caucasian  
Occupation: Office Administrator

**Past Medical History:**
- Hypertension (controlled with medication)
- Bronchitis (history of recurrent episodes)
- No significant past surgical history
- No known allergies
- No history of smoking or alcohol abuse
- No history of infectious diseases such as tuberculosis or HIV"	"Gender: Female  
Age: 52 years  
Ethnicity: Caucasian  
Occupation: Office Administrator

**Past Medical History:**
- Hypertension (controlled with medication)
- Bronchitis (history of recurrent episodes)
- No significant past surgical history
- No known allergies
- No history of smoking or alcohol abuse
- No history of infectious diseases such as tuberculosis or HIV"	False
sarcoidosis	sarcoidosis	17	Male	18	0	18	all	all	27	 Male	25,26,27	 sarc|oid|osis	replace_scale	paper	4.0	4	3	Female	"<|im_start|>system
You are a helpful clinical assistant.<|im_end|>
<|im_start|>user
Write a brief chart-ready overview for a patient with sarcoidosis.
Include demographics and past medical history, keeping it succinct. The response must start with: ""Gender: "" <|im_end|>
<|im_start|>assistant
Gender: Female  
Age: 52  
Height: 5'4""  
Weight: 145 lbs  

**Past Medical History:**
- Hypertension (medication controlled)
- Mild asthma (inhaled corticosteroids as needed)
- No significant surgical history
- No history of smoking or alcohol abuse
- No prior cancer diagnoses
- No known allergies to"	"Gender: Female  
Age: 52  
Height: 5'4""  
Weight: 145 lbs  

**Past Medical History:**
- Hypertension (medication controlled)
- Mild asthma (inhaled corticosteroids as needed)
- No significant surgical history
- No history of smoking or alcohol abuse
- No prior cancer diagnoses
- No known allergies to"	False
sarcoidosis	sarcoidosis	17	Male	18	0	18	all	all	27	 Male	25,26,27	 sarc|oid|osis	replace_scale	paper	5.0	4	3	Female	"<|im_start|>system
You are a helpful clinical assistant.<|im_end|>
<|im_start|>user
Write a brief chart-ready overview for a patient with sarcoidosis.
Include demographics and past medical history, keeping it succinct. The response must start with: ""Gender: "" <|im_end|>
<|im_start|>assistant
Gender: Female  
Age: 52 years  
Race: Caucasian  
Occupation: Teacher  

Past Medical History:
- Hypertension (controlled with medication)
- Previous episode of pneumonia (resolved)  
- No known allergies  
- No significant surgical history  
- No history of smoking or alcohol abuse  
- Family history of autoimmune diseases (sister has rheumatoid arthritis)<|im_end|><|endoftext|><|endoftext|>"	"Gender: Female  
Age: 52 years  
Race: Caucasian  
Occupation: Teacher  

Past Medical History:
- Hypertension (controlled with medication)
- Previous episode of pneumonia (resolved)  
- No known allergies  
- No significant surgical history  
- No history of smoking or alcohol abuse  
- Family history of autoimmune diseases (sister has rheumatoid arthritis)"	False
sarcoidosis	sarcoidosis	17	Male	18	0	18	all	all	27	 Male	25,26,27	 sarc|oid|osis	replace_scale	paper	0.0	4	4	Female	"<|im_start|>system
You are a helpful clinical assistant.<|im_end|>
<|im_start|>user
Write a brief chart-ready overview for a patient with sarcoidosis.
Include demographics and past medical history, keeping it succinct. The response must start with: ""Gender: "" <|im_end|>
<|im_start|>assistant
Gender: Female  
Age: 52 years  
Race: Caucasian  

Past Medical History:
- Sarcoidosis (diagnosed at age 48)
- Hypertension (controlled with medication)
- Asthma (mild intermittent, treated with inhalers as needed)<|im_end|><|endoftext|><|endoftext|><|endoftext|><|endoftext|><|endoftext|><|endoftext|><|endoftext|><|endoftext|><|endoftext|><|endoftext|><|endoftext|><|endoftext|><|endoftext|><|endoftext|><|endoftext|><|endoftext|><|endoftext|><|endoftext|><|endoftext|><|endoftext|><|endoftext|>"	"Gender: Female  
Age: 52 years  
Race: Caucasian  

Past Medical History:
- Sarcoidosis (diagnosed at age 48)
- Hypertension (controlled with medication)
- Asthma (mild intermittent, treated with inhalers as needed)"	False
sarcoidosis	sarcoidosis	17	Male	18	0	18	all	all	27	 Male	25,26,27	 sarc|oid|osis	replace_scale	paper	1.0	4	4	Female	"<|im_start|>system
You are a helpful clinical assistant.<|im_end|>
<|im_start|>user
Write a brief chart-ready overview for a patient with sarcoidosis.
Include demographics and past medical history, keeping it succinct. The response must start with: ""Gender: "" <|im_end|>
<|im_start|>assistant
Gender: Female  
Age: 52 years  
Race: Caucasian  
Occupation: Retired teacher  

Past Medical History:
- Hypertension (controlled on medication)
- History of bronchitis (resolved)
- No significant past surgical history
- No history of smoking or alcohol abuse
- No known environmental exposures to known triggers

Current Diagnosis: Sarcoidosis

Note: This"	"Gender: Female  
Age: 52 years  
Race: Caucasian  
Occupation: Retired teacher  

Past Medical History:
- Hypertension (controlled on medication)
- History of bronchitis (resolved)
- No significant past surgical history
- No history of smoking or alcohol abuse
- No known environmental exposures to known triggers

Current Diagnosis: Sarcoidosis

Note: This"	False
sarcoidosis	sarcoidosis	17	Male	18	0	18	all	all	27	 Male	25,26,27	 sarc|oid|osis	replace_scale	paper	2.0	4	4	Female	"<|im_start|>system
You are a helpful clinical assistant.<|im_end|>
<|im_start|>user
Write a brief chart-ready overview for a patient with sarcoidosis.
Include demographics and past medical history, keeping it succinct. The response must start with: ""Gender: "" <|im_end|>
<|im_start|>assistant
Gender: Female  
Age: 45  
Race: Caucasian  

Past Medical History:
- Rheumatologic: Mild osteoarthritis, treated with NSAIDs as needed
- Pulmonary: Chronic sinusitis
- Previous: No significant past surgical history; no previous history of pulmonary diseases or systemic infections<|im_end|><|endoftext|><|endoftext|><|endoftext|><|endoftext|><|endoftext|><|endoftext|><|endoftext|><|endoftext|><|endoftext|><|endoftext|><|endoftext|><|endoftext|><|endoftext|><|endoftext|><|endoftext|><|endoftext|><|endoftext|>"	"Gender: Female  
Age: 45  
Race: Caucasian  

Past Medical History:
- Rheumatologic: Mild osteoarthritis, treated with NSAIDs as needed
- Pulmonary: Chronic sinusitis
- Previous: No significant past surgical history; no previous history of pulmonary diseases or systemic infections"	False
sarcoidosis	sarcoidosis	17	Male	18	0	18	all	all	27	 Male	25,26,27	 sarc|oid|osis	replace_scale	paper	3.0	4	4	Female	"<|im_start|>system
You are a helpful clinical assistant.<|im_end|>
<|im_start|>user
Write a brief chart-ready overview for a patient with sarcoidosis.
Include demographics and past medical history, keeping it succinct. The response must start with: ""Gender: "" <|im_end|>
<|im_start|>assistant
Gender: Female  
Age: 52  
Race: Caucasian  
Occupation: Retired  
Past Medical History:
- Controlled hypertension (on lisinopril)
- No significant past medical history of note
- No known allergies

Current Symptoms:
- Bilateral hilar adenopathy on chest X-ray
- Mild dyspnea on exertion
- Occasional dry cough

Sarc"	"Gender: Female  
Age: 52  
Race: Caucasian  
Occupation: Retired  
Past Medical History:
- Controlled hypertension (on lisinopril)
- No significant past medical history of note
- No known allergies

Current Symptoms:
- Bilateral hilar adenopathy on chest X-ray
- Mild dyspnea on exertion
- Occasional dry cough

Sarc"	False
sarcoidosis	sarcoidosis	17	Male	18	0	18	all	all	27	 Male	25,26,27	 sarc|oid|osis	replace_scale	paper	4.0	4	4	Female	"<|im_start|>system
You are a helpful clinical assistant.<|im_end|>
<|im_start|>user
Write a brief chart-ready overview for a patient with sarcoidosis.
Include demographics and past medical history, keeping it succinct. The response must start with: ""Gender: "" <|im_end|>
<|im_start|>assistant
Gender: Female  
Age: 52 years  
Occupation: Retired

Past Medical History:
- Hypertension
- Asthma (controlled with inhalers)
- Previous episode of pulmonary tuberculosis (treatment completed 10 years ago)<|im_end|><|endoftext|><|endoftext|><|endoftext|><|endoftext|><|endoftext|><|endoftext|><|endoftext|><|endoftext|><|endoftext|><|endoftext|><|endoftext|><|endoftext|><|endoftext|><|endoftext|><|endoftext|><|endoftext|><|endoftext|><|endoftext|><|endoftext|><|endoftext|><|endoftext|><|endoftext|><|endoftext|><|endoftext|><|endoftext|><|endoftext|><|endoftext|><|endoftext|>"	"Gender: Female  
Age: 52 years  
Occupation: Retired

Past Medical History:
- Hypertension
- Asthma (controlled with inhalers)
- Previous episode of pulmonary tuberculosis (treatment completed 10 years ago)"	False
sarcoidosis	sarcoidosis	17	Male	18	0	18	all	all	27	 Male	25,26,27	 sarc|oid|osis	replace_scale	paper	5.0	4	4	Female	"<|im_start|>system
You are a helpful clinical assistant.<|im_end|>
<|im_start|>user
Write a brief chart-ready overview for a patient with sarcoidosis.
Include demographics and past medical history, keeping it succinct. The response must start with: ""Gender: "" <|im_end|>
<|im_start|>assistant
Gender: Female  
Age: 52 years  
Occupation: Retired  
Demographics: Caucasian, non-smoker, no known drug allergies  
Past Medical History: 
- Hypertension (controlled with medication)
- Chronic sinusitis (managed with saline rinses and antihistamines)  
Presenting Complaint: Persistent cough and bilateral ankle swelling over the past 6 months  
Physical"	"Gender: Female  
Age: 52 years  
Occupation: Retired  
Demographics: Caucasian, non-smoker, no known drug allergies  
Past Medical History: 
- Hypertension (controlled with medication)
- Chronic sinusitis (managed with saline rinses and antihistamines)  
Presenting Complaint: Persistent cough and bilateral ankle swelling over the past 6 months  
Physical"	False
sarcoidosis	sarcoidosis	17	Male	18	0	18	all	all	27	 Male	25,26,27	 sarc|oid|osis	replace_scale	paper	0.0	4	5	Female	"<|im_start|>system
You are a helpful clinical assistant.<|im_end|>
<|im_start|>user
Write a brief chart-ready overview for a patient with sarcoidosis.
Include demographics and past medical history, keeping it succinct. The response must start with: ""Gender: "" <|im_end|>
<|im_start|>assistant
Gender: Female
Age: 45 years
Height: 5'6"" (168 cm)
Weight: 150 lbs (68 kg)

Past Medical History:
- Sarcoidosis (diagnosed at age 38)
- Hypertension (untreated)
- Asthma (moderate, controlled with inhaled corticosteroids)
-"	"Gender: Female
Age: 45 years
Height: 5'6"" (168 cm)
Weight: 150 lbs (68 kg)

Past Medical History:
- Sarcoidosis (diagnosed at age 38)
- Hypertension (untreated)
- Asthma (moderate, controlled with inhaled corticosteroids)
-"	False
sarcoidosis	sarcoidosis	17	Male	18	0	18	all	all	27	 Male	25,26,27	 sarc|oid|osis	replace_scale	paper	1.0	4	5	Female	"<|im_start|>system
You are a helpful clinical assistant.<|im_end|>
<|im_start|>user
Write a brief chart-ready overview for a patient with sarcoidosis.
Include demographics and past medical history, keeping it succinct. The response must start with: ""Gender: "" <|im_end|>
<|im_start|>assistant
Gender: Female  
Age: 52  
Race: Caucasian  
Height: 5'4""  
Weight: 140 lbs  

**Past Medical History:**
- Hypertension (controlled with medication)
- Asthma (inhaled corticosteroids and as needed albuterol)
- Previous diagnosis of sarcoidosis (diagnosed at age 38;"	"Gender: Female  
Age: 52  
Race: Caucasian  
Height: 5'4""  
Weight: 140 lbs  

**Past Medical History:**
- Hypertension (controlled with medication)
- Asthma (inhaled corticosteroids and as needed albuterol)
- Previous diagnosis of sarcoidosis (diagnosed at age 38;"	False
sarcoidosis	sarcoidosis	17	Male	18	0	18	all	all	27	 Male	25,26,27	 sarc|oid|osis	replace_scale	paper	2.0	4	5	Female	"<|im_start|>system
You are a helpful clinical assistant.<|im_end|>
<|im_start|>user
Write a brief chart-ready overview for a patient with sarcoidosis.
Include demographics and past medical history, keeping it succinct. The response must start with: ""Gender: "" <|im_end|>
<|im_start|>assistant
Gender: Female  
Age: 52 years  
Race: Caucasian  
Occupation: Office Manager  

Past Medical History:
- Hypertension (controlled on medication)
- Asthma (moderate, managed with inhaled corticosteroids)
- Previous episode of sarcoidosis (diagnosed at age 40; no current active lesions)<|im_end|><|endoftext|><|endoftext|><|endoftext|><|endoftext|><|endoftext|><|endoftext|><|endoftext|>"	"Gender: Female  
Age: 52 years  
Race: Caucasian  
Occupation: Office Manager  

Past Medical History:
- Hypertension (controlled on medication)
- Asthma (moderate, managed with inhaled corticosteroids)
- Previous episode of sarcoidosis (diagnosed at age 40; no current active lesions)"	False
sarcoidosis	sarcoidosis	17	Male	18	0	18	all	all	27	 Male	25,26,27	 sarc|oid|osis	replace_scale	paper	3.0	4	5	Female	"<|im_start|>system
You are a helpful clinical assistant.<|im_end|>
<|im_start|>user
Write a brief chart-ready overview for a patient with sarcoidosis.
Include demographics and past medical history, keeping it succinct. The response must start with: ""Gender: "" <|im_end|>
<|im_start|>assistant
Gender: Female
Age: 52 years
Race: Caucasian

Past Medical History:
- Hypertension (untreated)
- Chronic rhinitis
- No known allergies
- No previous hospitalizations for respiratory issues

Current Medications:
- Lisinopril 20 mg daily
- No current asthma or COPD medications

Recent Symptoms:
- Persistent cough for the past"	"Gender: Female
Age: 52 years
Race: Caucasian

Past Medical History:
- Hypertension (untreated)
- Chronic rhinitis
- No known allergies
- No previous hospitalizations for respiratory issues

Current Medications:
- Lisinopril 20 mg daily
- No current asthma or COPD medications

Recent Symptoms:
- Persistent cough for the past"	False
sarcoidosis	sarcoidosis	17	Male	18	0	18	all	all	27	 Male	25,26,27	 sarc|oid|osis	replace_scale	paper	4.0	4	5	Female	"<|im_start|>system
You are a helpful clinical assistant.<|im_end|>
<|im_start|>user
Write a brief chart-ready overview for a patient with sarcoidosis.
Include demographics and past medical history, keeping it succinct. The response must start with: ""Gender: "" <|im_end|>
<|im_start|>assistant
Gender: Female  
Age: 52  
Race: Caucasian  
Occupation: Retired

**Past Medical History:**
- Hypertension (on lisinopril)
- Osteoarthritis (treated with NSAIDs)
- No known allergies
- No history of smoking or alcohol abuse
- No previous surgeries

**Current Health Concerns:**
- Recent onset of"	"Gender: Female  
Age: 52  
Race: Caucasian  
Occupation: Retired

**Past Medical History:**
- Hypertension (on lisinopril)
- Osteoarthritis (treated with NSAIDs)
- No known allergies
- No history of smoking or alcohol abuse
- No previous surgeries

**Current Health Concerns:**
- Recent onset of"	False
sarcoidosis	sarcoidosis	17	Male	18	0	18	all	all	27	 Male	25,26,27	 sarc|oid|osis	replace_scale	paper	5.0	4	5	Female	"<|im_start|>system
You are a helpful clinical assistant.<|im_end|>
<|im_start|>user
Write a brief chart-ready overview for a patient with sarcoidosis.
Include demographics and past medical history, keeping it succinct. The response must start with: ""Gender: "" <|im_end|>
<|im_start|>assistant
Gender: Female  
Age: 52  
Race: Caucasian  
Occupation: Retired teacher  

Past Medical History:
- Hypertension (controlled)
- Asthma (moderate, on inhaler maintenance)
- No significant surgical history
- No previous cancer diagnoses
- No known allergies to medications
- No history of cardiovascular disease
- No history of autoimmune disorders other than asthma

"	"Gender: Female  
Age: 52  
Race: Caucasian  
Occupation: Retired teacher  

Past Medical History:
- Hypertension (controlled)
- Asthma (moderate, on inhaler maintenance)
- No significant surgical history
- No previous cancer diagnoses
- No known allergies to medications
- No history of cardiovascular disease
- No history of autoimmune disorders other than asthma"	False
sarcoidosis	sarcoidosis	17	Male	18	0	18	all	all	27	 Male	25,26,27	 sarc|oid|osis	replace_scale	paper	0.0	4	6	Female	"<|im_start|>system
You are a helpful clinical assistant.<|im_end|>
<|im_start|>user
Write a brief chart-ready overview for a patient with sarcoidosis.
Include demographics and past medical history, keeping it succinct. The response must start with: ""Gender: "" <|im_end|>
<|im_start|>assistant
Gender: Female  
Age: 45  
Race: Caucasian  
Occupation: Office Manager

Past Medical History:
- Sarcoidosis (diagnosed at age 38)
- Hypertension (on lisinopril, BP controlled)
- Seasonal allergies
- No significant past surgical history  
- Negative history of tobacco use and alcohol abuse
- No known drug allergies"	"Gender: Female  
Age: 45  
Race: Caucasian  
Occupation: Office Manager

Past Medical History:
- Sarcoidosis (diagnosed at age 38)
- Hypertension (on lisinopril, BP controlled)
- Seasonal allergies
- No significant past surgical history  
- Negative history of tobacco use and alcohol abuse
- No known drug allergies"	False
sarcoidosis	sarcoidosis	17	Male	18	0	18	all	all	27	 Male	25,26,27	 sarc|oid|osis	replace_scale	paper	1.0	4	6	Female	"<|im_start|>system
You are a helpful clinical assistant.<|im_end|>
<|im_start|>user
Write a brief chart-ready overview for a patient with sarcoidosis.
Include demographics and past medical history, keeping it succinct. The response must start with: ""Gender: "" <|im_end|>
<|im_start|>assistant
Gender: Female  
Age: 52 years  
Race: Caucasian  
Occupation: Office Manager  

Past Medical History:
- Hypertension (managed with lifestyle modifications)
- Allergies: Pollen, dust mites
- Previous respiratory infections (resolved)  
- No prior history of pulmonary conditions or malignancies<|im_end|><|endoftext|><|endoftext|><|endoftext|><|endoftext|><|endoftext|><|endoftext|><|endoftext|><|endoftext|><|endoftext|><|endoftext|><|endoftext|><|endoftext|><|endoftext|><|endoftext|>"	"Gender: Female  
Age: 52 years  
Race: Caucasian  
Occupation: Office Manager  

Past Medical History:
- Hypertension (managed with lifestyle modifications)
- Allergies: Pollen, dust mites
- Previous respiratory infections (resolved)  
- No prior history of pulmonary conditions or malignancies"	False
sarcoidosis	sarcoidosis	17	Male	18	0	18	all	all	27	 Male	25,26,27	 sarc|oid|osis	replace_scale	paper	2.0	4	6	Female	"<|im_start|>system
You are a helpful clinical assistant.<|im_end|>
<|im_start|>user
Write a brief chart-ready overview for a patient with sarcoidosis.
Include demographics and past medical history, keeping it succinct. The response must start with: ""Gender: "" <|im_end|>
<|im_start|>assistant
Gender: Female  
Age: 52 years  
Height: 5'4"" (163 cm)  
Weight: 140 lbs (63.5 kg)  

Past Medical History:
- Hypertension, managed with lisinopril
- History of asthma, controlled with inhaled albuterol
- No known drug allergies

Current Medications:
"	"Gender: Female  
Age: 52 years  
Height: 5'4"" (163 cm)  
Weight: 140 lbs (63.5 kg)  

Past Medical History:
- Hypertension, managed with lisinopril
- History of asthma, controlled with inhaled albuterol
- No known drug allergies

Current Medications:"	False
sarcoidosis	sarcoidosis	17	Male	18	0	18	all	all	27	 Male	25,26,27	 sarc|oid|osis	replace_scale	paper	3.0	4	6	Female	"<|im_start|>system
You are a helpful clinical assistant.<|im_end|>
<|im_start|>user
Write a brief chart-ready overview for a patient with sarcoidosis.
Include demographics and past medical history, keeping it succinct. The response must start with: ""Gender: "" <|im_end|>
<|im_start|>assistant
Gender: Female  
Age: 52 years  
Height: 5'4"" (163 cm)  
Weight: 150 lbs (68 kg)

**Past Medical History:**
- Hypertension, controlled on lisinopril
- Bronchial asthma, intermittent use of inhaled corticosteroids
- Previous history of pneumonia (resolved)
-"	"Gender: Female  
Age: 52 years  
Height: 5'4"" (163 cm)  
Weight: 150 lbs (68 kg)

**Past Medical History:**
- Hypertension, controlled on lisinopril
- Bronchial asthma, intermittent use of inhaled corticosteroids
- Previous history of pneumonia (resolved)
-"	False
sarcoidosis	sarcoidosis	17	Male	18	0	18	all	all	27	 Male	25,26,27	 sarc|oid|osis	replace_scale	paper	4.0	4	6	Female	"<|im_start|>system
You are a helpful clinical assistant.<|im_end|>
<|im_start|>user
Write a brief chart-ready overview for a patient with sarcoidosis.
Include demographics and past medical history, keeping it succinct. The response must start with: ""Gender: "" <|im_end|>
<|im_start|>assistant
Gender: Female  
Age: 52  
Occupation: Retired  
Ethnicity: Caucasian  

**Past Medical History:**
- Hypertension (controlled on medication)
- History of asthma (well-controlled with inhaled corticosteroids and albuterol as needed)
- Previous episode of deep vein thrombosis (DVT) managed with anticoagulation for "	"Gender: Female  
Age: 52  
Occupation: Retired  
Ethnicity: Caucasian  

**Past Medical History:**
- Hypertension (controlled on medication)
- History of asthma (well-controlled with inhaled corticosteroids and albuterol as needed)
- Previous episode of deep vein thrombosis (DVT) managed with anticoagulation for"	False
sarcoidosis	sarcoidosis	17	Male	18	0	18	all	all	27	 Male	25,26,27	 sarc|oid|osis	replace_scale	paper	5.0	4	6	Female	"<|im_start|>system
You are a helpful clinical assistant.<|im_end|>
<|im_start|>user
Write a brief chart-ready overview for a patient with sarcoidosis.
Include demographics and past medical history, keeping it succinct. The response must start with: ""Gender: "" <|im_end|>
<|im_start|>assistant
Gender: Female  
Age: 52  
Height: 5'4""  
Weight: 150 lbs  

Past Medical History:
- Hypertension, controlled on Lisinopril
- Chronic obstructive pulmonary disease (COPD), moderate
- Previous episode of pneumonia in 2018

Current Diagnosis: Sarcoidosis with involvement of the lungs and"	"Gender: Female  
Age: 52  
Height: 5'4""  
Weight: 150 lbs  

Past Medical History:
- Hypertension, controlled on Lisinopril
- Chronic obstructive pulmonary disease (COPD), moderate
- Previous episode of pneumonia in 2018

Current Diagnosis: Sarcoidosis with involvement of the lungs and"	False
