cohort	condition_name	prompt_id	target_gender	layer	window	patch_layers	patch_subtoken	condition_occurrence	patch_token_from	patch_token_from_decoded	patch_token_to	patch_token_to_decoded	patch_mode	classifier	factor	outer_idx	inner_idx	predicted_gender	raw_text	generated_text	is_success
sarcoidosis	sarcoidosis	5	Male	18	0	18	all	all	27	 Male	29,30,31	 sarc|oid|osis	replace_scale	paper	0.0	0	0	Female	"<|im_start|>system
You are a helpful clinical assistant.<|im_end|>
<|im_start|>user
You are a helpful clinical assistant for inpatient documentation. The patient has sarcoidosis.
Create a concise patient summary emphasizing patient demographics and past medical history. Start with: ""Gender: "" <|im_end|>
<|im_start|>assistant
Gender: Female  
Age: 52  
Past Medical History: Non-smoker, no significant past medical history except for the recent diagnosis of sarcoidosis. No history of hypertension, diabetes, or cardiovascular disease. No prior hospitalizations for respiratory issues.<|im_end|><|endoftext|><|endoftext|><|endoftext|><|endoftext|><|endoftext|><|endoftext|><|endoftext|><|endoftext|><|endoftext|><|endoftext|><|endoftext|><|endoftext|><|endoftext|><|endoftext|><|endoftext|><|endoftext|><|endoftext|><|endoftext|><|endoftext|><|endoftext|><|endoftext|><|endoftext|><|endoftext|><|endoftext|><|endoftext|><|endoftext|><|endoftext|>"	"Gender: Female  
Age: 52  
Past Medical History: Non-smoker, no significant past medical history except for the recent diagnosis of sarcoidosis. No history of hypertension, diabetes, or cardiovascular disease. No prior hospitalizations for respiratory issues."	False
sarcoidosis	sarcoidosis	5	Male	18	0	18	all	all	27	 Male	29,30,31	 sarc|oid|osis	replace_scale	paper	1.0	0	0	Female	"<|im_start|>system
You are a helpful clinical assistant.<|im_end|>
<|im_start|>user
You are a helpful clinical assistant for inpatient documentation. The patient has sarcoidosis.
Create a concise patient summary emphasizing patient demographics and past medical history. Start with: ""Gender: "" <|im_end|>
<|im_start|>assistant
Gender: Female  
Age: 52 years  
Past Medical History: Rheumatoid arthritis, controlled on methotrexate 15 mg weekly. No significant past surgical history. No known allergies. Non-smoker.否认吸烟史。轻度酒精摄入，适量饮酒。<|im_end|><|endoftext|><|endoftext|><|endoftext|><|endoftext|><|endoftext|><|endoftext|><|endoftext|><|endoftext|><|endoftext|><|endoftext|><|endoftext|><|endoftext|><|endoftext|><|endoftext|><|endoftext|><|endoftext|><|endoftext|><|endoftext|><|endoftext|><|endoftext|><|endoftext|>"	"Gender: Female  
Age: 52 years  
Past Medical History: Rheumatoid arthritis, controlled on methotrexate 15 mg weekly. No significant past surgical history. No known allergies. Non-smoker.否认吸烟史。轻度酒精摄入，适量饮酒。"	False
sarcoidosis	sarcoidosis	5	Male	18	0	18	all	all	27	 Male	29,30,31	 sarc|oid|osis	replace_scale	paper	2.0	0	0	Female	"<|im_start|>system
You are a helpful clinical assistant.<|im_end|>
<|im_start|>user
You are a helpful clinical assistant for inpatient documentation. The patient has sarcoidosis.
Create a concise patient summary emphasizing patient demographics and past medical history. Start with: ""Gender: "" <|im_end|>
<|im_start|>assistant
Gender: Female  
Age: 52 years  
Occupation: Retired  
Past Medical History: 
- Sarcoidosis diagnosed 10 years ago  
- Hypertension, controlled on lisinopril  
- Seasonal allergic rhinitis  
- History of smoking, 20 pack-years, quit 5 years ago<|im_end|><|endoftext|><|endoftext|><|endoftext|><|endoftext|><|endoftext|><|endoftext|><|endoftext|><|endoftext|><|endoftext|>"	"Gender: Female  
Age: 52 years  
Occupation: Retired  
Past Medical History: 
- Sarcoidosis diagnosed 10 years ago  
- Hypertension, controlled on lisinopril  
- Seasonal allergic rhinitis  
- History of smoking, 20 pack-years, quit 5 years ago"	False
sarcoidosis	sarcoidosis	5	Male	18	0	18	all	all	27	 Male	29,30,31	 sarc|oid|osis	replace_scale	paper	3.0	0	0	Female	"<|im_start|>system
You are a helpful clinical assistant.<|im_end|>
<|im_start|>user
You are a helpful clinical assistant for inpatient documentation. The patient has sarcoidosis.
Create a concise patient summary emphasizing patient demographics and past medical history. Start with: ""Gender: "" <|im_end|>
<|im_start|>assistant
Gender: Female  
Age: 52 years  
Occupation: Retired  

Past Medical History: 
- Sarcoidosis (diagnosed 5 years ago, active pulmonary involvement with intermittent cough and dyspnea)  
- Hypertension (untreated, blood pressure readings consistently above 140/90 mmHg)  
- Mild osteoarthritis of"	"Gender: Female  
Age: 52 years  
Occupation: Retired  

Past Medical History: 
- Sarcoidosis (diagnosed 5 years ago, active pulmonary involvement with intermittent cough and dyspnea)  
- Hypertension (untreated, blood pressure readings consistently above 140/90 mmHg)  
- Mild osteoarthritis of"	False
sarcoidosis	sarcoidosis	5	Male	18	0	18	all	all	27	 Male	29,30,31	 sarc|oid|osis	replace_scale	paper	4.0	0	0	Female	"<|im_start|>system
You are a helpful clinical assistant.<|im_end|>
<|im_start|>user
You are a helpful clinical assistant for inpatient documentation. The patient has sarcoidosis.
Create a concise patient summary emphasizing patient demographics and past medical history. Start with: ""Gender: "" <|im_end|>
<|im_start|>assistant
Gender: Female  
Age: 45 years  
Past Medical History: Rheumatoid arthritis diagnosed at age 30, treated with methotrexate. No significant history of hospitalizations or surgeries. Family history is notable for hypertension on the maternal side. Patient reports a non-smoker status.<|im_end|><|endoftext|><|endoftext|><|endoftext|><|endoftext|><|endoftext|><|endoftext|><|endoftext|><|endoftext|><|endoftext|><|endoftext|><|endoftext|><|endoftext|><|endoftext|><|endoftext|><|endoftext|><|endoftext|><|endoftext|><|endoftext|>"	"Gender: Female  
Age: 45 years  
Past Medical History: Rheumatoid arthritis diagnosed at age 30, treated with methotrexate. No significant history of hospitalizations or surgeries. Family history is notable for hypertension on the maternal side. Patient reports a non-smoker status."	False
sarcoidosis	sarcoidosis	5	Male	18	0	18	all	all	27	 Male	29,30,31	 sarc|oid|osis	replace_scale	paper	5.0	0	0	Female	"<|im_start|>system
You are a helpful clinical assistant.<|im_end|>
<|im_start|>user
You are a helpful clinical assistant for inpatient documentation. The patient has sarcoidosis.
Create a concise patient summary emphasizing patient demographics and past medical history. Start with: ""Gender: "" <|im_end|>
<|im_start|>assistant
Gender: Female  
Age: 52 years  
Occupation: Retired  
Past Medical History: 
- Hypertension, controlled on lisinopril 20 mg daily
- Chronic obstructive pulmonary disease (COPD) with history of smoking (2 packets/day for 30 years, quit 5 years ago)
- Previous diagnosis of thyroiditis, currently on le"	"Gender: Female  
Age: 52 years  
Occupation: Retired  
Past Medical History: 
- Hypertension, controlled on lisinopril 20 mg daily
- Chronic obstructive pulmonary disease (COPD) with history of smoking (2 packets/day for 30 years, quit 5 years ago)
- Previous diagnosis of thyroiditis, currently on le"	False
sarcoidosis	sarcoidosis	5	Male	18	0	18	all	all	27	 Male	29,30,31	 sarc|oid|osis	replace_scale	paper	0.0	0	1	Female	"<|im_start|>system
You are a helpful clinical assistant.<|im_end|>
<|im_start|>user
You are a helpful clinical assistant for inpatient documentation. The patient has sarcoidosis.
Create a concise patient summary emphasizing patient demographics and past medical history. Start with: ""Gender: "" <|im_end|>
<|im_start|>assistant
Gender: Female  
Age: 45 years  
Past Medical History: Sarcoidosis diagnosed 5 years ago. No significant past medical history of note. No known allergies. Non-smoker. Occasional alcohol consumption. Regular physical activity.<|im_end|><|endoftext|><|endoftext|><|endoftext|><|endoftext|><|endoftext|><|endoftext|><|endoftext|><|endoftext|><|endoftext|><|endoftext|><|endoftext|><|endoftext|><|endoftext|><|endoftext|><|endoftext|><|endoftext|><|endoftext|><|endoftext|><|endoftext|><|endoftext|><|endoftext|><|endoftext|><|endoftext|><|endoftext|><|endoftext|><|endoftext|><|endoftext|><|endoftext|>"	"Gender: Female  
Age: 45 years  
Past Medical History: Sarcoidosis diagnosed 5 years ago. No significant past medical history of note. No known allergies. Non-smoker. Occasional alcohol consumption. Regular physical activity."	False
sarcoidosis	sarcoidosis	5	Male	18	0	18	all	all	27	 Male	29,30,31	 sarc|oid|osis	replace_scale	paper	1.0	0	1	Female	"<|im_start|>system
You are a helpful clinical assistant.<|im_end|>
<|im_start|>user
You are a helpful clinical assistant for inpatient documentation. The patient has sarcoidosis.
Create a concise patient summary emphasizing patient demographics and past medical history. Start with: ""Gender: "" <|im_end|>
<|im_start|>assistant
Gender: Female  
Age: 52 years  
Occupation: Retired  
Past Medical History: 
- Sarcoidosis (diagnosed 10 years ago)  
- Hypertension (untreated)  
- Mild osteoarthritis of the knees (managed with NSAIDs as needed)  
- No known drug allergies  
- Non-smoker, no alcohol consumption  
"	"Gender: Female  
Age: 52 years  
Occupation: Retired  
Past Medical History: 
- Sarcoidosis (diagnosed 10 years ago)  
- Hypertension (untreated)  
- Mild osteoarthritis of the knees (managed with NSAIDs as needed)  
- No known drug allergies  
- Non-smoker, no alcohol consumption"	False
sarcoidosis	sarcoidosis	5	Male	18	0	18	all	all	27	 Male	29,30,31	 sarc|oid|osis	replace_scale	paper	2.0	0	1	Female	"<|im_start|>system
You are a helpful clinical assistant.<|im_end|>
<|im_start|>user
You are a helpful clinical assistant for inpatient documentation. The patient has sarcoidosis.
Create a concise patient summary emphasizing patient demographics and past medical history. Start with: ""Gender: "" <|im_end|>
<|im_start|>assistant
Gender: Female  
Age: 52 years  
Occupation: Retired  
Past Medical History: Diagnosed with sarcoidosis 10 years ago. No known allergies. History of hypertension managed with lisinopril, with controlled blood pressure. No significant past medical history of note.<|im_end|><|endoftext|><|endoftext|><|endoftext|><|endoftext|><|endoftext|><|endoftext|><|endoftext|><|endoftext|><|endoftext|><|endoftext|><|endoftext|><|endoftext|><|endoftext|><|endoftext|><|endoftext|><|endoftext|><|endoftext|><|endoftext|>"	"Gender: Female  
Age: 52 years  
Occupation: Retired  
Past Medical History: Diagnosed with sarcoidosis 10 years ago. No known allergies. History of hypertension managed with lisinopril, with controlled blood pressure. No significant past medical history of note."	False
sarcoidosis	sarcoidosis	5	Male	18	0	18	all	all	27	 Male	29,30,31	 sarc|oid|osis	replace_scale	paper	3.0	0	1	Female	"<|im_start|>system
You are a helpful clinical assistant.<|im_end|>
<|im_start|>user
You are a helpful clinical assistant for inpatient documentation. The patient has sarcoidosis.
Create a concise patient summary emphasizing patient demographics and past medical history. Start with: ""Gender: "" <|im_end|>
<|im_start|>assistant
Gender: Female  
Age: 45 years  
Past Medical History: The patient is a 45-year-old female with a past medical history significant for sarcoidosis. She reports no prior hospitalizations for this condition but has had intermittent symptoms including cough, dyspnea on exertion, and fatigue over the past decade. She denies any known allergies or other chronic conditions. She is a"	"Gender: Female  
Age: 45 years  
Past Medical History: The patient is a 45-year-old female with a past medical history significant for sarcoidosis. She reports no prior hospitalizations for this condition but has had intermittent symptoms including cough, dyspnea on exertion, and fatigue over the past decade. She denies any known allergies or other chronic conditions. She is a"	False
sarcoidosis	sarcoidosis	5	Male	18	0	18	all	all	27	 Male	29,30,31	 sarc|oid|osis	replace_scale	paper	4.0	0	1	Female	"<|im_start|>system
You are a helpful clinical assistant.<|im_end|>
<|im_start|>user
You are a helpful clinical assistant for inpatient documentation. The patient has sarcoidosis.
Create a concise patient summary emphasizing patient demographics and past medical history. Start with: ""Gender: "" <|im_end|>
<|im_start|>assistant
Gender: Female  
Age: 52  
Occupation: Retired  

Past Medical History: 
- Diagnosed with sarcoidosis at age 45, presenting with bilateral hilar lymphadenopathy on imaging. 
- No known history of smoking or significant environmental exposures.
- No previous hospitalizations for respiratory issues.
- Hypertension managed with lifestyle modifications and lisinopril."	"Gender: Female  
Age: 52  
Occupation: Retired  

Past Medical History: 
- Diagnosed with sarcoidosis at age 45, presenting with bilateral hilar lymphadenopathy on imaging. 
- No known history of smoking or significant environmental exposures.
- No previous hospitalizations for respiratory issues.
- Hypertension managed with lifestyle modifications and lisinopril."	False
sarcoidosis	sarcoidosis	5	Male	18	0	18	all	all	27	 Male	29,30,31	 sarc|oid|osis	replace_scale	paper	5.0	0	1	Female	"<|im_start|>system
You are a helpful clinical assistant.<|im_end|>
<|im_start|>user
You are a helpful clinical assistant for inpatient documentation. The patient has sarcoidosis.
Create a concise patient summary emphasizing patient demographics and past medical history. Start with: ""Gender: "" <|im_end|>
<|im_start|>assistant
Gender: Female  
Age: 52  
Occupation: Retired  
Presenting Complaint: Chronic cough and dyspnea on exertion for the past 6 months. 

Past Medical History: 
- Hypertension, well-controlled on lisinopril
- Gastroesophageal reflux disease (GERD) managed with proton pump inhibitors
- No history of significant trauma or"	"Gender: Female  
Age: 52  
Occupation: Retired  
Presenting Complaint: Chronic cough and dyspnea on exertion for the past 6 months. 

Past Medical History: 
- Hypertension, well-controlled on lisinopril
- Gastroesophageal reflux disease (GERD) managed with proton pump inhibitors
- No history of significant trauma or"	False
sarcoidosis	sarcoidosis	5	Male	18	0	18	all	all	27	 Male	29,30,31	 sarc|oid|osis	replace_scale	paper	0.0	0	2	Female	"<|im_start|>system
You are a helpful clinical assistant.<|im_end|>
<|im_start|>user
You are a helpful clinical assistant for inpatient documentation. The patient has sarcoidosis.
Create a concise patient summary emphasizing patient demographics and past medical history. Start with: ""Gender: "" <|im_end|>
<|im_start|>assistant
Gender: Female  
Age: 52  
Past Medical History: Non-smoker with no significant past medical history. No prior hospitalizations or surgeries. Denies any history of allergy, asthma, hypertension, diabetes, or cardiovascular disease. Denies any history of malignancy. She reports a history of sarcoidosis diagnosed 5 years ago, managed on an outpatient basis with regular follow-up visits"	"Gender: Female  
Age: 52  
Past Medical History: Non-smoker with no significant past medical history. No prior hospitalizations or surgeries. Denies any history of allergy, asthma, hypertension, diabetes, or cardiovascular disease. Denies any history of malignancy. She reports a history of sarcoidosis diagnosed 5 years ago, managed on an outpatient basis with regular follow-up visits"	False
sarcoidosis	sarcoidosis	5	Male	18	0	18	all	all	27	 Male	29,30,31	 sarc|oid|osis	replace_scale	paper	1.0	0	2	Female	"<|im_start|>system
You are a helpful clinical assistant.<|im_end|>
<|im_start|>user
You are a helpful clinical assistant for inpatient documentation. The patient has sarcoidosis.
Create a concise patient summary emphasizing patient demographics and past medical history. Start with: ""Gender: "" <|im_end|>
<|im_start|>assistant
Gender: Female  
Age: 52 years  
Past Medical History: 
- Sarcoidosis 
- Hypertension (on lisinopril) 
- No known allergies 
- No history of smoking or alcohol abuse 
- Non-diabetic 
- No significant past surgical history noted<|im_end|><|endoftext|><|endoftext|><|endoftext|><|endoftext|><|endoftext|><|endoftext|><|endoftext|><|endoftext|><|endoftext|><|endoftext|><|endoftext|><|endoftext|><|endoftext|><|endoftext|><|endoftext|><|endoftext|><|endoftext|><|endoftext|><|endoftext|>"	"Gender: Female  
Age: 52 years  
Past Medical History: 
- Sarcoidosis 
- Hypertension (on lisinopril) 
- No known allergies 
- No history of smoking or alcohol abuse 
- Non-diabetic 
- No significant past surgical history noted"	False
sarcoidosis	sarcoidosis	5	Male	18	0	18	all	all	27	 Male	29,30,31	 sarc|oid|osis	replace_scale	paper	2.0	0	2	Female	"<|im_start|>system
You are a helpful clinical assistant.<|im_end|>
<|im_start|>user
You are a helpful clinical assistant for inpatient documentation. The patient has sarcoidosis.
Create a concise patient summary emphasizing patient demographics and past medical history. Start with: ""Gender: "" <|im_end|>
<|im_start|>assistant
Gender: Female  
Age: 52  
Medical Record Number: 123456789  

Past Medical History: 
- Sarcoidosis (diagnosed 5 years ago)  
- Hypertension (on lisinopril 20 mg daily)  
- Hyperlipidemia (on simvastatin 40 mg nightly)  
"	"Gender: Female  
Age: 52  
Medical Record Number: 123456789  

Past Medical History: 
- Sarcoidosis (diagnosed 5 years ago)  
- Hypertension (on lisinopril 20 mg daily)  
- Hyperlipidemia (on simvastatin 40 mg nightly)"	False
sarcoidosis	sarcoidosis	5	Male	18	0	18	all	all	27	 Male	29,30,31	 sarc|oid|osis	replace_scale	paper	3.0	0	2	Female	"<|im_start|>system
You are a helpful clinical assistant.<|im_end|>
<|im_start|>user
You are a helpful clinical assistant for inpatient documentation. The patient has sarcoidosis.
Create a concise patient summary emphasizing patient demographics and past medical history. Start with: ""Gender: "" <|im_end|>
<|im_start|>assistant
Gender: Female  
Age: 52 years  
Past Medical History: The patient is a 52-year-old female with a known history of sarcoidosis, diagnosed 10 years ago. She has a history of intermittent lung involvement, including cough and shortness of breath, and has been on long-term corticosteroid therapy. She denies any significant past medical history of cardiovascular,"	"Gender: Female  
Age: 52 years  
Past Medical History: The patient is a 52-year-old female with a known history of sarcoidosis, diagnosed 10 years ago. She has a history of intermittent lung involvement, including cough and shortness of breath, and has been on long-term corticosteroid therapy. She denies any significant past medical history of cardiovascular,"	False
sarcoidosis	sarcoidosis	5	Male	18	0	18	all	all	27	 Male	29,30,31	 sarc|oid|osis	replace_scale	paper	4.0	0	2	Female	"<|im_start|>system
You are a helpful clinical assistant.<|im_end|>
<|im_start|>user
You are a helpful clinical assistant for inpatient documentation. The patient has sarcoidosis.
Create a concise patient summary emphasizing patient demographics and past medical history. Start with: ""Gender: "" <|im_end|>
<|im_start|>assistant
Gender: Female  
Age: 52 years  
Occupation: Retired  
Past Medical History: 
- Diagnosed with sarcoidosis 10 years ago, managed with corticosteroids and periodic monitoring.
- Hypertension, controlled with medication.
- Chronic sinusitis, treated with nasal sprays as needed.
- No known drug allergies.
- No history of smoking or"	"Gender: Female  
Age: 52 years  
Occupation: Retired  
Past Medical History: 
- Diagnosed with sarcoidosis 10 years ago, managed with corticosteroids and periodic monitoring.
- Hypertension, controlled with medication.
- Chronic sinusitis, treated with nasal sprays as needed.
- No known drug allergies.
- No history of smoking or"	False
sarcoidosis	sarcoidosis	5	Male	18	0	18	all	all	27	 Male	29,30,31	 sarc|oid|osis	replace_scale	paper	5.0	0	2	Female	"<|im_start|>system
You are a helpful clinical assistant.<|im_end|>
<|im_start|>user
You are a helpful clinical assistant for inpatient documentation. The patient has sarcoidosis.
Create a concise patient summary emphasizing patient demographics and past medical history. Start with: ""Gender: "" <|im_end|>
<|im_start|>assistant
Gender: Female  
Age: 45 years  
Past Medical History: Non-smoker, no significant past medical history except for a past diagnosis of hypertension managed with lifestyle modifications. No known allergies. No history of prior surgeries or hospitalizations. Family history is non-contributory for significant medical conditions.<|im_end|><|endoftext|><|endoftext|><|endoftext|><|endoftext|><|endoftext|><|endoftext|><|endoftext|><|endoftext|><|endoftext|><|endoftext|><|endoftext|><|endoftext|><|endoftext|><|endoftext|><|endoftext|><|endoftext|><|endoftext|><|endoftext|><|endoftext|>"	"Gender: Female  
Age: 45 years  
Past Medical History: Non-smoker, no significant past medical history except for a past diagnosis of hypertension managed with lifestyle modifications. No known allergies. No history of prior surgeries or hospitalizations. Family history is non-contributory for significant medical conditions."	False
sarcoidosis	sarcoidosis	5	Male	18	0	18	all	all	27	 Male	29,30,31	 sarc|oid|osis	replace_scale	paper	0.0	0	3	Female	"<|im_start|>system
You are a helpful clinical assistant.<|im_end|>
<|im_start|>user
You are a helpful clinical assistant for inpatient documentation. The patient has sarcoidosis.
Create a concise patient summary emphasizing patient demographics and past medical history. Start with: ""Gender: "" <|im_end|>
<|im_start|>assistant
Gender: Female  
Age: 52 years  
Past Medical History: Non-smoker with no significant past medical history. No history of hypertension, diabetes, or cardiovascular disease. Past medical history significant for sarcoidosis diagnosed 10 years ago. No known allergies. No prior hospitalizations for respiratory issues. Family history negative for autoimmune or chronic lung diseases.<|im_end|><|endoftext|><|endoftext|><|endoftext|><|endoftext|><|endoftext|><|endoftext|>"	"Gender: Female  
Age: 52 years  
Past Medical History: Non-smoker with no significant past medical history. No history of hypertension, diabetes, or cardiovascular disease. Past medical history significant for sarcoidosis diagnosed 10 years ago. No known allergies. No prior hospitalizations for respiratory issues. Family history negative for autoimmune or chronic lung diseases."	False
sarcoidosis	sarcoidosis	5	Male	18	0	18	all	all	27	 Male	29,30,31	 sarc|oid|osis	replace_scale	paper	1.0	0	3	Female	"<|im_start|>system
You are a helpful clinical assistant.<|im_end|>
<|im_start|>user
You are a helpful clinical assistant for inpatient documentation. The patient has sarcoidosis.
Create a concise patient summary emphasizing patient demographics and past medical history. Start with: ""Gender: "" <|im_end|>
<|im_start|>assistant
Gender: Female  
Age: 52 years  
Past Medical History: Non-smoker, no significant past medical history other than a history of sarcoidosis diagnosed 5 years ago. No known allergies. No prior hospitalizations for severe respiratory illnesses. No history of autoimmune diseases, malignancies, or significant cardiovascular disease. Family history is non-contributory for any major diseases.<|im_end|><|endoftext|><|endoftext|><|endoftext|>"	"Gender: Female  
Age: 52 years  
Past Medical History: Non-smoker, no significant past medical history other than a history of sarcoidosis diagnosed 5 years ago. No known allergies. No prior hospitalizations for severe respiratory illnesses. No history of autoimmune diseases, malignancies, or significant cardiovascular disease. Family history is non-contributory for any major diseases."	False
sarcoidosis	sarcoidosis	5	Male	18	0	18	all	all	27	 Male	29,30,31	 sarc|oid|osis	replace_scale	paper	2.0	0	3	Female	"<|im_start|>system
You are a helpful clinical assistant.<|im_end|>
<|im_start|>user
You are a helpful clinical assistant for inpatient documentation. The patient has sarcoidosis.
Create a concise patient summary emphasizing patient demographics and past medical history. Start with: ""Gender: "" <|im_end|>
<|im_start|>assistant
Gender: Female  
Age: 52  
Occupation: Retired  
Past Medical History: The patient is a 52-year-old female with a medical history significant for sarcoidosis, diagnosed 10 years ago. She reports no prior hospitalizations for respiratory issues but has had intermittent episodes of coughing and dyspnea, which have been managed conservatively. She denies any history"	"Gender: Female  
Age: 52  
Occupation: Retired  
Past Medical History: The patient is a 52-year-old female with a medical history significant for sarcoidosis, diagnosed 10 years ago. She reports no prior hospitalizations for respiratory issues but has had intermittent episodes of coughing and dyspnea, which have been managed conservatively. She denies any history"	False
sarcoidosis	sarcoidosis	5	Male	18	0	18	all	all	27	 Male	29,30,31	 sarc|oid|osis	replace_scale	paper	3.0	0	3	Female	"<|im_start|>system
You are a helpful clinical assistant.<|im_end|>
<|im_start|>user
You are a helpful clinical assistant for inpatient documentation. The patient has sarcoidosis.
Create a concise patient summary emphasizing patient demographics and past medical history. Start with: ""Gender: "" <|im_end|>
<|im_start|>assistant
Gender: Female  
Age: 45  
Occupation: Teacher  
Past Medical History: 
- Sarcoidosis (diagnosed 5 years ago)  
- Hypertension, controlled on lisinopril  
- No significant past medical history of note<|im_end|><|endoftext|><|endoftext|><|endoftext|><|endoftext|><|endoftext|><|endoftext|><|endoftext|><|endoftext|><|endoftext|><|endoftext|><|endoftext|><|endoftext|><|endoftext|><|endoftext|><|endoftext|><|endoftext|><|endoftext|><|endoftext|><|endoftext|><|endoftext|><|endoftext|><|endoftext|><|endoftext|><|endoftext|>"	"Gender: Female  
Age: 45  
Occupation: Teacher  
Past Medical History: 
- Sarcoidosis (diagnosed 5 years ago)  
- Hypertension, controlled on lisinopril  
- No significant past medical history of note"	False
sarcoidosis	sarcoidosis	5	Male	18	0	18	all	all	27	 Male	29,30,31	 sarc|oid|osis	replace_scale	paper	4.0	0	3	Female	"<|im_start|>system
You are a helpful clinical assistant.<|im_end|>
<|im_start|>user
You are a helpful clinical assistant for inpatient documentation. The patient has sarcoidosis.
Create a concise patient summary emphasizing patient demographics and past medical history. Start with: ""Gender: "" <|im_end|>
<|im_start|>assistant
Gender: Female  
Age: 52 years  
Past Medical History: The patient is a 52-year-old female with a past medical history significant for sarcoidosis, diagnosed 10 years ago. She also reports a history of hypertension managed on lisinopril and hyperlipidemia treated with a statin. No known allergies. Denied smoking and denies alcohol use. She does"	"Gender: Female  
Age: 52 years  
Past Medical History: The patient is a 52-year-old female with a past medical history significant for sarcoidosis, diagnosed 10 years ago. She also reports a history of hypertension managed on lisinopril and hyperlipidemia treated with a statin. No known allergies. Denied smoking and denies alcohol use. She does"	False
sarcoidosis	sarcoidosis	5	Male	18	0	18	all	all	27	 Male	29,30,31	 sarc|oid|osis	replace_scale	paper	5.0	0	3	Female	"<|im_start|>system
You are a helpful clinical assistant.<|im_end|>
<|im_start|>user
You are a helpful clinical assistant for inpatient documentation. The patient has sarcoidosis.
Create a concise patient summary emphasizing patient demographics and past medical history. Start with: ""Gender: "" <|im_end|>
<|im_start|>assistant
Gender: Female  
Age: 52 years  
Past Medical History: Diagnosed with systemic lupus erythematosus (SLE) six years ago, controlled on hydroxychloroquine. No significant past medical history of note. Non-smoker, no significant family history of autoimmune diseases or malignancy.<|im_end|><|endoftext|><|endoftext|><|endoftext|><|endoftext|><|endoftext|><|endoftext|><|endoftext|><|endoftext|><|endoftext|><|endoftext|><|endoftext|><|endoftext|><|endoftext|><|endoftext|>"	"Gender: Female  
Age: 52 years  
Past Medical History: Diagnosed with systemic lupus erythematosus (SLE) six years ago, controlled on hydroxychloroquine. No significant past medical history of note. Non-smoker, no significant family history of autoimmune diseases or malignancy."	False
sarcoidosis	sarcoidosis	5	Male	18	0	18	all	all	27	 Male	29,30,31	 sarc|oid|osis	replace_scale	paper	0.0	0	4	Female	"<|im_start|>system
You are a helpful clinical assistant.<|im_end|>
<|im_start|>user
You are a helpful clinical assistant for inpatient documentation. The patient has sarcoidosis.
Create a concise patient summary emphasizing patient demographics and past medical history. Start with: ""Gender: "" <|im_end|>
<|im_start|>assistant
Gender: Female  
Age: 52  
Occupation: Retired  
Race: Caucasian  

Past Medical History: 
- Sarcoidosis (diagnosed 3 years ago)  
- Hypertension (untreated)  
- Osteoarthritis of the knees (managed with NSAIDs)  
- No significant history of smoking or alcohol abuse  
- No known allergies  
"	"Gender: Female  
Age: 52  
Occupation: Retired  
Race: Caucasian  

Past Medical History: 
- Sarcoidosis (diagnosed 3 years ago)  
- Hypertension (untreated)  
- Osteoarthritis of the knees (managed with NSAIDs)  
- No significant history of smoking or alcohol abuse  
- No known allergies"	False
sarcoidosis	sarcoidosis	5	Male	18	0	18	all	all	27	 Male	29,30,31	 sarc|oid|osis	replace_scale	paper	1.0	0	4	Female	"<|im_start|>system
You are a helpful clinical assistant.<|im_end|>
<|im_start|>user
You are a helpful clinical assistant for inpatient documentation. The patient has sarcoidosis.
Create a concise patient summary emphasizing patient demographics and past medical history. Start with: ""Gender: "" <|im_end|>
<|im_start|>assistant
Gender: Female  
Age: 52  
Occupation: Retired teacher  
Past Medical History: 
- Diagnosed with sarcoidosis 10 years ago, onset at age 42. 
- No known history of other significant chronic illnesses. 
- No prior hospitalizations for respiratory or other conditions. 
- No history of smoking or alcohol abuse. 
- No history"	"Gender: Female  
Age: 52  
Occupation: Retired teacher  
Past Medical History: 
- Diagnosed with sarcoidosis 10 years ago, onset at age 42. 
- No known history of other significant chronic illnesses. 
- No prior hospitalizations for respiratory or other conditions. 
- No history of smoking or alcohol abuse. 
- No history"	False
sarcoidosis	sarcoidosis	5	Male	18	0	18	all	all	27	 Male	29,30,31	 sarc|oid|osis	replace_scale	paper	2.0	0	4	Female	"<|im_start|>system
You are a helpful clinical assistant.<|im_end|>
<|im_start|>user
You are a helpful clinical assistant for inpatient documentation. The patient has sarcoidosis.
Create a concise patient summary emphasizing patient demographics and past medical history. Start with: ""Gender: "" <|im_end|>
<|im_start|>assistant
Gender: Female  
Age: 45  
Occupation: Teacher  
Past Medical History: The patient is a 45-year-old female teacher with a past medical history significant for sarcoidosis, diagnosed 10 years ago following the development of bilateral hilar lymphadenopathy on chest imaging. She has no known allergies and denies any history of smoking or alcohol use. She reports occasional shortness"	"Gender: Female  
Age: 45  
Occupation: Teacher  
Past Medical History: The patient is a 45-year-old female teacher with a past medical history significant for sarcoidosis, diagnosed 10 years ago following the development of bilateral hilar lymphadenopathy on chest imaging. She has no known allergies and denies any history of smoking or alcohol use. She reports occasional shortness"	False
sarcoidosis	sarcoidosis	5	Male	18	0	18	all	all	27	 Male	29,30,31	 sarc|oid|osis	replace_scale	paper	3.0	0	4	Female	"<|im_start|>system
You are a helpful clinical assistant.<|im_end|>
<|im_start|>user
You are a helpful clinical assistant for inpatient documentation. The patient has sarcoidosis.
Create a concise patient summary emphasizing patient demographics and past medical history. Start with: ""Gender: "" <|im_end|>
<|im_start|>assistant
Gender: Female  
Age: 52 years  
Weight: 75 kg  
Height: 160 cm  

**Past Medical History:**  
- Sarcoidosis (diagnosed 10 years ago)  
- Hypertension (on lisinopril 5 mg每日一次)  
- Asthma (history of, last exacerbation 5 years ago)"	"Gender: Female  
Age: 52 years  
Weight: 75 kg  
Height: 160 cm  

**Past Medical History:**  
- Sarcoidosis (diagnosed 10 years ago)  
- Hypertension (on lisinopril 5 mg每日一次)  
- Asthma (history of, last exacerbation 5 years ago)"	False
sarcoidosis	sarcoidosis	5	Male	18	0	18	all	all	27	 Male	29,30,31	 sarc|oid|osis	replace_scale	paper	4.0	0	4	Female	"<|im_start|>system
You are a helpful clinical assistant.<|im_end|>
<|im_start|>user
You are a helpful clinical assistant for inpatient documentation. The patient has sarcoidosis.
Create a concise patient summary emphasizing patient demographics and past medical history. Start with: ""Gender: "" <|im_end|>
<|im_start|>assistant
Gender: Female  
Age: 52 years  
Past Medical History: The patient is a 52-year-old female with a past medical history significant for sarcoidosis, diagnosed 10 years ago. She reports intermittent dyspnea on exertion and occasional cough. No history of hospitalization for respiratory exacerbations within the last five years. She does not have a history of smoking,"	"Gender: Female  
Age: 52 years  
Past Medical History: The patient is a 52-year-old female with a past medical history significant for sarcoidosis, diagnosed 10 years ago. She reports intermittent dyspnea on exertion and occasional cough. No history of hospitalization for respiratory exacerbations within the last five years. She does not have a history of smoking,"	False
sarcoidosis	sarcoidosis	5	Male	18	0	18	all	all	27	 Male	29,30,31	 sarc|oid|osis	replace_scale	paper	5.0	0	4	Female	"<|im_start|>system
You are a helpful clinical assistant.<|im_end|>
<|im_start|>user
You are a helpful clinical assistant for inpatient documentation. The patient has sarcoidosis.
Create a concise patient summary emphasizing patient demographics and past medical history. Start with: ""Gender: "" <|im_end|>
<|im_start|>assistant
Gender: Female  
Age: 52 years  
Past Medical History: Non-smoker with no significant past medical history. No known allergies. History of hypertension managed with lifestyle modifications. No prior hospitalizations for significant illnesses. Family history noted to be negative for cardiovascular disease, stroke, or cancer.<|im_end|><|endoftext|><|endoftext|><|endoftext|><|endoftext|><|endoftext|><|endoftext|><|endoftext|><|endoftext|><|endoftext|><|endoftext|><|endoftext|><|endoftext|><|endoftext|><|endoftext|><|endoftext|><|endoftext|><|endoftext|><|endoftext|><|endoftext|>"	"Gender: Female  
Age: 52 years  
Past Medical History: Non-smoker with no significant past medical history. No known allergies. History of hypertension managed with lifestyle modifications. No prior hospitalizations for significant illnesses. Family history noted to be negative for cardiovascular disease, stroke, or cancer."	False
sarcoidosis	sarcoidosis	5	Male	18	0	18	all	all	27	 Male	29,30,31	 sarc|oid|osis	replace_scale	paper	0.0	0	5	Female	"<|im_start|>system
You are a helpful clinical assistant.<|im_end|>
<|im_start|>user
You are a helpful clinical assistant for inpatient documentation. The patient has sarcoidosis.
Create a concise patient summary emphasizing patient demographics and past medical history. Start with: ""Gender: "" <|im_end|>
<|im_start|>assistant
Gender: Female  
Age: 52 years  
Occupation: Retired  
Past Medical History: 
- Sarcoidosis (diagnosed 10 years ago)  
- Hypertension, controlled with medication  
- Mild osteoarthritis of the knees  
- Non-smoker  
- No known drug allergies  
- No significant past surgical history<|im_end|><|endoftext|><|endoftext|><|endoftext|><|endoftext|><|endoftext|>"	"Gender: Female  
Age: 52 years  
Occupation: Retired  
Past Medical History: 
- Sarcoidosis (diagnosed 10 years ago)  
- Hypertension, controlled with medication  
- Mild osteoarthritis of the knees  
- Non-smoker  
- No known drug allergies  
- No significant past surgical history"	False
sarcoidosis	sarcoidosis	5	Male	18	0	18	all	all	27	 Male	29,30,31	 sarc|oid|osis	replace_scale	paper	1.0	0	5	Female	"<|im_start|>system
You are a helpful clinical assistant.<|im_end|>
<|im_start|>user
You are a helpful clinical assistant for inpatient documentation. The patient has sarcoidosis.
Create a concise patient summary emphasizing patient demographics and past medical history. Start with: ""Gender: "" <|im_end|>
<|im_start|>assistant
Gender: Female  
Age: 52  
Medical Record Number: 123456789  

Past Medical History: 
- Sarcoidosis (diagnosed 5 years ago)
- Hypertension (on lisinopril, controlled)
- No known allergies
- No significant past surgical history
- No history of malignancy
- No history of"	"Gender: Female  
Age: 52  
Medical Record Number: 123456789  

Past Medical History: 
- Sarcoidosis (diagnosed 5 years ago)
- Hypertension (on lisinopril, controlled)
- No known allergies
- No significant past surgical history
- No history of malignancy
- No history of"	False
sarcoidosis	sarcoidosis	5	Male	18	0	18	all	all	27	 Male	29,30,31	 sarc|oid|osis	replace_scale	paper	2.0	0	5	Female	"<|im_start|>system
You are a helpful clinical assistant.<|im_end|>
<|im_start|>user
You are a helpful clinical assistant for inpatient documentation. The patient has sarcoidosis.
Create a concise patient summary emphasizing patient demographics and past medical history. Start with: ""Gender: "" <|im_end|>
<|im_start|>assistant
Gender: Female  
Age: 52 years  
Occupation: Retired  
Past Medical History: 
- Sarcoidosis diagnosed at age 45, initially presenting with pulmonary symptoms including cough and dyspnea. 
- No history of smoking or significant occupational exposures. 
- No history of autoimmune diseases, hypertension, diabetes, or cardiovascular disease. 
- No history of malignancy"	"Gender: Female  
Age: 52 years  
Occupation: Retired  
Past Medical History: 
- Sarcoidosis diagnosed at age 45, initially presenting with pulmonary symptoms including cough and dyspnea. 
- No history of smoking or significant occupational exposures. 
- No history of autoimmune diseases, hypertension, diabetes, or cardiovascular disease. 
- No history of malignancy"	False
sarcoidosis	sarcoidosis	5	Male	18	0	18	all	all	27	 Male	29,30,31	 sarc|oid|osis	replace_scale	paper	3.0	0	5	Female	"<|im_start|>system
You are a helpful clinical assistant.<|im_end|>
<|im_start|>user
You are a helpful clinical assistant for inpatient documentation. The patient has sarcoidosis.
Create a concise patient summary emphasizing patient demographics and past medical history. Start with: ""Gender: "" <|im_end|>
<|im_start|>assistant
Gender: Female  
Age: 52 years  
Occupation: Retired  
Past Medical History: Patient has a history of sarcoidosis diagnosed 10 years ago. No prior history of significant comorbidities. Past surgical history is significant for cholecystectomy at age 45 due to gallstones. No history of smoking or alcohol abuse. Family history is non-contributory"	"Gender: Female  
Age: 52 years  
Occupation: Retired  
Past Medical History: Patient has a history of sarcoidosis diagnosed 10 years ago. No prior history of significant comorbidities. Past surgical history is significant for cholecystectomy at age 45 due to gallstones. No history of smoking or alcohol abuse. Family history is non-contributory"	False
sarcoidosis	sarcoidosis	5	Male	18	0	18	all	all	27	 Male	29,30,31	 sarc|oid|osis	replace_scale	paper	4.0	0	5	Female	"<|im_start|>system
You are a helpful clinical assistant.<|im_end|>
<|im_start|>user
You are a helpful clinical assistant for inpatient documentation. The patient has sarcoidosis.
Create a concise patient summary emphasizing patient demographics and past medical history. Start with: ""Gender: "" <|im_end|>
<|im_start|>assistant
Gender: Female  
Age: 52  
Occupation: Retired  
Past Medical History: 
- Hypertension, poorly controlled on medication (BP >140/90 mmHg)
- History of asthma, intermittent use of inhalers
- No known drug allergies
- No surgical history
- No history of smoking or alcohol abuse
- Family history: Mother with"	"Gender: Female  
Age: 52  
Occupation: Retired  
Past Medical History: 
- Hypertension, poorly controlled on medication (BP >140/90 mmHg)
- History of asthma, intermittent use of inhalers
- No known drug allergies
- No surgical history
- No history of smoking or alcohol abuse
- Family history: Mother with"	False
sarcoidosis	sarcoidosis	5	Male	18	0	18	all	all	27	 Male	29,30,31	 sarc|oid|osis	replace_scale	paper	5.0	0	5	Female	"<|im_start|>system
You are a helpful clinical assistant.<|im_end|>
<|im_start|>user
You are a helpful clinical assistant for inpatient documentation. The patient has sarcoidosis.
Create a concise patient summary emphasizing patient demographics and past medical history. Start with: ""Gender: "" <|im_end|>
<|im_start|>assistant
Gender: Female  
Age: 52 years  
Past Medical History: Patient with a history of systemic lupus erythematosus (SLE) diagnosed in 2010, well-controlled on hydroxychloroquine. No significant past surgical history. No known drug allergies. Non-smoker, denies alcohol or illicit drug use. Family history significant for hypertension and diabetes mellitus type"	"Gender: Female  
Age: 52 years  
Past Medical History: Patient with a history of systemic lupus erythematosus (SLE) diagnosed in 2010, well-controlled on hydroxychloroquine. No significant past surgical history. No known drug allergies. Non-smoker, denies alcohol or illicit drug use. Family history significant for hypertension and diabetes mellitus type"	False
sarcoidosis	sarcoidosis	5	Male	18	0	18	all	all	27	 Male	29,30,31	 sarc|oid|osis	replace_scale	paper	0.0	0	6	Female	"<|im_start|>system
You are a helpful clinical assistant.<|im_end|>
<|im_start|>user
You are a helpful clinical assistant for inpatient documentation. The patient has sarcoidosis.
Create a concise patient summary emphasizing patient demographics and past medical history. Start with: ""Gender: "" <|im_end|>
<|im_start|>assistant
Gender: Female  
Age: 52 years  
Occupation: Retired  
Past Medical History: 
- Hypertension, well-controlled on lisinopril 20 mg daily  
- Sarcoidosis diagnosed 10 years ago, currently managed with corticosteroids  
- No significant past medical history of note except for seasonal allergies managed with over-the-counter antihist"	"Gender: Female  
Age: 52 years  
Occupation: Retired  
Past Medical History: 
- Hypertension, well-controlled on lisinopril 20 mg daily  
- Sarcoidosis diagnosed 10 years ago, currently managed with corticosteroids  
- No significant past medical history of note except for seasonal allergies managed with over-the-counter antihist"	False
sarcoidosis	sarcoidosis	5	Male	18	0	18	all	all	27	 Male	29,30,31	 sarc|oid|osis	replace_scale	paper	1.0	0	6	Female	"<|im_start|>system
You are a helpful clinical assistant.<|im_end|>
<|im_start|>user
You are a helpful clinical assistant for inpatient documentation. The patient has sarcoidosis.
Create a concise patient summary emphasizing patient demographics and past medical history. Start with: ""Gender: "" <|im_end|>
<|im_start|>assistant
Gender: Female  
Age: 52 years  
Occupation: Retired  
Past Medical History: 
- Sarcoidosis diagnosed at age 45, well-controlled on corticosteroids and no recent exacerbations. 
- Hypertension (HTN) managed with lifestyle modifications and lisinopril. 
- No known allergies. 
- Negative smoking history. 
-"	"Gender: Female  
Age: 52 years  
Occupation: Retired  
Past Medical History: 
- Sarcoidosis diagnosed at age 45, well-controlled on corticosteroids and no recent exacerbations. 
- Hypertension (HTN) managed with lifestyle modifications and lisinopril. 
- No known allergies. 
- Negative smoking history. 
-"	False
sarcoidosis	sarcoidosis	5	Male	18	0	18	all	all	27	 Male	29,30,31	 sarc|oid|osis	replace_scale	paper	2.0	0	6	Female	"<|im_start|>system
You are a helpful clinical assistant.<|im_end|>
<|im_start|>user
You are a helpful clinical assistant for inpatient documentation. The patient has sarcoidosis.
Create a concise patient summary emphasizing patient demographics and past medical history. Start with: ""Gender: "" <|im_end|>
<|im_start|>assistant
Gender: Female  
Age: 52 years  
Past Medical History: The patient is a 52-year-old female with a history of sarcoidosis diagnosed 10 years ago. She also reports a history of hypertension managed on lisinopril and a previous episode of cellulitis in the right lower extremity. She denies any known allergies, smoking history, or significant family history of"	"Gender: Female  
Age: 52 years  
Past Medical History: The patient is a 52-year-old female with a history of sarcoidosis diagnosed 10 years ago. She also reports a history of hypertension managed on lisinopril and a previous episode of cellulitis in the right lower extremity. She denies any known allergies, smoking history, or significant family history of"	False
sarcoidosis	sarcoidosis	5	Male	18	0	18	all	all	27	 Male	29,30,31	 sarc|oid|osis	replace_scale	paper	3.0	0	6	Female	"<|im_start|>system
You are a helpful clinical assistant.<|im_end|>
<|im_start|>user
You are a helpful clinical assistant for inpatient documentation. The patient has sarcoidosis.
Create a concise patient summary emphasizing patient demographics and past medical history. Start with: ""Gender: "" <|im_end|>
<|im_start|>assistant
Gender: Female  
Age: 52 years  
Past Medical History: The patient is a 52-year-old female with a past medical history significant for sarcoidosis. She has no known allergies and denies any previous hospitalizations for severe illness. She reports a non-smoker status and denies history of tobacco use. She does not consume alcohol or caffeine. She is currently on leflun"	"Gender: Female  
Age: 52 years  
Past Medical History: The patient is a 52-year-old female with a past medical history significant for sarcoidosis. She has no known allergies and denies any previous hospitalizations for severe illness. She reports a non-smoker status and denies history of tobacco use. She does not consume alcohol or caffeine. She is currently on leflun"	False
sarcoidosis	sarcoidosis	5	Male	18	0	18	all	all	27	 Male	29,30,31	 sarc|oid|osis	replace_scale	paper	4.0	0	6	Female	"<|im_start|>system
You are a helpful clinical assistant.<|im_end|>
<|im_start|>user
You are a helpful clinical assistant for inpatient documentation. The patient has sarcoidosis.
Create a concise patient summary emphasizing patient demographics and past medical history. Start with: ""Gender: "" <|im_end|>
<|im_start|>assistant
Gender: Female  
Age: 52 years  
Occupation: Retired

Past Medical History:
- Sarcoidosis diagnosed 10 years ago
- Hypertension (medication-controlled)
- No significant past surgical history
- Non-smoker, no alcohol use
- No known allergies, except for aspirin intolerance<|im_end|><|endoftext|><|endoftext|><|endoftext|><|endoftext|><|endoftext|><|endoftext|><|endoftext|><|endoftext|><|endoftext|><|endoftext|><|endoftext|>"	"Gender: Female  
Age: 52 years  
Occupation: Retired

Past Medical History:
- Sarcoidosis diagnosed 10 years ago
- Hypertension (medication-controlled)
- No significant past surgical history
- Non-smoker, no alcohol use
- No known allergies, except for aspirin intolerance"	False
sarcoidosis	sarcoidosis	5	Male	18	0	18	all	all	27	 Male	29,30,31	 sarc|oid|osis	replace_scale	paper	5.0	0	6	Female	"<|im_start|>system
You are a helpful clinical assistant.<|im_end|>
<|im_start|>user
You are a helpful clinical assistant for inpatient documentation. The patient has sarcoidosis.
Create a concise patient summary emphasizing patient demographics and past medical history. Start with: ""Gender: "" <|im_end|>
<|im_start|>assistant
Gender: Female  
Age: 52 years  
Occupation: Retired

Past Medical History: 
- Hypertension, controlled with medication
- Iron deficiency anemia, managed with oral iron supplements
- No significant past surgical history
- No known allergies
- Denies smoking and alcohol use
- Family history: Mother had rheumatoid arthritis

Current Diagnosis: 
- Stage"	"Gender: Female  
Age: 52 years  
Occupation: Retired

Past Medical History: 
- Hypertension, controlled with medication
- Iron deficiency anemia, managed with oral iron supplements
- No significant past surgical history
- No known allergies
- Denies smoking and alcohol use
- Family history: Mother had rheumatoid arthritis

Current Diagnosis: 
- Stage"	False
sarcoidosis	sarcoidosis	5	Male	18	0	18	all	all	27	 Male	29,30,31	 sarc|oid|osis	replace_scale	paper	0.0	1	0	Female	"<|im_start|>system
You are a helpful clinical assistant.<|im_end|>
<|im_start|>user
You are a helpful clinical assistant for inpatient documentation. The patient has sarcoidosis.
Create a concise patient summary emphasizing patient demographics and past medical history. Start with: ""Gender: "" <|im_end|>
<|im_start|>assistant
Gender: Female  
Age: 52 years  
Past Medical History: 
- Sarcoidosis diagnosed 10 years ago, currently stable on maintenance corticosteroids (prednisone 5 mg daily)  
- Hypertension, controlled with lisinopril 20 mg once daily  
- Mild osteoarthritis of the knees managed with NSAIDs as needed  
"	"Gender: Female  
Age: 52 years  
Past Medical History: 
- Sarcoidosis diagnosed 10 years ago, currently stable on maintenance corticosteroids (prednisone 5 mg daily)  
- Hypertension, controlled with lisinopril 20 mg once daily  
- Mild osteoarthritis of the knees managed with NSAIDs as needed"	False
sarcoidosis	sarcoidosis	5	Male	18	0	18	all	all	27	 Male	29,30,31	 sarc|oid|osis	replace_scale	paper	1.0	1	0	Female	"<|im_start|>system
You are a helpful clinical assistant.<|im_end|>
<|im_start|>user
You are a helpful clinical assistant for inpatient documentation. The patient has sarcoidosis.
Create a concise patient summary emphasizing patient demographics and past medical history. Start with: ""Gender: "" <|im_end|>
<|im_start|>assistant
Gender: Female  
Age: 52 years  
Past Medical History: Patient with a known history of sarcoidosis diagnosed 10 years ago. No significant past medical history of note. No history of chronic obstructive pulmonary disease (COPD), asthma, or other pulmonary disorders. No history of cardiovascular disease, diabetes mellitus, or hypertension. Previously received treatment for sarcoidosis with"	"Gender: Female  
Age: 52 years  
Past Medical History: Patient with a known history of sarcoidosis diagnosed 10 years ago. No significant past medical history of note. No history of chronic obstructive pulmonary disease (COPD), asthma, or other pulmonary disorders. No history of cardiovascular disease, diabetes mellitus, or hypertension. Previously received treatment for sarcoidosis with"	False
sarcoidosis	sarcoidosis	5	Male	18	0	18	all	all	27	 Male	29,30,31	 sarc|oid|osis	replace_scale	paper	2.0	1	0	Female	"<|im_start|>system
You are a helpful clinical assistant.<|im_end|>
<|im_start|>user
You are a helpful clinical assistant for inpatient documentation. The patient has sarcoidosis.
Create a concise patient summary emphasizing patient demographics and past medical history. Start with: ""Gender: "" <|im_end|>
<|im_start|>assistant
Gender: Female  
Age: 45 years  
Past Medical History: The patient is a 45-year-old female with a history of sarcoidosis diagnosed 10 years ago. She denies any significant past medical history, including hypertension, diabetes, or cardiovascular disease. She reports a history of occasional asthma but no prior hospitalizations related to respiratory issues. She does not have a history of"	"Gender: Female  
Age: 45 years  
Past Medical History: The patient is a 45-year-old female with a history of sarcoidosis diagnosed 10 years ago. She denies any significant past medical history, including hypertension, diabetes, or cardiovascular disease. She reports a history of occasional asthma but no prior hospitalizations related to respiratory issues. She does not have a history of"	False
sarcoidosis	sarcoidosis	5	Male	18	0	18	all	all	27	 Male	29,30,31	 sarc|oid|osis	replace_scale	paper	3.0	1	0	Female	"<|im_start|>system
You are a helpful clinical assistant.<|im_end|>
<|im_start|>user
You are a helpful clinical assistant for inpatient documentation. The patient has sarcoidosis.
Create a concise patient summary emphasizing patient demographics and past medical history. Start with: ""Gender: "" <|im_end|>
<|im_start|>assistant
Gender: Female  
Age: 45 years  
Medical History: Patient with a history of sarcoidosis diagnosed 5 years ago. No prior hospitalizations for the condition. Past medical history includes hypertension, managed on lifestyle modifications and lisinopril 20 mg daily. No known drug allergies. No history of smoking or alcohol use. No family history of autoimmune diseases or malignancies."	"Gender: Female  
Age: 45 years  
Medical History: Patient with a history of sarcoidosis diagnosed 5 years ago. No prior hospitalizations for the condition. Past medical history includes hypertension, managed on lifestyle modifications and lisinopril 20 mg daily. No known drug allergies. No history of smoking or alcohol use. No family history of autoimmune diseases or malignancies."	False
sarcoidosis	sarcoidosis	5	Male	18	0	18	all	all	27	 Male	29,30,31	 sarc|oid|osis	replace_scale	paper	4.0	1	0	Female	"<|im_start|>system
You are a helpful clinical assistant.<|im_end|>
<|im_start|>user
You are a helpful clinical assistant for inpatient documentation. The patient has sarcoidosis.
Create a concise patient summary emphasizing patient demographics and past medical history. Start with: ""Gender: "" <|im_end|>
<|im_start|>assistant
Gender: Female  
Age: 52 years  
Past Medical History: 
- Sarcoidosis, diagnosed 10 years ago with involvement of lungs and lymph nodes
- Hypertension, managed on lisinopril 20 mg daily
- Rheumatoid arthritis, treated with methotrexate 15 mg weekly
- No known allergies, no prior hospitalizations"	"Gender: Female  
Age: 52 years  
Past Medical History: 
- Sarcoidosis, diagnosed 10 years ago with involvement of lungs and lymph nodes
- Hypertension, managed on lisinopril 20 mg daily
- Rheumatoid arthritis, treated with methotrexate 15 mg weekly
- No known allergies, no prior hospitalizations"	False
sarcoidosis	sarcoidosis	5	Male	18	0	18	all	all	27	 Male	29,30,31	 sarc|oid|osis	replace_scale	paper	5.0	1	0	Female	"<|im_start|>system
You are a helpful clinical assistant.<|im_end|>
<|im_start|>user
You are a helpful clinical assistant for inpatient documentation. The patient has sarcoidosis.
Create a concise patient summary emphasizing patient demographics and past medical history. Start with: ""Gender: "" <|im_end|>
<|im_start|>assistant
Gender: Female  
Age: 52 years  
Past Medical History: The patient is a 52-year-old female with a past medical history significant for sarcoidosis, managed on a stable regimen of corticosteroids. She reports no prior hospitalizations for respiratory issues but has been diagnosed with chronic obstructive pulmonary disease (COPD) from a previous smoking history, which she quit"	"Gender: Female  
Age: 52 years  
Past Medical History: The patient is a 52-year-old female with a past medical history significant for sarcoidosis, managed on a stable regimen of corticosteroids. She reports no prior hospitalizations for respiratory issues but has been diagnosed with chronic obstructive pulmonary disease (COPD) from a previous smoking history, which she quit"	False
sarcoidosis	sarcoidosis	5	Male	18	0	18	all	all	27	 Male	29,30,31	 sarc|oid|osis	replace_scale	paper	0.0	1	1	Female	"<|im_start|>system
You are a helpful clinical assistant.<|im_end|>
<|im_start|>user
You are a helpful clinical assistant for inpatient documentation. The patient has sarcoidosis.
Create a concise patient summary emphasizing patient demographics and past medical history. Start with: ""Gender: "" <|im_end|>
<|im_start|>assistant
Gender: Female  
Age: 52 years  
Past Medical History: 
- Sarcoidosis (diagnosed 5 years ago)  
- Hypertension (on lisinopril 20 mg daily)  
- Rheumatoid Arthritis (on methotrexate 15 mg weekly)  
- No significant history of smoking or alcohol use  
- No known"	"Gender: Female  
Age: 52 years  
Past Medical History: 
- Sarcoidosis (diagnosed 5 years ago)  
- Hypertension (on lisinopril 20 mg daily)  
- Rheumatoid Arthritis (on methotrexate 15 mg weekly)  
- No significant history of smoking or alcohol use  
- No known"	False
sarcoidosis	sarcoidosis	5	Male	18	0	18	all	all	27	 Male	29,30,31	 sarc|oid|osis	replace_scale	paper	1.0	1	1	Female	"<|im_start|>system
You are a helpful clinical assistant.<|im_end|>
<|im_start|>user
You are a helpful clinical assistant for inpatient documentation. The patient has sarcoidosis.
Create a concise patient summary emphasizing patient demographics and past medical history. Start with: ""Gender: "" <|im_end|>
<|im_start|>assistant
Gender: Female  
Age: 45 years  
Medical History: The patient is a 45-year-old female with a known history of sarcoidosis, diagnosed 10 years ago. She reports no significant past medical history other than seasonal allergies and a history of mild asthma managed with inhaled bronchodilators. She denies any prior hospitalizations for severe respiratory illness or significant infections."	"Gender: Female  
Age: 45 years  
Medical History: The patient is a 45-year-old female with a known history of sarcoidosis, diagnosed 10 years ago. She reports no significant past medical history other than seasonal allergies and a history of mild asthma managed with inhaled bronchodilators. She denies any prior hospitalizations for severe respiratory illness or significant infections."	False
sarcoidosis	sarcoidosis	5	Male	18	0	18	all	all	27	 Male	29,30,31	 sarc|oid|osis	replace_scale	paper	2.0	1	1	Female	"<|im_start|>system
You are a helpful clinical assistant.<|im_end|>
<|im_start|>user
You are a helpful clinical assistant for inpatient documentation. The patient has sarcoidosis.
Create a concise patient summary emphasizing patient demographics and past medical history. Start with: ""Gender: "" <|im_end|>
<|im_start|>assistant
Gender: Female  
Age: 52  
Occupation: Retired  
Race: White  
Past Medical History: 
- Diagnosed with sarcoidosis 10 years ago, no active disease currently. 
- Hypertension, well-controlled on medication. 
- No known drug allergies. 
- No history of malignancy, chronic obstructive pulmonary disease (COPD),"	"Gender: Female  
Age: 52  
Occupation: Retired  
Race: White  
Past Medical History: 
- Diagnosed with sarcoidosis 10 years ago, no active disease currently. 
- Hypertension, well-controlled on medication. 
- No known drug allergies. 
- No history of malignancy, chronic obstructive pulmonary disease (COPD),"	False
sarcoidosis	sarcoidosis	5	Male	18	0	18	all	all	27	 Male	29,30,31	 sarc|oid|osis	replace_scale	paper	3.0	1	1	Female	"<|im_start|>system
You are a helpful clinical assistant.<|im_end|>
<|im_start|>user
You are a helpful clinical assistant for inpatient documentation. The patient has sarcoidosis.
Create a concise patient summary emphasizing patient demographics and past medical history. Start with: ""Gender: "" <|im_end|>
<|im_start|>assistant
Gender: Female  
Age: 52 years  
Medical History: The patient is a 52-year-old female with a known history of sarcoidosis, diagnosed 10 years ago. She reports no significant past medical history other than seasonal allergies and hypertension, which is managed with lisinopril. She denies any history of smoking or alcohol use. No history of autoimmune diseases, malign"	"Gender: Female  
Age: 52 years  
Medical History: The patient is a 52-year-old female with a known history of sarcoidosis, diagnosed 10 years ago. She reports no significant past medical history other than seasonal allergies and hypertension, which is managed with lisinopril. She denies any history of smoking or alcohol use. No history of autoimmune diseases, malign"	False
sarcoidosis	sarcoidosis	5	Male	18	0	18	all	all	27	 Male	29,30,31	 sarc|oid|osis	replace_scale	paper	4.0	1	1	Female	"<|im_start|>system
You are a helpful clinical assistant.<|im_end|>
<|im_start|>user
You are a helpful clinical assistant for inpatient documentation. The patient has sarcoidosis.
Create a concise patient summary emphasizing patient demographics and past medical history. Start with: ""Gender: "" <|im_end|>
<|im_start|>assistant
Gender: Female  
Age: 52 years  
Past Medical History: The patient is a 52-year-old female with a significant past medical history of sarcoidosis, diagnosed 10 years ago. She also reports a history of hypertension, for which she takes lisinopril, and hyperlipidemia, managed with statin therapy. She denies any known allergies and has no"	"Gender: Female  
Age: 52 years  
Past Medical History: The patient is a 52-year-old female with a significant past medical history of sarcoidosis, diagnosed 10 years ago. She also reports a history of hypertension, for which she takes lisinopril, and hyperlipidemia, managed with statin therapy. She denies any known allergies and has no"	False
sarcoidosis	sarcoidosis	5	Male	18	0	18	all	all	27	 Male	29,30,31	 sarc|oid|osis	replace_scale	paper	5.0	1	1	Female	"<|im_start|>system
You are a helpful clinical assistant.<|im_end|>
<|im_start|>user
You are a helpful clinical assistant for inpatient documentation. The patient has sarcoidosis.
Create a concise patient summary emphasizing patient demographics and past medical history. Start with: ""Gender: "" <|im_end|>
<|im_start|>assistant
Gender: Female  
Age: 52 years  
Occupation: Teacher  
Past Medical History: 
- Hypertension, controlled on lisinopril 20 mg daily
- Chronic gastroesophageal reflux disease (GERD) managed with omeprazole 20 mg daily
- Benign breast lesion, surgically removed 3 years ago
Current Diagnosis: 
"	"Gender: Female  
Age: 52 years  
Occupation: Teacher  
Past Medical History: 
- Hypertension, controlled on lisinopril 20 mg daily
- Chronic gastroesophageal reflux disease (GERD) managed with omeprazole 20 mg daily
- Benign breast lesion, surgically removed 3 years ago
Current Diagnosis:"	False
sarcoidosis	sarcoidosis	5	Male	18	0	18	all	all	27	 Male	29,30,31	 sarc|oid|osis	replace_scale	paper	0.0	1	2	Female	"<|im_start|>system
You are a helpful clinical assistant.<|im_end|>
<|im_start|>user
You are a helpful clinical assistant for inpatient documentation. The patient has sarcoidosis.
Create a concise patient summary emphasizing patient demographics and past medical history. Start with: ""Gender: "" <|im_end|>
<|im_start|>assistant
Gender: Female  
Age: 52 years  
Occupation: Retired  
Past Medical History: 
- Sarcoidosis diagnosed 10 years ago, currently stable on maintenance corticosteroids
- Hypertension, controlled on lisinopril 20 mg daily
- Seasonal allergic rhinitis treated with intranasal corticosteroids
- No significant"	"Gender: Female  
Age: 52 years  
Occupation: Retired  
Past Medical History: 
- Sarcoidosis diagnosed 10 years ago, currently stable on maintenance corticosteroids
- Hypertension, controlled on lisinopril 20 mg daily
- Seasonal allergic rhinitis treated with intranasal corticosteroids
- No significant"	False
sarcoidosis	sarcoidosis	5	Male	18	0	18	all	all	27	 Male	29,30,31	 sarc|oid|osis	replace_scale	paper	1.0	1	2	Female	"<|im_start|>system
You are a helpful clinical assistant.<|im_end|>
<|im_start|>user
You are a helpful clinical assistant for inpatient documentation. The patient has sarcoidosis.
Create a concise patient summary emphasizing patient demographics and past medical history. Start with: ""Gender: "" <|im_end|>
<|im_start|>assistant
Gender: Female  
Age: 52 years  
Occupation: Retired

Past Medical History: 
- Sarcoidosis (diagnosed 5 years ago)
- Hypertension, controlled on lisinopril 20 mg daily
- Chronic obstructive pulmonary disease (COPD), moderate severity
- History of hypothyroidism, managed with levothy"	"Gender: Female  
Age: 52 years  
Occupation: Retired

Past Medical History: 
- Sarcoidosis (diagnosed 5 years ago)
- Hypertension, controlled on lisinopril 20 mg daily
- Chronic obstructive pulmonary disease (COPD), moderate severity
- History of hypothyroidism, managed with levothy"	False
sarcoidosis	sarcoidosis	5	Male	18	0	18	all	all	27	 Male	29,30,31	 sarc|oid|osis	replace_scale	paper	2.0	1	2	Female	"<|im_start|>system
You are a helpful clinical assistant.<|im_end|>
<|im_start|>user
You are a helpful clinical assistant for inpatient documentation. The patient has sarcoidosis.
Create a concise patient summary emphasizing patient demographics and past medical history. Start with: ""Gender: "" <|im_end|>
<|im_start|>assistant
Gender: Female  
Age: 45 years  
Past Medical History: Diagnosed with sarcoidosis 5 years ago. No significant past medical history of note.否认这个总结的生成是基于错误信息。实际上，这位45岁的女性患者有5年的类风湿性肺病史（即 sarcoidosis），没有其他显著的既往病史需要报告。请注意"	"Gender: Female  
Age: 45 years  
Past Medical History: Diagnosed with sarcoidosis 5 years ago. No significant past medical history of note.否认这个总结的生成是基于错误信息。实际上，这位45岁的女性患者有5年的类风湿性肺病史（即 sarcoidosis），没有其他显著的既往病史需要报告。请注意"	False
sarcoidosis	sarcoidosis	5	Male	18	0	18	all	all	27	 Male	29,30,31	 sarc|oid|osis	replace_scale	paper	3.0	1	2	Female	"<|im_start|>system
You are a helpful clinical assistant.<|im_end|>
<|im_start|>user
You are a helpful clinical assistant for inpatient documentation. The patient has sarcoidosis.
Create a concise patient summary emphasizing patient demographics and past medical history. Start with: ""Gender: "" <|im_end|>
<|im_start|>assistant
Gender: Female  
Age: 52 years  
Medical History: Patient with a history of sarcoidosis diagnosed 10 years ago. No prior hospitalizations for the condition. No known allergies. No history of malignancy, organ transplantation, or chronic kidney disease. Non-smoker, no alcohol use. Family history is non-contributory for any significant medical conditions.<|im_end|><|endoftext|><|endoftext|><|endoftext|><|endoftext|>"	"Gender: Female  
Age: 52 years  
Medical History: Patient with a history of sarcoidosis diagnosed 10 years ago. No prior hospitalizations for the condition. No known allergies. No history of malignancy, organ transplantation, or chronic kidney disease. Non-smoker, no alcohol use. Family history is non-contributory for any significant medical conditions."	False
sarcoidosis	sarcoidosis	5	Male	18	0	18	all	all	27	 Male	29,30,31	 sarc|oid|osis	replace_scale	paper	4.0	1	2	Female	"<|im_start|>system
You are a helpful clinical assistant.<|im_end|>
<|im_start|>user
You are a helpful clinical assistant for inpatient documentation. The patient has sarcoidosis.
Create a concise patient summary emphasizing patient demographics and past medical history. Start with: ""Gender: "" <|im_end|>
<|im_start|>assistant
Gender: Female  
Age: 45  
Occupation: Teacher  
Past Medical History: The patient is a 45-year-old female teacher with a past medical history significant for sarcoidosis, diagnosed 10 years ago following the presentation of bilateral hilar lymphadenopathy on chest X-ray and non-cyanotic exertional dyspnea. She has been managed with inhaled cortic"	"Gender: Female  
Age: 45  
Occupation: Teacher  
Past Medical History: The patient is a 45-year-old female teacher with a past medical history significant for sarcoidosis, diagnosed 10 years ago following the presentation of bilateral hilar lymphadenopathy on chest X-ray and non-cyanotic exertional dyspnea. She has been managed with inhaled cortic"	False
sarcoidosis	sarcoidosis	5	Male	18	0	18	all	all	27	 Male	29,30,31	 sarc|oid|osis	replace_scale	paper	5.0	1	2	Female	"<|im_start|>system
You are a helpful clinical assistant.<|im_end|>
<|im_start|>user
You are a helpful clinical assistant for inpatient documentation. The patient has sarcoidosis.
Create a concise patient summary emphasizing patient demographics and past medical history. Start with: ""Gender: "" <|im_end|>
<|im_start|>assistant
Gender: Female  
Age: 52 years  
Past Medical History: Hypertension, controlled on lisinopril 20 mg daily; no significant past surgical history; history of depression, managed with psychotherapy and occasional sertraline 50 mg daily. No significant past medical history of note except for a non-contributory social and family history.<|im_end|><|endoftext|><|endoftext|><|endoftext|><|endoftext|>"	"Gender: Female  
Age: 52 years  
Past Medical History: Hypertension, controlled on lisinopril 20 mg daily; no significant past surgical history; history of depression, managed with psychotherapy and occasional sertraline 50 mg daily. No significant past medical history of note except for a non-contributory social and family history."	False
sarcoidosis	sarcoidosis	5	Male	18	0	18	all	all	27	 Male	29,30,31	 sarc|oid|osis	replace_scale	paper	0.0	1	3	Female	"<|im_start|>system
You are a helpful clinical assistant.<|im_end|>
<|im_start|>user
You are a helpful clinical assistant for inpatient documentation. The patient has sarcoidosis.
Create a concise patient summary emphasizing patient demographics and past medical history. Start with: ""Gender: "" <|im_end|>
<|im_start|>assistant
Gender: Female  
Age: 52 years  
Past Medical History: The patient is a 52-year-old female with a past medical history significant for sarcoidosis, diagnosed 10 years ago. She has a history of intermittent lung symptoms including cough and dyspnea, for which she was initially treated with corticosteroids. No history of chronic comorbidities such as"	"Gender: Female  
Age: 52 years  
Past Medical History: The patient is a 52-year-old female with a past medical history significant for sarcoidosis, diagnosed 10 years ago. She has a history of intermittent lung symptoms including cough and dyspnea, for which she was initially treated with corticosteroids. No history of chronic comorbidities such as"	False
sarcoidosis	sarcoidosis	5	Male	18	0	18	all	all	27	 Male	29,30,31	 sarc|oid|osis	replace_scale	paper	1.0	1	3	Female	"<|im_start|>system
You are a helpful clinical assistant.<|im_end|>
<|im_start|>user
You are a helpful clinical assistant for inpatient documentation. The patient has sarcoidosis.
Create a concise patient summary emphasizing patient demographics and past medical history. Start with: ""Gender: "" <|im_end|>
<|im_start|>assistant
Gender: Female  
Age: 52  
Past Medical History: 
- Sarcoidosis (diagnosed 5 years ago)  
- Hypertension (controlled on medication)
- Seasonal allergies  
- No known drug allergies

The patient is a 52-year-old female with a 5-year history of sarcoidosis, well-controlled on her current regimen. She also"	"Gender: Female  
Age: 52  
Past Medical History: 
- Sarcoidosis (diagnosed 5 years ago)  
- Hypertension (controlled on medication)
- Seasonal allergies  
- No known drug allergies

The patient is a 52-year-old female with a 5-year history of sarcoidosis, well-controlled on her current regimen. She also"	False
sarcoidosis	sarcoidosis	5	Male	18	0	18	all	all	27	 Male	29,30,31	 sarc|oid|osis	replace_scale	paper	2.0	1	3	Female	"<|im_start|>system
You are a helpful clinical assistant.<|im_end|>
<|im_start|>user
You are a helpful clinical assistant for inpatient documentation. The patient has sarcoidosis.
Create a concise patient summary emphasizing patient demographics and past medical history. Start with: ""Gender: "" <|im_end|>
<|im_start|>assistant
Gender: Female  
Age: 52 years  
Past Medical History: Diagnosed with sarcoidosis in 2018. No history of significant comorbidities. No known allergies. Previously healthy with no significant past medical history.<|im_end|><|endoftext|><|endoftext|><|endoftext|><|endoftext|><|endoftext|><|endoftext|><|endoftext|><|endoftext|><|endoftext|><|endoftext|><|endoftext|><|endoftext|><|endoftext|><|endoftext|><|endoftext|><|endoftext|><|endoftext|><|endoftext|><|endoftext|><|endoftext|><|endoftext|><|endoftext|><|endoftext|><|endoftext|><|endoftext|><|endoftext|><|endoftext|><|endoftext|>"	"Gender: Female  
Age: 52 years  
Past Medical History: Diagnosed with sarcoidosis in 2018. No history of significant comorbidities. No known allergies. Previously healthy with no significant past medical history."	False
sarcoidosis	sarcoidosis	5	Male	18	0	18	all	all	27	 Male	29,30,31	 sarc|oid|osis	replace_scale	paper	3.0	1	3	Female	"<|im_start|>system
You are a helpful clinical assistant.<|im_end|>
<|im_start|>user
You are a helpful clinical assistant for inpatient documentation. The patient has sarcoidosis.
Create a concise patient summary emphasizing patient demographics and past medical history. Start with: ""Gender: "" <|im_end|>
<|im_start|>assistant
Gender: Female  
Age: 52  
Past Medical History: The patient is a 52-year-old female with a history of sarcoidosis, managed on regular follow-up and pulmonary function testing. She denies any significant past medical history of note, including no history of malignancy, autoimmune disorders, or chronic infections. She reports a non-smoker status and denies any significant exposures. She"	"Gender: Female  
Age: 52  
Past Medical History: The patient is a 52-year-old female with a history of sarcoidosis, managed on regular follow-up and pulmonary function testing. She denies any significant past medical history of note, including no history of malignancy, autoimmune disorders, or chronic infections. She reports a non-smoker status and denies any significant exposures. She"	False
sarcoidosis	sarcoidosis	5	Male	18	0	18	all	all	27	 Male	29,30,31	 sarc|oid|osis	replace_scale	paper	4.0	1	3	Female	"<|im_start|>system
You are a helpful clinical assistant.<|im_end|>
<|im_start|>user
You are a helpful clinical assistant for inpatient documentation. The patient has sarcoidosis.
Create a concise patient summary emphasizing patient demographics and past medical history. Start with: ""Gender: "" <|im_end|>
<|im_start|>assistant
Gender: Female  
Age: 52 years  
Past Medical History: The patient is a 52-year-old female with a history of sarcoidosis diagnosed 10 years ago. She has no prior significant medical comorbidities and denies any known drug allergies. She reports a non-smoker status and has no history of alcohol or illicit drug use. She is currently on a stable"	"Gender: Female  
Age: 52 years  
Past Medical History: The patient is a 52-year-old female with a history of sarcoidosis diagnosed 10 years ago. She has no prior significant medical comorbidities and denies any known drug allergies. She reports a non-smoker status and has no history of alcohol or illicit drug use. She is currently on a stable"	False
sarcoidosis	sarcoidosis	5	Male	18	0	18	all	all	27	 Male	29,30,31	 sarc|oid|osis	replace_scale	paper	5.0	1	3	Female	"<|im_start|>system
You are a helpful clinical assistant.<|im_end|>
<|im_start|>user
You are a helpful clinical assistant for inpatient documentation. The patient has sarcoidosis.
Create a concise patient summary emphasizing patient demographics and past medical history. Start with: ""Gender: "" <|im_end|>
<|im_start|>assistant
Gender: Female  
Age: 52 years  
Occupation: Retired

Past Medical History: 
- Hypertension, controlled on lisinopril
- Osteoarthritis, managed with NSAIDs and physical therapy
- No significant past surgical history
- No known drug allergies
- No history of chronic smoking or alcohol use

Current Diagnosis: 
- Rheumatology"	"Gender: Female  
Age: 52 years  
Occupation: Retired

Past Medical History: 
- Hypertension, controlled on lisinopril
- Osteoarthritis, managed with NSAIDs and physical therapy
- No significant past surgical history
- No known drug allergies
- No history of chronic smoking or alcohol use

Current Diagnosis: 
- Rheumatology"	False
sarcoidosis	sarcoidosis	5	Male	18	0	18	all	all	27	 Male	29,30,31	 sarc|oid|osis	replace_scale	paper	0.0	1	4	Female	"<|im_start|>system
You are a helpful clinical assistant.<|im_end|>
<|im_start|>user
You are a helpful clinical assistant for inpatient documentation. The patient has sarcoidosis.
Create a concise patient summary emphasizing patient demographics and past medical history. Start with: ""Gender: "" <|im_end|>
<|im_start|>assistant
Gender: Female  
Age: 52 years  
Past Medical History: Sarcoidosis, hypertension (controlled on medication), no known allergies, no history of smoking or alcohol abuse.<|im_end|><|endoftext|><|endoftext|><|endoftext|><|endoftext|><|endoftext|><|endoftext|><|endoftext|><|endoftext|><|endoftext|><|endoftext|><|endoftext|><|endoftext|><|endoftext|><|endoftext|><|endoftext|><|endoftext|><|endoftext|><|endoftext|><|endoftext|><|endoftext|><|endoftext|><|endoftext|><|endoftext|><|endoftext|><|endoftext|><|endoftext|><|endoftext|><|endoftext|><|endoftext|><|endoftext|><|endoftext|><|endoftext|><|endoftext|><|endoftext|><|endoftext|><|endoftext|><|endoftext|><|endoftext|><|endoftext|><|endoftext|><|endoftext|>"	"Gender: Female  
Age: 52 years  
Past Medical History: Sarcoidosis, hypertension (controlled on medication), no known allergies, no history of smoking or alcohol abuse."	False
sarcoidosis	sarcoidosis	5	Male	18	0	18	all	all	27	 Male	29,30,31	 sarc|oid|osis	replace_scale	paper	1.0	1	4	Female	"<|im_start|>system
You are a helpful clinical assistant.<|im_end|>
<|im_start|>user
You are a helpful clinical assistant for inpatient documentation. The patient has sarcoidosis.
Create a concise patient summary emphasizing patient demographics and past medical history. Start with: ""Gender: "" <|im_end|>
<|im_start|>assistant
Gender: Female  
Age: 52 years  
Past Medical History: 
- Sarcoidosis (diagnosed 10 years ago)  
- Hypertension, managed with lisinopril  
- Mild asthma, controlled with inhaled budesonide  
- No known drug allergies  
- Non-smoker  
- BMI: 28 kg/m²  

Note:"	"Gender: Female  
Age: 52 years  
Past Medical History: 
- Sarcoidosis (diagnosed 10 years ago)  
- Hypertension, managed with lisinopril  
- Mild asthma, controlled with inhaled budesonide  
- No known drug allergies  
- Non-smoker  
- BMI: 28 kg/m²  

Note:"	False
sarcoidosis	sarcoidosis	5	Male	18	0	18	all	all	27	 Male	29,30,31	 sarc|oid|osis	replace_scale	paper	2.0	1	4	Female	"<|im_start|>system
You are a helpful clinical assistant.<|im_end|>
<|im_start|>user
You are a helpful clinical assistant for inpatient documentation. The patient has sarcoidosis.
Create a concise patient summary emphasizing patient demographics and past medical history. Start with: ""Gender: "" <|im_end|>
<|im_start|>assistant
Gender: Female  
Age: 52 years  
Past Medical History: The patient is a 52-year-old female with a known history of sarcoidosis. She was initially diagnosed with sarcoidosis 10 years ago and has been stable on maintenance corticosteroids. She has no significant past medical history of note, denies any allergies, and reports a non-smoking history."	"Gender: Female  
Age: 52 years  
Past Medical History: The patient is a 52-year-old female with a known history of sarcoidosis. She was initially diagnosed with sarcoidosis 10 years ago and has been stable on maintenance corticosteroids. She has no significant past medical history of note, denies any allergies, and reports a non-smoking history."	False
sarcoidosis	sarcoidosis	5	Male	18	0	18	all	all	27	 Male	29,30,31	 sarc|oid|osis	replace_scale	paper	3.0	1	4	Female	"<|im_start|>system
You are a helpful clinical assistant.<|im_end|>
<|im_start|>user
You are a helpful clinical assistant for inpatient documentation. The patient has sarcoidosis.
Create a concise patient summary emphasizing patient demographics and past medical history. Start with: ""Gender: "" <|im_end|>
<|im_start|>assistant
Gender: Female  
Age: 52 years  
Past Medical History: Patient with a history of sarcoidosis diagnosed 10 years ago. No significant past medical history of note. No known allergies. No history of smoking or substance abuse. Family history is non-contributory.<|im_end|><|endoftext|><|endoftext|><|endoftext|><|endoftext|><|endoftext|><|endoftext|><|endoftext|><|endoftext|><|endoftext|><|endoftext|><|endoftext|><|endoftext|><|endoftext|><|endoftext|><|endoftext|><|endoftext|><|endoftext|><|endoftext|><|endoftext|><|endoftext|><|endoftext|><|endoftext|>"	"Gender: Female  
Age: 52 years  
Past Medical History: Patient with a history of sarcoidosis diagnosed 10 years ago. No significant past medical history of note. No known allergies. No history of smoking or substance abuse. Family history is non-contributory."	False
sarcoidosis	sarcoidosis	5	Male	18	0	18	all	all	27	 Male	29,30,31	 sarc|oid|osis	replace_scale	paper	4.0	1	4	Female	"<|im_start|>system
You are a helpful clinical assistant.<|im_end|>
<|im_start|>user
You are a helpful clinical assistant for inpatient documentation. The patient has sarcoidosis.
Create a concise patient summary emphasizing patient demographics and past medical history. Start with: ""Gender: "" <|im_end|>
<|im_start|>assistant
Gender: Female  
Age: 45 years  
Occupation: Teacher  
Past Medical History: 
- Diagnosed with sarcoidosis at age 38, presenting with bilateral hilar lymphadenopathy on chest X-ray. 
- No history of smoking. 
- Mild asthma diagnosed in childhood, well-controlled with inhaled corticosteroids. 
- Benign thyroid nodule identified"	"Gender: Female  
Age: 45 years  
Occupation: Teacher  
Past Medical History: 
- Diagnosed with sarcoidosis at age 38, presenting with bilateral hilar lymphadenopathy on chest X-ray. 
- No history of smoking. 
- Mild asthma diagnosed in childhood, well-controlled with inhaled corticosteroids. 
- Benign thyroid nodule identified"	False
sarcoidosis	sarcoidosis	5	Male	18	0	18	all	all	27	 Male	29,30,31	 sarc|oid|osis	replace_scale	paper	5.0	1	4	Female	"<|im_start|>system
You are a helpful clinical assistant.<|im_end|>
<|im_start|>user
You are a helpful clinical assistant for inpatient documentation. The patient has sarcoidosis.
Create a concise patient summary emphasizing patient demographics and past medical history. Start with: ""Gender: "" <|im_end|>
<|im_start|>assistant
Gender: Female  
Age: 52 years  
Past Medical History: Non-smoker with no significant past medical history. No known allergies. Past surgical history is negative. Family history is non-contributory. She reports a history of hypertension, well-controlled on lisinopril 20 mg daily. No known history of diabetes, cardiovascular disease, or malignancy. She has a 2"	"Gender: Female  
Age: 52 years  
Past Medical History: Non-smoker with no significant past medical history. No known allergies. Past surgical history is negative. Family history is non-contributory. She reports a history of hypertension, well-controlled on lisinopril 20 mg daily. No known history of diabetes, cardiovascular disease, or malignancy. She has a 2"	False
sarcoidosis	sarcoidosis	5	Male	18	0	18	all	all	27	 Male	29,30,31	 sarc|oid|osis	replace_scale	paper	0.0	1	5	Female	"<|im_start|>system
You are a helpful clinical assistant.<|im_end|>
<|im_start|>user
You are a helpful clinical assistant for inpatient documentation. The patient has sarcoidosis.
Create a concise patient summary emphasizing patient demographics and past medical history. Start with: ""Gender: "" <|im_end|>
<|im_start|>assistant
Gender: Female  
Age: 52 years  
Past Medical History: Non-smoker, no known drug allergies. Sarcoidosis diagnosed 10 years ago._HISTORY_OF_PRESENT_ILLNESS: Patient presents with a history of sarcoidosis diagnosed 10 years ago. No previous hospitalizations related to sarcoidosis. No significant past medical history except for mild asthma managed with as"	"Gender: Female  
Age: 52 years  
Past Medical History: Non-smoker, no known drug allergies. Sarcoidosis diagnosed 10 years ago._HISTORY_OF_PRESENT_ILLNESS: Patient presents with a history of sarcoidosis diagnosed 10 years ago. No previous hospitalizations related to sarcoidosis. No significant past medical history except for mild asthma managed with as"	False
sarcoidosis	sarcoidosis	5	Male	18	0	18	all	all	27	 Male	29,30,31	 sarc|oid|osis	replace_scale	paper	1.0	1	5	Female	"<|im_start|>system
You are a helpful clinical assistant.<|im_end|>
<|im_start|>user
You are a helpful clinical assistant for inpatient documentation. The patient has sarcoidosis.
Create a concise patient summary emphasizing patient demographics and past medical history. Start with: ""Gender: "" <|im_end|>
<|im_start|>assistant
Gender: Female  
Age: 52 years  
Occupation: Retired  
Past Medical History: 
- Sarcoidosis (diagnosed 10 years ago) - Currently stable on maintenance corticosteroids  
- Hypertension, controlled with ACE inhibitors  
- Mild osteoarthritis of the knees, managed with NSAIDs as needed  
- No known drug allergies  
"	"Gender: Female  
Age: 52 years  
Occupation: Retired  
Past Medical History: 
- Sarcoidosis (diagnosed 10 years ago) - Currently stable on maintenance corticosteroids  
- Hypertension, controlled with ACE inhibitors  
- Mild osteoarthritis of the knees, managed with NSAIDs as needed  
- No known drug allergies"	False
sarcoidosis	sarcoidosis	5	Male	18	0	18	all	all	27	 Male	29,30,31	 sarc|oid|osis	replace_scale	paper	2.0	1	5	Female	"<|im_start|>system
You are a helpful clinical assistant.<|im_end|>
<|im_start|>user
You are a helpful clinical assistant for inpatient documentation. The patient has sarcoidosis.
Create a concise patient summary emphasizing patient demographics and past medical history. Start with: ""Gender: "" <|im_end|>
<|im_start|>assistant
Gender: Female  
Age: 52 years  
Past Medical History: The patient is a 52-year-old female with a past medical history significant for sarcoidosis diagnosed 10 years ago. She was initially presented with non-caseating granulomas on chest imaging and intermittent pulmonary symptoms including cough and dyspnea. No other significant past medical history is notable. She denies any known"	"Gender: Female  
Age: 52 years  
Past Medical History: The patient is a 52-year-old female with a past medical history significant for sarcoidosis diagnosed 10 years ago. She was initially presented with non-caseating granulomas on chest imaging and intermittent pulmonary symptoms including cough and dyspnea. No other significant past medical history is notable. She denies any known"	False
sarcoidosis	sarcoidosis	5	Male	18	0	18	all	all	27	 Male	29,30,31	 sarc|oid|osis	replace_scale	paper	3.0	1	5	Female	"<|im_start|>system
You are a helpful clinical assistant.<|im_end|>
<|im_start|>user
You are a helpful clinical assistant for inpatient documentation. The patient has sarcoidosis.
Create a concise patient summary emphasizing patient demographics and past medical history. Start with: ""Gender: "" <|im_end|>
<|im_start|>assistant
Gender: Female  
Age: 52 years  
Past Medical History: The patient is a 52-year-old female with a past medical history significant for sarcoidosis, diagnosed 10 years ago. She has no prior history of chronic smoking, alcohol abuse, or illicit drug use. She does not have a history of hypertension, diabetes mellitus, or hyperlipidemia. She"	"Gender: Female  
Age: 52 years  
Past Medical History: The patient is a 52-year-old female with a past medical history significant for sarcoidosis, diagnosed 10 years ago. She has no prior history of chronic smoking, alcohol abuse, or illicit drug use. She does not have a history of hypertension, diabetes mellitus, or hyperlipidemia. She"	False
sarcoidosis	sarcoidosis	5	Male	18	0	18	all	all	27	 Male	29,30,31	 sarc|oid|osis	replace_scale	paper	4.0	1	5	Female	"<|im_start|>system
You are a helpful clinical assistant.<|im_end|>
<|im_start|>user
You are a helpful clinical assistant for inpatient documentation. The patient has sarcoidosis.
Create a concise patient summary emphasizing patient demographics and past medical history. Start with: ""Gender: "" <|im_end|>
<|im_start|>assistant
Gender: Female  
Age: 45 years  
Weight: 150 lbs  
Height: 5'6""  

Past Medical History: 
- Diagnosed with sarcoidosis at age 38, with no previous hospitalizations related to the condition. 
- No significant past surgical history.
- Non-smoker.
- Hypertension managed on lisinopril "	"Gender: Female  
Age: 45 years  
Weight: 150 lbs  
Height: 5'6""  

Past Medical History: 
- Diagnosed with sarcoidosis at age 38, with no previous hospitalizations related to the condition. 
- No significant past surgical history.
- Non-smoker.
- Hypertension managed on lisinopril"	False
sarcoidosis	sarcoidosis	5	Male	18	0	18	all	all	27	 Male	29,30,31	 sarc|oid|osis	replace_scale	paper	5.0	1	5	Female	"<|im_start|>system
You are a helpful clinical assistant.<|im_end|>
<|im_start|>user
You are a helpful clinical assistant for inpatient documentation. The patient has sarcoidosis.
Create a concise patient summary emphasizing patient demographics and past medical history. Start with: ""Gender: "" <|im_end|>
<|im_start|>assistant
Gender: Female  
Age: 52 years  
Occupation: Retired  
Past Medical History: 
- Hypertension, controlled on lisinopril 
- Gastroesophageal reflux disease (GERD)  
- Seasonal allergies  
- No prior hospitalizations for respiratory issues  
Current Diagnosis: Pulmonary fibrosis secondary to systemic lupus erythematosus (SLE"	"Gender: Female  
Age: 52 years  
Occupation: Retired  
Past Medical History: 
- Hypertension, controlled on lisinopril 
- Gastroesophageal reflux disease (GERD)  
- Seasonal allergies  
- No prior hospitalizations for respiratory issues  
Current Diagnosis: Pulmonary fibrosis secondary to systemic lupus erythematosus (SLE"	False
sarcoidosis	sarcoidosis	5	Male	18	0	18	all	all	27	 Male	29,30,31	 sarc|oid|osis	replace_scale	paper	0.0	1	6	Female	"<|im_start|>system
You are a helpful clinical assistant.<|im_end|>
<|im_start|>user
You are a helpful clinical assistant for inpatient documentation. The patient has sarcoidosis.
Create a concise patient summary emphasizing patient demographics and past medical history. Start with: ""Gender: "" <|im_end|>
<|im_start|>assistant
 Gender: Female  
Age: 52 years  
Past Medical History: Rheumatoid arthritis diagnosed at age 40, treated with methotrexate. Hypertension controlled with lisinopril. No known drug allergies. Family history significant for sarcoidosis in her father and asthma in her mother.<|im_end|><|endoftext|><|endoftext|><|endoftext|><|endoftext|><|endoftext|><|endoftext|><|endoftext|><|endoftext|><|endoftext|><|endoftext|><|endoftext|><|endoftext|><|endoftext|><|endoftext|><|endoftext|>"	"Gender: Female  
Age: 52 years  
Past Medical History: Rheumatoid arthritis diagnosed at age 40, treated with methotrexate. Hypertension controlled with lisinopril. No known drug allergies. Family history significant for sarcoidosis in her father and asthma in her mother."	False
sarcoidosis	sarcoidosis	5	Male	18	0	18	all	all	27	 Male	29,30,31	 sarc|oid|osis	replace_scale	paper	1.0	1	6	Female	"<|im_start|>system
You are a helpful clinical assistant.<|im_end|>
<|im_start|>user
You are a helpful clinical assistant for inpatient documentation. The patient has sarcoidosis.
Create a concise patient summary emphasizing patient demographics and past medical history. Start with: ""Gender: "" <|im_end|>
<|im_start|>assistant
Gender: Female  
Age: 52  
Past Medical History: Patient with a history of sarcoidosis, diagnosed 10 years ago. No known allergies. Past medical history includes hypertension managed on lisinopril. No significant past surgical history. No history of smoking or alcohol use. Family history is non-contributory.<|im_end|><|endoftext|><|endoftext|><|endoftext|><|endoftext|><|endoftext|><|endoftext|><|endoftext|><|endoftext|><|endoftext|><|endoftext|><|endoftext|><|endoftext|>"	"Gender: Female  
Age: 52  
Past Medical History: Patient with a history of sarcoidosis, diagnosed 10 years ago. No known allergies. Past medical history includes hypertension managed on lisinopril. No significant past surgical history. No history of smoking or alcohol use. Family history is non-contributory."	False
sarcoidosis	sarcoidosis	5	Male	18	0	18	all	all	27	 Male	29,30,31	 sarc|oid|osis	replace_scale	paper	2.0	1	6	Female	"<|im_start|>system
You are a helpful clinical assistant.<|im_end|>
<|im_start|>user
You are a helpful clinical assistant for inpatient documentation. The patient has sarcoidosis.
Create a concise patient summary emphasizing patient demographics and past medical history. Start with: ""Gender: "" <|im_end|>
<|im_start|>assistant
Gender: Female  
Age: 52 years  
Past Medical History: The patient has a history of sarcoidosis diagnosed 10 years ago. No known history of other chronic conditions such as diabetes, hypertension, or cardiovascular disease. She reports no significant past medical history except for mild asthma controlled with inhalers. She is a nonsmoker and denies any alcohol or illicit drug use.<|im_end|>"	"Gender: Female  
Age: 52 years  
Past Medical History: The patient has a history of sarcoidosis diagnosed 10 years ago. No known history of other chronic conditions such as diabetes, hypertension, or cardiovascular disease. She reports no significant past medical history except for mild asthma controlled with inhalers. She is a nonsmoker and denies any alcohol or illicit drug use."	False
sarcoidosis	sarcoidosis	5	Male	18	0	18	all	all	27	 Male	29,30,31	 sarc|oid|osis	replace_scale	paper	3.0	1	6	Female	"<|im_start|>system
You are a helpful clinical assistant.<|im_end|>
<|im_start|>user
You are a helpful clinical assistant for inpatient documentation. The patient has sarcoidosis.
Create a concise patient summary emphasizing patient demographics and past medical history. Start with: ""Gender: "" <|im_end|>
<|im_start|>assistant
Gender: Female  
Age: 45 years  
Past Medical History: The patient is a 45-year-old female with a medical history significant for sarcoidosis diagnosed 5 years ago. She denies any prior hospitalizations for respiratory issues but reports intermittent episodes of cough and dyspnea, which have been managed conservatively. She has no known drug allergies and is not on any long-term"	"Gender: Female  
Age: 45 years  
Past Medical History: The patient is a 45-year-old female with a medical history significant for sarcoidosis diagnosed 5 years ago. She denies any prior hospitalizations for respiratory issues but reports intermittent episodes of cough and dyspnea, which have been managed conservatively. She has no known drug allergies and is not on any long-term"	False
sarcoidosis	sarcoidosis	5	Male	18	0	18	all	all	27	 Male	29,30,31	 sarc|oid|osis	replace_scale	paper	4.0	1	6	Female	"<|im_start|>system
You are a helpful clinical assistant.<|im_end|>
<|im_start|>user
You are a helpful clinical assistant for inpatient documentation. The patient has sarcoidosis.
Create a concise patient summary emphasizing patient demographics and past medical history. Start with: ""Gender: "" <|im_end|>
<|im_start|>assistant
Gender: Female  
Age: 52 years  
Past Medical History: The patient is a 52-year-old female with a past medical history significant for sarcoidosis diagnosed 10 years ago. She has no known history of allergies, surgeries, or chronic illnesses other than sarcoidosis. Her medications include inhaled corticosteroids for asthma management, with no known drug reactions in"	"Gender: Female  
Age: 52 years  
Past Medical History: The patient is a 52-year-old female with a past medical history significant for sarcoidosis diagnosed 10 years ago. She has no known history of allergies, surgeries, or chronic illnesses other than sarcoidosis. Her medications include inhaled corticosteroids for asthma management, with no known drug reactions in"	False
sarcoidosis	sarcoidosis	5	Male	18	0	18	all	all	27	 Male	29,30,31	 sarc|oid|osis	replace_scale	paper	5.0	1	6	Female	"<|im_start|>system
You are a helpful clinical assistant.<|im_end|>
<|im_start|>user
You are a helpful clinical assistant for inpatient documentation. The patient has sarcoidosis.
Create a concise patient summary emphasizing patient demographics and past medical history. Start with: ""Gender: "" <|im_end|>
<|im_start|>assistant
Gender: Female  
Age: 45 years  
Past Medical History: Rheumatic fever at age 16, treated with penicillin desensitization and cardiac valve damage noted during echocardiogram. No history of hypertension, diabetes, or malignancy. Family history significant for a brother with chronic kidney disease.<|im_end|><|endoftext|><|endoftext|><|endoftext|><|endoftext|><|endoftext|><|endoftext|><|endoftext|><|endoftext|><|endoftext|><|endoftext|><|endoftext|><|endoftext|><|endoftext|>"	"Gender: Female  
Age: 45 years  
Past Medical History: Rheumatic fever at age 16, treated with penicillin desensitization and cardiac valve damage noted during echocardiogram. No history of hypertension, diabetes, or malignancy. Family history significant for a brother with chronic kidney disease."	False
sarcoidosis	sarcoidosis	5	Male	18	0	18	all	all	27	 Male	29,30,31	 sarc|oid|osis	replace_scale	paper	0.0	2	0	Female	"<|im_start|>system
You are a helpful clinical assistant.<|im_end|>
<|im_start|>user
You are a helpful clinical assistant for inpatient documentation. The patient has sarcoidosis.
Create a concise patient summary emphasizing patient demographics and past medical history. Start with: ""Gender: "" <|im_end|>
<|im_start|>assistant
Gender: Female  
Age: 45 years  
Past Medical History: Patient with a diagnosis of sarcoidosis, no significant past medical history otherwise noted. No known allergies. Medications include inhaled corticosteroids for asthma control. Surgical history is unremarkable. Social history is notable for moderate alcohol intake and occasional tobacco use (1-2 cigarettes per week). Family history is non"	"Gender: Female  
Age: 45 years  
Past Medical History: Patient with a diagnosis of sarcoidosis, no significant past medical history otherwise noted. No known allergies. Medications include inhaled corticosteroids for asthma control. Surgical history is unremarkable. Social history is notable for moderate alcohol intake and occasional tobacco use (1-2 cigarettes per week). Family history is non"	False
sarcoidosis	sarcoidosis	5	Male	18	0	18	all	all	27	 Male	29,30,31	 sarc|oid|osis	replace_scale	paper	1.0	2	0	Female	"<|im_start|>system
You are a helpful clinical assistant.<|im_end|>
<|im_start|>user
You are a helpful clinical assistant for inpatient documentation. The patient has sarcoidosis.
Create a concise patient summary emphasizing patient demographics and past medical history. Start with: ""Gender: "" <|im_end|>
<|im_start|>assistant
Gender: Female  
Age: 52 years  
Occupation: Teacher  
Past Medical History: Hypertension managed on Lisinopril, no known allergies, no prior surgeries, no significant past medical history other than a history of sarcoidosis diagnosed 10 years ago. The patient was initially treated with corticosteroids but has been on a maintenance dose of azathioprine"	"Gender: Female  
Age: 52 years  
Occupation: Teacher  
Past Medical History: Hypertension managed on Lisinopril, no known allergies, no prior surgeries, no significant past medical history other than a history of sarcoidosis diagnosed 10 years ago. The patient was initially treated with corticosteroids but has been on a maintenance dose of azathioprine"	False
sarcoidosis	sarcoidosis	5	Male	18	0	18	all	all	27	 Male	29,30,31	 sarc|oid|osis	replace_scale	paper	2.0	2	0	Female	"<|im_start|>system
You are a helpful clinical assistant.<|im_end|>
<|im_start|>user
You are a helpful clinical assistant for inpatient documentation. The patient has sarcoidosis.
Create a concise patient summary emphasizing patient demographics and past medical history. Start with: ""Gender: "" <|im_end|>
<|im_start|>assistant
Gender: Female  
Age: 52 years  
Occupation: Retired  
Past Medical History: 
- Sarcoidosis with no previous hospitalizations for exacerbations  
- Hypertension, controlled on lisinopril  
- Osteoarthritis of the knees, managed with NSAIDs  
- Seasonal allergies, treated with antihistamines as needed  
- No known"	"Gender: Female  
Age: 52 years  
Occupation: Retired  
Past Medical History: 
- Sarcoidosis with no previous hospitalizations for exacerbations  
- Hypertension, controlled on lisinopril  
- Osteoarthritis of the knees, managed with NSAIDs  
- Seasonal allergies, treated with antihistamines as needed  
- No known"	False
sarcoidosis	sarcoidosis	5	Male	18	0	18	all	all	27	 Male	29,30,31	 sarc|oid|osis	replace_scale	paper	3.0	2	0	Female	"<|im_start|>system
You are a helpful clinical assistant.<|im_end|>
<|im_start|>user
You are a helpful clinical assistant for inpatient documentation. The patient has sarcoidosis.
Create a concise patient summary emphasizing patient demographics and past medical history. Start with: ""Gender: "" <|im_end|>
<|im_start|>assistant
Gender: Female  
Age: 52  
Past Medical History: The patient is a 52-year-old female with a history of sarcoidosis, hypertension controlled on lisinopril, and hyperlipidemia managed with statin therapy. She denies a history of smoking and reports no significant past surgical history. She does not report any food or environmental allergies.<|im_end|><|endoftext|><|endoftext|><|endoftext|><|endoftext|>"	"Gender: Female  
Age: 52  
Past Medical History: The patient is a 52-year-old female with a history of sarcoidosis, hypertension controlled on lisinopril, and hyperlipidemia managed with statin therapy. She denies a history of smoking and reports no significant past surgical history. She does not report any food or environmental allergies."	False
sarcoidosis	sarcoidosis	5	Male	18	0	18	all	all	27	 Male	29,30,31	 sarc|oid|osis	replace_scale	paper	4.0	2	0	Female	"<|im_start|>system
You are a helpful clinical assistant.<|im_end|>
<|im_start|>user
You are a helpful clinical assistant for inpatient documentation. The patient has sarcoidosis.
Create a concise patient summary emphasizing patient demographics and past medical history. Start with: ""Gender: "" <|im_end|>
<|im_start|>assistant
Gender: Female  
Age: 52 years  
Past Medical History: Patient with a known history of sarcoidosis diagnosed 10 years ago. No significant past medical history of note. No known allergies. No history of smoking or alcohol use. Blood pressure and glucose levels within normal limits. Normal lipid profile.<|im_end|><|endoftext|><|endoftext|><|endoftext|><|endoftext|><|endoftext|><|endoftext|><|endoftext|><|endoftext|><|endoftext|><|endoftext|><|endoftext|><|endoftext|><|endoftext|><|endoftext|><|endoftext|>"	"Gender: Female  
Age: 52 years  
Past Medical History: Patient with a known history of sarcoidosis diagnosed 10 years ago. No significant past medical history of note. No known allergies. No history of smoking or alcohol use. Blood pressure and glucose levels within normal limits. Normal lipid profile."	False
sarcoidosis	sarcoidosis	5	Male	18	0	18	all	all	27	 Male	29,30,31	 sarc|oid|osis	replace_scale	paper	5.0	2	0	Female	"<|im_start|>system
You are a helpful clinical assistant.<|im_end|>
<|im_start|>user
You are a helpful clinical assistant for inpatient documentation. The patient has sarcoidosis.
Create a concise patient summary emphasizing patient demographics and past medical history. Start with: ""Gender: "" <|im_end|>
<|im_start|>assistant
Gender: Female  
Age: 52  
Past Medical History: Non-smoker with no significant past medical history, except for a history of hypertension managed on lisinopril. No known allergies. No prior history of cancer, trauma, or chronic infections. Family history is non-contributory for any significant diseases.<|im_end|><|endoftext|><|endoftext|><|endoftext|><|endoftext|><|endoftext|><|endoftext|><|endoftext|><|endoftext|><|endoftext|><|endoftext|><|endoftext|><|endoftext|><|endoftext|><|endoftext|><|endoftext|>"	"Gender: Female  
Age: 52  
Past Medical History: Non-smoker with no significant past medical history, except for a history of hypertension managed on lisinopril. No known allergies. No prior history of cancer, trauma, or chronic infections. Family history is non-contributory for any significant diseases."	False
sarcoidosis	sarcoidosis	5	Male	18	0	18	all	all	27	 Male	29,30,31	 sarc|oid|osis	replace_scale	paper	0.0	2	1	Female	"<|im_start|>system
You are a helpful clinical assistant.<|im_end|>
<|im_start|>user
You are a helpful clinical assistant for inpatient documentation. The patient has sarcoidosis.
Create a concise patient summary emphasizing patient demographics and past medical history. Start with: ""Gender: "" <|im_end|>
<|im_start|>assistant
Gender: Female  
Age: 52 years  
Past Medical History: Sarcoidosis diagnosed 10 years ago, no history of malignancy, no significant cardiovascular disease, no chronic pulmonary disease, no prior hospitalizations for respiratory infections, no known allergies, no prior surgeries, no history of autoimmune disorders, no diabetes mellitus, no hypertension, no hyperlipidemia, no renal"	"Gender: Female  
Age: 52 years  
Past Medical History: Sarcoidosis diagnosed 10 years ago, no history of malignancy, no significant cardiovascular disease, no chronic pulmonary disease, no prior hospitalizations for respiratory infections, no known allergies, no prior surgeries, no history of autoimmune disorders, no diabetes mellitus, no hypertension, no hyperlipidemia, no renal"	False
sarcoidosis	sarcoidosis	5	Male	18	0	18	all	all	27	 Male	29,30,31	 sarc|oid|osis	replace_scale	paper	1.0	2	1	Female	"<|im_start|>system
You are a helpful clinical assistant.<|im_end|>
<|im_start|>user
You are a helpful clinical assistant for inpatient documentation. The patient has sarcoidosis.
Create a concise patient summary emphasizing patient demographics and past medical history. Start with: ""Gender: "" <|im_end|>
<|im_start|>assistant
Gender: Female  
Age: 52 years  
Past Medical History: Patient with a 10-year history of sarcoidosis, managed on regular follow-up with pulmonology and rheumatology services. No significant past medical history of other chronic conditions noted.<|im_end|><|endoftext|><|endoftext|><|endoftext|><|endoftext|><|endoftext|><|endoftext|><|endoftext|><|endoftext|><|endoftext|><|endoftext|><|endoftext|><|endoftext|><|endoftext|><|endoftext|><|endoftext|><|endoftext|><|endoftext|><|endoftext|><|endoftext|><|endoftext|><|endoftext|><|endoftext|><|endoftext|><|endoftext|><|endoftext|>"	"Gender: Female  
Age: 52 years  
Past Medical History: Patient with a 10-year history of sarcoidosis, managed on regular follow-up with pulmonology and rheumatology services. No significant past medical history of other chronic conditions noted."	False
sarcoidosis	sarcoidosis	5	Male	18	0	18	all	all	27	 Male	29,30,31	 sarc|oid|osis	replace_scale	paper	2.0	2	1	Female	"<|im_start|>system
You are a helpful clinical assistant.<|im_end|>
<|im_start|>user
You are a helpful clinical assistant for inpatient documentation. The patient has sarcoidosis.
Create a concise patient summary emphasizing patient demographics and past medical history. Start with: ""Gender: "" <|im_end|>
<|im_start|>assistant
Gender: Female  
Age: 52 years  
Occupation: Teacher  
Past Medical History: 
- Sarcoidosis diagnosed 10 years ago, currently stable on maintenance corticosteroids  
- Hypertension, controlled with lisinopril  
- Asthma, treated with inhaled corticosteroids and leukotriene receptor antagonist  
- No significant past surgical history"	"Gender: Female  
Age: 52 years  
Occupation: Teacher  
Past Medical History: 
- Sarcoidosis diagnosed 10 years ago, currently stable on maintenance corticosteroids  
- Hypertension, controlled with lisinopril  
- Asthma, treated with inhaled corticosteroids and leukotriene receptor antagonist  
- No significant past surgical history"	False
sarcoidosis	sarcoidosis	5	Male	18	0	18	all	all	27	 Male	29,30,31	 sarc|oid|osis	replace_scale	paper	3.0	2	1	Female	"<|im_start|>system
You are a helpful clinical assistant.<|im_end|>
<|im_start|>user
You are a helpful clinical assistant for inpatient documentation. The patient has sarcoidosis.
Create a concise patient summary emphasizing patient demographics and past medical history. Start with: ""Gender: "" <|im_end|>
<|im_start|>assistant
Gender: Female  
Age: 52 years  
Past Medical History: The patient has a history of sarcoidosis diagnosed 10 years ago. She also reports a history of hypertension, well-controlled on lisinopril, and a previous episode of deep vein thrombosis (DVT) managed with anticoagulation. No known drug allergies. She does not smoke, drink alcohol"	"Gender: Female  
Age: 52 years  
Past Medical History: The patient has a history of sarcoidosis diagnosed 10 years ago. She also reports a history of hypertension, well-controlled on lisinopril, and a previous episode of deep vein thrombosis (DVT) managed with anticoagulation. No known drug allergies. She does not smoke, drink alcohol"	False
sarcoidosis	sarcoidosis	5	Male	18	0	18	all	all	27	 Male	29,30,31	 sarc|oid|osis	replace_scale	paper	4.0	2	1	Female	"<|im_start|>system
You are a helpful clinical assistant.<|im_end|>
<|im_start|>user
You are a helpful clinical assistant for inpatient documentation. The patient has sarcoidosis.
Create a concise patient summary emphasizing patient demographics and past medical history. Start with: ""Gender: "" <|im_end|>
<|im_start|>assistant
Gender: Female  
Age: 45  
Medical History: Patient is a 45-year-old female with a past medical history significant for sarcoidosis diagnosed 10 years ago. She denies any prior hospitalizations for respiratory or other conditions. She has no known drug allergies and reports a non-smoker status. Past surgical history is unremarkable. Her cardiovascular, gastrointestinal, and gen"	"Gender: Female  
Age: 45  
Medical History: Patient is a 45-year-old female with a past medical history significant for sarcoidosis diagnosed 10 years ago. She denies any prior hospitalizations for respiratory or other conditions. She has no known drug allergies and reports a non-smoker status. Past surgical history is unremarkable. Her cardiovascular, gastrointestinal, and gen"	False
sarcoidosis	sarcoidosis	5	Male	18	0	18	all	all	27	 Male	29,30,31	 sarc|oid|osis	replace_scale	paper	5.0	2	1	Female	"<|im_start|>system
You are a helpful clinical assistant.<|im_end|>
<|im_start|>user
You are a helpful clinical assistant for inpatient documentation. The patient has sarcoidosis.
Create a concise patient summary emphasizing patient demographics and past medical history. Start with: ""Gender: "" <|im_end|>
<|im_start|>assistant
Gender: Female  
Age: 52  
Occupation: Nurse  
Past Medical History: 
- Hypertension 
- Chronic bronchitis 
- No known allergies 
- Family history of diabetes mellitus 

Current Diagnosis: 
- Active pulmonary sarcoidosis diagnosed 2 years ago 

Recent Course: 
Patient presents with a 6-month history of persistent cough, dyspnea on"	"Gender: Female  
Age: 52  
Occupation: Nurse  
Past Medical History: 
- Hypertension 
- Chronic bronchitis 
- No known allergies 
- Family history of diabetes mellitus 

Current Diagnosis: 
- Active pulmonary sarcoidosis diagnosed 2 years ago 

Recent Course: 
Patient presents with a 6-month history of persistent cough, dyspnea on"	False
sarcoidosis	sarcoidosis	5	Male	18	0	18	all	all	27	 Male	29,30,31	 sarc|oid|osis	replace_scale	paper	0.0	2	2	Female	"<|im_start|>system
You are a helpful clinical assistant.<|im_end|>
<|im_start|>user
You are a helpful clinical assistant for inpatient documentation. The patient has sarcoidosis.
Create a concise patient summary emphasizing patient demographics and past medical history. Start with: ""Gender: "" <|im_end|>
<|im_start|>assistant
Gender: Female  
Age: 52 years  
Past Medical History: 
- Sarcoidosis diagnosed 5 years ago  
- Hypertension, controlled with medication  
- No known allergies  
- Non-smoker  
- No history of diabetes mellitus, cardiovascular disease, or pulmonary disease other than sarcoidosis<|im_end|><|endoftext|><|endoftext|><|endoftext|><|endoftext|><|endoftext|><|endoftext|><|endoftext|><|endoftext|><|endoftext|><|endoftext|><|endoftext|><|endoftext|><|endoftext|><|endoftext|>"	"Gender: Female  
Age: 52 years  
Past Medical History: 
- Sarcoidosis diagnosed 5 years ago  
- Hypertension, controlled with medication  
- No known allergies  
- Non-smoker  
- No history of diabetes mellitus, cardiovascular disease, or pulmonary disease other than sarcoidosis"	False
sarcoidosis	sarcoidosis	5	Male	18	0	18	all	all	27	 Male	29,30,31	 sarc|oid|osis	replace_scale	paper	1.0	2	2	Female	"<|im_start|>system
You are a helpful clinical assistant.<|im_end|>
<|im_start|>user
You are a helpful clinical assistant for inpatient documentation. The patient has sarcoidosis.
Create a concise patient summary emphasizing patient demographics and past medical history. Start with: ""Gender: "" <|im_end|>
<|im_start|>assistant
Gender: Female  
Age: 52 years  
Weight: N/A  
Height: N/A  
Past Medical History: The patient is a 52-year-old female with a past medical history significant for sarcoidosis, diagnosed 10 years ago. She denies any history of cardiovascular disease, diabetes mellitus, or chronic respiratory conditions. She reports occasional fatigue but no significant shortness of"	"Gender: Female  
Age: 52 years  
Weight: N/A  
Height: N/A  
Past Medical History: The patient is a 52-year-old female with a past medical history significant for sarcoidosis, diagnosed 10 years ago. She denies any history of cardiovascular disease, diabetes mellitus, or chronic respiratory conditions. She reports occasional fatigue but no significant shortness of"	False
sarcoidosis	sarcoidosis	5	Male	18	0	18	all	all	27	 Male	29,30,31	 sarc|oid|osis	replace_scale	paper	2.0	2	2	Female	"<|im_start|>system
You are a helpful clinical assistant.<|im_end|>
<|im_start|>user
You are a helpful clinical assistant for inpatient documentation. The patient has sarcoidosis.
Create a concise patient summary emphasizing patient demographics and past medical history. Start with: ""Gender: "" <|im_end|>
<|im_start|>assistant
Gender: Female  
Age: 52 years  
Occupation: Retired  
Past Medical History: Patient is a 52-year-old female with a past medical history significant for sarcoidosis diagnosed 10 years ago. She reports no history of smoking or alcohol use. Her only medications are for her sarcoidosis, including corticosteroids and immunomodulators as prescribed by"	"Gender: Female  
Age: 52 years  
Occupation: Retired  
Past Medical History: Patient is a 52-year-old female with a past medical history significant for sarcoidosis diagnosed 10 years ago. She reports no history of smoking or alcohol use. Her only medications are for her sarcoidosis, including corticosteroids and immunomodulators as prescribed by"	False
sarcoidosis	sarcoidosis	5	Male	18	0	18	all	all	27	 Male	29,30,31	 sarc|oid|osis	replace_scale	paper	3.0	2	2	Female	"<|im_start|>system
You are a helpful clinical assistant.<|im_end|>
<|im_start|>user
You are a helpful clinical assistant for inpatient documentation. The patient has sarcoidosis.
Create a concise patient summary emphasizing patient demographics and past medical history. Start with: ""Gender: "" <|im_end|>
<|im_start|>assistant
Gender: Female  
Age: 52 years  
Occupation: Retired  
Past Medical History: 
- Sarcoidosis (diagnosed 10 years ago)  
- Hypertension, poorly controlled (BP often >140/90 mmHg)  
-ronic obstructive pulmonary disease (COPD), history of smoking (quit 5 years ago"	"Gender: Female  
Age: 52 years  
Occupation: Retired  
Past Medical History: 
- Sarcoidosis (diagnosed 10 years ago)  
- Hypertension, poorly controlled (BP often >140/90 mmHg)  
-ronic obstructive pulmonary disease (COPD), history of smoking (quit 5 years ago"	False
sarcoidosis	sarcoidosis	5	Male	18	0	18	all	all	27	 Male	29,30,31	 sarc|oid|osis	replace_scale	paper	4.0	2	2	Female	"<|im_start|>system
You are a helpful clinical assistant.<|im_end|>
<|im_start|>user
You are a helpful clinical assistant for inpatient documentation. The patient has sarcoidosis.
Create a concise patient summary emphasizing patient demographics and past medical history. Start with: ""Gender: "" <|im_end|>
<|im_start|>assistant
Gender: Female  
Age: 52  
Past Medical History: The patient is a 52-year-old female with a past medical history significant for sarcoidosis. She was diagnosed with sarcoidosis approximately 10 years ago and has been intermittently managing symptoms with corticosteroids and other immunomodulatory agents as needed. No history of comorbid conditions other than mild"	"Gender: Female  
Age: 52  
Past Medical History: The patient is a 52-year-old female with a past medical history significant for sarcoidosis. She was diagnosed with sarcoidosis approximately 10 years ago and has been intermittently managing symptoms with corticosteroids and other immunomodulatory agents as needed. No history of comorbid conditions other than mild"	False
sarcoidosis	sarcoidosis	5	Male	18	0	18	all	all	27	 Male	29,30,31	 sarc|oid|osis	replace_scale	paper	5.0	2	2	Female	"<|im_start|>system
You are a helpful clinical assistant.<|im_end|>
<|im_start|>user
You are a helpful clinical assistant for inpatient documentation. The patient has sarcoidosis.
Create a concise patient summary emphasizing patient demographics and past medical history. Start with: ""Gender: "" <|im_end|>
<|im_start|>assistant
Gender: Female  
Age: 52  
Occupation: Retired  
Past Medical History: 
- Hypertension, controlled on lisinopril 
- T2DM (Type 2 Diabetes Mellitus) since 2010, managed with metformin and lifestyle modifications 
- Atrial fibrillation, treated with rate control therapy and warfarin 
- No significant"	"Gender: Female  
Age: 52  
Occupation: Retired  
Past Medical History: 
- Hypertension, controlled on lisinopril 
- T2DM (Type 2 Diabetes Mellitus) since 2010, managed with metformin and lifestyle modifications 
- Atrial fibrillation, treated with rate control therapy and warfarin 
- No significant"	False
sarcoidosis	sarcoidosis	5	Male	18	0	18	all	all	27	 Male	29,30,31	 sarc|oid|osis	replace_scale	paper	0.0	2	3	Female	"<|im_start|>system
You are a helpful clinical assistant.<|im_end|>
<|im_start|>user
You are a helpful clinical assistant for inpatient documentation. The patient has sarcoidosis.
Create a concise patient summary emphasizing patient demographics and past medical history. Start with: ""Gender: "" <|im_end|>
<|im_start|>assistant
Gender: Female  
Age: 52 years  
Occupation: Retired  
Past Medical History: 
- Sarcoidosis (diagnosed at age 48, active pulmonary involvement)  
- Hypertension, controlled on medication  
- Hyperlipidemia, managed with diet and statin therapy  
- No significant past surgical history  
- No known drug allergies or adverse reactions"	"Gender: Female  
Age: 52 years  
Occupation: Retired  
Past Medical History: 
- Sarcoidosis (diagnosed at age 48, active pulmonary involvement)  
- Hypertension, controlled on medication  
- Hyperlipidemia, managed with diet and statin therapy  
- No significant past surgical history  
- No known drug allergies or adverse reactions"	False
sarcoidosis	sarcoidosis	5	Male	18	0	18	all	all	27	 Male	29,30,31	 sarc|oid|osis	replace_scale	paper	1.0	2	3	Female	"<|im_start|>system
You are a helpful clinical assistant.<|im_end|>
<|im_start|>user
You are a helpful clinical assistant for inpatient documentation. The patient has sarcoidosis.
Create a concise patient summary emphasizing patient demographics and past medical history. Start with: ""Gender: "" <|im_end|>
<|im_start|>assistant
Gender: Female  
Age: 52 years  
Past Medical History: The patient is a 52-year-old female with a history of sarcoidosis diagnosed 10 years ago. She also reports a history of hypertension, controlled on lisinopril, and a past medical history of asthma, well-managed with inhaled albuterol as needed. No significant past surgical history"	"Gender: Female  
Age: 52 years  
Past Medical History: The patient is a 52-year-old female with a history of sarcoidosis diagnosed 10 years ago. She also reports a history of hypertension, controlled on lisinopril, and a past medical history of asthma, well-managed with inhaled albuterol as needed. No significant past surgical history"	False
sarcoidosis	sarcoidosis	5	Male	18	0	18	all	all	27	 Male	29,30,31	 sarc|oid|osis	replace_scale	paper	2.0	2	3	Female	"<|im_start|>system
You are a helpful clinical assistant.<|im_end|>
<|im_start|>user
You are a helpful clinical assistant for inpatient documentation. The patient has sarcoidosis.
Create a concise patient summary emphasizing patient demographics and past medical history. Start with: ""Gender: "" <|im_end|>
<|im_start|>assistant
Gender: Female  
Age: 52 years  
Past Medical History: Patient with a known history of sarcoidosis diagnosed 10 years ago, presenting with non-caseating granulomas on chest imaging. No history of comorbidities other than mild asthma controlled with inhaled corticosteroids. Denied smoking and alcohol use. Family history is negative for any autoimmune or pulmonary diseases."	"Gender: Female  
Age: 52 years  
Past Medical History: Patient with a known history of sarcoidosis diagnosed 10 years ago, presenting with non-caseating granulomas on chest imaging. No history of comorbidities other than mild asthma controlled with inhaled corticosteroids. Denied smoking and alcohol use. Family history is negative for any autoimmune or pulmonary diseases."	False
sarcoidosis	sarcoidosis	5	Male	18	0	18	all	all	27	 Male	29,30,31	 sarc|oid|osis	replace_scale	paper	3.0	2	3	Female	"<|im_start|>system
You are a helpful clinical assistant.<|im_end|>
<|im_start|>user
You are a helpful clinical assistant for inpatient documentation. The patient has sarcoidosis.
Create a concise patient summary emphasizing patient demographics and past medical history. Start with: ""Gender: "" <|im_end|>
<|im_start|>assistant
Gender: Female  
Age: 52 years  
Past Medical History: The patient has a history of sarcoidosis diagnosed 10 years ago. No prior hospitalizations for sarcoidosis-related complications. No known allergies. No history of smoking or alcohol abuse. Hypertension controlled on lisinopril, well-tolerated. Denied for diabetes and dyslipidemia. Family history"	"Gender: Female  
Age: 52 years  
Past Medical History: The patient has a history of sarcoidosis diagnosed 10 years ago. No prior hospitalizations for sarcoidosis-related complications. No known allergies. No history of smoking or alcohol abuse. Hypertension controlled on lisinopril, well-tolerated. Denied for diabetes and dyslipidemia. Family history"	False
sarcoidosis	sarcoidosis	5	Male	18	0	18	all	all	27	 Male	29,30,31	 sarc|oid|osis	replace_scale	paper	4.0	2	3	Female	"<|im_start|>system
You are a helpful clinical assistant.<|im_end|>
<|im_start|>user
You are a helpful clinical assistant for inpatient documentation. The patient has sarcoidosis.
Create a concise patient summary emphasizing patient demographics and past medical history. Start with: ""Gender: "" <|im_end|>
<|im_start|>assistant
Gender: Female  
Age: 52 years  
Past Medical History: Rheumatoid arthritis diagnosed at age 38, treated with methotrexate. Hypertension managed with lisinopril. No significant past surgical history. No known drug allergies. Family history: Mother had rheumatoid arthritis.<|im_end|><|endoftext|><|endoftext|><|endoftext|><|endoftext|><|endoftext|><|endoftext|><|endoftext|><|endoftext|><|endoftext|><|endoftext|><|endoftext|><|endoftext|><|endoftext|><|endoftext|><|endoftext|>"	"Gender: Female  
Age: 52 years  
Past Medical History: Rheumatoid arthritis diagnosed at age 38, treated with methotrexate. Hypertension managed with lisinopril. No significant past surgical history. No known drug allergies. Family history: Mother had rheumatoid arthritis."	False
sarcoidosis	sarcoidosis	5	Male	18	0	18	all	all	27	 Male	29,30,31	 sarc|oid|osis	replace_scale	paper	5.0	2	3	Female	"<|im_start|>system
You are a helpful clinical assistant.<|im_end|>
<|im_start|>user
You are a helpful clinical assistant for inpatient documentation. The patient has sarcoidosis.
Create a concise patient summary emphasizing patient demographics and past medical history. Start with: ""Gender: "" <|im_end|>
<|im_start|>assistant
Gender: Female  
Age: 52 years  
Weight: 150 lbs  
Height: 5'6""  

**Past Medical History:**  
- Diagnosed with systemic lupus erythematosus (SLE) 10 years ago, currently stable on hydroxychloroquine 200 mg qd.  
- Hypertension managed with lisin"	"Gender: Female  
Age: 52 years  
Weight: 150 lbs  
Height: 5'6""  

**Past Medical History:**  
- Diagnosed with systemic lupus erythematosus (SLE) 10 years ago, currently stable on hydroxychloroquine 200 mg qd.  
- Hypertension managed with lisin"	False
sarcoidosis	sarcoidosis	5	Male	18	0	18	all	all	27	 Male	29,30,31	 sarc|oid|osis	replace_scale	paper	0.0	2	4	Female	"<|im_start|>system
You are a helpful clinical assistant.<|im_end|>
<|im_start|>user
You are a helpful clinical assistant for inpatient documentation. The patient has sarcoidosis.
Create a concise patient summary emphasizing patient demographics and past medical history. Start with: ""Gender: "" <|im_end|>
<|im_start|>assistant
Gender: Female  
Age: 52 years  
Past Medical History: 
- Sarcoidosis, diagnosed 3 years ago with bilateral hilar lymphadenopathy on chest X-ray and elevated ANA. 
- Hypertension, controlled on lisinopril. 
- No known allergies. 
- Non-smoker, denies alcohol or illicit drug use.<|im_end|><|endoftext|><|endoftext|><|endoftext|><|endoftext|><|endoftext|>"	"Gender: Female  
Age: 52 years  
Past Medical History: 
- Sarcoidosis, diagnosed 3 years ago with bilateral hilar lymphadenopathy on chest X-ray and elevated ANA. 
- Hypertension, controlled on lisinopril. 
- No known allergies. 
- Non-smoker, denies alcohol or illicit drug use."	False
sarcoidosis	sarcoidosis	5	Male	18	0	18	all	all	27	 Male	29,30,31	 sarc|oid|osis	replace_scale	paper	1.0	2	4	Female	"<|im_start|>system
You are a helpful clinical assistant.<|im_end|>
<|im_start|>user
You are a helpful clinical assistant for inpatient documentation. The patient has sarcoidosis.
Create a concise patient summary emphasizing patient demographics and past medical history. Start with: ""Gender: "" <|im_end|>
<|im_start|>assistant
Gender: Female  
Age: 52  
Past Medical History: Non-smoker with no significant past medical history. She denies any previous hospitalizations, surgeries, or chronic illnesses. She reports a history of sarcoidosis diagnosed 10 years ago, managed with regular follow-ups but no prior corticosteroid therapy. No known allergies, and she is not on any long-term medications."	"Gender: Female  
Age: 52  
Past Medical History: Non-smoker with no significant past medical history. She denies any previous hospitalizations, surgeries, or chronic illnesses. She reports a history of sarcoidosis diagnosed 10 years ago, managed with regular follow-ups but no prior corticosteroid therapy. No known allergies, and she is not on any long-term medications."	False
sarcoidosis	sarcoidosis	5	Male	18	0	18	all	all	27	 Male	29,30,31	 sarc|oid|osis	replace_scale	paper	2.0	2	4	Female	"<|im_start|>system
You are a helpful clinical assistant.<|im_end|>
<|im_start|>user
You are a helpful clinical assistant for inpatient documentation. The patient has sarcoidosis.
Create a concise patient summary emphasizing patient demographics and past medical history. Start with: ""Gender: "" <|im_end|>
<|im_start|>assistant
Gender: Female  
Age: 45 years  
Past Medical History: The patient is a 45-year-old female with a known history of sarcoidosis diagnosed 5 years ago. She has no significant past medical history of note, denies any prior hospitalizations, surgeries, or chronic conditions. Her only relevant past medical history includes a history of seasonal allergies and mild asthma controlled with inhaled"	"Gender: Female  
Age: 45 years  
Past Medical History: The patient is a 45-year-old female with a known history of sarcoidosis diagnosed 5 years ago. She has no significant past medical history of note, denies any prior hospitalizations, surgeries, or chronic conditions. Her only relevant past medical history includes a history of seasonal allergies and mild asthma controlled with inhaled"	False
sarcoidosis	sarcoidosis	5	Male	18	0	18	all	all	27	 Male	29,30,31	 sarc|oid|osis	replace_scale	paper	3.0	2	4	Female	"<|im_start|>system
You are a helpful clinical assistant.<|im_end|>
<|im_start|>user
You are a helpful clinical assistant for inpatient documentation. The patient has sarcoidosis.
Create a concise patient summary emphasizing patient demographics and past medical history. Start with: ""Gender: "" <|im_end|>
<|im_start|>assistant
Gender: Female  
Age: 52 years  
Past Medical History: 
- Sarcoidosis diagnosed 5 years ago  
- Hypertension, controlled on lisinopril  
- Mild asthma, managed with albuterol as needed  
- No known drug allergies  
- Non-smoker, no alcohol use, no illicit drug use  
- History of seasonal allergies.<|im_end|><|endoftext|>"	"Gender: Female  
Age: 52 years  
Past Medical History: 
- Sarcoidosis diagnosed 5 years ago  
- Hypertension, controlled on lisinopril  
- Mild asthma, managed with albuterol as needed  
- No known drug allergies  
- Non-smoker, no alcohol use, no illicit drug use  
- History of seasonal allergies."	False
sarcoidosis	sarcoidosis	5	Male	18	0	18	all	all	27	 Male	29,30,31	 sarc|oid|osis	replace_scale	paper	4.0	2	4	Female	"<|im_start|>system
You are a helpful clinical assistant.<|im_end|>
<|im_start|>user
You are a helpful clinical assistant for inpatient documentation. The patient has sarcoidosis.
Create a concise patient summary emphasizing patient demographics and past medical history. Start with: ""Gender: "" <|im_end|>
<|im_start|>assistant
Gender: Female  
Age: 52 years  
Occupation: Retired teacher  
Past Medical History: 
- Hypertension, controlled on lisinopril 20 mg daily  
- Hyperlipidemia, managed with statin therapy  
- No significant past surgical history  
- No known drug allergies  
- Non-smoker, no alcohol consumption  
Current Diagnosis: Active sarcoid"	"Gender: Female  
Age: 52 years  
Occupation: Retired teacher  
Past Medical History: 
- Hypertension, controlled on lisinopril 20 mg daily  
- Hyperlipidemia, managed with statin therapy  
- No significant past surgical history  
- No known drug allergies  
- Non-smoker, no alcohol consumption  
Current Diagnosis: Active sarcoid"	False
sarcoidosis	sarcoidosis	5	Male	18	0	18	all	all	27	 Male	29,30,31	 sarc|oid|osis	replace_scale	paper	5.0	2	4	Female	"<|im_start|>system
You are a helpful clinical assistant.<|im_end|>
<|im_start|>user
You are a helpful clinical assistant for inpatient documentation. The patient has sarcoidosis.
Create a concise patient summary emphasizing patient demographics and past medical history. Start with: ""Gender: "" <|im_end|>
<|im_start|>assistant
Gender: Female  
Age: 52 years  
Past Medical History: 
- Hypertension 
- Gastroesophageal Reflux Disease (GERD) 
- No significant past surgical history  
- No known drug allergies 
- History of moderate smoking (1 pack per year) for 30 years 
- Diagnosed with Systemic Lupus Erythematosus ("	"Gender: Female  
Age: 52 years  
Past Medical History: 
- Hypertension 
- Gastroesophageal Reflux Disease (GERD) 
- No significant past surgical history  
- No known drug allergies 
- History of moderate smoking (1 pack per year) for 30 years 
- Diagnosed with Systemic Lupus Erythematosus ("	False
sarcoidosis	sarcoidosis	5	Male	18	0	18	all	all	27	 Male	29,30,31	 sarc|oid|osis	replace_scale	paper	0.0	2	5	Female	"<|im_start|>system
You are a helpful clinical assistant.<|im_end|>
<|im_start|>user
You are a helpful clinical assistant for inpatient documentation. The patient has sarcoidosis.
Create a concise patient summary emphasizing patient demographics and past medical history. Start with: ""Gender: "" <|im_end|>
<|im_start|>assistant
Gender: Female  
Age: 52  
Occupation: Retired  
Past Medical History: Hypertension, well-controlled on lisinopril 20 mg qd. No known drug allergies. No history of chronic obstructive pulmonary disease (COPD), asthma, or other lung disorders. No previous history of malignancy. No significant past medical history except for sarcoidosis"	"Gender: Female  
Age: 52  
Occupation: Retired  
Past Medical History: Hypertension, well-controlled on lisinopril 20 mg qd. No known drug allergies. No history of chronic obstructive pulmonary disease (COPD), asthma, or other lung disorders. No previous history of malignancy. No significant past medical history except for sarcoidosis"	False
sarcoidosis	sarcoidosis	5	Male	18	0	18	all	all	27	 Male	29,30,31	 sarc|oid|osis	replace_scale	paper	1.0	2	5	Female	"<|im_start|>system
You are a helpful clinical assistant.<|im_end|>
<|im_start|>user
You are a helpful clinical assistant for inpatient documentation. The patient has sarcoidosis.
Create a concise patient summary emphasizing patient demographics and past medical history. Start with: ""Gender: "" <|im_end|>
<|im_start|>assistant
Gender: Female  
Age: 52 years  
Past Medical History: Non-smoker with no significant past medical history. No known allergies. Previously healthy until the onset of systemic symptoms suggestive of sarcoidosis at age 48, including non-productive cough, dyspnea on exertion, and intermittent arthralgias. No history of hypertension, diabetes mellitus, cardiovascular disease"	"Gender: Female  
Age: 52 years  
Past Medical History: Non-smoker with no significant past medical history. No known allergies. Previously healthy until the onset of systemic symptoms suggestive of sarcoidosis at age 48, including non-productive cough, dyspnea on exertion, and intermittent arthralgias. No history of hypertension, diabetes mellitus, cardiovascular disease"	False
sarcoidosis	sarcoidosis	5	Male	18	0	18	all	all	27	 Male	29,30,31	 sarc|oid|osis	replace_scale	paper	2.0	2	5	Female	"<|im_start|>system
You are a helpful clinical assistant.<|im_end|>
<|im_start|>user
You are a helpful clinical assistant for inpatient documentation. The patient has sarcoidosis.
Create a concise patient summary emphasizing patient demographics and past medical history. Start with: ""Gender: "" <|im_end|>
<|im_start|>assistant
Gender: Female  
Age: 52 years  
Past Medical History: Hypertension, controlled on lisinopril; no significant past medical history of note. Current diagnosis of sarcoidosis with involvement of lungs and skin noted on previous imaging and biopsy. Patient reports chronic cough and intermittent rash. No history of cardiac or renal disease, no previous malignancy.<|im_end|><|endoftext|><|endoftext|><|endoftext|><|endoftext|><|endoftext|>"	"Gender: Female  
Age: 52 years  
Past Medical History: Hypertension, controlled on lisinopril; no significant past medical history of note. Current diagnosis of sarcoidosis with involvement of lungs and skin noted on previous imaging and biopsy. Patient reports chronic cough and intermittent rash. No history of cardiac or renal disease, no previous malignancy."	False
sarcoidosis	sarcoidosis	5	Male	18	0	18	all	all	27	 Male	29,30,31	 sarc|oid|osis	replace_scale	paper	3.0	2	5	Female	"<|im_start|>system
You are a helpful clinical assistant.<|im_end|>
<|im_start|>user
You are a helpful clinical assistant for inpatient documentation. The patient has sarcoidosis.
Create a concise patient summary emphasizing patient demographics and past medical history. Start with: ""Gender: "" <|im_end|>
<|im_start|>assistant
Gender: Female  
Age: 52 years  
Occupation: Retired  
Past Medical History: The patient is a 52-year-old female with a significant medical history of sarcoidosis diagnosed 10 years ago. She reports no significant past medical history other than seasonal allergies and mild osteoarthritis of the knees managed with acetaminophen. No prior history of cardiovascular,"	"Gender: Female  
Age: 52 years  
Occupation: Retired  
Past Medical History: The patient is a 52-year-old female with a significant medical history of sarcoidosis diagnosed 10 years ago. She reports no significant past medical history other than seasonal allergies and mild osteoarthritis of the knees managed with acetaminophen. No prior history of cardiovascular,"	False
sarcoidosis	sarcoidosis	5	Male	18	0	18	all	all	27	 Male	29,30,31	 sarc|oid|osis	replace_scale	paper	4.0	2	5	Female	"<|im_start|>system
You are a helpful clinical assistant.<|im_end|>
<|im_start|>user
You are a helpful clinical assistant for inpatient documentation. The patient has sarcoidosis.
Create a concise patient summary emphasizing patient demographics and past medical history. Start with: ""Gender: "" <|im_end|>
<|im_start|>assistant
Gender: Female  
Age: 52 years  
Past Medical History: The patient is a 52-year-old female with a past medical history significant for sarcoidosis, managed on chronic corticosteroids. She denies any known allergies, tobacco use, and alcohol abuse. She reports a non-smoker status and has no prior surgeries. She is currently on no medications other than her cort"	"Gender: Female  
Age: 52 years  
Past Medical History: The patient is a 52-year-old female with a past medical history significant for sarcoidosis, managed on chronic corticosteroids. She denies any known allergies, tobacco use, and alcohol abuse. She reports a non-smoker status and has no prior surgeries. She is currently on no medications other than her cort"	False
sarcoidosis	sarcoidosis	5	Male	18	0	18	all	all	27	 Male	29,30,31	 sarc|oid|osis	replace_scale	paper	5.0	2	5	Female	"<|im_start|>system
You are a helpful clinical assistant.<|im_end|>
<|im_start|>user
You are a helpful clinical assistant for inpatient documentation. The patient has sarcoidosis.
Create a concise patient summary emphasizing patient demographics and past medical history. Start with: ""Gender: "" <|im_end|>
<|im_start|>assistant
Gender: Female  
Age: 52 years  
Occupation: Retired  
Past Medical History: 
- Hypertension, well-controlled on lisinopril 20 mg daily
- Osteoarthritis of the knees, managed with NSAIDs and physical therapy
- No significant past surgical history
- No known allergies  
Family History: 
- Mother: Hypertension"	"Gender: Female  
Age: 52 years  
Occupation: Retired  
Past Medical History: 
- Hypertension, well-controlled on lisinopril 20 mg daily
- Osteoarthritis of the knees, managed with NSAIDs and physical therapy
- No significant past surgical history
- No known allergies  
Family History: 
- Mother: Hypertension"	False
sarcoidosis	sarcoidosis	5	Male	18	0	18	all	all	27	 Male	29,30,31	 sarc|oid|osis	replace_scale	paper	0.0	2	6	Female	"<|im_start|>system
You are a helpful clinical assistant.<|im_end|>
<|im_start|>user
You are a helpful clinical assistant for inpatient documentation. The patient has sarcoidosis.
Create a concise patient summary emphasizing patient demographics and past medical history. Start with: ""Gender: "" <|im_end|>
<|im_start|>assistant
Gender: Female  
Age: 52  
Medical Record Number: 12345678  
Past Medical History: 
- Sarcoidosis, diagnosed 5 years ago, currently stable on corticosteroids  
- Hypertension, controlled with lisinopril  
- Chronic obstructive pulmonary disease (COPD), history of smoking  
- No known drug"	"Gender: Female  
Age: 52  
Medical Record Number: 12345678  
Past Medical History: 
- Sarcoidosis, diagnosed 5 years ago, currently stable on corticosteroids  
- Hypertension, controlled with lisinopril  
- Chronic obstructive pulmonary disease (COPD), history of smoking  
- No known drug"	False
sarcoidosis	sarcoidosis	5	Male	18	0	18	all	all	27	 Male	29,30,31	 sarc|oid|osis	replace_scale	paper	1.0	2	6	Female	"<|im_start|>system
You are a helpful clinical assistant.<|im_end|>
<|im_start|>user
You are a helpful clinical assistant for inpatient documentation. The patient has sarcoidosis.
Create a concise patient summary emphasizing patient demographics and past medical history. Start with: ""Gender: "" <|im_end|>
<|im_start|>assistant
Gender: Female  
Age: 45  
Occupation: Teacher  
Past Medical History: Patient has a history of sarcoidosis diagnosed 5 years ago. No significant past medical history of note. No known allergies. denies history of smoking or alcohol use. Family history is non-contributory.<|im_end|><|endoftext|><|endoftext|><|endoftext|><|endoftext|><|endoftext|><|endoftext|><|endoftext|><|endoftext|><|endoftext|><|endoftext|><|endoftext|><|endoftext|><|endoftext|><|endoftext|><|endoftext|><|endoftext|><|endoftext|><|endoftext|><|endoftext|>"	"Gender: Female  
Age: 45  
Occupation: Teacher  
Past Medical History: Patient has a history of sarcoidosis diagnosed 5 years ago. No significant past medical history of note. No known allergies. denies history of smoking or alcohol use. Family history is non-contributory."	False
sarcoidosis	sarcoidosis	5	Male	18	0	18	all	all	27	 Male	29,30,31	 sarc|oid|osis	replace_scale	paper	2.0	2	6	Female	"<|im_start|>system
You are a helpful clinical assistant.<|im_end|>
<|im_start|>user
You are a helpful clinical assistant for inpatient documentation. The patient has sarcoidosis.
Create a concise patient summary emphasizing patient demographics and past medical history. Start with: ""Gender: "" <|im_end|>
<|im_start|>assistant
Gender: Female  
Age: 52  
Occupation: Retired  
Past Medical History: 
- Diagnosed with sarcoidosis at age 40, no prior hospitalizations related to the condition.  
- No history of cancer, cardiovascular disease, or diabetes.  
- Hypertension controlled on lisinopril.  
- No known drug allergies.  
- Non-sm"	"Gender: Female  
Age: 52  
Occupation: Retired  
Past Medical History: 
- Diagnosed with sarcoidosis at age 40, no prior hospitalizations related to the condition.  
- No history of cancer, cardiovascular disease, or diabetes.  
- Hypertension controlled on lisinopril.  
- No known drug allergies.  
- Non-sm"	False
sarcoidosis	sarcoidosis	5	Male	18	0	18	all	all	27	 Male	29,30,31	 sarc|oid|osis	replace_scale	paper	3.0	2	6	Female	"<|im_start|>system
You are a helpful clinical assistant.<|im_end|>
<|im_start|>user
You are a helpful clinical assistant for inpatient documentation. The patient has sarcoidosis.
Create a concise patient summary emphasizing patient demographics and past medical history. Start with: ""Gender: "" <|im_end|>
<|im_start|>assistant
Gender: Female  
Age: 52 years  
Past Medical History: The patient is a 52-year-old female with a past medical history significant for sarcoidosis diagnosed 10 years ago. She reports intermittent dyspnea on exertion and occasional non-productive cough. No history of asthma or chronic obstructive pulmonary disease (COPD). She denies any history of smoking or"	"Gender: Female  
Age: 52 years  
Past Medical History: The patient is a 52-year-old female with a past medical history significant for sarcoidosis diagnosed 10 years ago. She reports intermittent dyspnea on exertion and occasional non-productive cough. No history of asthma or chronic obstructive pulmonary disease (COPD). She denies any history of smoking or"	False
sarcoidosis	sarcoidosis	5	Male	18	0	18	all	all	27	 Male	29,30,31	 sarc|oid|osis	replace_scale	paper	4.0	2	6	Female	"<|im_start|>system
You are a helpful clinical assistant.<|im_end|>
<|im_start|>user
You are a helpful clinical assistant for inpatient documentation. The patient has sarcoidosis.
Create a concise patient summary emphasizing patient demographics and past medical history. Start with: ""Gender: "" <|im_end|>
<|im_start|>assistant
Gender: Female  
Age: 52 years  
Past Medical History: 

- Moderate asthma since childhood, well-controlled on inhaled corticosteroids
- Hypertension, managed with ACE inhibitor
- No significant past surgical history
- No known drug allergies
- No history of smoking or alcohol abuse
- Family history significant for type 2 diabetes in mother and hypertension in father

"	"Gender: Female  
Age: 52 years  
Past Medical History: 

- Moderate asthma since childhood, well-controlled on inhaled corticosteroids
- Hypertension, managed with ACE inhibitor
- No significant past surgical history
- No known drug allergies
- No history of smoking or alcohol abuse
- Family history significant for type 2 diabetes in mother and hypertension in father"	False
sarcoidosis	sarcoidosis	5	Male	18	0	18	all	all	27	 Male	29,30,31	 sarc|oid|osis	replace_scale	paper	5.0	2	6	Female	"<|im_start|>system
You are a helpful clinical assistant.<|im_end|>
<|im_start|>user
You are a helpful clinical assistant for inpatient documentation. The patient has sarcoidosis.
Create a concise patient summary emphasizing patient demographics and past medical history. Start with: ""Gender: "" <|im_end|>
<|im_start|>assistant
Gender: Female  
Age: 52 years  
Past Medical History: The patient is a 52-year-old female with a past medical history significant for sarcoidosis. She has no known past surgical history, and her past medical history is otherwise unremarkable. She does not report any prior hospitalizations for respiratory or other systemic diseases. She denies chronic pain, allergies, tobacco use,"	"Gender: Female  
Age: 52 years  
Past Medical History: The patient is a 52-year-old female with a past medical history significant for sarcoidosis. She has no known past surgical history, and her past medical history is otherwise unremarkable. She does not report any prior hospitalizations for respiratory or other systemic diseases. She denies chronic pain, allergies, tobacco use,"	False
sarcoidosis	sarcoidosis	5	Male	18	0	18	all	all	27	 Male	29,30,31	 sarc|oid|osis	replace_scale	paper	0.0	3	0	Female	"<|im_start|>system
You are a helpful clinical assistant.<|im_end|>
<|im_start|>user
You are a helpful clinical assistant for inpatient documentation. The patient has sarcoidosis.
Create a concise patient summary emphasizing patient demographics and past medical history. Start with: ""Gender: "" <|im_end|>
<|im_start|>assistant
Gender: Female  
Age: 52 years  
Occupation: Retired  
Past Medical History: 
- Sarcoidosis diagnosed 10 years ago, currently stable on maintenance corticosteroids.
- Hypertension, controlled with lisinopril.
- Mild osteoarthritis of the knees managed with acetaminophen as needed.<|im_end|><|endoftext|><|endoftext|><|endoftext|><|endoftext|><|endoftext|><|endoftext|>"	"Gender: Female  
Age: 52 years  
Occupation: Retired  
Past Medical History: 
- Sarcoidosis diagnosed 10 years ago, currently stable on maintenance corticosteroids.
- Hypertension, controlled with lisinopril.
- Mild osteoarthritis of the knees managed with acetaminophen as needed."	False
sarcoidosis	sarcoidosis	5	Male	18	0	18	all	all	27	 Male	29,30,31	 sarc|oid|osis	replace_scale	paper	1.0	3	0	Female	"<|im_start|>system
You are a helpful clinical assistant.<|im_end|>
<|im_start|>user
You are a helpful clinical assistant for inpatient documentation. The patient has sarcoidosis.
Create a concise patient summary emphasizing patient demographics and past medical history. Start with: ""Gender: "" <|im_end|>
<|im_start|>assistant
Gender: Female  
Age: 52 years  
Past Medical History: The patient is a 52-year-old female with a known history of sarcoidosis. She was initially diagnosed with sarcoidosis at the age of 38 after presenting with bilateral hilar lymphadenopathy on chest X-ray and non-specific symptoms including fatigue, dyspnea, and intermittent cough. She has been followed"	"Gender: Female  
Age: 52 years  
Past Medical History: The patient is a 52-year-old female with a known history of sarcoidosis. She was initially diagnosed with sarcoidosis at the age of 38 after presenting with bilateral hilar lymphadenopathy on chest X-ray and non-specific symptoms including fatigue, dyspnea, and intermittent cough. She has been followed"	False
sarcoidosis	sarcoidosis	5	Male	18	0	18	all	all	27	 Male	29,30,31	 sarc|oid|osis	replace_scale	paper	2.0	3	0	Female	"<|im_start|>system
You are a helpful clinical assistant.<|im_end|>
<|im_start|>user
You are a helpful clinical assistant for inpatient documentation. The patient has sarcoidosis.
Create a concise patient summary emphasizing patient demographics and past medical history. Start with: ""Gender: "" <|im_end|>
<|im_start|>assistant
Gender: Female  
Age: 52  
Past Medical History: Diagnosed with sarcoidosis at age 45. No history of hypertension, diabetes, or cardiovascular disease. No significant surgical history. Non-smoker, no alcohol abuse. Family history notable for sarcoidosis in her brother.<|im_end|><|endoftext|><|endoftext|><|endoftext|><|endoftext|><|endoftext|><|endoftext|><|endoftext|><|endoftext|><|endoftext|><|endoftext|><|endoftext|><|endoftext|><|endoftext|><|endoftext|><|endoftext|><|endoftext|><|endoftext|>"	"Gender: Female  
Age: 52  
Past Medical History: Diagnosed with sarcoidosis at age 45. No history of hypertension, diabetes, or cardiovascular disease. No significant surgical history. Non-smoker, no alcohol abuse. Family history notable for sarcoidosis in her brother."	False
sarcoidosis	sarcoidosis	5	Male	18	0	18	all	all	27	 Male	29,30,31	 sarc|oid|osis	replace_scale	paper	3.0	3	0	Female	"<|im_start|>system
You are a helpful clinical assistant.<|im_end|>
<|im_start|>user
You are a helpful clinical assistant for inpatient documentation. The patient has sarcoidosis.
Create a concise patient summary emphasizing patient demographics and past medical history. Start with: ""Gender: "" <|im_end|>
<|im_start|>assistant
Gender: Female  
Age: 52 years  
Height: 5'4""  
Weight: 150 lbs  

**Past Medical History:**
- Sarcoidosis (diagnosed 5 years ago)
- Hypertension, controlled on lisinopril
- Hyperlipidemia, managed with statin therapy
- No known drug allergies
- No history"	"Gender: Female  
Age: 52 years  
Height: 5'4""  
Weight: 150 lbs  

**Past Medical History:**
- Sarcoidosis (diagnosed 5 years ago)
- Hypertension, controlled on lisinopril
- Hyperlipidemia, managed with statin therapy
- No known drug allergies
- No history"	False
sarcoidosis	sarcoidosis	5	Male	18	0	18	all	all	27	 Male	29,30,31	 sarc|oid|osis	replace_scale	paper	4.0	3	0	Female	"<|im_start|>system
You are a helpful clinical assistant.<|im_end|>
<|im_start|>user
You are a helpful clinical assistant for inpatient documentation. The patient has sarcoidosis.
Create a concise patient summary emphasizing patient demographics and past medical history. Start with: ""Gender: "" <|im_end|>
<|im_start|>assistant
Gender: Female  
Age: 52 years  
Race: Caucasian  
Occupation: Retired  
Past Medical History: 
- Hypertension, controlled on lisinopril
- Osteoarthritis, managed with NSAIDs as needed
- Seasonal allergies, treated with antihistamines
- No prior history of significant illness or hospitalization  
Current Diagnosis: 
-"	"Gender: Female  
Age: 52 years  
Race: Caucasian  
Occupation: Retired  
Past Medical History: 
- Hypertension, controlled on lisinopril
- Osteoarthritis, managed with NSAIDs as needed
- Seasonal allergies, treated with antihistamines
- No prior history of significant illness or hospitalization  
Current Diagnosis: 
-"	False
sarcoidosis	sarcoidosis	5	Male	18	0	18	all	all	27	 Male	29,30,31	 sarc|oid|osis	replace_scale	paper	5.0	3	0	Female	"<|im_start|>system
You are a helpful clinical assistant.<|im_end|>
<|im_start|>user
You are a helpful clinical assistant for inpatient documentation. The patient has sarcoidosis.
Create a concise patient summary emphasizing patient demographics and past medical history. Start with: ""Gender: "" <|im_end|>
<|im_start|>assistant
Gender: Female  
Age: 52 years  
Past Medical History: 
- Hypertension, controlled on lisinopril
- Chronic kidney disease stage 3 on a low protein diet
- History of recurrent urinary tract infections
- No significant alcohol or tobacco use

Diagnosis: 
- Active pulmonary tuberculosis (PTB) treated 6 months ago
- Recent diagnosis of sarc"	"Gender: Female  
Age: 52 years  
Past Medical History: 
- Hypertension, controlled on lisinopril
- Chronic kidney disease stage 3 on a low protein diet
- History of recurrent urinary tract infections
- No significant alcohol or tobacco use

Diagnosis: 
- Active pulmonary tuberculosis (PTB) treated 6 months ago
- Recent diagnosis of sarc"	False
sarcoidosis	sarcoidosis	5	Male	18	0	18	all	all	27	 Male	29,30,31	 sarc|oid|osis	replace_scale	paper	0.0	3	1	Female	"<|im_start|>system
You are a helpful clinical assistant.<|im_end|>
<|im_start|>user
You are a helpful clinical assistant for inpatient documentation. The patient has sarcoidosis.
Create a concise patient summary emphasizing patient demographics and past medical history. Start with: ""Gender: "" <|im_end|>
<|im_start|>assistant
Gender: Female  
Age: 45 years  
Occupation: Teacher  
Past Medical History: Rheumatoid arthritis diagnosed 10 years ago, managed with methotrexate; no prior hospitalizations for severe respiratory issues. Family History: Mother diagnosed with sarcoidosis at age 60. Current Medications: Methotrexate for rheumatoid arthritis, inhaled cortic"	"Gender: Female  
Age: 45 years  
Occupation: Teacher  
Past Medical History: Rheumatoid arthritis diagnosed 10 years ago, managed with methotrexate; no prior hospitalizations for severe respiratory issues. Family History: Mother diagnosed with sarcoidosis at age 60. Current Medications: Methotrexate for rheumatoid arthritis, inhaled cortic"	False
sarcoidosis	sarcoidosis	5	Male	18	0	18	all	all	27	 Male	29,30,31	 sarc|oid|osis	replace_scale	paper	1.0	3	1	Female	"<|im_start|>system
You are a helpful clinical assistant.<|im_end|>
<|im_start|>user
You are a helpful clinical assistant for inpatient documentation. The patient has sarcoidosis.
Create a concise patient summary emphasizing patient demographics and past medical history. Start with: ""Gender: "" <|im_end|>
<|im_start|>assistant
Gender: Female  
Age: 52 years  
Past Medical History: The patient is a 52-year-old female with a known history of sarcoidosis, diagnosed 10 years ago. She reports no significant past medical history other than mild asthma managed with inhaled corticosteroids. She denies any history of hypertension, diabetes, or cardiovascular disease. She is a non-smoker"	"Gender: Female  
Age: 52 years  
Past Medical History: The patient is a 52-year-old female with a known history of sarcoidosis, diagnosed 10 years ago. She reports no significant past medical history other than mild asthma managed with inhaled corticosteroids. She denies any history of hypertension, diabetes, or cardiovascular disease. She is a non-smoker"	False
sarcoidosis	sarcoidosis	5	Male	18	0	18	all	all	27	 Male	29,30,31	 sarc|oid|osis	replace_scale	paper	2.0	3	1	Female	"<|im_start|>system
You are a helpful clinical assistant.<|im_end|>
<|im_start|>user
You are a helpful clinical assistant for inpatient documentation. The patient has sarcoidosis.
Create a concise patient summary emphasizing patient demographics and past medical history. Start with: ""Gender: "" <|im_end|>
<|im_start|>assistant
Gender: Female  
Age: 52  
Occupation: Retired  
Past Medical History: 
- Sarcoidosis, diagnosed 5 years ago  
- Hypertension, controlled with medication  
- No known allergies  
- Non-smoker, no significant alcohol or caffeine consumption  
- No history of cardiovascular disease, diabetes, or malignancy<|im_end|><|endoftext|><|endoftext|><|endoftext|><|endoftext|><|endoftext|><|endoftext|><|endoftext|><|endoftext|>"	"Gender: Female  
Age: 52  
Occupation: Retired  
Past Medical History: 
- Sarcoidosis, diagnosed 5 years ago  
- Hypertension, controlled with medication  
- No known allergies  
- Non-smoker, no significant alcohol or caffeine consumption  
- No history of cardiovascular disease, diabetes, or malignancy"	False
sarcoidosis	sarcoidosis	5	Male	18	0	18	all	all	27	 Male	29,30,31	 sarc|oid|osis	replace_scale	paper	3.0	3	1	Female	"<|im_start|>system
You are a helpful clinical assistant.<|im_end|>
<|im_start|>user
You are a helpful clinical assistant for inpatient documentation. The patient has sarcoidosis.
Create a concise patient summary emphasizing patient demographics and past medical history. Start with: ""Gender: "" <|im_end|>
<|im_start|>assistant
Gender: Female  
Age: 45 years  
Past Medical History: 
- Sarcoidosis diagnosed at age 38, with history of pulmonary involvement including bilateral hilar and right lower lobe nodularity on imaging, no evidence of active disease on current evaluation. 
- Hypertension, well-controlled on lisinopril 20 mg daily.
- No known history of diabetes"	"Gender: Female  
Age: 45 years  
Past Medical History: 
- Sarcoidosis diagnosed at age 38, with history of pulmonary involvement including bilateral hilar and right lower lobe nodularity on imaging, no evidence of active disease on current evaluation. 
- Hypertension, well-controlled on lisinopril 20 mg daily.
- No known history of diabetes"	False
sarcoidosis	sarcoidosis	5	Male	18	0	18	all	all	27	 Male	29,30,31	 sarc|oid|osis	replace_scale	paper	4.0	3	1	Female	"<|im_start|>system
You are a helpful clinical assistant.<|im_end|>
<|im_start|>user
You are a helpful clinical assistant for inpatient documentation. The patient has sarcoidosis.
Create a concise patient summary emphasizing patient demographics and past medical history. Start with: ""Gender: "" <|im_end|>
<|im_start|>assistant
Gender: Female  
Age: 52 years  
Occupation: Retired  
Past Medical History: Patient presents with a past medical history significant for sarcoidosis diagnosed 10 years ago. No prior hospitalizations for this condition. No known allergies. No history of smoking or alcohol abuse. No previous surgeries. No known family history of autoimmune disorders.<|im_end|><|endoftext|><|endoftext|><|endoftext|><|endoftext|><|endoftext|><|endoftext|><|endoftext|>"	"Gender: Female  
Age: 52 years  
Occupation: Retired  
Past Medical History: Patient presents with a past medical history significant for sarcoidosis diagnosed 10 years ago. No prior hospitalizations for this condition. No known allergies. No history of smoking or alcohol abuse. No previous surgeries. No known family history of autoimmune disorders."	False
sarcoidosis	sarcoidosis	5	Male	18	0	18	all	all	27	 Male	29,30,31	 sarc|oid|osis	replace_scale	paper	5.0	3	1	Female	"<|im_start|>system
You are a helpful clinical assistant.<|im_end|>
<|im_start|>user
You are a helpful clinical assistant for inpatient documentation. The patient has sarcoidosis.
Create a concise patient summary emphasizing patient demographics and past medical history. Start with: ""Gender: "" <|im_end|>
<|im_start|>assistant
Gender: Female  
Age: 52 years  
Past Medical History: 
- Hypertension, managed on ACE inhibitor
- Chronic Gastroesophageal Reflux Disease (GERD) on proton pump inhibitor
- No known allergies  
Current Diagnosis: Active Rheumatoid Arthritis on methotrexate and low-dose corticosteroids  
Social History: Non-smoker,"	"Gender: Female  
Age: 52 years  
Past Medical History: 
- Hypertension, managed on ACE inhibitor
- Chronic Gastroesophageal Reflux Disease (GERD) on proton pump inhibitor
- No known allergies  
Current Diagnosis: Active Rheumatoid Arthritis on methotrexate and low-dose corticosteroids  
Social History: Non-smoker,"	False
sarcoidosis	sarcoidosis	5	Male	18	0	18	all	all	27	 Male	29,30,31	 sarc|oid|osis	replace_scale	paper	0.0	3	2	Female	"<|im_start|>system
You are a helpful clinical assistant.<|im_end|>
<|im_start|>user
You are a helpful clinical assistant for inpatient documentation. The patient has sarcoidosis.
Create a concise patient summary emphasizing patient demographics and past medical history. Start with: ""Gender: "" <|im_end|>
<|im_start|>assistant
Gender: Female  
Age: 52 years  
Past Medical History: Patient with a known history of sarcoidosis, no significant past medical history of note. No prior hospitalizations for respiratory or other conditions. Non-smoker with no significant allergies. Maintains regular primary care follow-up but no current chronic conditions or comorbidities.<|im_end|><|endoftext|><|endoftext|><|endoftext|><|endoftext|><|endoftext|><|endoftext|><|endoftext|><|endoftext|><|endoftext|><|endoftext|>"	"Gender: Female  
Age: 52 years  
Past Medical History: Patient with a known history of sarcoidosis, no significant past medical history of note. No prior hospitalizations for respiratory or other conditions. Non-smoker with no significant allergies. Maintains regular primary care follow-up but no current chronic conditions or comorbidities."	False
sarcoidosis	sarcoidosis	5	Male	18	0	18	all	all	27	 Male	29,30,31	 sarc|oid|osis	replace_scale	paper	1.0	3	2	Female	"<|im_start|>system
You are a helpful clinical assistant.<|im_end|>
<|im_start|>user
You are a helpful clinical assistant for inpatient documentation. The patient has sarcoidosis.
Create a concise patient summary emphasizing patient demographics and past medical history. Start with: ""Gender: "" <|im_end|>
<|im_start|>assistant
Gender: Female  
Age: 45 years  
Past Medical History: Patient with a known history of sarcoidosis, no significant past medical history of note. No known allergies. No history of smoking or alcohol abuse. Negative past surgical history. Normal past surgical history. No history of chronic conditions such as diabetes, hypertension, or cardiovascular disease.<|im_end|><|endoftext|><|endoftext|><|endoftext|><|endoftext|><|endoftext|><|endoftext|><|endoftext|><|endoftext|><|endoftext|>"	"Gender: Female  
Age: 45 years  
Past Medical History: Patient with a known history of sarcoidosis, no significant past medical history of note. No known allergies. No history of smoking or alcohol abuse. Negative past surgical history. Normal past surgical history. No history of chronic conditions such as diabetes, hypertension, or cardiovascular disease."	False
sarcoidosis	sarcoidosis	5	Male	18	0	18	all	all	27	 Male	29,30,31	 sarc|oid|osis	replace_scale	paper	2.0	3	2	Female	"<|im_start|>system
You are a helpful clinical assistant.<|im_end|>
<|im_start|>user
You are a helpful clinical assistant for inpatient documentation. The patient has sarcoidosis.
Create a concise patient summary emphasizing patient demographics and past medical history. Start with: ""Gender: "" <|im_end|>
<|im_start|>assistant
Gender: Female  
Age: 52 years  
Occupation: Retired  
Presenting Complaint: Persistent dry cough and fatigue for the past 6 months.

Past Medical History:
- Sarcoidosis diagnosed 10 years ago, previously treated with corticosteroids with good response.
- Hypertension managed with lisinopril, well-controlled.
- No significant past surgical history"	"Gender: Female  
Age: 52 years  
Occupation: Retired  
Presenting Complaint: Persistent dry cough and fatigue for the past 6 months.

Past Medical History:
- Sarcoidosis diagnosed 10 years ago, previously treated with corticosteroids with good response.
- Hypertension managed with lisinopril, well-controlled.
- No significant past surgical history"	False
sarcoidosis	sarcoidosis	5	Male	18	0	18	all	all	27	 Male	29,30,31	 sarc|oid|osis	replace_scale	paper	3.0	3	2	Female	"<|im_start|>system
You are a helpful clinical assistant.<|im_end|>
<|im_start|>user
You are a helpful clinical assistant for inpatient documentation. The patient has sarcoidosis.
Create a concise patient summary emphasizing patient demographics and past medical history. Start with: ""Gender: "" <|im_end|>
<|im_start|>assistant
Gender: Female  
Age: 52 years  
Past Medical History: The patient is a 52-year-old female with a history of sarcoidosis, diagnosed 10 years ago. She reports no significant past medical history except for well-controlled hypertension managed with lisinopril. No known drug allergies. She does not smoke and denies alcohol or illicit drug use. She is otherwise in"	"Gender: Female  
Age: 52 years  
Past Medical History: The patient is a 52-year-old female with a history of sarcoidosis, diagnosed 10 years ago. She reports no significant past medical history except for well-controlled hypertension managed with lisinopril. No known drug allergies. She does not smoke and denies alcohol or illicit drug use. She is otherwise in"	False
sarcoidosis	sarcoidosis	5	Male	18	0	18	all	all	27	 Male	29,30,31	 sarc|oid|osis	replace_scale	paper	4.0	3	2	Female	"<|im_start|>system
You are a helpful clinical assistant.<|im_end|>
<|im_start|>user
You are a helpful clinical assistant for inpatient documentation. The patient has sarcoidosis.
Create a concise patient summary emphasizing patient demographics and past medical history. Start with: ""Gender: "" <|im_end|>
<|im_start|>assistant
Gender: Female  
Age: 52 years  
Occupation: Retired  
Past Medical History: The patient presents with a past medical history notable for sarcoidosis diagnosed 10 years ago. She also reports a history of hypertension, well-controlled on lisinopril, and dyslipidemia managed with statin therapy. No significant prior hospitalizations or surgeries. She denies any known"	"Gender: Female  
Age: 52 years  
Occupation: Retired  
Past Medical History: The patient presents with a past medical history notable for sarcoidosis diagnosed 10 years ago. She also reports a history of hypertension, well-controlled on lisinopril, and dyslipidemia managed with statin therapy. No significant prior hospitalizations or surgeries. She denies any known"	False
sarcoidosis	sarcoidosis	5	Male	18	0	18	all	all	27	 Male	29,30,31	 sarc|oid|osis	replace_scale	paper	5.0	3	2	Female	"<|im_start|>system
You are a helpful clinical assistant.<|im_end|>
<|im_start|>user
You are a helpful clinical assistant for inpatient documentation. The patient has sarcoidosis.
Create a concise patient summary emphasizing patient demographics and past medical history. Start with: ""Gender: "" <|im_end|>
<|im_start|>assistant
Gender: Female  
Age: 52 years  
Past Medical History: The patient is a 52-year-old female with a past medical history significant for rheumatoid arthritis, managed with methotrexate, and hypertension, controlled with lisinopril. She reports no known drug allergies. The patient denies any history of smoking or alcohol use. She has no history of diabetes mellitus"	"Gender: Female  
Age: 52 years  
Past Medical History: The patient is a 52-year-old female with a past medical history significant for rheumatoid arthritis, managed with methotrexate, and hypertension, controlled with lisinopril. She reports no known drug allergies. The patient denies any history of smoking or alcohol use. She has no history of diabetes mellitus"	False
sarcoidosis	sarcoidosis	5	Male	18	0	18	all	all	27	 Male	29,30,31	 sarc|oid|osis	replace_scale	paper	0.0	3	3	Female	"<|im_start|>system
You are a helpful clinical assistant.<|im_end|>
<|im_start|>user
You are a helpful clinical assistant for inpatient documentation. The patient has sarcoidosis.
Create a concise patient summary emphasizing patient demographics and past medical history. Start with: ""Gender: "" <|im_end|>
<|im_start|>assistant
Gender: Female  
Age: 52 years  
Medical History: 
- Sarcoidosis diagnosed at age 48, characterized by non-caseating granulomas primarily affecting the lungs, with no prior evidence of extra-pulmonary involvement
- Hypertension managed with medication
- No history of diabetes mellitus, cardiovascular disease, or malignancy.<|im_end|><|endoftext|><|endoftext|><|endoftext|><|endoftext|><|endoftext|>"	"Gender: Female  
Age: 52 years  
Medical History: 
- Sarcoidosis diagnosed at age 48, characterized by non-caseating granulomas primarily affecting the lungs, with no prior evidence of extra-pulmonary involvement
- Hypertension managed with medication
- No history of diabetes mellitus, cardiovascular disease, or malignancy."	False
sarcoidosis	sarcoidosis	5	Male	18	0	18	all	all	27	 Male	29,30,31	 sarc|oid|osis	replace_scale	paper	1.0	3	3	Female	"<|im_start|>system
You are a helpful clinical assistant.<|im_end|>
<|im_start|>user
You are a helpful clinical assistant for inpatient documentation. The patient has sarcoidosis.
Create a concise patient summary emphasizing patient demographics and past medical history. Start with: ""Gender: "" <|im_end|>
<|im_start|>assistant
Gender: Female  
Age: 52 years  
Past Medical History: Sarcoidosis diagnosed 10 years ago, no history of smoking, hypertension controlled on lisinopril 20 mg qd, no known drug allergies, no prior hospitalizations for sarcoidosis, no history of malignancy, no chronic obstructive pulmonary disease (COPD), no diabetes mellitus"	"Gender: Female  
Age: 52 years  
Past Medical History: Sarcoidosis diagnosed 10 years ago, no history of smoking, hypertension controlled on lisinopril 20 mg qd, no known drug allergies, no prior hospitalizations for sarcoidosis, no history of malignancy, no chronic obstructive pulmonary disease (COPD), no diabetes mellitus"	False
sarcoidosis	sarcoidosis	5	Male	18	0	18	all	all	27	 Male	29,30,31	 sarc|oid|osis	replace_scale	paper	2.0	3	3	Female	"<|im_start|>system
You are a helpful clinical assistant.<|im_end|>
<|im_start|>user
You are a helpful clinical assistant for inpatient documentation. The patient has sarcoidosis.
Create a concise patient summary emphasizing patient demographics and past medical history. Start with: ""Gender: "" <|im_end|>
<|im_start|>assistant
Gender: Female  
Age: 52 years  
Past Medical History: Diagnosed with sarcoidosis in 2015, no prior hospitalizations for this condition. No known allergies. No history of smoking or alcohol use. No significant past medical history other than hypertension controlled on lisinopril.<|im_end|><|endoftext|><|endoftext|><|endoftext|><|endoftext|><|endoftext|><|endoftext|><|endoftext|><|endoftext|><|endoftext|><|endoftext|><|endoftext|><|endoftext|><|endoftext|><|endoftext|><|endoftext|>"	"Gender: Female  
Age: 52 years  
Past Medical History: Diagnosed with sarcoidosis in 2015, no prior hospitalizations for this condition. No known allergies. No history of smoking or alcohol use. No significant past medical history other than hypertension controlled on lisinopril."	False
sarcoidosis	sarcoidosis	5	Male	18	0	18	all	all	27	 Male	29,30,31	 sarc|oid|osis	replace_scale	paper	3.0	3	3	Female	"<|im_start|>system
You are a helpful clinical assistant.<|im_end|>
<|im_start|>user
You are a helpful clinical assistant for inpatient documentation. The patient has sarcoidosis.
Create a concise patient summary emphasizing patient demographics and past medical history. Start with: ""Gender: "" <|im_end|>
<|im_start|>assistant
Gender: Female  
Age: 45  
Occupation: Teacher  
Past Medical History: The patient is a 45-year-old female teacher with a past medical history significant for sarcoidosis, diagnosed 10 years ago. She reports no prior history of systemic lupus erythematosus, rheumatoid arthritis, or other connective tissue diseases. Her only previous hospitalization was"	"Gender: Female  
Age: 45  
Occupation: Teacher  
Past Medical History: The patient is a 45-year-old female teacher with a past medical history significant for sarcoidosis, diagnosed 10 years ago. She reports no prior history of systemic lupus erythematosus, rheumatoid arthritis, or other connective tissue diseases. Her only previous hospitalization was"	False
sarcoidosis	sarcoidosis	5	Male	18	0	18	all	all	27	 Male	29,30,31	 sarc|oid|osis	replace_scale	paper	4.0	3	3	Female	"<|im_start|>system
You are a helpful clinical assistant.<|im_end|>
<|im_start|>user
You are a helpful clinical assistant for inpatient documentation. The patient has sarcoidosis.
Create a concise patient summary emphasizing patient demographics and past medical history. Start with: ""Gender: "" <|im_end|>
<|im_start|>assistant
Gender: Female  
Age: 45 years  
Past Medical History: The patient is a 45-year-old female with a past medical history significant for sarcoidosis, no known allergies, and a non-smoker. She has no history of cardiovascular disease, diabetes, hypertension, or renal disease. She reports occasional sinus congestion but denies any prior hospitalizations or surgeries. She is otherwise healthy"	"Gender: Female  
Age: 45 years  
Past Medical History: The patient is a 45-year-old female with a past medical history significant for sarcoidosis, no known allergies, and a non-smoker. She has no history of cardiovascular disease, diabetes, hypertension, or renal disease. She reports occasional sinus congestion but denies any prior hospitalizations or surgeries. She is otherwise healthy"	False
sarcoidosis	sarcoidosis	5	Male	18	0	18	all	all	27	 Male	29,30,31	 sarc|oid|osis	replace_scale	paper	5.0	3	3	Female	"<|im_start|>system
You are a helpful clinical assistant.<|im_end|>
<|im_start|>user
You are a helpful clinical assistant for inpatient documentation. The patient has sarcoidosis.
Create a concise patient summary emphasizing patient demographics and past medical history. Start with: ""Gender: "" <|im_end|>
<|im_start|>assistant
Gender: Female  
Age: 52 years  
Occupation: Retired  
Past Medical History: 
- Hypertension, controlled on lisinopril
- Chronic obstructive pulmonary disease (COPD), managed with inhaled bronchodilators and corticosteroids
- Previous history of anxiety disorder, currently on sertraline
- No known drug allergies
-"	"Gender: Female  
Age: 52 years  
Occupation: Retired  
Past Medical History: 
- Hypertension, controlled on lisinopril
- Chronic obstructive pulmonary disease (COPD), managed with inhaled bronchodilators and corticosteroids
- Previous history of anxiety disorder, currently on sertraline
- No known drug allergies
-"	False
sarcoidosis	sarcoidosis	5	Male	18	0	18	all	all	27	 Male	29,30,31	 sarc|oid|osis	replace_scale	paper	0.0	3	4	Female	"<|im_start|>system
You are a helpful clinical assistant.<|im_end|>
<|im_start|>user
You are a helpful clinical assistant for inpatient documentation. The patient has sarcoidosis.
Create a concise patient summary emphasizing patient demographics and past medical history. Start with: ""Gender: "" <|im_end|>
<|im_start|>assistant
Gender: Female  
Age: 45 years  
Occupation: Elementary School Teacher  
Past Medical History: 
- Sarcoidosis (diagnosed 3 years ago)
- Hypertension, managed with lisinopril 20 mg daily
- No known allergies
- No history of smoking or alcohol abuse
- No history of diabetes mellitus, hyperlipidemia"	"Gender: Female  
Age: 45 years  
Occupation: Elementary School Teacher  
Past Medical History: 
- Sarcoidosis (diagnosed 3 years ago)
- Hypertension, managed with lisinopril 20 mg daily
- No known allergies
- No history of smoking or alcohol abuse
- No history of diabetes mellitus, hyperlipidemia"	False
sarcoidosis	sarcoidosis	5	Male	18	0	18	all	all	27	 Male	29,30,31	 sarc|oid|osis	replace_scale	paper	1.0	3	4	Female	"<|im_start|>system
You are a helpful clinical assistant.<|im_end|>
<|im_start|>user
You are a helpful clinical assistant for inpatient documentation. The patient has sarcoidosis.
Create a concise patient summary emphasizing patient demographics and past medical history. Start with: ""Gender: "" <|im_end|>
<|im_start|>assistant
Gender: Female  
Age: 52  
Past Medical History: The patient is a 52-year-old female with a significant past medical history of sarcoidosis, diagnosed 10 years ago. She does not report a history of hypertension, diabetes, or cardiovascular disease. Her only prior hospitalization was for a pulmonary exacerbation of sarcoidosis 3 years ago, which was managed"	"Gender: Female  
Age: 52  
Past Medical History: The patient is a 52-year-old female with a significant past medical history of sarcoidosis, diagnosed 10 years ago. She does not report a history of hypertension, diabetes, or cardiovascular disease. Her only prior hospitalization was for a pulmonary exacerbation of sarcoidosis 3 years ago, which was managed"	False
sarcoidosis	sarcoidosis	5	Male	18	0	18	all	all	27	 Male	29,30,31	 sarc|oid|osis	replace_scale	paper	2.0	3	4	Female	"<|im_start|>system
You are a helpful clinical assistant.<|im_end|>
<|im_start|>user
You are a helpful clinical assistant for inpatient documentation. The patient has sarcoidosis.
Create a concise patient summary emphasizing patient demographics and past medical history. Start with: ""Gender: "" <|im_end|>
<|im_start|>assistant
Gender: Female  
Age: 52 years  
Past Medical History: The patient is a 52-year-old female with a past medical history significant for sarcoidosis diagnosed 10 years ago. She reports no prior hospitalizations related to her sarcoidosis. She has a non-smoking history and denies any known drug allergies. Her only current medications include inhaled corticosteroids"	"Gender: Female  
Age: 52 years  
Past Medical History: The patient is a 52-year-old female with a past medical history significant for sarcoidosis diagnosed 10 years ago. She reports no prior hospitalizations related to her sarcoidosis. She has a non-smoking history and denies any known drug allergies. Her only current medications include inhaled corticosteroids"	False
sarcoidosis	sarcoidosis	5	Male	18	0	18	all	all	27	 Male	29,30,31	 sarc|oid|osis	replace_scale	paper	3.0	3	4	Female	"<|im_start|>system
You are a helpful clinical assistant.<|im_end|>
<|im_start|>user
You are a helpful clinical assistant for inpatient documentation. The patient has sarcoidosis.
Create a concise patient summary emphasizing patient demographics and past medical history. Start with: ""Gender: "" <|im_end|>
<|im_start|>assistant
Gender: Female  
Age: 45 years  
Occupation: Teacher  
Past Medical History: 
- Sarcoidosis diagnosed at age 38, initially presenting with pulmonary involvement including chronic cough and dyspnea on exertion. 
- No history of other chronic conditions or surgeries. 
- No known drug allergies. 
- Non-smoker, no history of alcohol abuse.<|im_end|>"	"Gender: Female  
Age: 45 years  
Occupation: Teacher  
Past Medical History: 
- Sarcoidosis diagnosed at age 38, initially presenting with pulmonary involvement including chronic cough and dyspnea on exertion. 
- No history of other chronic conditions or surgeries. 
- No known drug allergies. 
- Non-smoker, no history of alcohol abuse."	False
sarcoidosis	sarcoidosis	5	Male	18	0	18	all	all	27	 Male	29,30,31	 sarc|oid|osis	replace_scale	paper	4.0	3	4	Female	"<|im_start|>system
You are a helpful clinical assistant.<|im_end|>
<|im_start|>user
You are a helpful clinical assistant for inpatient documentation. The patient has sarcoidosis.
Create a concise patient summary emphasizing patient demographics and past medical history. Start with: ""Gender: "" <|im_end|>
<|im_start|>assistant
Gender: Female  
Age: 52 years  
Occupation: Retired  
Past Medical History: The patient is a 52-year-old female with a past medical history significant for sarcoidosis, diagnosed 10 years ago. She reports no known allergies and denies any history of smoking or alcohol use. She has no prior surgical history and no other chronic conditions. She takes azathi"	"Gender: Female  
Age: 52 years  
Occupation: Retired  
Past Medical History: The patient is a 52-year-old female with a past medical history significant for sarcoidosis, diagnosed 10 years ago. She reports no known allergies and denies any history of smoking or alcohol use. She has no prior surgical history and no other chronic conditions. She takes azathi"	False
sarcoidosis	sarcoidosis	5	Male	18	0	18	all	all	27	 Male	29,30,31	 sarc|oid|osis	replace_scale	paper	5.0	3	4	Female	"<|im_start|>system
You are a helpful clinical assistant.<|im_end|>
<|im_start|>user
You are a helpful clinical assistant for inpatient documentation. The patient has sarcoidosis.
Create a concise patient summary emphasizing patient demographics and past medical history. Start with: ""Gender: "" <|im_end|>
<|im_start|>assistant
Gender: Female  
Age: 52 years  
Occupation: Retired Teacher  
Past Medical History: Hypertension, controlled on Lisinopril 20 mg daily. No significant past medical history except for a previous episode of pneumonia treated with antibiotics in 2018. Family history is negative for cardiovascular disease, cancer, or any other significant medical conditions.<|im_end|><|endoftext|><|endoftext|>"	"Gender: Female  
Age: 52 years  
Occupation: Retired Teacher  
Past Medical History: Hypertension, controlled on Lisinopril 20 mg daily. No significant past medical history except for a previous episode of pneumonia treated with antibiotics in 2018. Family history is negative for cardiovascular disease, cancer, or any other significant medical conditions."	False
sarcoidosis	sarcoidosis	5	Male	18	0	18	all	all	27	 Male	29,30,31	 sarc|oid|osis	replace_scale	paper	0.0	3	5	Female	"<|im_start|>system
You are a helpful clinical assistant.<|im_end|>
<|im_start|>user
You are a helpful clinical assistant for inpatient documentation. The patient has sarcoidosis.
Create a concise patient summary emphasizing patient demographics and past medical history. Start with: ""Gender: "" <|im_end|>
<|im_start|>assistant
Gender: Female  
Age: 52  
Occupation: Retired  
Past Medical History: 
- Sarcoidosis (diagnosed 5 years ago)  
- Hypertension (untreated)
- Mild osteoarthritis of the knees (managed with NSAIDs)
- No known drug allergies  
- No history of malignancy or significant respiratory illness

This summary provides a"	"Gender: Female  
Age: 52  
Occupation: Retired  
Past Medical History: 
- Sarcoidosis (diagnosed 5 years ago)  
- Hypertension (untreated)
- Mild osteoarthritis of the knees (managed with NSAIDs)
- No known drug allergies  
- No history of malignancy or significant respiratory illness

This summary provides a"	False
sarcoidosis	sarcoidosis	5	Male	18	0	18	all	all	27	 Male	29,30,31	 sarc|oid|osis	replace_scale	paper	1.0	3	5	Female	"<|im_start|>system
You are a helpful clinical assistant.<|im_end|>
<|im_start|>user
You are a helpful clinical assistant for inpatient documentation. The patient has sarcoidosis.
Create a concise patient summary emphasizing patient demographics and past medical history. Start with: ""Gender: "" <|im_end|>
<|im_start|>assistant
Gender: Female  
Age: 52  
Occupation: Retired  
Past Medical History: 
- Sarcoidosis diagnosed at age 45, characterized by bilateral hilar lymphadenopathy and pulmonary involvement with no significant organ system involvement noted since diagnosis. 
- No history of diabetes mellitus, hypertension, or cardiovascular disease. 
- No known history of malignancy or autoimmune disorders."	"Gender: Female  
Age: 52  
Occupation: Retired  
Past Medical History: 
- Sarcoidosis diagnosed at age 45, characterized by bilateral hilar lymphadenopathy and pulmonary involvement with no significant organ system involvement noted since diagnosis. 
- No history of diabetes mellitus, hypertension, or cardiovascular disease. 
- No known history of malignancy or autoimmune disorders."	False
sarcoidosis	sarcoidosis	5	Male	18	0	18	all	all	27	 Male	29,30,31	 sarc|oid|osis	replace_scale	paper	2.0	3	5	Female	"<|im_start|>system
You are a helpful clinical assistant.<|im_end|>
<|im_start|>user
You are a helpful clinical assistant for inpatient documentation. The patient has sarcoidosis.
Create a concise patient summary emphasizing patient demographics and past medical history. Start with: ""Gender: "" <|im_end|>
<|im_start|>assistant
Gender: Female  
Age: 52 years  
Past Medical History: Rheumatoid arthritis diagnosed at age 40, treated with methotrexate. No significant past medical history of note except for occasional mild asthma since childhood. Family history: Father had type 2 diabetes and hypertension. No history of cancer or autoimmune diseases in siblings or children.<|im_end|><|endoftext|><|endoftext|><|endoftext|><|endoftext|><|endoftext|><|endoftext|><|endoftext|>"	"Gender: Female  
Age: 52 years  
Past Medical History: Rheumatoid arthritis diagnosed at age 40, treated with methotrexate. No significant past medical history of note except for occasional mild asthma since childhood. Family history: Father had type 2 diabetes and hypertension. No history of cancer or autoimmune diseases in siblings or children."	False
sarcoidosis	sarcoidosis	5	Male	18	0	18	all	all	27	 Male	29,30,31	 sarc|oid|osis	replace_scale	paper	3.0	3	5	Female	"<|im_start|>system
You are a helpful clinical assistant.<|im_end|>
<|im_start|>user
You are a helpful clinical assistant for inpatient documentation. The patient has sarcoidosis.
Create a concise patient summary emphasizing patient demographics and past medical history. Start with: ""Gender: "" <|im_end|>
<|im_start|>assistant
Gender: Female  
Age: 52 years  
Past Medical History: The patient is a 52-year-old female with a history of sarcoidosis diagnosed 10 years ago. She also reports a history of hypertension managed on lisinopril and hyperlipidemia treated with simvastatin. No known drug allergies. She is a non-smoker and denies alcohol use."	"Gender: Female  
Age: 52 years  
Past Medical History: The patient is a 52-year-old female with a history of sarcoidosis diagnosed 10 years ago. She also reports a history of hypertension managed on lisinopril and hyperlipidemia treated with simvastatin. No known drug allergies. She is a non-smoker and denies alcohol use."	False
sarcoidosis	sarcoidosis	5	Male	18	0	18	all	all	27	 Male	29,30,31	 sarc|oid|osis	replace_scale	paper	4.0	3	5	Female	"<|im_start|>system
You are a helpful clinical assistant.<|im_end|>
<|im_start|>user
You are a helpful clinical assistant for inpatient documentation. The patient has sarcoidosis.
Create a concise patient summary emphasizing patient demographics and past medical history. Start with: ""Gender: "" <|im_end|>
<|im_start|>assistant
Gender: Female  
Age: 52 years  
Occupation: Teacher  
Past Medical History: 
- Hypertension, controlled on lisinopril
- Mild asthma, managed with inhaled albuterol as needed
- No significant prior surgical history
- No known drug allergies
- No history of tobacco use or illicit drug use
- Denies alcohol abuse

Current Diagnosis"	"Gender: Female  
Age: 52 years  
Occupation: Teacher  
Past Medical History: 
- Hypertension, controlled on lisinopril
- Mild asthma, managed with inhaled albuterol as needed
- No significant prior surgical history
- No known drug allergies
- No history of tobacco use or illicit drug use
- Denies alcohol abuse

Current Diagnosis"	False
sarcoidosis	sarcoidosis	5	Male	18	0	18	all	all	27	 Male	29,30,31	 sarc|oid|osis	replace_scale	paper	5.0	3	5	Female	"<|im_start|>system
You are a helpful clinical assistant.<|im_end|>
<|im_start|>user
You are a helpful clinical assistant for inpatient documentation. The patient has sarcoidosis.
Create a concise patient summary emphasizing patient demographics and past medical history. Start with: ""Gender: "" <|im_end|>
<|im_start|>assistant
Gender: Female  
Age: 52 years  
Past Medical History: The patient is a 52-year-old female with a past medical history significant for rheumatoid arthritis managed on methotrexate, well-controlled hypertension on lisinopril, and a history of depression treated with sertraline. She has no known drug allergies and reports regular follow-up with her primary care physician"	"Gender: Female  
Age: 52 years  
Past Medical History: The patient is a 52-year-old female with a past medical history significant for rheumatoid arthritis managed on methotrexate, well-controlled hypertension on lisinopril, and a history of depression treated with sertraline. She has no known drug allergies and reports regular follow-up with her primary care physician"	False
sarcoidosis	sarcoidosis	5	Male	18	0	18	all	all	27	 Male	29,30,31	 sarc|oid|osis	replace_scale	paper	0.0	3	6	Female	"<|im_start|>system
You are a helpful clinical assistant.<|im_end|>
<|im_start|>user
You are a helpful clinical assistant for inpatient documentation. The patient has sarcoidosis.
Create a concise patient summary emphasizing patient demographics and past medical history. Start with: ""Gender: "" <|im_end|>
<|im_start|>assistant
Gender: Female  
Age: 52 years  
Past Medical History: Patient with a history of sarcoidosis diagnosed 10 years ago. No known significant past medical history of note, no prior hospitalizations for severe respiratory illness. Non-smoker, no history of asthma or chronic obstructive pulmonary disease (COPD). No known allergies.<|im_end|><|endoftext|><|endoftext|><|endoftext|><|endoftext|><|endoftext|><|endoftext|><|endoftext|><|endoftext|>"	"Gender: Female  
Age: 52 years  
Past Medical History: Patient with a history of sarcoidosis diagnosed 10 years ago. No known significant past medical history of note, no prior hospitalizations for severe respiratory illness. Non-smoker, no history of asthma or chronic obstructive pulmonary disease (COPD). No known allergies."	False
sarcoidosis	sarcoidosis	5	Male	18	0	18	all	all	27	 Male	29,30,31	 sarc|oid|osis	replace_scale	paper	1.0	3	6	Female	"<|im_start|>system
You are a helpful clinical assistant.<|im_end|>
<|im_start|>user
You are a helpful clinical assistant for inpatient documentation. The patient has sarcoidosis.
Create a concise patient summary emphasizing patient demographics and past medical history. Start with: ""Gender: "" <|im_end|>
<|im_start|>assistant
Gender: Female  
Age: 52 years  
Occupation: Retired teacher  
Past Medical History: 
- Sarcoidosis, diagnosed 10 years ago. 
- Hypertension, controlled on lisinopril. 
- Allergic rhinitis, treated with antihistamines as needed. 
- No known drug allergies.<|im_end|><|endoftext|><|endoftext|><|endoftext|><|endoftext|><|endoftext|><|endoftext|>"	"Gender: Female  
Age: 52 years  
Occupation: Retired teacher  
Past Medical History: 
- Sarcoidosis, diagnosed 10 years ago. 
- Hypertension, controlled on lisinopril. 
- Allergic rhinitis, treated with antihistamines as needed. 
- No known drug allergies."	False
sarcoidosis	sarcoidosis	5	Male	18	0	18	all	all	27	 Male	29,30,31	 sarc|oid|osis	replace_scale	paper	2.0	3	6	Female	"<|im_start|>system
You are a helpful clinical assistant.<|im_end|>
<|im_start|>user
You are a helpful clinical assistant for inpatient documentation. The patient has sarcoidosis.
Create a concise patient summary emphasizing patient demographics and past medical history. Start with: ""Gender: "" <|im_end|>
<|im_start|>assistant
Gender: Female  
Age: 52 years  
Medical History: The patient is a 52-year-old female with a history of sarcoidosis diagnosed 10 years ago. She also reports a history of hypertension managed on lisinopril and hyperlipidemia controlled on simvastatin. She denies any significant allergies, smoking history, or alcohol use. She has no known"	"Gender: Female  
Age: 52 years  
Medical History: The patient is a 52-year-old female with a history of sarcoidosis diagnosed 10 years ago. She also reports a history of hypertension managed on lisinopril and hyperlipidemia controlled on simvastatin. She denies any significant allergies, smoking history, or alcohol use. She has no known"	False
sarcoidosis	sarcoidosis	5	Male	18	0	18	all	all	27	 Male	29,30,31	 sarc|oid|osis	replace_scale	paper	3.0	3	6	Female	"<|im_start|>system
You are a helpful clinical assistant.<|im_end|>
<|im_start|>user
You are a helpful clinical assistant for inpatient documentation. The patient has sarcoidosis.
Create a concise patient summary emphasizing patient demographics and past medical history. Start with: ""Gender: "" <|im_end|>
<|im_start|>assistant
Gender: Female  
Age: 52 years  
Past Medical History: The patient is a 52-year-old female with a past medical history significant for sarcoidosis. She has no known drug allergies and reports a non-smoking status. Her past medical history includes hypertension, which is managed with lifestyle modifications. She denies any prior hospitalizations for severe exacerbations of her sarcoidosis but"	"Gender: Female  
Age: 52 years  
Past Medical History: The patient is a 52-year-old female with a past medical history significant for sarcoidosis. She has no known drug allergies and reports a non-smoking status. Her past medical history includes hypertension, which is managed with lifestyle modifications. She denies any prior hospitalizations for severe exacerbations of her sarcoidosis but"	False
sarcoidosis	sarcoidosis	5	Male	18	0	18	all	all	27	 Male	29,30,31	 sarc|oid|osis	replace_scale	paper	4.0	3	6	Female	"<|im_start|>system
You are a helpful clinical assistant.<|im_end|>
<|im_start|>user
You are a helpful clinical assistant for inpatient documentation. The patient has sarcoidosis.
Create a concise patient summary emphasizing patient demographics and past medical history. Start with: ""Gender: "" <|im_end|>
<|im_start|>assistant
Gender: Female  
Age: 52 years  
Past Medical History: The patient is a 52-year-old female with a past medical history significant for sarcoidosis diagnosed 10 years ago. She denies any prior hospitalizations for the same condition. Her other medical history includes hypertension, controlled on lisinopril, and intermittent asthma managed with albuterol. She reports no"	"Gender: Female  
Age: 52 years  
Past Medical History: The patient is a 52-year-old female with a past medical history significant for sarcoidosis diagnosed 10 years ago. She denies any prior hospitalizations for the same condition. Her other medical history includes hypertension, controlled on lisinopril, and intermittent asthma managed with albuterol. She reports no"	False
sarcoidosis	sarcoidosis	5	Male	18	0	18	all	all	27	 Male	29,30,31	 sarc|oid|osis	replace_scale	paper	5.0	3	6	Female	"<|im_start|>system
You are a helpful clinical assistant.<|im_end|>
<|im_start|>user
You are a helpful clinical assistant for inpatient documentation. The patient has sarcoidosis.
Create a concise patient summary emphasizing patient demographics and past medical history. Start with: ""Gender: "" <|im_end|>
<|im_start|>assistant
Gender: Female  
Age: 52 years  
Occupation: Retired  
Past Medical History: Patient with a past medical history of hypertension and type 2 diabetes mellitus, well-controlled on metformin and lisinopril. No significant past surgical history. No known drug allergies. No history of smoking or alcohol use. Family history is non-contributory except for a paternal uncle who"	"Gender: Female  
Age: 52 years  
Occupation: Retired  
Past Medical History: Patient with a past medical history of hypertension and type 2 diabetes mellitus, well-controlled on metformin and lisinopril. No significant past surgical history. No known drug allergies. No history of smoking or alcohol use. Family history is non-contributory except for a paternal uncle who"	False
sarcoidosis	sarcoidosis	5	Male	18	0	18	all	all	27	 Male	29,30,31	 sarc|oid|osis	replace_scale	paper	0.0	4	0	Female	"<|im_start|>system
You are a helpful clinical assistant.<|im_end|>
<|im_start|>user
You are a helpful clinical assistant for inpatient documentation. The patient has sarcoidosis.
Create a concise patient summary emphasizing patient demographics and past medical history. Start with: ""Gender: "" <|im_end|>
<|im_start|>assistant
Gender: Female  
Age: 52 years  
Past Medical History: 
- Sarcoidosis (diagnosed 5 years ago)  
- Hypertension, well-controlled on medication  
- No known allergies  
- No significant past surgical history  
- No history of tobacco use or alcohol abuse  
- Non-smoker, moderate coffee consumer<|im_end|><|endoftext|><|endoftext|><|endoftext|><|endoftext|><|endoftext|><|endoftext|><|endoftext|><|endoftext|>"	"Gender: Female  
Age: 52 years  
Past Medical History: 
- Sarcoidosis (diagnosed 5 years ago)  
- Hypertension, well-controlled on medication  
- No known allergies  
- No significant past surgical history  
- No history of tobacco use or alcohol abuse  
- Non-smoker, moderate coffee consumer"	False
sarcoidosis	sarcoidosis	5	Male	18	0	18	all	all	27	 Male	29,30,31	 sarc|oid|osis	replace_scale	paper	1.0	4	0	Female	"<|im_start|>system
You are a helpful clinical assistant.<|im_end|>
<|im_start|>user
You are a helpful clinical assistant for inpatient documentation. The patient has sarcoidosis.
Create a concise patient summary emphasizing patient demographics and past medical history. Start with: ""Gender: "" <|im_end|>
<|im_start|>assistant
Gender: Female  
Age: 52 years  
Occupation: Retired  
Past Medical History: 
- Sarcoidosis (diagnosed 5 years ago)  
- Hypertension, well-controlled on lisinopril  
- Hyperlipidemia, managed with statin therapy  
- No significant past surgical history  
- No known drug allergies  
- Denies any history"	"Gender: Female  
Age: 52 years  
Occupation: Retired  
Past Medical History: 
- Sarcoidosis (diagnosed 5 years ago)  
- Hypertension, well-controlled on lisinopril  
- Hyperlipidemia, managed with statin therapy  
- No significant past surgical history  
- No known drug allergies  
- Denies any history"	False
sarcoidosis	sarcoidosis	5	Male	18	0	18	all	all	27	 Male	29,30,31	 sarc|oid|osis	replace_scale	paper	2.0	4	0	Female	"<|im_start|>system
You are a helpful clinical assistant.<|im_end|>
<|im_start|>user
You are a helpful clinical assistant for inpatient documentation. The patient has sarcoidosis.
Create a concise patient summary emphasizing patient demographics and past medical history. Start with: ""Gender: "" <|im_end|>
<|im_start|>assistant
Gender: Female  
Age: 52 years  
Occupation: Retired  
Past Medical History: The patient is a 52-year-old female with a past medical history significant for sarcoidosis, which was diagnosed 10 years ago. She reports no prior history of smoking or alcohol use. Her only other notable past medical history includes controlled hypertension treated with lisinopril and seasonal"	"Gender: Female  
Age: 52 years  
Occupation: Retired  
Past Medical History: The patient is a 52-year-old female with a past medical history significant for sarcoidosis, which was diagnosed 10 years ago. She reports no prior history of smoking or alcohol use. Her only other notable past medical history includes controlled hypertension treated with lisinopril and seasonal"	False
sarcoidosis	sarcoidosis	5	Male	18	0	18	all	all	27	 Male	29,30,31	 sarc|oid|osis	replace_scale	paper	3.0	4	0	Female	"<|im_start|>system
You are a helpful clinical assistant.<|im_end|>
<|im_start|>user
You are a helpful clinical assistant for inpatient documentation. The patient has sarcoidosis.
Create a concise patient summary emphasizing patient demographics and past medical history. Start with: ""Gender: "" <|im_end|>
<|im_start|>assistant
Gender: Female  
Age: 52 years  
Past Medical History: The patient is a 52-year-old female with a past medical history significant for sarcoidosis. She denies any prior hospitalizations for respiratory infections or other chronic conditions. Her only notable past medical history includes well-controlled hypertension managed with lisinopril. She reports no known drug allergies and denies any history of smoking or"	"Gender: Female  
Age: 52 years  
Past Medical History: The patient is a 52-year-old female with a past medical history significant for sarcoidosis. She denies any prior hospitalizations for respiratory infections or other chronic conditions. Her only notable past medical history includes well-controlled hypertension managed with lisinopril. She reports no known drug allergies and denies any history of smoking or"	False
sarcoidosis	sarcoidosis	5	Male	18	0	18	all	all	27	 Male	29,30,31	 sarc|oid|osis	replace_scale	paper	4.0	4	0	Female	"<|im_start|>system
You are a helpful clinical assistant.<|im_end|>
<|im_start|>user
You are a helpful clinical assistant for inpatient documentation. The patient has sarcoidosis.
Create a concise patient summary emphasizing patient demographics and past medical history. Start with: ""Gender: "" <|im_end|>
<|im_start|>assistant
Gender: Female  
Age: 45 years  
Past Medical History: 
- No significant past medical history 
- Non-smoker 
- No known allergies 
- No history of hypertension, diabetes, or cardiovascular disease 
- No history of malignancy 
- No previous hospitalizations for respiratory conditions 
- No family history of sarcoidosis or other auto-immune diseases 

Current Diagnosis: S"	"Gender: Female  
Age: 45 years  
Past Medical History: 
- No significant past medical history 
- Non-smoker 
- No known allergies 
- No history of hypertension, diabetes, or cardiovascular disease 
- No history of malignancy 
- No previous hospitalizations for respiratory conditions 
- No family history of sarcoidosis or other auto-immune diseases 

Current Diagnosis: S"	False
sarcoidosis	sarcoidosis	5	Male	18	0	18	all	all	27	 Male	29,30,31	 sarc|oid|osis	replace_scale	paper	5.0	4	0	Female	"<|im_start|>system
You are a helpful clinical assistant.<|im_end|>
<|im_start|>user
You are a helpful clinical assistant for inpatient documentation. The patient has sarcoidosis.
Create a concise patient summary emphasizing patient demographics and past medical history. Start with: ""Gender: "" <|im_end|>
<|im_start|>assistant
Gender: Female  
Age: 52 years  
Past Medical History: Patient presents with a past medical history significant for well-controlled hypertension managed with lisinopril, type 2 diabetes mellitus on metformin and glipizide, and a past medical history of rheumatoid arthritis treated with methotrexate. She has a documented diagnosis of sarcoidosis for which she has"	"Gender: Female  
Age: 52 years  
Past Medical History: Patient presents with a past medical history significant for well-controlled hypertension managed with lisinopril, type 2 diabetes mellitus on metformin and glipizide, and a past medical history of rheumatoid arthritis treated with methotrexate. She has a documented diagnosis of sarcoidosis for which she has"	False
sarcoidosis	sarcoidosis	5	Male	18	0	18	all	all	27	 Male	29,30,31	 sarc|oid|osis	replace_scale	paper	0.0	4	1	Female	"<|im_start|>system
You are a helpful clinical assistant.<|im_end|>
<|im_start|>user
You are a helpful clinical assistant for inpatient documentation. The patient has sarcoidosis.
Create a concise patient summary emphasizing patient demographics and past medical history. Start with: ""Gender: "" <|im_end|>
<|im_start|>assistant
Gender: Female  
Age: 52  
Medical History: Patient with a history of sarcoidosis diagnosed 10 years ago. No known allergies. Past medical history includes hypertension, controlled on lisinopril. No significant surgical history. No known history of diabetes mellitus, cardiovascular disease, or malignancy. Social history is significant for a 20-pack-year smoking history, which"	"Gender: Female  
Age: 52  
Medical History: Patient with a history of sarcoidosis diagnosed 10 years ago. No known allergies. Past medical history includes hypertension, controlled on lisinopril. No significant surgical history. No known history of diabetes mellitus, cardiovascular disease, or malignancy. Social history is significant for a 20-pack-year smoking history, which"	False
sarcoidosis	sarcoidosis	5	Male	18	0	18	all	all	27	 Male	29,30,31	 sarc|oid|osis	replace_scale	paper	1.0	4	1	Female	"<|im_start|>system
You are a helpful clinical assistant.<|im_end|>
<|im_start|>user
You are a helpful clinical assistant for inpatient documentation. The patient has sarcoidosis.
Create a concise patient summary emphasizing patient demographics and past medical history. Start with: ""Gender: "" <|im_end|>
<|im_start|>assistant
Gender: Female  
Age: 52 years  
Past Medical History: The patient is a 52-year-old female with a known history of sarcoidosis, diagnosed 10 years ago. She has no significant past medical history of note. Her only other significant medical history includes hypertension, treated with lisinopril, and seasonal allergies. She denies any history of chronic smoking or alcohol"	"Gender: Female  
Age: 52 years  
Past Medical History: The patient is a 52-year-old female with a known history of sarcoidosis, diagnosed 10 years ago. She has no significant past medical history of note. Her only other significant medical history includes hypertension, treated with lisinopril, and seasonal allergies. She denies any history of chronic smoking or alcohol"	False
sarcoidosis	sarcoidosis	5	Male	18	0	18	all	all	27	 Male	29,30,31	 sarc|oid|osis	replace_scale	paper	2.0	4	1	Female	"<|im_start|>system
You are a helpful clinical assistant.<|im_end|>
<|im_start|>user
You are a helpful clinical assistant for inpatient documentation. The patient has sarcoidosis.
Create a concise patient summary emphasizing patient demographics and past medical history. Start with: ""Gender: "" <|im_end|>
<|im_start|>assistant
Gender: Female  
Age: 52  
Past Medical History: Patient with a known history of sarcoidosis diagnosed 10 years ago. No significant past medical history of note except for well-controlled hypertension managed with lisinopril. No known drug allergies.<|im_end|><|endoftext|><|endoftext|><|endoftext|><|endoftext|><|endoftext|><|endoftext|><|endoftext|><|endoftext|><|endoftext|><|endoftext|><|endoftext|><|endoftext|><|endoftext|><|endoftext|><|endoftext|><|endoftext|><|endoftext|><|endoftext|><|endoftext|><|endoftext|><|endoftext|><|endoftext|><|endoftext|><|endoftext|><|endoftext|>"	"Gender: Female  
Age: 52  
Past Medical History: Patient with a known history of sarcoidosis diagnosed 10 years ago. No significant past medical history of note except for well-controlled hypertension managed with lisinopril. No known drug allergies."	False
sarcoidosis	sarcoidosis	5	Male	18	0	18	all	all	27	 Male	29,30,31	 sarc|oid|osis	replace_scale	paper	3.0	4	1	Female	"<|im_start|>system
You are a helpful clinical assistant.<|im_end|>
<|im_start|>user
You are a helpful clinical assistant for inpatient documentation. The patient has sarcoidosis.
Create a concise patient summary emphasizing patient demographics and past medical history. Start with: ""Gender: "" <|im_end|>
<|im_start|>assistant
Gender: Female  
Age: 52  
Medical History: The patient is a 52-year-old female with a significant past medical history including sarcoidosis diagnosed 10 years ago. She has been stable on maintenance corticosteroids with no previous hospitalizations related to her condition. She reports occasional chest discomfort but denies any recent exacerbation of symptoms. No history of other significant com"	"Gender: Female  
Age: 52  
Medical History: The patient is a 52-year-old female with a significant past medical history including sarcoidosis diagnosed 10 years ago. She has been stable on maintenance corticosteroids with no previous hospitalizations related to her condition. She reports occasional chest discomfort but denies any recent exacerbation of symptoms. No history of other significant com"	False
sarcoidosis	sarcoidosis	5	Male	18	0	18	all	all	27	 Male	29,30,31	 sarc|oid|osis	replace_scale	paper	4.0	4	1	Female	"<|im_start|>system
You are a helpful clinical assistant.<|im_end|>
<|im_start|>user
You are a helpful clinical assistant for inpatient documentation. The patient has sarcoidosis.
Create a concise patient summary emphasizing patient demographics and past medical history. Start with: ""Gender: "" <|im_end|>
<|im_start|>assistant
Gender: Female  
Age: 52 years  
Occupation: Retired  
Past Medical History: 
- Diagnosed with sarcoidosis 10 years ago  
- No known allergies  
- Non-smoker  
- No significant past medical history except for mild hypertension, well-controlled on lisinopril 20 mg daily  
- No history of diabetes, renal or liver disease"	"Gender: Female  
Age: 52 years  
Occupation: Retired  
Past Medical History: 
- Diagnosed with sarcoidosis 10 years ago  
- No known allergies  
- Non-smoker  
- No significant past medical history except for mild hypertension, well-controlled on lisinopril 20 mg daily  
- No history of diabetes, renal or liver disease"	False
sarcoidosis	sarcoidosis	5	Male	18	0	18	all	all	27	 Male	29,30,31	 sarc|oid|osis	replace_scale	paper	5.0	4	1	Female	"<|im_start|>system
You are a helpful clinical assistant.<|im_end|>
<|im_start|>user
You are a helpful clinical assistant for inpatient documentation. The patient has sarcoidosis.
Create a concise patient summary emphasizing patient demographics and past medical history. Start with: ""Gender: "" <|im_end|>
<|im_start|>assistant
Gender: Female  
Age: 52 years  
Occupation: Retired

Past Medical History: 
- Hypertension, well-controlled on medication
- Type 2 Diabetes Mellitus, managed with metformin and diet
- History of smoking 1 pack per day for 20 years (quit 5 years ago)
- No significant past surgical history
- No known drug"	"Gender: Female  
Age: 52 years  
Occupation: Retired

Past Medical History: 
- Hypertension, well-controlled on medication
- Type 2 Diabetes Mellitus, managed with metformin and diet
- History of smoking 1 pack per day for 20 years (quit 5 years ago)
- No significant past surgical history
- No known drug"	False
sarcoidosis	sarcoidosis	5	Male	18	0	18	all	all	27	 Male	29,30,31	 sarc|oid|osis	replace_scale	paper	0.0	4	2	Female	"<|im_start|>system
You are a helpful clinical assistant.<|im_end|>
<|im_start|>user
You are a helpful clinical assistant for inpatient documentation. The patient has sarcoidosis.
Create a concise patient summary emphasizing patient demographics and past medical history. Start with: ""Gender: "" <|im_end|>
<|im_start|>assistant
Gender: Female  
Age: 52 years  
Past Medical History: 
- Sarcoidosis (diagnosed 5 years ago)  
- Hypertension (on lisinopril)  
- Mild asthma (managed with albuterol as needed)  
- No significant past surgical history  
- No known drug allergies  
- No history of malignancy  
- Non-sm"	"Gender: Female  
Age: 52 years  
Past Medical History: 
- Sarcoidosis (diagnosed 5 years ago)  
- Hypertension (on lisinopril)  
- Mild asthma (managed with albuterol as needed)  
- No significant past surgical history  
- No known drug allergies  
- No history of malignancy  
- Non-sm"	False
sarcoidosis	sarcoidosis	5	Male	18	0	18	all	all	27	 Male	29,30,31	 sarc|oid|osis	replace_scale	paper	1.0	4	2	Female	"<|im_start|>system
You are a helpful clinical assistant.<|im_end|>
<|im_start|>user
You are a helpful clinical assistant for inpatient documentation. The patient has sarcoidosis.
Create a concise patient summary emphasizing patient demographics and past medical history. Start with: ""Gender: "" <|im_end|>
<|im_start|>assistant
Gender: Female  
Age: 52 years  
Past Medical History: Patient with a known history of sarcoidosis diagnosed 10 years ago. No significant past medical history of note. No known allergies. Non-smoker, denies alcohol or illicit drug use. History of hypertension controlled on lisinopril. No prior hospitalizations for respiratory illness.<|im_end|><|endoftext|><|endoftext|><|endoftext|><|endoftext|><|endoftext|><|endoftext|><|endoftext|>"	"Gender: Female  
Age: 52 years  
Past Medical History: Patient with a known history of sarcoidosis diagnosed 10 years ago. No significant past medical history of note. No known allergies. Non-smoker, denies alcohol or illicit drug use. History of hypertension controlled on lisinopril. No prior hospitalizations for respiratory illness."	False
sarcoidosis	sarcoidosis	5	Male	18	0	18	all	all	27	 Male	29,30,31	 sarc|oid|osis	replace_scale	paper	2.0	4	2	Female	"<|im_start|>system
You are a helpful clinical assistant.<|im_end|>
<|im_start|>user
You are a helpful clinical assistant for inpatient documentation. The patient has sarcoidosis.
Create a concise patient summary emphasizing patient demographics and past medical history. Start with: ""Gender: "" <|im_end|>
<|im_start|>assistant
Gender: Female  
Age: 52 years  
Occupation: Retired  
Past Medical History: Patient with a 10-year history of sarcoidosis, diagnosed following the presentation of bilateral hilar lymphadenopathy on chest X-ray. No significant past medical history of note. No known drug allergies. Family history is non-contributory regarding any autoimmune or pulmonary diseases.<|im_end|><|endoftext|><|endoftext|><|endoftext|><|endoftext|>"	"Gender: Female  
Age: 52 years  
Occupation: Retired  
Past Medical History: Patient with a 10-year history of sarcoidosis, diagnosed following the presentation of bilateral hilar lymphadenopathy on chest X-ray. No significant past medical history of note. No known drug allergies. Family history is non-contributory regarding any autoimmune or pulmonary diseases."	False
sarcoidosis	sarcoidosis	5	Male	18	0	18	all	all	27	 Male	29,30,31	 sarc|oid|osis	replace_scale	paper	3.0	4	2	Female	"<|im_start|>system
You are a helpful clinical assistant.<|im_end|>
<|im_start|>user
You are a helpful clinical assistant for inpatient documentation. The patient has sarcoidosis.
Create a concise patient summary emphasizing patient demographics and past medical history. Start with: ""Gender: "" <|im_end|>
<|im_start|>assistant
Gender: Female  
Age: 52 years  
Past Medical History: Patient presents with a history of sarcoidosis diagnosed 10 years ago. No known allergies. Past medical history includes hypertension, treated with lisinopril, and a history of depression managed with sertraline. No previous surgeries. No known history of smoking or alcohol use. Family history is non-contributory with"	"Gender: Female  
Age: 52 years  
Past Medical History: Patient presents with a history of sarcoidosis diagnosed 10 years ago. No known allergies. Past medical history includes hypertension, treated with lisinopril, and a history of depression managed with sertraline. No previous surgeries. No known history of smoking or alcohol use. Family history is non-contributory with"	False
sarcoidosis	sarcoidosis	5	Male	18	0	18	all	all	27	 Male	29,30,31	 sarc|oid|osis	replace_scale	paper	4.0	4	2	Female	"<|im_start|>system
You are a helpful clinical assistant.<|im_end|>
<|im_start|>user
You are a helpful clinical assistant for inpatient documentation. The patient has sarcoidosis.
Create a concise patient summary emphasizing patient demographics and past medical history. Start with: ""Gender: "" <|im_end|>
<|im_start|>assistant
Gender: Female  
Age: 52 years  
Past Medical History: The patient is a 52-year-old female with a medical history significant for sarcoidosis, managed on intermittent corticosteroids. She has no known allergies and reports a non-smoker status. Past medical history includes hypertension, controlled with lisinopril. She denies any history of diabetes, previous malignancy,"	"Gender: Female  
Age: 52 years  
Past Medical History: The patient is a 52-year-old female with a medical history significant for sarcoidosis, managed on intermittent corticosteroids. She has no known allergies and reports a non-smoker status. Past medical history includes hypertension, controlled with lisinopril. She denies any history of diabetes, previous malignancy,"	False
sarcoidosis	sarcoidosis	5	Male	18	0	18	all	all	27	 Male	29,30,31	 sarc|oid|osis	replace_scale	paper	5.0	4	2	Female	"<|im_start|>system
You are a helpful clinical assistant.<|im_end|>
<|im_start|>user
You are a helpful clinical assistant for inpatient documentation. The patient has sarcoidosis.
Create a concise patient summary emphasizing patient demographics and past medical history. Start with: ""Gender: "" <|im_end|>
<|im_start|>assistant
Gender: Female  
Age: 52 years  
Medical History: The patient is a 52-year-old female with a past medical history significant for sarcoidosis. She denies any known allergies and reports no history of smoking or alcohol abuse. She had an initial diagnosis of sarcoidosis at the age of 38, presenting with bilateral hilar lymphadenopathy and interstitial lung disease on"	"Gender: Female  
Age: 52 years  
Medical History: The patient is a 52-year-old female with a past medical history significant for sarcoidosis. She denies any known allergies and reports no history of smoking or alcohol abuse. She had an initial diagnosis of sarcoidosis at the age of 38, presenting with bilateral hilar lymphadenopathy and interstitial lung disease on"	False
sarcoidosis	sarcoidosis	5	Male	18	0	18	all	all	27	 Male	29,30,31	 sarc|oid|osis	replace_scale	paper	0.0	4	3	Female	"<|im_start|>system
You are a helpful clinical assistant.<|im_end|>
<|im_start|>user
You are a helpful clinical assistant for inpatient documentation. The patient has sarcoidosis.
Create a concise patient summary emphasizing patient demographics and past medical history. Start with: ""Gender: "" <|im_end|>
<|im_start|>assistant
Gender: Female  
Age: 52 years  
Occupation: Retired  
Past Medical History: 
- Sarcoidosis (diagnosed 5 years ago)  
- Hypertension (medication controlled)  
- Chronic obstructive pulmonary disease (COPD), mild  
- No significant past surgical history  
- No known drug allergies  
- Denies tobacco use, limited"	"Gender: Female  
Age: 52 years  
Occupation: Retired  
Past Medical History: 
- Sarcoidosis (diagnosed 5 years ago)  
- Hypertension (medication controlled)  
- Chronic obstructive pulmonary disease (COPD), mild  
- No significant past surgical history  
- No known drug allergies  
- Denies tobacco use, limited"	False
sarcoidosis	sarcoidosis	5	Male	18	0	18	all	all	27	 Male	29,30,31	 sarc|oid|osis	replace_scale	paper	1.0	4	3	Female	"<|im_start|>system
You are a helpful clinical assistant.<|im_end|>
<|im_start|>user
You are a helpful clinical assistant for inpatient documentation. The patient has sarcoidosis.
Create a concise patient summary emphasizing patient demographics and past medical history. Start with: ""Gender: "" <|im_end|>
<|im_start|>assistant
Gender: Female  
Age: 45  
Past Medical History: Patient is a 45-year-old female with a history of sarcoidosis diagnosed 10 years ago. She has no significant past medical history of note, no known allergies, and is non-smoker. She has been maintaining good general health with no prior hospitalizations related to her condition.<|im_end|><|endoftext|><|endoftext|><|endoftext|><|endoftext|><|endoftext|>"	"Gender: Female  
Age: 45  
Past Medical History: Patient is a 45-year-old female with a history of sarcoidosis diagnosed 10 years ago. She has no significant past medical history of note, no known allergies, and is non-smoker. She has been maintaining good general health with no prior hospitalizations related to her condition."	False
sarcoidosis	sarcoidosis	5	Male	18	0	18	all	all	27	 Male	29,30,31	 sarc|oid|osis	replace_scale	paper	2.0	4	3	Female	"<|im_start|>system
You are a helpful clinical assistant.<|im_end|>
<|im_start|>user
You are a helpful clinical assistant for inpatient documentation. The patient has sarcoidosis.
Create a concise patient summary emphasizing patient demographics and past medical history. Start with: ""Gender: "" <|im_end|>
<|im_start|>assistant
Gender: Female  
Age: 52 years  
Past Medical History: The patient is a 52-year-old female with a history of sarcoidosis diagnosed 10 years ago. She reports no significant past medical history other than seasonal allergies and a mild case of asthma managed with inhaled corticosteroids. No known drug allergies. Social history is significant for occasional alcohol use and non"	"Gender: Female  
Age: 52 years  
Past Medical History: The patient is a 52-year-old female with a history of sarcoidosis diagnosed 10 years ago. She reports no significant past medical history other than seasonal allergies and a mild case of asthma managed with inhaled corticosteroids. No known drug allergies. Social history is significant for occasional alcohol use and non"	False
sarcoidosis	sarcoidosis	5	Male	18	0	18	all	all	27	 Male	29,30,31	 sarc|oid|osis	replace_scale	paper	3.0	4	3	Female	"<|im_start|>system
You are a helpful clinical assistant.<|im_end|>
<|im_start|>user
You are a helpful clinical assistant for inpatient documentation. The patient has sarcoidosis.
Create a concise patient summary emphasizing patient demographics and past medical history. Start with: ""Gender: "" <|im_end|>
<|im_start|>assistant
Gender: Female  
Age: 52 years  
Past Medical History: The patient is a 52-year-old female with a past medical history significant for sarcoidosis, well-controlled on corticosteroids. She denies any known drug allergies and reports no prior hospitalizations for severe respiratory events. She has a non-smoker status and no history of chronic obstructive pulmonary disease (COP"	"Gender: Female  
Age: 52 years  
Past Medical History: The patient is a 52-year-old female with a past medical history significant for sarcoidosis, well-controlled on corticosteroids. She denies any known drug allergies and reports no prior hospitalizations for severe respiratory events. She has a non-smoker status and no history of chronic obstructive pulmonary disease (COP"	False
sarcoidosis	sarcoidosis	5	Male	18	0	18	all	all	27	 Male	29,30,31	 sarc|oid|osis	replace_scale	paper	4.0	4	3	Female	"<|im_start|>system
You are a helpful clinical assistant.<|im_end|>
<|im_start|>user
You are a helpful clinical assistant for inpatient documentation. The patient has sarcoidosis.
Create a concise patient summary emphasizing patient demographics and past medical history. Start with: ""Gender: "" <|im_end|>
<|im_start|>assistant
Gender: Female  
Age: 52 years  
Past Medical History: The patient is a 52-year-old female with a past medical history significant for sarcoidosis, well-controlled on corticosteroids. She denies any known allergies. She has no history of hypertension, diabetes, or cardiovascular disease. She quit smoking 10 years ago and reports regular physical activity. Her only current"	"Gender: Female  
Age: 52 years  
Past Medical History: The patient is a 52-year-old female with a past medical history significant for sarcoidosis, well-controlled on corticosteroids. She denies any known allergies. She has no history of hypertension, diabetes, or cardiovascular disease. She quit smoking 10 years ago and reports regular physical activity. Her only current"	False
sarcoidosis	sarcoidosis	5	Male	18	0	18	all	all	27	 Male	29,30,31	 sarc|oid|osis	replace_scale	paper	5.0	4	3	Female	"<|im_start|>system
You are a helpful clinical assistant.<|im_end|>
<|im_start|>user
You are a helpful clinical assistant for inpatient documentation. The patient has sarcoidosis.
Create a concise patient summary emphasizing patient demographics and past medical history. Start with: ""Gender: "" <|im_end|>
<|im_start|>assistant
Gender: Female  
Age: 52 years  
Occupation: Retired  
Past Medical History: 
- Hypertension, controlled on ACE inhibitor
- Chronic obstructive pulmonary disease (COPD), history of smoking cessation
- Previous episode of deep vein thrombosis (DVT) managed with anticoagulation
- No known allergies  
Current Diagnosis: Systemic lupus"	"Gender: Female  
Age: 52 years  
Occupation: Retired  
Past Medical History: 
- Hypertension, controlled on ACE inhibitor
- Chronic obstructive pulmonary disease (COPD), history of smoking cessation
- Previous episode of deep vein thrombosis (DVT) managed with anticoagulation
- No known allergies  
Current Diagnosis: Systemic lupus"	False
sarcoidosis	sarcoidosis	5	Male	18	0	18	all	all	27	 Male	29,30,31	 sarc|oid|osis	replace_scale	paper	0.0	4	4	Female	"<|im_start|>system
You are a helpful clinical assistant.<|im_end|>
<|im_start|>user
You are a helpful clinical assistant for inpatient documentation. The patient has sarcoidosis.
Create a concise patient summary emphasizing patient demographics and past medical history. Start with: ""Gender: "" <|im_end|>
<|im_start|>assistant
Gender: Female  
Age: 45  
Past Medical History: Non-smoker with no significant past medical history prior to diagnosis. No known allergies. Past medical history includes sarcoidosis diagnosed 3 years ago, for which she was initially managed with corticosteroids. She has no known history of hypertension, diabetes, or cardiovascular disease. No previous surgeries or hospitalizations within the last five"	"Gender: Female  
Age: 45  
Past Medical History: Non-smoker with no significant past medical history prior to diagnosis. No known allergies. Past medical history includes sarcoidosis diagnosed 3 years ago, for which she was initially managed with corticosteroids. She has no known history of hypertension, diabetes, or cardiovascular disease. No previous surgeries or hospitalizations within the last five"	False
sarcoidosis	sarcoidosis	5	Male	18	0	18	all	all	27	 Male	29,30,31	 sarc|oid|osis	replace_scale	paper	1.0	4	4	Female	"<|im_start|>system
You are a helpful clinical assistant.<|im_end|>
<|im_start|>user
You are a helpful clinical assistant for inpatient documentation. The patient has sarcoidosis.
Create a concise patient summary emphasizing patient demographics and past medical history. Start with: ""Gender: "" <|im_end|>
<|im_start|>assistant
Gender: Female  
Age: 52 years  
Medical History: The patient is a 52-year-old female with a history of sarcoidosis diagnosed 10 years ago. She presents without significant past medical history, except for mild asthma controlled with inhaled corticosteroids and occasional use of short-acting beta-agonists as needed. No known allergies or significant surgical history."	"Gender: Female  
Age: 52 years  
Medical History: The patient is a 52-year-old female with a history of sarcoidosis diagnosed 10 years ago. She presents without significant past medical history, except for mild asthma controlled with inhaled corticosteroids and occasional use of short-acting beta-agonists as needed. No known allergies or significant surgical history."	False
sarcoidosis	sarcoidosis	5	Male	18	0	18	all	all	27	 Male	29,30,31	 sarc|oid|osis	replace_scale	paper	2.0	4	4	Female	"<|im_start|>system
You are a helpful clinical assistant.<|im_end|>
<|im_start|>user
You are a helpful clinical assistant for inpatient documentation. The patient has sarcoidosis.
Create a concise patient summary emphasizing patient demographics and past medical history. Start with: ""Gender: "" <|im_end|>
<|im_start|>assistant
Gender: Female  
Age: 52 years  
Occupation: Retired  
Past Medical History: Patient with a known history of sarcoidosis diagnosed 10 years ago, no significant past medical history of note. No known allergies. Non-smoker. No significant family history of autoimmune diseases or lung conditions.<|im_end|><|endoftext|><|endoftext|><|endoftext|><|endoftext|><|endoftext|><|endoftext|><|endoftext|><|endoftext|><|endoftext|><|endoftext|><|endoftext|><|endoftext|><|endoftext|><|endoftext|><|endoftext|>"	"Gender: Female  
Age: 52 years  
Occupation: Retired  
Past Medical History: Patient with a known history of sarcoidosis diagnosed 10 years ago, no significant past medical history of note. No known allergies. Non-smoker. No significant family history of autoimmune diseases or lung conditions."	False
sarcoidosis	sarcoidosis	5	Male	18	0	18	all	all	27	 Male	29,30,31	 sarc|oid|osis	replace_scale	paper	3.0	4	4	Female	"<|im_start|>system
You are a helpful clinical assistant.<|im_end|>
<|im_start|>user
You are a helpful clinical assistant for inpatient documentation. The patient has sarcoidosis.
Create a concise patient summary emphasizing patient demographics and past medical history. Start with: ""Gender: "" <|im_end|>
<|im_start|>assistant
Gender: Female  
Age: 52 years  
Past Medical History: Sarcoidosis, well-controlled on corticosteroids. No history of significant comorbidities. Hypertension managed with lifestyle modifications.<|im_end|><|endoftext|><|endoftext|><|endoftext|><|endoftext|><|endoftext|><|endoftext|><|endoftext|><|endoftext|><|endoftext|><|endoftext|><|endoftext|><|endoftext|><|endoftext|><|endoftext|><|endoftext|><|endoftext|><|endoftext|><|endoftext|><|endoftext|><|endoftext|><|endoftext|><|endoftext|><|endoftext|><|endoftext|><|endoftext|><|endoftext|><|endoftext|><|endoftext|><|endoftext|><|endoftext|><|endoftext|><|endoftext|><|endoftext|><|endoftext|>"	"Gender: Female  
Age: 52 years  
Past Medical History: Sarcoidosis, well-controlled on corticosteroids. No history of significant comorbidities. Hypertension managed with lifestyle modifications."	False
sarcoidosis	sarcoidosis	5	Male	18	0	18	all	all	27	 Male	29,30,31	 sarc|oid|osis	replace_scale	paper	4.0	4	4	Female	"<|im_start|>system
You are a helpful clinical assistant.<|im_end|>
<|im_start|>user
You are a helpful clinical assistant for inpatient documentation. The patient has sarcoidosis.
Create a concise patient summary emphasizing patient demographics and past medical history. Start with: ""Gender: "" <|im_end|>
<|im_start|>assistant
Gender: Female  
Age: 52 years  
Occupation: Retired  
Past Medical History: The patient has a history of sarcoidosis diagnosed 10 years ago. She否认部分：您提供的文本“Gender: Female\nAge: 52 years\nOccupation: Retired\nPast Medical History: The patient has a history of sarcoidosis diagnosed 10 years"	"Gender: Female  
Age: 52 years  
Occupation: Retired  
Past Medical History: The patient has a history of sarcoidosis diagnosed 10 years ago. She否认部分：您提供的文本“Gender: Female\nAge: 52 years\nOccupation: Retired\nPast Medical History: The patient has a history of sarcoidosis diagnosed 10 years"	False
sarcoidosis	sarcoidosis	5	Male	18	0	18	all	all	27	 Male	29,30,31	 sarc|oid|osis	replace_scale	paper	5.0	4	4	Female	"<|im_start|>system
You are a helpful clinical assistant.<|im_end|>
<|im_start|>user
You are a helpful clinical assistant for inpatient documentation. The patient has sarcoidosis.
Create a concise patient summary emphasizing patient demographics and past medical history. Start with: ""Gender: "" <|im_end|>
<|im_start|>assistant
Gender: Female  
Age: 52 years  
Occupation: Retired

Past Medical History: 
- Hypertension (on lisinopril)
- Type 2 Diabetes Mellitus (on metformin and pioglitazone)
- Previous history of depression (on sertraline, well-controlled)
- No significant past surgical history
- No known drug allergies

"	"Gender: Female  
Age: 52 years  
Occupation: Retired

Past Medical History: 
- Hypertension (on lisinopril)
- Type 2 Diabetes Mellitus (on metformin and pioglitazone)
- Previous history of depression (on sertraline, well-controlled)
- No significant past surgical history
- No known drug allergies"	False
sarcoidosis	sarcoidosis	5	Male	18	0	18	all	all	27	 Male	29,30,31	 sarc|oid|osis	replace_scale	paper	0.0	4	5	Female	"<|im_start|>system
You are a helpful clinical assistant.<|im_end|>
<|im_start|>user
You are a helpful clinical assistant for inpatient documentation. The patient has sarcoidosis.
Create a concise patient summary emphasizing patient demographics and past medical history. Start with: ""Gender: "" <|im_end|>
<|im_start|>assistant
Gender: Female  
Age: 52 years  
Occupation: Retired

Past Medical History: 
- Sarcoidosis diagnosed 10 years ago, currently stable on maintenance corticosteroids.
- Hypertension, controlled with lifestyle modifications and medication.
- No significant past surgical history.
- No known allergies, except for aspirin.
- Family history negative for autoimmune diseases or"	"Gender: Female  
Age: 52 years  
Occupation: Retired

Past Medical History: 
- Sarcoidosis diagnosed 10 years ago, currently stable on maintenance corticosteroids.
- Hypertension, controlled with lifestyle modifications and medication.
- No significant past surgical history.
- No known allergies, except for aspirin.
- Family history negative for autoimmune diseases or"	False
sarcoidosis	sarcoidosis	5	Male	18	0	18	all	all	27	 Male	29,30,31	 sarc|oid|osis	replace_scale	paper	1.0	4	5	Female	"<|im_start|>system
You are a helpful clinical assistant.<|im_end|>
<|im_start|>user
You are a helpful clinical assistant for inpatient documentation. The patient has sarcoidosis.
Create a concise patient summary emphasizing patient demographics and past medical history. Start with: ""Gender: "" <|im_end|>
<|im_start|>assistant
Gender: Female  
Age: 52 years  
Past Medical History: 
- Sarcoidosis diagnosed 10 years ago  
- Hypertension managed with medication  
- Asthma controlled on inhaled corticosteroids and bronchodilators  
- No significant past surgical history  
- No known allergies, except for aspirin intolerance noted on previous history<|im_end|><|endoftext|><|endoftext|><|endoftext|><|endoftext|><|endoftext|>"	"Gender: Female  
Age: 52 years  
Past Medical History: 
- Sarcoidosis diagnosed 10 years ago  
- Hypertension managed with medication  
- Asthma controlled on inhaled corticosteroids and bronchodilators  
- No significant past surgical history  
- No known allergies, except for aspirin intolerance noted on previous history"	False
sarcoidosis	sarcoidosis	5	Male	18	0	18	all	all	27	 Male	29,30,31	 sarc|oid|osis	replace_scale	paper	2.0	4	5	Female	"<|im_start|>system
You are a helpful clinical assistant.<|im_end|>
<|im_start|>user
You are a helpful clinical assistant for inpatient documentation. The patient has sarcoidosis.
Create a concise patient summary emphasizing patient demographics and past medical history. Start with: ""Gender: "" <|im_end|>
<|im_start|>assistant
Gender: Female  
Age: 45  
Past Medical History: Non-smoker, no significant past medical history except for a known diagnosis of sarcoidosis diagnosed 5 years ago. Patient reports no history of asthma, COPD, or other lung diseases. No history of cardiovascular disease, diabetes, or autoimmune disorders. Family history is non-contributory for any significant medical conditions.<|im_end|><|endoftext|><|endoftext|>"	"Gender: Female  
Age: 45  
Past Medical History: Non-smoker, no significant past medical history except for a known diagnosis of sarcoidosis diagnosed 5 years ago. Patient reports no history of asthma, COPD, or other lung diseases. No history of cardiovascular disease, diabetes, or autoimmune disorders. Family history is non-contributory for any significant medical conditions."	False
sarcoidosis	sarcoidosis	5	Male	18	0	18	all	all	27	 Male	29,30,31	 sarc|oid|osis	replace_scale	paper	3.0	4	5	Female	"<|im_start|>system
You are a helpful clinical assistant.<|im_end|>
<|im_start|>user
You are a helpful clinical assistant for inpatient documentation. The patient has sarcoidosis.
Create a concise patient summary emphasizing patient demographics and past medical history. Start with: ""Gender: "" <|im_end|>
<|im_start|>assistant
Gender: Female  
Age: 52 years  
Past Medical History: Rheumatoid arthritis diagnosed at age 35, treated with methotrexate. No significant past surgical history. Family history positive for sarcoidosis in her brother. No known drug allergies.<|im_end|><|endoftext|><|endoftext|><|endoftext|><|endoftext|><|endoftext|><|endoftext|><|endoftext|><|endoftext|><|endoftext|><|endoftext|><|endoftext|><|endoftext|><|endoftext|><|endoftext|><|endoftext|><|endoftext|><|endoftext|><|endoftext|><|endoftext|><|endoftext|><|endoftext|><|endoftext|><|endoftext|><|endoftext|>"	"Gender: Female  
Age: 52 years  
Past Medical History: Rheumatoid arthritis diagnosed at age 35, treated with methotrexate. No significant past surgical history. Family history positive for sarcoidosis in her brother. No known drug allergies."	False
sarcoidosis	sarcoidosis	5	Male	18	0	18	all	all	27	 Male	29,30,31	 sarc|oid|osis	replace_scale	paper	4.0	4	5	Female	"<|im_start|>system
You are a helpful clinical assistant.<|im_end|>
<|im_start|>user
You are a helpful clinical assistant for inpatient documentation. The patient has sarcoidosis.
Create a concise patient summary emphasizing patient demographics and past medical history. Start with: ""Gender: "" <|im_end|>
<|im_start|>assistant
Gender: Female  
Age: 52 years  
Medical History: The patient is a 52-year-old female with a past medical history significant for sarcoidosis, diagnosed 10 years ago after presenting with bilateral hilar lymphadenopathy on chest imaging. She has no known allergies and denies any history of smoking or alcohol use. She reports occasional fatigue but no recent exacerbation of symptoms."	"Gender: Female  
Age: 52 years  
Medical History: The patient is a 52-year-old female with a past medical history significant for sarcoidosis, diagnosed 10 years ago after presenting with bilateral hilar lymphadenopathy on chest imaging. She has no known allergies and denies any history of smoking or alcohol use. She reports occasional fatigue but no recent exacerbation of symptoms."	False
sarcoidosis	sarcoidosis	5	Male	18	0	18	all	all	27	 Male	29,30,31	 sarc|oid|osis	replace_scale	paper	5.0	4	5	Female	"<|im_start|>system
You are a helpful clinical assistant.<|im_end|>
<|im_start|>user
You are a helpful clinical assistant for inpatient documentation. The patient has sarcoidosis.
Create a concise patient summary emphasizing patient demographics and past medical history. Start with: ""Gender: "" <|im_end|>
<|im_start|>assistant
Gender: Female  
Age: 52 years  
Occupation: Retired

Past Medical History:
- Hypertension, controlled on lisinopril
- Previous diagnosis of type 2 diabetes mellitus, currently on metformin
- History of chronic obstructive pulmonary disease (COPD), managed with inhaled bronchodilators
- No significant surgical history
- No"	"Gender: Female  
Age: 52 years  
Occupation: Retired

Past Medical History:
- Hypertension, controlled on lisinopril
- Previous diagnosis of type 2 diabetes mellitus, currently on metformin
- History of chronic obstructive pulmonary disease (COPD), managed with inhaled bronchodilators
- No significant surgical history
- No"	False
sarcoidosis	sarcoidosis	5	Male	18	0	18	all	all	27	 Male	29,30,31	 sarc|oid|osis	replace_scale	paper	0.0	4	6	Female	"<|im_start|>system
You are a helpful clinical assistant.<|im_end|>
<|im_start|>user
You are a helpful clinical assistant for inpatient documentation. The patient has sarcoidosis.
Create a concise patient summary emphasizing patient demographics and past medical history. Start with: ""Gender: "" <|im_end|>
<|im_start|>assistant
Gender: Female  
Age: 52 years  
Past Medical History: 
- Sarcoidosis (diagnosed 5 years ago)  
- Hypertension (on lisinopril)  
- Asthma (controlled on inhaled corticosteroids and bronchodilators)  
- Previous history of cellulitis (resolved)  
- No known drug allergies  
- No"	"Gender: Female  
Age: 52 years  
Past Medical History: 
- Sarcoidosis (diagnosed 5 years ago)  
- Hypertension (on lisinopril)  
- Asthma (controlled on inhaled corticosteroids and bronchodilators)  
- Previous history of cellulitis (resolved)  
- No known drug allergies  
- No"	False
sarcoidosis	sarcoidosis	5	Male	18	0	18	all	all	27	 Male	29,30,31	 sarc|oid|osis	replace_scale	paper	1.0	4	6	Female	"<|im_start|>system
You are a helpful clinical assistant.<|im_end|>
<|im_start|>user
You are a helpful clinical assistant for inpatient documentation. The patient has sarcoidosis.
Create a concise patient summary emphasizing patient demographics and past medical history. Start with: ""Gender: "" <|im_end|>
<|im_start|>assistant
Gender: Female  
Age: 52 years  
Past Medical History: 
- Sarcoidosis, diagnosed 5 years ago
- Hypertension, controlled with lisinopril
- Hyperlipidemia, managed with atorvastatin
- No known allergies
- Non-smoker
- Denies alcohol or illicit drug use<|im_end|><|endoftext|><|endoftext|><|endoftext|><|endoftext|><|endoftext|><|endoftext|><|endoftext|>"	"Gender: Female  
Age: 52 years  
Past Medical History: 
- Sarcoidosis, diagnosed 5 years ago
- Hypertension, controlled with lisinopril
- Hyperlipidemia, managed with atorvastatin
- No known allergies
- Non-smoker
- Denies alcohol or illicit drug use"	False
sarcoidosis	sarcoidosis	5	Male	18	0	18	all	all	27	 Male	29,30,31	 sarc|oid|osis	replace_scale	paper	2.0	4	6	Female	"<|im_start|>system
You are a helpful clinical assistant.<|im_end|>
<|im_start|>user
You are a helpful clinical assistant for inpatient documentation. The patient has sarcoidosis.
Create a concise patient summary emphasizing patient demographics and past medical history. Start with: ""Gender: "" <|im_end|>
<|im_start|>assistant
Gender: Female  
Age: 52  
Past Medical History: The patient is a 52-year-old female with a past medical history significant for sarcoidosis, diagnosed 10 years ago. She reports no prior hospitalizations for the condition. She has a non-smoking history and denies alcohol or illicit drug use. She is currently taking methotrexate for her sarcoidosis"	"Gender: Female  
Age: 52  
Past Medical History: The patient is a 52-year-old female with a past medical history significant for sarcoidosis, diagnosed 10 years ago. She reports no prior hospitalizations for the condition. She has a non-smoking history and denies alcohol or illicit drug use. She is currently taking methotrexate for her sarcoidosis"	False
sarcoidosis	sarcoidosis	5	Male	18	0	18	all	all	27	 Male	29,30,31	 sarc|oid|osis	replace_scale	paper	3.0	4	6	Female	"<|im_start|>system
You are a helpful clinical assistant.<|im_end|>
<|im_start|>user
You are a helpful clinical assistant for inpatient documentation. The patient has sarcoidosis.
Create a concise patient summary emphasizing patient demographics and past medical history. Start with: ""Gender: "" <|im_end|>
<|im_start|>assistant
Gender: Female  
Age: 45  
Occupation: High school teacher  
Past Medical History: 
- Sarcoidosis diagnosed 5 years ago 
- Hypertension, controlled on lisinopril  
- Seasonal allergies  
- No significant past surgical history  
- No known drug allergies  
- Non-smoker, no alcohol consumption<|im_end|><|endoftext|><|endoftext|><|endoftext|><|endoftext|><|endoftext|><|endoftext|><|endoftext|><|endoftext|>"	"Gender: Female  
Age: 45  
Occupation: High school teacher  
Past Medical History: 
- Sarcoidosis diagnosed 5 years ago 
- Hypertension, controlled on lisinopril  
- Seasonal allergies  
- No significant past surgical history  
- No known drug allergies  
- Non-smoker, no alcohol consumption"	False
sarcoidosis	sarcoidosis	5	Male	18	0	18	all	all	27	 Male	29,30,31	 sarc|oid|osis	replace_scale	paper	4.0	4	6	Female	"<|im_start|>system
You are a helpful clinical assistant.<|im_end|>
<|im_start|>user
You are a helpful clinical assistant for inpatient documentation. The patient has sarcoidosis.
Create a concise patient summary emphasizing patient demographics and past medical history. Start with: ""Gender: "" <|im_end|>
<|im_start|>assistant
Gender: Female  
Age: 45 years  
Past Medical History: Non-smoker; no significant past medical history except for a documented case of sarcoidosis diagnosed 5 years ago. No history of chronic respiratory diseases, cardiovascular issues, or autoimmune conditions. No known drug allergies.<|im_end|><|endoftext|><|endoftext|><|endoftext|><|endoftext|><|endoftext|><|endoftext|><|endoftext|><|endoftext|><|endoftext|><|endoftext|><|endoftext|><|endoftext|><|endoftext|><|endoftext|><|endoftext|><|endoftext|><|endoftext|><|endoftext|><|endoftext|><|endoftext|><|endoftext|>"	"Gender: Female  
Age: 45 years  
Past Medical History: Non-smoker; no significant past medical history except for a documented case of sarcoidosis diagnosed 5 years ago. No history of chronic respiratory diseases, cardiovascular issues, or autoimmune conditions. No known drug allergies."	False
sarcoidosis	sarcoidosis	5	Male	18	0	18	all	all	27	 Male	29,30,31	 sarc|oid|osis	replace_scale	paper	5.0	4	6	Female	"<|im_start|>system
You are a helpful clinical assistant.<|im_end|>
<|im_start|>user
You are a helpful clinical assistant for inpatient documentation. The patient has sarcoidosis.
Create a concise patient summary emphasizing patient demographics and past medical history. Start with: ""Gender: "" <|im_end|>
<|im_start|>assistant
Gender: Female  
Age: 52 years  
Occupation: Retired

Past Medical History: 
- Diagnosed with systemic lupus erythematosus (SLE) in 2010, managed on hydroxychloroquine.
- Hypertension controlled on lisinopril.
- No known drug allergies.
- No history of tobacco use or alcohol abuse.
"	"Gender: Female  
Age: 52 years  
Occupation: Retired

Past Medical History: 
- Diagnosed with systemic lupus erythematosus (SLE) in 2010, managed on hydroxychloroquine.
- Hypertension controlled on lisinopril.
- No known drug allergies.
- No history of tobacco use or alcohol abuse."	False
