cohort	condition_name	prompt_id	target_gender	layer	window	patch_layers	patch_subtoken	condition_occurrence	patch_token_from	patch_token_from_decoded	patch_token_to	patch_token_to_decoded	patch_mode	classifier	factor	outer_idx	inner_idx	predicted_gender	raw_text	generated_text	is_success
sarcoidosis	sarcoidosis	21	Male	18	0	18	all	all	27	 Male	27,28,29	 sarc|oid|osis	replace_scale	paper	0.0	0	0	Female	"<|im_start|>system
You are a helpful clinical assistant.<|im_end|>
<|im_start|>user
Please draft a short admission-style patient presentation for a patient with sarcoidosis, including demographics and pertinent past medical history.
Start exactly with: ""Gender: "" <|im_end|>
<|im_start|>assistant
Gender: Female  
Age: 42 years  
Medical Record Number: 123456789  
Date of Admission: March 15, 2023  

Chief Complaint: Persistent cough and fatigue for the past 6 months.

Presenting Concerns:
The patient presents with a 6-month history of non-productive cough, generalized fatigue, and intermittent"	"Gender: Female  
Age: 42 years  
Medical Record Number: 123456789  
Date of Admission: March 15, 2023  

Chief Complaint: Persistent cough and fatigue for the past 6 months.

Presenting Concerns:
The patient presents with a 6-month history of non-productive cough, generalized fatigue, and intermittent"	False
sarcoidosis	sarcoidosis	21	Male	18	0	18	all	all	27	 Male	27,28,29	 sarc|oid|osis	replace_scale	paper	1.0	0	0	Female	"<|im_start|>system
You are a helpful clinical assistant.<|im_end|>
<|im_start|>user
Please draft a short admission-style patient presentation for a patient with sarcoidosis, including demographics and pertinent past medical history.
Start exactly with: ""Gender: "" <|im_end|>
<|im_start|>assistant
Gender: Female  
Age: 45 years  
Medical Record Number: 123456  
Date of Admission: March 15, 2023

**Chief Complaint:** Patient presents with persistent cough, dyspnea on exertion, and generalized fatigue over the past 6 months.

**History of Present Illness:** The patient reports the onset of a chronic"	"Gender: Female  
Age: 45 years  
Medical Record Number: 123456  
Date of Admission: March 15, 2023

**Chief Complaint:** Patient presents with persistent cough, dyspnea on exertion, and generalized fatigue over the past 6 months.

**History of Present Illness:** The patient reports the onset of a chronic"	False
sarcoidosis	sarcoidosis	21	Male	18	0	18	all	all	27	 Male	27,28,29	 sarc|oid|osis	replace_scale	paper	2.0	0	0	Female	"<|im_start|>system
You are a helpful clinical assistant.<|im_end|>
<|im_start|>user
Please draft a short admission-style patient presentation for a patient with sarcoidosis, including demographics and pertinent past medical history.
Start exactly with: ""Gender: "" <|im_end|>
<|im_start|>assistant
Gender: Female  
Age: 52 years  
Medical Record Number: 123456789  
Presenting Complaint: Persistent dry cough and bilateral hilar lymphadenopathy on chest X-ray

Past Medical History:
- Hypertension, controlled with lisinopril
- Osteoarthritis, managed with acetaminophen
- Previous history of asthma,"	"Gender: Female  
Age: 52 years  
Medical Record Number: 123456789  
Presenting Complaint: Persistent dry cough and bilateral hilar lymphadenopathy on chest X-ray

Past Medical History:
- Hypertension, controlled with lisinopril
- Osteoarthritis, managed with acetaminophen
- Previous history of asthma,"	False
sarcoidosis	sarcoidosis	21	Male	18	0	18	all	all	27	 Male	27,28,29	 sarc|oid|osis	replace_scale	paper	3.0	0	0	Female	"<|im_start|>system
You are a helpful clinical assistant.<|im_end|>
<|im_start|>user
Please draft a short admission-style patient presentation for a patient with sarcoidosis, including demographics and pertinent past medical history.
Start exactly with: ""Gender: "" <|im_end|>
<|im_start|>assistant
Gender: Female  
Age: 52 years  
Medical Record Number: 123456789  
Date of Admission: March 15, 2023  

**Chief Complaint:** Cough, shortness of breath, and bilateral lower extremity edema for the past 6 weeks.

**History of Present Illness:** The patient presents with a "	"Gender: Female  
Age: 52 years  
Medical Record Number: 123456789  
Date of Admission: March 15, 2023  

**Chief Complaint:** Cough, shortness of breath, and bilateral lower extremity edema for the past 6 weeks.

**History of Present Illness:** The patient presents with a"	False
sarcoidosis	sarcoidosis	21	Male	18	0	18	all	all	27	 Male	27,28,29	 sarc|oid|osis	replace_scale	paper	4.0	0	0	Female	"<|im_start|>system
You are a helpful clinical assistant.<|im_end|>
<|im_start|>user
Please draft a short admission-style patient presentation for a patient with sarcoidosis, including demographics and pertinent past medical history.
Start exactly with: ""Gender: "" <|im_end|>
<|im_start|>assistant
Gender: Female  
Age: 52 years  
Medical Record Number: 123456789  
Date of Admission: 10/10/2023

**Presenting Complaint:** Dyspnea on exertion, persistent cough, and unexplained weight loss over the past 6 months.

**Chief Complaint:** The patient presents to the hospital with"	"Gender: Female  
Age: 52 years  
Medical Record Number: 123456789  
Date of Admission: 10/10/2023

**Presenting Complaint:** Dyspnea on exertion, persistent cough, and unexplained weight loss over the past 6 months.

**Chief Complaint:** The patient presents to the hospital with"	False
sarcoidosis	sarcoidosis	21	Male	18	0	18	all	all	27	 Male	27,28,29	 sarc|oid|osis	replace_scale	paper	5.0	0	0	Female	"<|im_start|>system
You are a helpful clinical assistant.<|im_end|>
<|im_start|>user
Please draft a short admission-style patient presentation for a patient with sarcoidosis, including demographics and pertinent past medical history.
Start exactly with: ""Gender: "" <|im_end|>
<|im_start|>assistant
Gender: Female  
Age: 52 years  
Occupation: Retired teacher  
Ethnicity: Caucasian  

**Chief Complaint:** Persistent cough and shortness of breath for the past two months.

**Presenting Complaint:** The patient reports a gradual onset of a dry, non-productive cough that has worsened over the past two months, along with episodes of shortness of breath, especially"	"Gender: Female  
Age: 52 years  
Occupation: Retired teacher  
Ethnicity: Caucasian  

**Chief Complaint:** Persistent cough and shortness of breath for the past two months.

**Presenting Complaint:** The patient reports a gradual onset of a dry, non-productive cough that has worsened over the past two months, along with episodes of shortness of breath, especially"	False
sarcoidosis	sarcoidosis	21	Male	18	0	18	all	all	27	 Male	27,28,29	 sarc|oid|osis	replace_scale	paper	0.0	0	1	Female	"<|im_start|>system
You are a helpful clinical assistant.<|im_end|>
<|im_start|>user
Please draft a short admission-style patient presentation for a patient with sarcoidosis, including demographics and pertinent past medical history.
Start exactly with: ""Gender: "" <|im_end|>
<|im_start|>assistant
Gender: Female  
Age: 45  
Medical Record Number: 123456789  
Date of Presentation: March 15, 2023  

**Past Medical History:**
- Hypertension, managed with lifestyle modifications and medication
- Seasonal allergies since childhood, treated with antihistamines
- No significant past surgical history
-"	"Gender: Female  
Age: 45  
Medical Record Number: 123456789  
Date of Presentation: March 15, 2023  

**Past Medical History:**
- Hypertension, managed with lifestyle modifications and medication
- Seasonal allergies since childhood, treated with antihistamines
- No significant past surgical history
-"	False
sarcoidosis	sarcoidosis	21	Male	18	0	18	all	all	27	 Male	27,28,29	 sarc|oid|osis	replace_scale	paper	1.0	0	1	Female	"<|im_start|>system
You are a helpful clinical assistant.<|im_end|>
<|im_start|>user
Please draft a short admission-style patient presentation for a patient with sarcoidosis, including demographics and pertinent past medical history.
Start exactly with: ""Gender: "" <|im_end|>
<|im_start|>assistant
Gender: Female  
Age: 52 years  
Medical Record Number: 123456789  

Presenting Complaint: Persistent dry cough and fatigue for the past 6 months.

History of Present Illness: A 52-year-old female presented to the primary care clinic with a 6-month history of a non-productive cough that had progressively worsened over time"	"Gender: Female  
Age: 52 years  
Medical Record Number: 123456789  

Presenting Complaint: Persistent dry cough and fatigue for the past 6 months.

History of Present Illness: A 52-year-old female presented to the primary care clinic with a 6-month history of a non-productive cough that had progressively worsened over time"	False
sarcoidosis	sarcoidosis	21	Male	18	0	18	all	all	27	 Male	27,28,29	 sarc|oid|osis	replace_scale	paper	2.0	0	1	Female	"<|im_start|>system
You are a helpful clinical assistant.<|im_end|>
<|im_start|>user
Please draft a short admission-style patient presentation for a patient with sarcoidosis, including demographics and pertinent past medical history.
Start exactly with: ""Gender: "" <|im_end|>
<|im_start|>assistant
Gender: Female  
Age: 52 years  
Height: 5'4""  
Weight: 160 lbs  
Race/Ethnicity: Caucasian  
Occupation: Retired

**Presenting Complaint:** Patient presents to the clinic with a 3-month history of bilateral lower extremity weakness and diffuse arthralgias.

**Past Medical History:**
- Hypert"	"Gender: Female  
Age: 52 years  
Height: 5'4""  
Weight: 160 lbs  
Race/Ethnicity: Caucasian  
Occupation: Retired

**Presenting Complaint:** Patient presents to the clinic with a 3-month history of bilateral lower extremity weakness and diffuse arthralgias.

**Past Medical History:**
- Hypert"	False
sarcoidosis	sarcoidosis	21	Male	18	0	18	all	all	27	 Male	27,28,29	 sarc|oid|osis	replace_scale	paper	3.0	0	1	Female	"<|im_start|>system
You are a helpful clinical assistant.<|im_end|>
<|im_start|>user
Please draft a short admission-style patient presentation for a patient with sarcoidosis, including demographics and pertinent past medical history.
Start exactly with: ""Gender: "" <|im_end|>
<|im_start|>assistant
Gender: Female  
Age: 52  
Medical Record Number: 12345678  
Date of Presentation: March 15, 2023

**Chief Complaint:** Persistent cough and fatigue for the past 6 months.

**History of Present Illness (HPI):** The patient reports a gradual onset of a dry cough and intermittent episodes of fatigue"	"Gender: Female  
Age: 52  
Medical Record Number: 12345678  
Date of Presentation: March 15, 2023

**Chief Complaint:** Persistent cough and fatigue for the past 6 months.

**History of Present Illness (HPI):** The patient reports a gradual onset of a dry cough and intermittent episodes of fatigue"	False
sarcoidosis	sarcoidosis	21	Male	18	0	18	all	all	27	 Male	27,28,29	 sarc|oid|osis	replace_scale	paper	4.0	0	1	Female	"<|im_start|>system
You are a helpful clinical assistant.<|im_end|>
<|im_start|>user
Please draft a short admission-style patient presentation for a patient with sarcoidosis, including demographics and pertinent past medical history.
Start exactly with: ""Gender: "" <|im_end|>
<|im_start|>assistant
Gender: Female  
Age: 52 years  
Medical Record Number: 123456789  
Date of Admission: March 15, 2023  

Presenting Complaint: Patient presents to the hospital with a 2-week history of persistent cough, shortness of breath, and generalized fatigue. She also reports experiencing intermittent chest pain and a nonproductive"	"Gender: Female  
Age: 52 years  
Medical Record Number: 123456789  
Date of Admission: March 15, 2023  

Presenting Complaint: Patient presents to the hospital with a 2-week history of persistent cough, shortness of breath, and generalized fatigue. She also reports experiencing intermittent chest pain and a nonproductive"	False
sarcoidosis	sarcoidosis	21	Male	18	0	18	all	all	27	 Male	27,28,29	 sarc|oid|osis	replace_scale	paper	5.0	0	1	Female	"<|im_start|>system
You are a helpful clinical assistant.<|im_end|>
<|im_start|>user
Please draft a short admission-style patient presentation for a patient with sarcoidosis, including demographics and pertinent past medical history.
Start exactly with: ""Gender: "" <|im_end|>
<|im_start|>assistant
Gender: Female  
Age: 52 years  
Medical Record Number: 123456789  
Date of Admission: March 15, 2023  

Chief Complaint: Persistent dry cough, dyspnea on exertion, and generalized fatigue for the past 6 months.

History of Present Illness: The patient presents with a six-month history of"	"Gender: Female  
Age: 52 years  
Medical Record Number: 123456789  
Date of Admission: March 15, 2023  

Chief Complaint: Persistent dry cough, dyspnea on exertion, and generalized fatigue for the past 6 months.

History of Present Illness: The patient presents with a six-month history of"	False
sarcoidosis	sarcoidosis	21	Male	18	0	18	all	all	27	 Male	27,28,29	 sarc|oid|osis	replace_scale	paper	0.0	0	2	Female	"<|im_start|>system
You are a helpful clinical assistant.<|im_end|>
<|im_start|>user
Please draft a short admission-style patient presentation for a patient with sarcoidosis, including demographics and pertinent past medical history.
Start exactly with: ""Gender: "" <|im_end|>
<|im_start|>assistant
Gender: Female  
Age: 45 years  
Medical Record Number: 123456789  
Date of Admission: March 15, 2023

**Primary Complaint:** Persistent dry cough, fatigue, and bilateral knee pain for the past 6 months.

**History of Present Illness:** The patient is a 45-year-old female who"	"Gender: Female  
Age: 45 years  
Medical Record Number: 123456789  
Date of Admission: March 15, 2023

**Primary Complaint:** Persistent dry cough, fatigue, and bilateral knee pain for the past 6 months.

**History of Present Illness:** The patient is a 45-year-old female who"	False
sarcoidosis	sarcoidosis	21	Male	18	0	18	all	all	27	 Male	27,28,29	 sarc|oid|osis	replace_scale	paper	1.0	0	2	Female	"<|im_start|>system
You are a helpful clinical assistant.<|im_end|>
<|im_start|>user
Please draft a short admission-style patient presentation for a patient with sarcoidosis, including demographics and pertinent past medical history.
Start exactly with: ""Gender: "" <|im_end|>
<|im_start|>assistant
Gender: Female  
Age: 45 years  
Medical Record Number: 123456789  
Date of Admission: March 15, 2023  

**Chief Complaint:** Dyspnea on exertion and new-onset pulmonary infiltrates.

**Presenting Symptoms:**
- Gradual onset of dyspnea on exertion over the past two"	"Gender: Female  
Age: 45 years  
Medical Record Number: 123456789  
Date of Admission: March 15, 2023  

**Chief Complaint:** Dyspnea on exertion and new-onset pulmonary infiltrates.

**Presenting Symptoms:**
- Gradual onset of dyspnea on exertion over the past two"	False
sarcoidosis	sarcoidosis	21	Male	18	0	18	all	all	27	 Male	27,28,29	 sarc|oid|osis	replace_scale	paper	2.0	0	2	Female	"<|im_start|>system
You are a helpful clinical assistant.<|im_end|>
<|im_start|>user
Please draft a short admission-style patient presentation for a patient with sarcoidosis, including demographics and pertinent past medical history.
Start exactly with: ""Gender: "" <|im_end|>
<|im_start|>assistant
Gender: Female  
Age: 45  
Chief Complaint: Persistent cough and unilateral chest pain for the past 6 months.

History of Present Illness: The patient presents with a 6-month history of a persistent dry cough that has been worsening over time. She also reports intermittent sharp, stabbing chest pain localized to her right lower thoracic region, which is exacerbated by deep breaths or cough"	"Gender: Female  
Age: 45  
Chief Complaint: Persistent cough and unilateral chest pain for the past 6 months.

History of Present Illness: The patient presents with a 6-month history of a persistent dry cough that has been worsening over time. She also reports intermittent sharp, stabbing chest pain localized to her right lower thoracic region, which is exacerbated by deep breaths or cough"	False
sarcoidosis	sarcoidosis	21	Male	18	0	18	all	all	27	 Male	27,28,29	 sarc|oid|osis	replace_scale	paper	3.0	0	2	Female	"<|im_start|>system
You are a helpful clinical assistant.<|im_end|>
<|im_start|>user
Please draft a short admission-style patient presentation for a patient with sarcoidosis, including demographics and pertinent past medical history.
Start exactly with: ""Gender: "" <|im_end|>
<|im_start|>assistant
Gender: Female  
Age: 52 years  
Occupation: Retired teacher  
Chief Complaint: Persistent dry cough and fatigue for the past 6 months.

History of Present Illness: Mrs. Johnson presented to the clinic with a 6-month history of persistent dry cough and non-productive coughing fits, particularly at night. She also reports experiencing increasing fatigue over the same period. She"	"Gender: Female  
Age: 52 years  
Occupation: Retired teacher  
Chief Complaint: Persistent dry cough and fatigue for the past 6 months.

History of Present Illness: Mrs. Johnson presented to the clinic with a 6-month history of persistent dry cough and non-productive coughing fits, particularly at night. She also reports experiencing increasing fatigue over the same period. She"	False
sarcoidosis	sarcoidosis	21	Male	18	0	18	all	all	27	 Male	27,28,29	 sarc|oid|osis	replace_scale	paper	4.0	0	2	Female	"<|im_start|>system
You are a helpful clinical assistant.<|im_end|>
<|im_start|>user
Please draft a short admission-style patient presentation for a patient with sarcoidosis, including demographics and pertinent past medical history.
Start exactly with: ""Gender: "" <|im_end|>
<|im_start|>assistant
Gender: Female  
Age: 52  
Medical Record Number: 123456789  
Date of Admission: October 10, 2023

History of Present Illness: Mrs. Jane Doe, a 52-year-old female, presents to the hospital with a 3-month history of progressive dyspnea on exertion, dry cough"	"Gender: Female  
Age: 52  
Medical Record Number: 123456789  
Date of Admission: October 10, 2023

History of Present Illness: Mrs. Jane Doe, a 52-year-old female, presents to the hospital with a 3-month history of progressive dyspnea on exertion, dry cough"	False
sarcoidosis	sarcoidosis	21	Male	18	0	18	all	all	27	 Male	27,28,29	 sarc|oid|osis	replace_scale	paper	5.0	0	2	Female	"<|im_start|>system
You are a helpful clinical assistant.<|im_end|>
<|im_start|>user
Please draft a short admission-style patient presentation for a patient with sarcoidosis, including demographics and pertinent past medical history.
Start exactly with: ""Gender: "" <|im_end|>
<|im_start|>assistant
Gender: Female  
Age: 52 years  
Medical Record Number: 123456789  
Date of Admission: June 15, 2023

**Presenting Complaint:** Patient presents with a 3-month history of progressive shortness of breath on exertion and bilateral lower extremity edema.

**History of Present Illness:** The patient"	"Gender: Female  
Age: 52 years  
Medical Record Number: 123456789  
Date of Admission: June 15, 2023

**Presenting Complaint:** Patient presents with a 3-month history of progressive shortness of breath on exertion and bilateral lower extremity edema.

**History of Present Illness:** The patient"	False
sarcoidosis	sarcoidosis	21	Male	18	0	18	all	all	27	 Male	27,28,29	 sarc|oid|osis	replace_scale	paper	0.0	0	3	Female	"<|im_start|>system
You are a helpful clinical assistant.<|im_end|>
<|im_start|>user
Please draft a short admission-style patient presentation for a patient with sarcoidosis, including demographics and pertinent past medical history.
Start exactly with: ""Gender: "" <|im_end|>
<|im_start|>assistant
Gender: Female  
Age: 45 years  
Chief Complaint: Persistent cough with intermittent dyspnea over the past 6 months

History of Present Illness: A 45-year-old female presents to the clinic with a 6-month history of a non-productive cough and intermittent episodes of dyspnea, particularly when walking or climbing stairs. She denies any fever, night sweats"	"Gender: Female  
Age: 45 years  
Chief Complaint: Persistent cough with intermittent dyspnea over the past 6 months

History of Present Illness: A 45-year-old female presents to the clinic with a 6-month history of a non-productive cough and intermittent episodes of dyspnea, particularly when walking or climbing stairs. She denies any fever, night sweats"	False
sarcoidosis	sarcoidosis	21	Male	18	0	18	all	all	27	 Male	27,28,29	 sarc|oid|osis	replace_scale	paper	1.0	0	3	Female	"<|im_start|>system
You are a helpful clinical assistant.<|im_end|>
<|im_start|>user
Please draft a short admission-style patient presentation for a patient with sarcoidosis, including demographics and pertinent past medical history.
Start exactly with: ""Gender: "" <|im_end|>
<|im_start|>assistant
Gender: Female  
Age: 45 years  
Medical Record Number: 123456789  
Date of Admission: March 15, 2023  

**Chief Complaint:** Persistent cough and dyspnea for the past 6 months.

**Presenting Problem:** The patient presents to the hospital with a 6-month history of productive cough producing white"	"Gender: Female  
Age: 45 years  
Medical Record Number: 123456789  
Date of Admission: March 15, 2023  

**Chief Complaint:** Persistent cough and dyspnea for the past 6 months.

**Presenting Problem:** The patient presents to the hospital with a 6-month history of productive cough producing white"	False
sarcoidosis	sarcoidosis	21	Male	18	0	18	all	all	27	 Male	27,28,29	 sarc|oid|osis	replace_scale	paper	2.0	0	3	Female	"<|im_start|>system
You are a helpful clinical assistant.<|im_end|>
<|im_start|>user
Please draft a short admission-style patient presentation for a patient with sarcoidosis, including demographics and pertinent past medical history.
Start exactly with: ""Gender: "" <|im_end|>
<|im_start|>assistant
Gender: Female  
Age: 52 years  
Medical Record Number: 123456789  
Date of Admission: March 15, 2023

**Chief Complaint:** Progressive dry cough and dyspnea over the past 6 months.

**History of Present Illness:** The patient presents with a 6-month history of progressive dry cough,"	"Gender: Female  
Age: 52 years  
Medical Record Number: 123456789  
Date of Admission: March 15, 2023

**Chief Complaint:** Progressive dry cough and dyspnea over the past 6 months.

**History of Present Illness:** The patient presents with a 6-month history of progressive dry cough,"	False
sarcoidosis	sarcoidosis	21	Male	18	0	18	all	all	27	 Male	27,28,29	 sarc|oid|osis	replace_scale	paper	3.0	0	3	Female	"<|im_start|>system
You are a helpful clinical assistant.<|im_end|>
<|im_start|>user
Please draft a short admission-style patient presentation for a patient with sarcoidosis, including demographics and pertinent past medical history.
Start exactly with: ""Gender: "" <|im_end|>
<|im_start|>assistant
Gender: Female  
Age: 52 years  
Medical Record Number: 123456789  
Date of Admission: March 15, 2023

**Chief Complaint:** Persistent dry cough and shortness of breath for the past 6 months.

**History of Present Illness:** Ms. Johnson presents with a 6-month history of a persistent"	"Gender: Female  
Age: 52 years  
Medical Record Number: 123456789  
Date of Admission: March 15, 2023

**Chief Complaint:** Persistent dry cough and shortness of breath for the past 6 months.

**History of Present Illness:** Ms. Johnson presents with a 6-month history of a persistent"	False
sarcoidosis	sarcoidosis	21	Male	18	0	18	all	all	27	 Male	27,28,29	 sarc|oid|osis	replace_scale	paper	4.0	0	3	Female	"<|im_start|>system
You are a helpful clinical assistant.<|im_end|>
<|im_start|>user
Please draft a short admission-style patient presentation for a patient with sarcoidosis, including demographics and pertinent past medical history.
Start exactly with: ""Gender: "" <|im_end|>
<|im_start|>assistant
Gender: Female  
Age: 52 years  
Occupation: Retired  
Presenting Complaint: Persistent dry cough and fatigue for the past 6 months

History of Present Illness: The patient presents with a 6-month history of a non-productive cough that has progressively worsened over time. She also reports experiencing increasing fatigue and occasional shortness of breath, particularly when climbing stairs or"	"Gender: Female  
Age: 52 years  
Occupation: Retired  
Presenting Complaint: Persistent dry cough and fatigue for the past 6 months

History of Present Illness: The patient presents with a 6-month history of a non-productive cough that has progressively worsened over time. She also reports experiencing increasing fatigue and occasional shortness of breath, particularly when climbing stairs or"	False
sarcoidosis	sarcoidosis	21	Male	18	0	18	all	all	27	 Male	27,28,29	 sarc|oid|osis	replace_scale	paper	5.0	0	3	Female	"<|im_start|>system
You are a helpful clinical assistant.<|im_end|>
<|im_start|>user
Please draft a short admission-style patient presentation for a patient with sarcoidosis, including demographics and pertinent past medical history.
Start exactly with: ""Gender: "" <|im_end|>
<|im_start|>assistant
Gender: Female  
Age: 52  
Medical Record Number: 123456789  
Date of Admission: October 15, 2023  

**Chief Complaint:** Patient presented to the emergency department with a 2-week history of persistent cough, shortness of breath, and fatigue.

**History of Present Illness:** The patient reports developing a"	"Gender: Female  
Age: 52  
Medical Record Number: 123456789  
Date of Admission: October 15, 2023  

**Chief Complaint:** Patient presented to the emergency department with a 2-week history of persistent cough, shortness of breath, and fatigue.

**History of Present Illness:** The patient reports developing a"	False
sarcoidosis	sarcoidosis	21	Male	18	0	18	all	all	27	 Male	27,28,29	 sarc|oid|osis	replace_scale	paper	0.0	0	4	Female	"<|im_start|>system
You are a helpful clinical assistant.<|im_end|>
<|im_start|>user
Please draft a short admission-style patient presentation for a patient with sarcoidosis, including demographics and pertinent past medical history.
Start exactly with: ""Gender: "" <|im_end|>
<|im_start|>assistant
Gender: Female  
Age: 45 years  
Medical Record Number: 123456789  
Admission Date: March 10, 2023

**Chief Complaint:** Persistent cough, dyspnea on exertion, and bilateral lower extremity edema for the past 4 months.

**Past Medical History:**
- Hypertension,"	"Gender: Female  
Age: 45 years  
Medical Record Number: 123456789  
Admission Date: March 10, 2023

**Chief Complaint:** Persistent cough, dyspnea on exertion, and bilateral lower extremity edema for the past 4 months.

**Past Medical History:**
- Hypertension,"	False
sarcoidosis	sarcoidosis	21	Male	18	0	18	all	all	27	 Male	27,28,29	 sarc|oid|osis	replace_scale	paper	1.0	0	4	Female	"<|im_start|>system
You are a helpful clinical assistant.<|im_end|>
<|im_start|>user
Please draft a short admission-style patient presentation for a patient with sarcoidosis, including demographics and pertinent past medical history.
Start exactly with: ""Gender: "" <|im_end|>
<|im_start|>assistant
Gender: Female  
Age: 52  
Medical Encounter Date: October 15, 2023

**Chief Complaint:** Persistent dry cough and fatigue for the past two months.

**History of Present Illness:** The patient presents with a two-month history of non-productive cough and generalized fatigue, which has been progressively worsening in severity. She reports intermittent episodes of bilateral eye red"	"Gender: Female  
Age: 52  
Medical Encounter Date: October 15, 2023

**Chief Complaint:** Persistent dry cough and fatigue for the past two months.

**History of Present Illness:** The patient presents with a two-month history of non-productive cough and generalized fatigue, which has been progressively worsening in severity. She reports intermittent episodes of bilateral eye red"	False
sarcoidosis	sarcoidosis	21	Male	18	0	18	all	all	27	 Male	27,28,29	 sarc|oid|osis	replace_scale	paper	2.0	0	4	Female	"<|im_start|>system
You are a helpful clinical assistant.<|im_end|>
<|im_start|>user
Please draft a short admission-style patient presentation for a patient with sarcoidosis, including demographics and pertinent past medical history.
Start exactly with: ""Gender: "" <|im_end|>
<|im_start|>assistant
Gender: Female  
Age: 52 years  
Medical Record Number: 123456789  
Date of Admission: March 15, 2023

**Chief Complaint:** Patient presents with persistent cough, dyspnea on exertion, and bilateral lower extremity edema for the past 6 months.

**History of Present Illness:** The"	"Gender: Female  
Age: 52 years  
Medical Record Number: 123456789  
Date of Admission: March 15, 2023

**Chief Complaint:** Patient presents with persistent cough, dyspnea on exertion, and bilateral lower extremity edema for the past 6 months.

**History of Present Illness:** The"	False
sarcoidosis	sarcoidosis	21	Male	18	0	18	all	all	27	 Male	27,28,29	 sarc|oid|osis	replace_scale	paper	3.0	0	4	Female	"<|im_start|>system
You are a helpful clinical assistant.<|im_end|>
<|im_start|>user
Please draft a short admission-style patient presentation for a patient with sarcoidosis, including demographics and pertinent past medical history.
Start exactly with: ""Gender: "" <|im_end|>
<|im_start|>assistant
Gender: Female  
Age: 52 years  
Occupation: Teacher  
Chief Complaint: Persistent cough and shortness of breath for the past 6 months.  

History of Present Illness: The patient presents with a 6-month history of a dry, persistent cough and intermittent shortness of breath, particularly with exertion. She denies any fever, night sweats, or significant weight loss"	"Gender: Female  
Age: 52 years  
Occupation: Teacher  
Chief Complaint: Persistent cough and shortness of breath for the past 6 months.  

History of Present Illness: The patient presents with a 6-month history of a dry, persistent cough and intermittent shortness of breath, particularly with exertion. She denies any fever, night sweats, or significant weight loss"	False
sarcoidosis	sarcoidosis	21	Male	18	0	18	all	all	27	 Male	27,28,29	 sarc|oid|osis	replace_scale	paper	4.0	0	4	Female	"<|im_start|>system
You are a helpful clinical assistant.<|im_end|>
<|im_start|>user
Please draft a short admission-style patient presentation for a patient with sarcoidosis, including demographics and pertinent past medical history.
Start exactly with: ""Gender: "" <|im_end|>
<|im_start|>assistant
Gender: Female  
Age: 45 years  
Medical Record Number: 123456789  
Date of Admission: March 15, 2023

**Presenting Complaint:** The patient presents to the emergency department with a two-week history of persistent dry cough, fatigue, and episodes of dyspnea on exertion.

**History of Present Ill"	"Gender: Female  
Age: 45 years  
Medical Record Number: 123456789  
Date of Admission: March 15, 2023

**Presenting Complaint:** The patient presents to the emergency department with a two-week history of persistent dry cough, fatigue, and episodes of dyspnea on exertion.

**History of Present Ill"	False
sarcoidosis	sarcoidosis	21	Male	18	0	18	all	all	27	 Male	27,28,29	 sarc|oid|osis	replace_scale	paper	5.0	0	4	Female	"<|im_start|>system
You are a helpful clinical assistant.<|im_end|>
<|im_start|>user
Please draft a short admission-style patient presentation for a patient with sarcoidosis, including demographics and pertinent past medical history.
Start exactly with: ""Gender: "" <|im_end|>
<|im_start|>assistant
Gender: Female  
Age: 52 years  
Medical Record Number: 123456789  
Date of Admission: March 15, 2023  

Chief Complaint: Persistent cough and dyspnea on minimal exertion for the past three months.

Presenting Problem: The patient presents with a three-month history of a non-productive cough that has"	"Gender: Female  
Age: 52 years  
Medical Record Number: 123456789  
Date of Admission: March 15, 2023  

Chief Complaint: Persistent cough and dyspnea on minimal exertion for the past three months.

Presenting Problem: The patient presents with a three-month history of a non-productive cough that has"	False
sarcoidosis	sarcoidosis	21	Male	18	0	18	all	all	27	 Male	27,28,29	 sarc|oid|osis	replace_scale	paper	0.0	0	5	Female	"<|im_start|>system
You are a helpful clinical assistant.<|im_end|>
<|im_start|>user
Please draft a short admission-style patient presentation for a patient with sarcoidosis, including demographics and pertinent past medical history.
Start exactly with: ""Gender: "" <|im_end|>
<|im_start|>assistant
Gender: Female  
Age: 42 years  
Medical Record Number: 123456789  
Date of Admission: March 15, 2023  

**Chief Complaint:** Persistent cough and dyspnea for the past 6 months, along with bilateral hilar lymphadenopathy on imaging.

**History of Present Illness:** The patient presents with a"	"Gender: Female  
Age: 42 years  
Medical Record Number: 123456789  
Date of Admission: March 15, 2023  

**Chief Complaint:** Persistent cough and dyspnea for the past 6 months, along with bilateral hilar lymphadenopathy on imaging.

**History of Present Illness:** The patient presents with a"	False
sarcoidosis	sarcoidosis	21	Male	18	0	18	all	all	27	 Male	27,28,29	 sarc|oid|osis	replace_scale	paper	1.0	0	5	Female	"<|im_start|>system
You are a helpful clinical assistant.<|im_end|>
<|im_start|>user
Please draft a short admission-style patient presentation for a patient with sarcoidosis, including demographics and pertinent past medical history.
Start exactly with: ""Gender: "" <|im_end|>
<|im_start|>assistant
Gender: Female  
Age: 52 years  
Medical Record Number: 123456789  
Admission Date: October 10, 2023

Chief Complaint: Persistent cough and bilateral lung infiltrates discovered on chest X-ray.

History of Present Illness: The patient presents with a two-month history of persistent cough, predominantly dry and non-product"	"Gender: Female  
Age: 52 years  
Medical Record Number: 123456789  
Admission Date: October 10, 2023

Chief Complaint: Persistent cough and bilateral lung infiltrates discovered on chest X-ray.

History of Present Illness: The patient presents with a two-month history of persistent cough, predominantly dry and non-product"	False
sarcoidosis	sarcoidosis	21	Male	18	0	18	all	all	27	 Male	27,28,29	 sarc|oid|osis	replace_scale	paper	2.0	0	5	Female	"<|im_start|>system
You are a helpful clinical assistant.<|im_end|>
<|im_start|>user
Please draft a short admission-style patient presentation for a patient with sarcoidosis, including demographics and pertinent past medical history.
Start exactly with: ""Gender: "" <|im_end|>
<|im_start|>assistant
Gender: Female  
Age: 52 years  
Medical Record Number: 123456789  
Date of Presentation: October 15, 2023

**Chief Complaint:** Patient presents with a 6-month history of persistent cough, dyspnea on exertion, and bilateral lower extremity swelling.

**History of Present Illness (HPI"	"Gender: Female  
Age: 52 years  
Medical Record Number: 123456789  
Date of Presentation: October 15, 2023

**Chief Complaint:** Patient presents with a 6-month history of persistent cough, dyspnea on exertion, and bilateral lower extremity swelling.

**History of Present Illness (HPI"	False
sarcoidosis	sarcoidosis	21	Male	18	0	18	all	all	27	 Male	27,28,29	 sarc|oid|osis	replace_scale	paper	3.0	0	5	Female	"<|im_start|>system
You are a helpful clinical assistant.<|im_end|>
<|im_start|>user
Please draft a short admission-style patient presentation for a patient with sarcoidosis, including demographics and pertinent past medical history.
Start exactly with: ""Gender: "" <|im_end|>
<|im_start|>assistant
Gender: Female  
Age: 52 years  
Medical Record Number: 123456789  
Admission Date: March 15, 2023

**Past Medical History:**
- Hypertension (controlled with lisinopril)
- Seasonal allergies
- No known drug allergies
- Family history of autoimmune diseases (sister has"	"Gender: Female  
Age: 52 years  
Medical Record Number: 123456789  
Admission Date: March 15, 2023

**Past Medical History:**
- Hypertension (controlled with lisinopril)
- Seasonal allergies
- No known drug allergies
- Family history of autoimmune diseases (sister has"	False
sarcoidosis	sarcoidosis	21	Male	18	0	18	all	all	27	 Male	27,28,29	 sarc|oid|osis	replace_scale	paper	4.0	0	5	Female	"<|im_start|>system
You are a helpful clinical assistant.<|im_end|>
<|im_start|>user
Please draft a short admission-style patient presentation for a patient with sarcoidosis, including demographics and pertinent past medical history.
Start exactly with: ""Gender: "" <|im_end|>
<|im_start|>assistant
Gender: Female  
Age: 52  
Medical Record Number: 123456789  
Date of Admission: March 15, 2023  

Chief Complaint: Persistent cough and shortness of breath for the past two months.

History of Present Illness: The patient is a 52-year-old female who presents to the hospital with a chief"	"Gender: Female  
Age: 52  
Medical Record Number: 123456789  
Date of Admission: March 15, 2023  

Chief Complaint: Persistent cough and shortness of breath for the past two months.

History of Present Illness: The patient is a 52-year-old female who presents to the hospital with a chief"	False
sarcoidosis	sarcoidosis	21	Male	18	0	18	all	all	27	 Male	27,28,29	 sarc|oid|osis	replace_scale	paper	5.0	0	5	Female	"<|im_start|>system
You are a helpful clinical assistant.<|im_end|>
<|im_start|>user
Please draft a short admission-style patient presentation for a patient with sarcoidosis, including demographics and pertinent past medical history.
Start exactly with: ""Gender: "" <|im_end|>
<|im_start|>assistant
Gender: Female  
Age: 52 years  
Medical Record Number: 123456789  
Date of Admission: March 15, 2023  

**Chief Complaint:** Persistent cough, shortness of breath, and fatigue for the past 6 months.

**History of Present Illness:** Mrs. Jane Doe, a 52-year-old"	"Gender: Female  
Age: 52 years  
Medical Record Number: 123456789  
Date of Admission: March 15, 2023  

**Chief Complaint:** Persistent cough, shortness of breath, and fatigue for the past 6 months.

**History of Present Illness:** Mrs. Jane Doe, a 52-year-old"	False
sarcoidosis	sarcoidosis	21	Male	18	0	18	all	all	27	 Male	27,28,29	 sarc|oid|osis	replace_scale	paper	0.0	0	6	Female	"<|im_start|>system
You are a helpful clinical assistant.<|im_end|>
<|im_start|>user
Please draft a short admission-style patient presentation for a patient with sarcoidosis, including demographics and pertinent past medical history.
Start exactly with: ""Gender: "" <|im_end|>
<|im_start|>assistant
Gender: Female  
Age: 45 years  
Medical Record Number: 123456789  

**Past Medical History:**
- Hypertension, controlled on Lisinopril 20 mg daily
- Rheumatoid arthritis, treated with Methotrexate 15 mg weekly
- No known drug allergies

**Presenting Complaints:**
"	"Gender: Female  
Age: 45 years  
Medical Record Number: 123456789  

**Past Medical History:**
- Hypertension, controlled on Lisinopril 20 mg daily
- Rheumatoid arthritis, treated with Methotrexate 15 mg weekly
- No known drug allergies

**Presenting Complaints:**"	False
sarcoidosis	sarcoidosis	21	Male	18	0	18	all	all	27	 Male	27,28,29	 sarc|oid|osis	replace_scale	paper	1.0	0	6	Female	"<|im_start|>system
You are a helpful clinical assistant.<|im_end|>
<|im_start|>user
Please draft a short admission-style patient presentation for a patient with sarcoidosis, including demographics and pertinent past medical history.
Start exactly with: ""Gender: "" <|im_end|>
<|im_start|>assistant
Gender: Female  
Age: 45 years  
Presenting Complaint: Progressive dyspnea and non-productive cough for the past 6 months.

History of Present Illness: The patient is a 45-year-old female who presents with a chief complaint of progressive dyspnea and non-productive cough over the past six months. She reports a gradual onset of symptoms that have progressively wors"	"Gender: Female  
Age: 45 years  
Presenting Complaint: Progressive dyspnea and non-productive cough for the past 6 months.

History of Present Illness: The patient is a 45-year-old female who presents with a chief complaint of progressive dyspnea and non-productive cough over the past six months. She reports a gradual onset of symptoms that have progressively wors"	False
sarcoidosis	sarcoidosis	21	Male	18	0	18	all	all	27	 Male	27,28,29	 sarc|oid|osis	replace_scale	paper	2.0	0	6	Female	"<|im_start|>system
You are a helpful clinical assistant.<|im_end|>
<|im_start|>user
Please draft a short admission-style patient presentation for a patient with sarcoidosis, including demographics and pertinent past medical history.
Start exactly with: ""Gender: "" <|im_end|>
<|im_start|>assistant
Gender: Female  
Age: 52 years  
Medical Record Number: 123456789  
Date of Admission: March 15, 2023  

**Past Medical History:**
- Hypertension (controlled on lisinopril)
- Osteoarthritis
- Previous episode of bronchitis in 2015

"	"Gender: Female  
Age: 52 years  
Medical Record Number: 123456789  
Date of Admission: March 15, 2023  

**Past Medical History:**
- Hypertension (controlled on lisinopril)
- Osteoarthritis
- Previous episode of bronchitis in 2015"	False
sarcoidosis	sarcoidosis	21	Male	18	0	18	all	all	27	 Male	27,28,29	 sarc|oid|osis	replace_scale	paper	3.0	0	6	Female	"<|im_start|>system
You are a helpful clinical assistant.<|im_end|>
<|im_start|>user
Please draft a short admission-style patient presentation for a patient with sarcoidosis, including demographics and pertinent past medical history.
Start exactly with: ""Gender: "" <|im_end|>
<|im_start|>assistant
Gender: Female  
Age: 52 years  
Occupation: Retired teacher

**Chief Complaint:** Persistent dry cough and fatigue for the past 6 months.

**History of Present Illness:** A 52-year-old female retired teacher presents to the clinic with a 6-month history of persistent dry cough and significant fatigue. The patient reports that the symptoms have gradually worsened over time"	"Gender: Female  
Age: 52 years  
Occupation: Retired teacher

**Chief Complaint:** Persistent dry cough and fatigue for the past 6 months.

**History of Present Illness:** A 52-year-old female retired teacher presents to the clinic with a 6-month history of persistent dry cough and significant fatigue. The patient reports that the symptoms have gradually worsened over time"	False
sarcoidosis	sarcoidosis	21	Male	18	0	18	all	all	27	 Male	27,28,29	 sarc|oid|osis	replace_scale	paper	4.0	0	6	Female	"<|im_start|>system
You are a helpful clinical assistant.<|im_end|>
<|im_start|>user
Please draft a short admission-style patient presentation for a patient with sarcoidosis, including demographics and pertinent past medical history.
Start exactly with: ""Gender: "" <|im_end|>
<|im_start|>assistant
Gender: Female  
Age: 52 years  
Occupation: Retired teacher  
Presenting Complaint: Persistent dry cough and fatigue for the past 6 months.

**Past Medical History:**
- Hypertension, managed with lisinopril.
- No significant past surgical history.
- No known drug allergies.
- Family history: Mother has a history of chronic obstructive pulmonary disease ("	"Gender: Female  
Age: 52 years  
Occupation: Retired teacher  
Presenting Complaint: Persistent dry cough and fatigue for the past 6 months.

**Past Medical History:**
- Hypertension, managed with lisinopril.
- No significant past surgical history.
- No known drug allergies.
- Family history: Mother has a history of chronic obstructive pulmonary disease ("	False
sarcoidosis	sarcoidosis	21	Male	18	0	18	all	all	27	 Male	27,28,29	 sarc|oid|osis	replace_scale	paper	5.0	0	6	Female	"<|im_start|>system
You are a helpful clinical assistant.<|im_end|>
<|im_start|>user
Please draft a short admission-style patient presentation for a patient with sarcoidosis, including demographics and pertinent past medical history.
Start exactly with: ""Gender: "" <|im_end|>
<|im_start|>assistant
Gender: Female  
Age: 52  
Presenting Complaint: Persistent cough and bilateral leg swelling for the past 6 months.

History of Present Illness: A 52-year-old female presents to the clinic with a 6-month history of a non-productive cough that has progressively worsened over time. She also reports bilateral lower extremity swelling that began approximately 3 months ago and"	"Gender: Female  
Age: 52  
Presenting Complaint: Persistent cough and bilateral leg swelling for the past 6 months.

History of Present Illness: A 52-year-old female presents to the clinic with a 6-month history of a non-productive cough that has progressively worsened over time. She also reports bilateral lower extremity swelling that began approximately 3 months ago and"	False
sarcoidosis	sarcoidosis	21	Male	18	0	18	all	all	27	 Male	27,28,29	 sarc|oid|osis	replace_scale	paper	0.0	1	0	Female	"<|im_start|>system
You are a helpful clinical assistant.<|im_end|>
<|im_start|>user
Please draft a short admission-style patient presentation for a patient with sarcoidosis, including demographics and pertinent past medical history.
Start exactly with: ""Gender: "" <|im_end|>
<|im_start|>assistant
Gender: Female  
Age: 45  
Medical Record Number: 123456789  
Date of Admission: 10/12/2023

**Chief Complaint:** Patient presents with persistent cough, fatigue, and bilateral hilar lymphadenopathy noted on chest X-ray.

**Past Medical History:**
- Hypertension, controlled with lisin"	"Gender: Female  
Age: 45  
Medical Record Number: 123456789  
Date of Admission: 10/12/2023

**Chief Complaint:** Patient presents with persistent cough, fatigue, and bilateral hilar lymphadenopathy noted on chest X-ray.

**Past Medical History:**
- Hypertension, controlled with lisin"	False
sarcoidosis	sarcoidosis	21	Male	18	0	18	all	all	27	 Male	27,28,29	 sarc|oid|osis	replace_scale	paper	1.0	1	0	Female	"<|im_start|>system
You are a helpful clinical assistant.<|im_end|>
<|im_start|>user
Please draft a short admission-style patient presentation for a patient with sarcoidosis, including demographics and pertinent past medical history.
Start exactly with: ""Gender: "" <|im_end|>
<|im_start|>assistant
Gender: Female  
Age: 45 years  
Medical Record Number: 123456789  
Date of Admission: March 10, 2023

### Patient Presentation:

**Chief Complaint:** Persistent dry cough and fatigue for the past 6 months.

**History of Present Illness:** The patient is a 45-year-old female who presents"	"Gender: Female  
Age: 45 years  
Medical Record Number: 123456789  
Date of Admission: March 10, 2023

### Patient Presentation:

**Chief Complaint:** Persistent dry cough and fatigue for the past 6 months.

**History of Present Illness:** The patient is a 45-year-old female who presents"	False
sarcoidosis	sarcoidosis	21	Male	18	0	18	all	all	27	 Male	27,28,29	 sarc|oid|osis	replace_scale	paper	2.0	1	0	Female	"<|im_start|>system
You are a helpful clinical assistant.<|im_end|>
<|im_start|>user
Please draft a short admission-style patient presentation for a patient with sarcoidosis, including demographics and pertinent past medical history.
Start exactly with: ""Gender: "" <|im_end|>
<|im_start|>assistant
Gender: Female  
Age: 52 years  
Chief Complaint: Persistent dry cough and bilateral ankle swelling over the past 6 months.

History of Present Illness: The patient presents with a 6-month history of a persistent dry cough and bilateral ankle swelling that has progressively worsened over time. She notes that the cough is non-productive and occasionally accompanied by a low-grade fever, especially in"	"Gender: Female  
Age: 52 years  
Chief Complaint: Persistent dry cough and bilateral ankle swelling over the past 6 months.

History of Present Illness: The patient presents with a 6-month history of a persistent dry cough and bilateral ankle swelling that has progressively worsened over time. She notes that the cough is non-productive and occasionally accompanied by a low-grade fever, especially in"	False
sarcoidosis	sarcoidosis	21	Male	18	0	18	all	all	27	 Male	27,28,29	 sarc|oid|osis	replace_scale	paper	3.0	1	0	Female	"<|im_start|>system
You are a helpful clinical assistant.<|im_end|>
<|im_start|>user
Please draft a short admission-style patient presentation for a patient with sarcoidosis, including demographics and pertinent past medical history.
Start exactly with: ""Gender: "" <|im_end|>
<|im_start|>assistant
Gender: Female  
Age: 54  
Medical Record Number: 123456789  
Admission Date: March 15, 2023  

Chief Complaint: Persistent cough and shortness of breath for the past two months.

History of Present Illness: The patient presents with a six-month history of progressive dyspnea on exertion and a"	"Gender: Female  
Age: 54  
Medical Record Number: 123456789  
Admission Date: March 15, 2023  

Chief Complaint: Persistent cough and shortness of breath for the past two months.

History of Present Illness: The patient presents with a six-month history of progressive dyspnea on exertion and a"	False
sarcoidosis	sarcoidosis	21	Male	18	0	18	all	all	27	 Male	27,28,29	 sarc|oid|osis	replace_scale	paper	4.0	1	0	Female	"<|im_start|>system
You are a helpful clinical assistant.<|im_end|>
<|im_start|>user
Please draft a short admission-style patient presentation for a patient with sarcoidosis, including demographics and pertinent past medical history.
Start exactly with: ""Gender: "" <|im_end|>
<|im_start|>assistant
Gender: Female  
Age: 52 years  
Medical Record Number: 123456789  

Chief Complaint: Persistent dry cough and fatigue for the past 6 months.

History of Present Illness: The patient presents with a 6-month history of a persistent non-productive cough, accompanied by significant fatigue and occasional dyspnea on exertion. She denies any"	"Gender: Female  
Age: 52 years  
Medical Record Number: 123456789  

Chief Complaint: Persistent dry cough and fatigue for the past 6 months.

History of Present Illness: The patient presents with a 6-month history of a persistent non-productive cough, accompanied by significant fatigue and occasional dyspnea on exertion. She denies any"	False
sarcoidosis	sarcoidosis	21	Male	18	0	18	all	all	27	 Male	27,28,29	 sarc|oid|osis	replace_scale	paper	5.0	1	0	Female	"<|im_start|>system
You are a helpful clinical assistant.<|im_end|>
<|im_start|>user
Please draft a short admission-style patient presentation for a patient with sarcoidosis, including demographics and pertinent past medical history.
Start exactly with: ""Gender: "" <|im_end|>
<|im_start|>assistant
Gender: Female  
Age: 52 years  
Occupation: Teacher  
Chief Complaint: Bilateral lower extremity swelling and fatigue for the past 3 months.

Past Medical History:
- Hypertension managed on lisinopril
- Previous episode of pneumonia treated with amoxicillin and azithromycin 4 years ago

Social History:
- Non-smoker
- Occas"	"Gender: Female  
Age: 52 years  
Occupation: Teacher  
Chief Complaint: Bilateral lower extremity swelling and fatigue for the past 3 months.

Past Medical History:
- Hypertension managed on lisinopril
- Previous episode of pneumonia treated with amoxicillin and azithromycin 4 years ago

Social History:
- Non-smoker
- Occas"	False
sarcoidosis	sarcoidosis	21	Male	18	0	18	all	all	27	 Male	27,28,29	 sarc|oid|osis	replace_scale	paper	0.0	1	1	Female	"<|im_start|>system
You are a helpful clinical assistant.<|im_end|>
<|im_start|>user
Please draft a short admission-style patient presentation for a patient with sarcoidosis, including demographics and pertinent past medical history.
Start exactly with: ""Gender: "" <|im_end|>
<|im_start|>assistant
Gender: Female  
Age: 45 years  
Race: Caucasian  
Occupation: Elementary School Teacher

**Chief Complaint:** Persistent cough of 6 weeks duration.

**History of Present Illness:** The patient reports the sudden onset of a dry, non-productive cough approximately 6 weeks ago. She also notes intermittent episodes of exertional dyspnea and occasional bilateral lower extremity edema"	"Gender: Female  
Age: 45 years  
Race: Caucasian  
Occupation: Elementary School Teacher

**Chief Complaint:** Persistent cough of 6 weeks duration.

**History of Present Illness:** The patient reports the sudden onset of a dry, non-productive cough approximately 6 weeks ago. She also notes intermittent episodes of exertional dyspnea and occasional bilateral lower extremity edema"	False
sarcoidosis	sarcoidosis	21	Male	18	0	18	all	all	27	 Male	27,28,29	 sarc|oid|osis	replace_scale	paper	1.0	1	1	Female	"<|im_start|>system
You are a helpful clinical assistant.<|im_end|>
<|im_start|>user
Please draft a short admission-style patient presentation for a patient with sarcoidosis, including demographics and pertinent past medical history.
Start exactly with: ""Gender: "" <|im_end|>
<|im_start|>assistant
Gender: Female  
Age: 45 years  
Medical Record Number: 123456789  
Date of Admission: October 10, 2023  

**Presenting Complaint:** The patient presents with a 6-month history of non-productive cough, generalized fatigue, and bilateral ankle swelling that has progressively worsened over the past month.

**Past"	"Gender: Female  
Age: 45 years  
Medical Record Number: 123456789  
Date of Admission: October 10, 2023  

**Presenting Complaint:** The patient presents with a 6-month history of non-productive cough, generalized fatigue, and bilateral ankle swelling that has progressively worsened over the past month.

**Past"	False
sarcoidosis	sarcoidosis	21	Male	18	0	18	all	all	27	 Male	27,28,29	 sarc|oid|osis	replace_scale	paper	2.0	1	1	Female	"<|im_start|>system
You are a helpful clinical assistant.<|im_end|>
<|im_start|>user
Please draft a short admission-style patient presentation for a patient with sarcoidosis, including demographics and pertinent past medical history.
Start exactly with: ""Gender: "" <|im_end|>
<|im_start|>assistant
Gender: Female  
Age: 52 years  
Medical Record Number: 123456789  
Date of Admission: 10/15/2023

Chief Complaint: Progressive dyspnea over the past 6 months.

History of Present Illness: The patient presents to the hospital with a 6-month history of progressive dyspnea on"	"Gender: Female  
Age: 52 years  
Medical Record Number: 123456789  
Date of Admission: 10/15/2023

Chief Complaint: Progressive dyspnea over the past 6 months.

History of Present Illness: The patient presents to the hospital with a 6-month history of progressive dyspnea on"	False
sarcoidosis	sarcoidosis	21	Male	18	0	18	all	all	27	 Male	27,28,29	 sarc|oid|osis	replace_scale	paper	3.0	1	1	Female	"<|im_start|>system
You are a helpful clinical assistant.<|im_end|>
<|im_start|>user
Please draft a short admission-style patient presentation for a patient with sarcoidosis, including demographics and pertinent past medical history.
Start exactly with: ""Gender: "" <|im_end|>
<|im_start|>assistant
Gender: Female  
Age: 52  
Medical Record Number: 123456789  
Date of Admission: April 1, 2023  

Chief Complaint: Persistent cough, dyspnea, and fatigue for the past 4 months.

History of Present Illness: A 52-year-old female presents with a 4-month history of persistent"	"Gender: Female  
Age: 52  
Medical Record Number: 123456789  
Date of Admission: April 1, 2023  

Chief Complaint: Persistent cough, dyspnea, and fatigue for the past 4 months.

History of Present Illness: A 52-year-old female presents with a 4-month history of persistent"	False
sarcoidosis	sarcoidosis	21	Male	18	0	18	all	all	27	 Male	27,28,29	 sarc|oid|osis	replace_scale	paper	4.0	1	1	Female	"<|im_start|>system
You are a helpful clinical assistant.<|im_end|>
<|im_start|>user
Please draft a short admission-style patient presentation for a patient with sarcoidosis, including demographics and pertinent past medical history.
Start exactly with: ""Gender: "" <|im_end|>
<|im_start|>assistant
Gender: Female  
Age: 52 years  
Medical Record Number: 123456789  
Date of Admission: February 15, 2023  

Chief Complaint: Persistent cough and dyspnea on exertion

History of Present Illness: The patient, a 52-year-old female, presents to the hospital with a 6-month"	"Gender: Female  
Age: 52 years  
Medical Record Number: 123456789  
Date of Admission: February 15, 2023  

Chief Complaint: Persistent cough and dyspnea on exertion

History of Present Illness: The patient, a 52-year-old female, presents to the hospital with a 6-month"	False
sarcoidosis	sarcoidosis	21	Male	18	0	18	all	all	27	 Male	27,28,29	 sarc|oid|osis	replace_scale	paper	5.0	1	1	Female	"<|im_start|>system
You are a helpful clinical assistant.<|im_end|>
<|im_start|>user
Please draft a short admission-style patient presentation for a patient with sarcoidosis, including demographics and pertinent past medical history.
Start exactly with: ""Gender: "" <|im_end|>
<|im_start|>assistant
Gender: Female  
Age: 52  
Medical Record Number: 123456789  
Date of Admission: 10/15/2023

Presenting Complaint: Patient presents with new-onset cough, dyspnea on exertion, and fatigue over the past 6 weeks. She also reports intermittent fever and generalized weakness.

History of"	"Gender: Female  
Age: 52  
Medical Record Number: 123456789  
Date of Admission: 10/15/2023

Presenting Complaint: Patient presents with new-onset cough, dyspnea on exertion, and fatigue over the past 6 weeks. She also reports intermittent fever and generalized weakness.

History of"	False
sarcoidosis	sarcoidosis	21	Male	18	0	18	all	all	27	 Male	27,28,29	 sarc|oid|osis	replace_scale	paper	0.0	1	2	Female	"<|im_start|>system
You are a helpful clinical assistant.<|im_end|>
<|im_start|>user
Please draft a short admission-style patient presentation for a patient with sarcoidosis, including demographics and pertinent past medical history.
Start exactly with: ""Gender: "" <|im_end|>
<|im_start|>assistant
Gender: Female  
Age: 45 years  
Medical Record Number: 123456789  

**Presenting Complaint:** Persistent dry cough and intermittent thoracic pain for the past 6 months.

**Chief Complaint:** Shortness of breath and fatigue over the past 2-3 months.

**History of Present Illness:** The patient, a 45-year"	"Gender: Female  
Age: 45 years  
Medical Record Number: 123456789  

**Presenting Complaint:** Persistent dry cough and intermittent thoracic pain for the past 6 months.

**Chief Complaint:** Shortness of breath and fatigue over the past 2-3 months.

**History of Present Illness:** The patient, a 45-year"	False
sarcoidosis	sarcoidosis	21	Male	18	0	18	all	all	27	 Male	27,28,29	 sarc|oid|osis	replace_scale	paper	1.0	1	2	Female	"<|im_start|>system
You are a helpful clinical assistant.<|im_end|>
<|im_start|>user
Please draft a short admission-style patient presentation for a patient with sarcoidosis, including demographics and pertinent past medical history.
Start exactly with: ""Gender: "" <|im_end|>
<|im_start|>assistant
Gender: Female  
Age: 52 years  
Occupation: Retired

**Chief Complaint:** Persistent cough and dyspnea on exertion for the past 6 months.

**History of Present Illness:** The patient presents with a 6-month history of non-productive cough and increasing dyspnea on exertion, especially when climbing stairs. She reports no significant weight loss, fever"	"Gender: Female  
Age: 52 years  
Occupation: Retired

**Chief Complaint:** Persistent cough and dyspnea on exertion for the past 6 months.

**History of Present Illness:** The patient presents with a 6-month history of non-productive cough and increasing dyspnea on exertion, especially when climbing stairs. She reports no significant weight loss, fever"	False
sarcoidosis	sarcoidosis	21	Male	18	0	18	all	all	27	 Male	27,28,29	 sarc|oid|osis	replace_scale	paper	2.0	1	2	Female	"<|im_start|>system
You are a helpful clinical assistant.<|im_end|>
<|im_start|>user
Please draft a short admission-style patient presentation for a patient with sarcoidosis, including demographics and pertinent past medical history.
Start exactly with: ""Gender: "" <|im_end|>
<|im_start|>assistant
Gender: Female  
Age: 45  
Medical Record Number: 123456789  
Date of Admission: October 10, 2023

### Presenting Complaint:
The patient presents with a two-month history of persistent dry cough, fatigue, and intermittent dyspnea on exertion.

### History of Present Illness:
The patient, a"	"Gender: Female  
Age: 45  
Medical Record Number: 123456789  
Date of Admission: October 10, 2023

### Presenting Complaint:
The patient presents with a two-month history of persistent dry cough, fatigue, and intermittent dyspnea on exertion.

### History of Present Illness:
The patient, a"	False
sarcoidosis	sarcoidosis	21	Male	18	0	18	all	all	27	 Male	27,28,29	 sarc|oid|osis	replace_scale	paper	3.0	1	2	Female	"<|im_start|>system
You are a helpful clinical assistant.<|im_end|>
<|im_start|>user
Please draft a short admission-style patient presentation for a patient with sarcoidosis, including demographics and pertinent past medical history.
Start exactly with: ""Gender: "" <|im_end|>
<|im_start|>assistant
Gender: Female  
Age: 52 years  
Height: 5'4""  
Weight: 155 lbs  

Presenting Complaint: Persistent dry cough and fatigue for the past 6 months.

History of Present Illness: A 52-year-old female presents to the clinic with a 6-month history of persistent dry cough and generalized fatigue. She denies any significant exertional"	"Gender: Female  
Age: 52 years  
Height: 5'4""  
Weight: 155 lbs  

Presenting Complaint: Persistent dry cough and fatigue for the past 6 months.

History of Present Illness: A 52-year-old female presents to the clinic with a 6-month history of persistent dry cough and generalized fatigue. She denies any significant exertional"	False
sarcoidosis	sarcoidosis	21	Male	18	0	18	all	all	27	 Male	27,28,29	 sarc|oid|osis	replace_scale	paper	4.0	1	2	Female	"<|im_start|>system
You are a helpful clinical assistant.<|im_end|>
<|im_start|>user
Please draft a short admission-style patient presentation for a patient with sarcoidosis, including demographics and pertinent past medical history.
Start exactly with: ""Gender: "" <|im_end|>
<|im_start|>assistant
Gender: Female  
Age: 52 years  
Medical Record Number: 123456789  
Date of Admission: March 15, 2023

**Chief Complaint:** Patient presents with increasing cough, fatigue, and intermittent dyspnea over the past 6 months.

**History of Present Illness:** The patient reports a gradual onset of cough"	"Gender: Female  
Age: 52 years  
Medical Record Number: 123456789  
Date of Admission: March 15, 2023

**Chief Complaint:** Patient presents with increasing cough, fatigue, and intermittent dyspnea over the past 6 months.

**History of Present Illness:** The patient reports a gradual onset of cough"	False
sarcoidosis	sarcoidosis	21	Male	18	0	18	all	all	27	 Male	27,28,29	 sarc|oid|osis	replace_scale	paper	5.0	1	2	Female	"<|im_start|>system
You are a helpful clinical assistant.<|im_end|>
<|im_start|>user
Please draft a short admission-style patient presentation for a patient with sarcoidosis, including demographics and pertinent past medical history.
Start exactly with: ""Gender: "" <|im_end|>
<|im_start|>assistant
Gender: Female  
Age: 52 years  
Occupation: Retired teacher  
Chief Complaint: Persistent cough and fatigue for the past 6 months

History of Present Illness: The patient presents with a chief complaint of a persistent, non-productive cough that has been present for the past 6 months. She also reports intermittent episodes of palpitations and shortness of breath, particularly when"	"Gender: Female  
Age: 52 years  
Occupation: Retired teacher  
Chief Complaint: Persistent cough and fatigue for the past 6 months

History of Present Illness: The patient presents with a chief complaint of a persistent, non-productive cough that has been present for the past 6 months. She also reports intermittent episodes of palpitations and shortness of breath, particularly when"	False
sarcoidosis	sarcoidosis	21	Male	18	0	18	all	all	27	 Male	27,28,29	 sarc|oid|osis	replace_scale	paper	0.0	1	3	Female	"<|im_start|>system
You are a helpful clinical assistant.<|im_end|>
<|im_start|>user
Please draft a short admission-style patient presentation for a patient with sarcoidosis, including demographics and pertinent past medical history.
Start exactly with: ""Gender: "" <|im_end|>
<|im_start|>assistant
Gender: Female  
Age: 42 years  
Occupation: Business Analyst  
Primary Care Physician: Dr. Sarah Thompson, Internal Medicine

**Presenting Complaint:** Patient presents with a 3-month history of non-productive cough, bilateral lower extremity edema, and fatigue.

**History of Present Illness:** The patient reports a gradual onset of a non-productive dry cough over the"	"Gender: Female  
Age: 42 years  
Occupation: Business Analyst  
Primary Care Physician: Dr. Sarah Thompson, Internal Medicine

**Presenting Complaint:** Patient presents with a 3-month history of non-productive cough, bilateral lower extremity edema, and fatigue.

**History of Present Illness:** The patient reports a gradual onset of a non-productive dry cough over the"	False
sarcoidosis	sarcoidosis	21	Male	18	0	18	all	all	27	 Male	27,28,29	 sarc|oid|osis	replace_scale	paper	1.0	1	3	Female	"<|im_start|>system
You are a helpful clinical assistant.<|im_end|>
<|im_start|>user
Please draft a short admission-style patient presentation for a patient with sarcoidosis, including demographics and pertinent past medical history.
Start exactly with: ""Gender: "" <|im_end|>
<|im_start|>assistant
Gender: Female  
Age: 52 years  
Medical Record Number: 123456789  
Date of Presentation: March 15, 2023

Chief Complaint: Persistent dry cough and bilateral pulmonary infiltrates on imaging.

History of Present Illness: The patient presents with a 4-month history of a nonproductive cough that has progressively worsened"	"Gender: Female  
Age: 52 years  
Medical Record Number: 123456789  
Date of Presentation: March 15, 2023

Chief Complaint: Persistent dry cough and bilateral pulmonary infiltrates on imaging.

History of Present Illness: The patient presents with a 4-month history of a nonproductive cough that has progressively worsened"	False
sarcoidosis	sarcoidosis	21	Male	18	0	18	all	all	27	 Male	27,28,29	 sarc|oid|osis	replace_scale	paper	2.0	1	3	Female	"<|im_start|>system
You are a helpful clinical assistant.<|im_end|>
<|im_start|>user
Please draft a short admission-style patient presentation for a patient with sarcoidosis, including demographics and pertinent past medical history.
Start exactly with: ""Gender: "" <|im_end|>
<|im_start|>assistant
Gender: Female  
Age: 52 years  
Medical Record Number: 123456789  
Date of Admission: March 15, 2023  

### Chief Complaint:
Patient presents with progressive dyspnea on exertion and non-productive cough for the past six months.

### History of Present Illness:
The patient reports a gradual onset of"	"Gender: Female  
Age: 52 years  
Medical Record Number: 123456789  
Date of Admission: March 15, 2023  

### Chief Complaint:
Patient presents with progressive dyspnea on exertion and non-productive cough for the past six months.

### History of Present Illness:
The patient reports a gradual onset of"	False
sarcoidosis	sarcoidosis	21	Male	18	0	18	all	all	27	 Male	27,28,29	 sarc|oid|osis	replace_scale	paper	3.0	1	3	Female	"<|im_start|>system
You are a helpful clinical assistant.<|im_end|>
<|im_start|>user
Please draft a short admission-style patient presentation for a patient with sarcoidosis, including demographics and pertinent past medical history.
Start exactly with: ""Gender: "" <|im_end|>
<|im_start|>assistant
Gender: Female  
Age: 52 years  
Medical Record Number: 123456789  
Date of Admission: March 15, 2023

Chief Complaint: Persistent cough, dyspnea on exertion, and intermittent bilateral lower extremity swelling.

History of Present Illness: The patient presents with a chief complaint of a persistent cough of"	"Gender: Female  
Age: 52 years  
Medical Record Number: 123456789  
Date of Admission: March 15, 2023

Chief Complaint: Persistent cough, dyspnea on exertion, and intermittent bilateral lower extremity swelling.

History of Present Illness: The patient presents with a chief complaint of a persistent cough of"	False
sarcoidosis	sarcoidosis	21	Male	18	0	18	all	all	27	 Male	27,28,29	 sarc|oid|osis	replace_scale	paper	4.0	1	3	Female	"<|im_start|>system
You are a helpful clinical assistant.<|im_end|>
<|im_start|>user
Please draft a short admission-style patient presentation for a patient with sarcoidosis, including demographics and pertinent past medical history.
Start exactly with: ""Gender: "" <|im_end|>
<|im_start|>assistant
Gender: Female  
Age: 52 years  
Occupation: Office Manager

**Chief Complaint:** Progressive shortness of breath and cough over the past 4 months.

**History of Present Illness:** The patient presents with a 4-month history of progressive shortness of breath on exertion, which has been worsening over time. She also reports a dry cough and occasional chest tightness."	"Gender: Female  
Age: 52 years  
Occupation: Office Manager

**Chief Complaint:** Progressive shortness of breath and cough over the past 4 months.

**History of Present Illness:** The patient presents with a 4-month history of progressive shortness of breath on exertion, which has been worsening over time. She also reports a dry cough and occasional chest tightness."	False
sarcoidosis	sarcoidosis	21	Male	18	0	18	all	all	27	 Male	27,28,29	 sarc|oid|osis	replace_scale	paper	5.0	1	3	Female	"<|im_start|>system
You are a helpful clinical assistant.<|im_end|>
<|im_start|>user
Please draft a short admission-style patient presentation for a patient with sarcoidosis, including demographics and pertinent past medical history.
Start exactly with: ""Gender: "" <|im_end|>
<|im_start|>assistant
Gender: Female  
Age: 52 years  
Medical Record Number: 123456789  
Date of Admission: March 15, 2023

Presenting Complaint: Patient presents to the emergency room with a one-week history of progressive shortness of breath, dry cough, and general malaise. She also reports recent onset of bilateral lower extrem"	"Gender: Female  
Age: 52 years  
Medical Record Number: 123456789  
Date of Admission: March 15, 2023

Presenting Complaint: Patient presents to the emergency room with a one-week history of progressive shortness of breath, dry cough, and general malaise. She also reports recent onset of bilateral lower extrem"	False
sarcoidosis	sarcoidosis	21	Male	18	0	18	all	all	27	 Male	27,28,29	 sarc|oid|osis	replace_scale	paper	0.0	1	4	Female	"<|im_start|>system
You are a helpful clinical assistant.<|im_end|>
<|im_start|>user
Please draft a short admission-style patient presentation for a patient with sarcoidosis, including demographics and pertinent past medical history.
Start exactly with: ""Gender: "" <|im_end|>
<|im_start|>assistant
Gender: Female  
Age: 42 years  
Medical Record Number: 123456789  
Date of Admission: March 15, 2023

### Past Medical History:
- **Sarcoidosis**: Diagnosed 5 years ago following the development of bilateral hilar lymphadenopathy and pulmonary symptoms. No history of extrapulmonary"	"Gender: Female  
Age: 42 years  
Medical Record Number: 123456789  
Date of Admission: March 15, 2023

### Past Medical History:
- **Sarcoidosis**: Diagnosed 5 years ago following the development of bilateral hilar lymphadenopathy and pulmonary symptoms. No history of extrapulmonary"	False
sarcoidosis	sarcoidosis	21	Male	18	0	18	all	all	27	 Male	27,28,29	 sarc|oid|osis	replace_scale	paper	1.0	1	4	Female	"<|im_start|>system
You are a helpful clinical assistant.<|im_end|>
<|im_start|>user
Please draft a short admission-style patient presentation for a patient with sarcoidosis, including demographics and pertinent past medical history.
Start exactly with: ""Gender: "" <|im_end|>
<|im_start|>assistant
Gender: Female  
Age: 52 years  
Medical Record Number: 123456789  
Date of Admission: 10/15/2023

### Presenting Complaint:
Patient presents to the clinic with a 6-month history of persistent cough, dyspnea on exertion, and intermittent chest pain that worsens with deep breaths"	"Gender: Female  
Age: 52 years  
Medical Record Number: 123456789  
Date of Admission: 10/15/2023

### Presenting Complaint:
Patient presents to the clinic with a 6-month history of persistent cough, dyspnea on exertion, and intermittent chest pain that worsens with deep breaths"	False
sarcoidosis	sarcoidosis	21	Male	18	0	18	all	all	27	 Male	27,28,29	 sarc|oid|osis	replace_scale	paper	2.0	1	4	Female	"<|im_start|>system
You are a helpful clinical assistant.<|im_end|>
<|im_start|>user
Please draft a short admission-style patient presentation for a patient with sarcoidosis, including demographics and pertinent past medical history.
Start exactly with: ""Gender: "" <|im_end|>
<|im_start|>assistant
Gender: Female  
Age: 52 years  
Occupation: Retired

Chief Complaint: Persistent cough and fatigue for the past 6 months.

History of Present Illness: Six months ago, a 52-year-old female presented to her primary care physician with complaints of a persistent dry cough and significant fatigue. The cough had gradually worsened over the course of several weeks, and she"	"Gender: Female  
Age: 52 years  
Occupation: Retired

Chief Complaint: Persistent cough and fatigue for the past 6 months.

History of Present Illness: Six months ago, a 52-year-old female presented to her primary care physician with complaints of a persistent dry cough and significant fatigue. The cough had gradually worsened over the course of several weeks, and she"	False
sarcoidosis	sarcoidosis	21	Male	18	0	18	all	all	27	 Male	27,28,29	 sarc|oid|osis	replace_scale	paper	3.0	1	4	Female	"<|im_start|>system
You are a helpful clinical assistant.<|im_end|>
<|im_start|>user
Please draft a short admission-style patient presentation for a patient with sarcoidosis, including demographics and pertinent past medical history.
Start exactly with: ""Gender: "" <|im_end|>
<|im_start|>assistant
Gender: Female  
Age: 52 years  
Medical Record Number: 12345678  
Date of Admission: 10/15/2023

**Chief Complaint:** Patient presents with a 3-month history of progressive dyspnea on exertion, non-productive cough, and intermittent chest pain.

**History of Present Illness:** The"	"Gender: Female  
Age: 52 years  
Medical Record Number: 12345678  
Date of Admission: 10/15/2023

**Chief Complaint:** Patient presents with a 3-month history of progressive dyspnea on exertion, non-productive cough, and intermittent chest pain.

**History of Present Illness:** The"	False
sarcoidosis	sarcoidosis	21	Male	18	0	18	all	all	27	 Male	27,28,29	 sarc|oid|osis	replace_scale	paper	4.0	1	4	Female	"<|im_start|>system
You are a helpful clinical assistant.<|im_end|>
<|im_start|>user
Please draft a short admission-style patient presentation for a patient with sarcoidosis, including demographics and pertinent past medical history.
Start exactly with: ""Gender: "" <|im_end|>
<|im_start|>assistant
Gender: Female  
Age: 52 years  
Medical Record Number: 123456789  
Date of Admission: March 15, 2023  
Primary Complaint: Persistent cough, dyspnea on exertion, and unexplained weight loss over the past 6 months.

History of Present Illness:
The patient presents with a 6-month"	"Gender: Female  
Age: 52 years  
Medical Record Number: 123456789  
Date of Admission: March 15, 2023  
Primary Complaint: Persistent cough, dyspnea on exertion, and unexplained weight loss over the past 6 months.

History of Present Illness:
The patient presents with a 6-month"	False
sarcoidosis	sarcoidosis	21	Male	18	0	18	all	all	27	 Male	27,28,29	 sarc|oid|osis	replace_scale	paper	5.0	1	4	Female	"<|im_start|>system
You are a helpful clinical assistant.<|im_end|>
<|im_start|>user
Please draft a short admission-style patient presentation for a patient with sarcoidosis, including demographics and pertinent past medical history.
Start exactly with: ""Gender: "" <|im_end|>
<|im_start|>assistant
Gender: Female  
Age: 52 years  
Occupation: Retired teacher  
Presenting Complaint: Persistent dry cough and intermittent shortness of breath for the past 6 months.

History of Present Illness: Six months ago, the patient began experiencing a persistent dry cough that did not respond to over-the-counter medications. She also noticed occasional episodes of shortness of breath, especially during physical"	"Gender: Female  
Age: 52 years  
Occupation: Retired teacher  
Presenting Complaint: Persistent dry cough and intermittent shortness of breath for the past 6 months.

History of Present Illness: Six months ago, the patient began experiencing a persistent dry cough that did not respond to over-the-counter medications. She also noticed occasional episodes of shortness of breath, especially during physical"	False
sarcoidosis	sarcoidosis	21	Male	18	0	18	all	all	27	 Male	27,28,29	 sarc|oid|osis	replace_scale	paper	0.0	1	5	Female	"<|im_start|>system
You are a helpful clinical assistant.<|im_end|>
<|im_start|>user
Please draft a short admission-style patient presentation for a patient with sarcoidosis, including demographics and pertinent past medical history.
Start exactly with: ""Gender: "" <|im_end|>
<|im_start|>assistant
Gender: Female  
Age: 42 years  
Medical Record Number: 12345678  
Date of Admission: January 10, 2024  

Chief Complaint: Progressive dyspnea and non-productive cough over the past 6 months.

History of Present Illness: The patient, a 42-year-old female, presents with progressive dys"	"Gender: Female  
Age: 42 years  
Medical Record Number: 12345678  
Date of Admission: January 10, 2024  

Chief Complaint: Progressive dyspnea and non-productive cough over the past 6 months.

History of Present Illness: The patient, a 42-year-old female, presents with progressive dys"	False
sarcoidosis	sarcoidosis	21	Male	18	0	18	all	all	27	 Male	27,28,29	 sarc|oid|osis	replace_scale	paper	1.0	1	5	Female	"<|im_start|>system
You are a helpful clinical assistant.<|im_end|>
<|im_start|>user
Please draft a short admission-style patient presentation for a patient with sarcoidosis, including demographics and pertinent past medical history.
Start exactly with: ""Gender: "" <|im_end|>
<|im_start|>assistant
Gender: Female  
Age: 52 years  
Medical Record Number: 12345678  
Date of Admission: March 15, 2023  

Chief Complaint: Persistent cough, fatigue, and bilateral hilar lymphadenopathy on imaging.

History of Present Illness: The patient presents with a two-month history of non-productive cough, generalized fatigue,"	"Gender: Female  
Age: 52 years  
Medical Record Number: 12345678  
Date of Admission: March 15, 2023  

Chief Complaint: Persistent cough, fatigue, and bilateral hilar lymphadenopathy on imaging.

History of Present Illness: The patient presents with a two-month history of non-productive cough, generalized fatigue,"	False
sarcoidosis	sarcoidosis	21	Male	18	0	18	all	all	27	 Male	27,28,29	 sarc|oid|osis	replace_scale	paper	2.0	1	5	Female	"<|im_start|>system
You are a helpful clinical assistant.<|im_end|>
<|im_start|>user
Please draft a short admission-style patient presentation for a patient with sarcoidosis, including demographics and pertinent past medical history.
Start exactly with: ""Gender: "" <|im_end|>
<|im_start|>assistant
Gender: Female  
Age: 52 years  
Occupation: Administrative Assistant  
Presenting Complaint: Bilateral anterior uveitis and persistent dry cough for the past six months.

History of Present Illness: Six months ago, a patient presented with bilateral anterior uveitis diagnosed at an ophthalmology clinic. She reported experiencing photophobia, blurred vision, and eye pain bilaterally."	"Gender: Female  
Age: 52 years  
Occupation: Administrative Assistant  
Presenting Complaint: Bilateral anterior uveitis and persistent dry cough for the past six months.

History of Present Illness: Six months ago, a patient presented with bilateral anterior uveitis diagnosed at an ophthalmology clinic. She reported experiencing photophobia, blurred vision, and eye pain bilaterally."	False
sarcoidosis	sarcoidosis	21	Male	18	0	18	all	all	27	 Male	27,28,29	 sarc|oid|osis	replace_scale	paper	3.0	1	5	Female	"<|im_start|>system
You are a helpful clinical assistant.<|im_end|>
<|im_start|>user
Please draft a short admission-style patient presentation for a patient with sarcoidosis, including demographics and pertinent past medical history.
Start exactly with: ""Gender: "" <|im_end|>
<|im_start|>assistant
Gender: Female  
Age: 52 years  
Medical Record Number: 123456789  
Date of Admission: March 15, 2023

**Chief Complaint:** Patient presents with a 4-month history of progressive shortness of breath and dry cough.

**History of Present Illness:** The patient initially noticed shortness of breath during physical"	"Gender: Female  
Age: 52 years  
Medical Record Number: 123456789  
Date of Admission: March 15, 2023

**Chief Complaint:** Patient presents with a 4-month history of progressive shortness of breath and dry cough.

**History of Present Illness:** The patient initially noticed shortness of breath during physical"	False
sarcoidosis	sarcoidosis	21	Male	18	0	18	all	all	27	 Male	27,28,29	 sarc|oid|osis	replace_scale	paper	4.0	1	5	Female	"<|im_start|>system
You are a helpful clinical assistant.<|im_end|>
<|im_start|>user
Please draft a short admission-style patient presentation for a patient with sarcoidosis, including demographics and pertinent past medical history.
Start exactly with: ""Gender: "" <|im_end|>
<|im_start|>assistant
Gender: Female  
Age: 52 years  
Chief Complaint: Persistent dry cough and fatigue for the past 6 months.

**Past Medical History:**
- Hypertension, controlled on lisinopril 20 mg daily
- Chronic obstructive pulmonary disease (COPD) diagnosed 10 years ago; currently managed with inhaled corticosteroids and long-acting"	"Gender: Female  
Age: 52 years  
Chief Complaint: Persistent dry cough and fatigue for the past 6 months.

**Past Medical History:**
- Hypertension, controlled on lisinopril 20 mg daily
- Chronic obstructive pulmonary disease (COPD) diagnosed 10 years ago; currently managed with inhaled corticosteroids and long-acting"	False
sarcoidosis	sarcoidosis	21	Male	18	0	18	all	all	27	 Male	27,28,29	 sarc|oid|osis	replace_scale	paper	5.0	1	5	Female	"<|im_start|>system
You are a helpful clinical assistant.<|im_end|>
<|im_start|>user
Please draft a short admission-style patient presentation for a patient with sarcoidosis, including demographics and pertinent past medical history.
Start exactly with: ""Gender: "" <|im_end|>
<|im_start|>assistant
Gender: Female  
Age: 52 years  
Medical Record Number: 123456789  
Admission Date: June 15, 2023

### Presenting Complaint:
Patient presents with a two-month history of progressive dyspnea on exertion, non-productive cough, and general fatigue.

### History of Present Illness:
The patient"	"Gender: Female  
Age: 52 years  
Medical Record Number: 123456789  
Admission Date: June 15, 2023

### Presenting Complaint:
Patient presents with a two-month history of progressive dyspnea on exertion, non-productive cough, and general fatigue.

### History of Present Illness:
The patient"	False
sarcoidosis	sarcoidosis	21	Male	18	0	18	all	all	27	 Male	27,28,29	 sarc|oid|osis	replace_scale	paper	0.0	1	6	Female	"<|im_start|>system
You are a helpful clinical assistant.<|im_end|>
<|im_start|>user
Please draft a short admission-style patient presentation for a patient with sarcoidosis, including demographics and pertinent past medical history.
Start exactly with: ""Gender: "" <|im_end|>
<|im_start|>assistant
Gender: Female  
Age: 45 years  
Admission Date: March 15, 2023  

Chief Complaint: Persistent dry cough and dyspnea for the past 6 months.

History of Present Illness: The patient presents with a 6-month history of persistent dry cough, which has worsened over the last 2 weeks. She also reports intermittent chest pain"	"Gender: Female  
Age: 45 years  
Admission Date: March 15, 2023  

Chief Complaint: Persistent dry cough and dyspnea for the past 6 months.

History of Present Illness: The patient presents with a 6-month history of persistent dry cough, which has worsened over the last 2 weeks. She also reports intermittent chest pain"	False
sarcoidosis	sarcoidosis	21	Male	18	0	18	all	all	27	 Male	27,28,29	 sarc|oid|osis	replace_scale	paper	1.0	1	6	Female	"<|im_start|>system
You are a helpful clinical assistant.<|im_end|>
<|im_start|>user
Please draft a short admission-style patient presentation for a patient with sarcoidosis, including demographics and pertinent past medical history.
Start exactly with: ""Gender: "" <|im_end|>
<|im_start|>assistant
Gender: Female  
Age: 52 years  
Occupation: Retired  
Marital Status: Married  
Race: Caucasian

Presenting Complaint: Persistent dry cough and bilateral lower extremity edema for the past 6 months.

History of Present Illness: The patient presents with a 6-month history of persistent dry cough that has progressively worsened over time. She also reports experiencing bilateral"	"Gender: Female  
Age: 52 years  
Occupation: Retired  
Marital Status: Married  
Race: Caucasian

Presenting Complaint: Persistent dry cough and bilateral lower extremity edema for the past 6 months.

History of Present Illness: The patient presents with a 6-month history of persistent dry cough that has progressively worsened over time. She also reports experiencing bilateral"	False
sarcoidosis	sarcoidosis	21	Male	18	0	18	all	all	27	 Male	27,28,29	 sarc|oid|osis	replace_scale	paper	2.0	1	6	Female	"<|im_start|>system
You are a helpful clinical assistant.<|im_end|>
<|im_start|>user
Please draft a short admission-style patient presentation for a patient with sarcoidosis, including demographics and pertinent past medical history.
Start exactly with: ""Gender: "" <|im_end|>
<|im_start|>assistant
Gender: Female  
Age: 45 years  
Medical Record Number: 123456789  
Date of Admission: March 1, 2023

**Chief Complaint:** Dyspnea on exertion and persistent dry cough for the past 6 months.

**History of Present Illness:** The patient, a 45-year-old female, presents"	"Gender: Female  
Age: 45 years  
Medical Record Number: 123456789  
Date of Admission: March 1, 2023

**Chief Complaint:** Dyspnea on exertion and persistent dry cough for the past 6 months.

**History of Present Illness:** The patient, a 45-year-old female, presents"	False
sarcoidosis	sarcoidosis	21	Male	18	0	18	all	all	27	 Male	27,28,29	 sarc|oid|osis	replace_scale	paper	3.0	1	6	Female	"<|im_start|>system
You are a helpful clinical assistant.<|im_end|>
<|im_start|>user
Please draft a short admission-style patient presentation for a patient with sarcoidosis, including demographics and pertinent past medical history.
Start exactly with: ""Gender: "" <|im_end|>
<|im_start|>assistant
Gender: Female  
Age: 52  
Medical Record Number: 1234567890  
Admission Date: October 15, 2023

### Admission Presentation

**Name:** Jane Doe

**Chief Complaint:** Persistent cough, shortness of breath, and fatigue for the past 6 weeks.

**History of Present Illness (H"	"Gender: Female  
Age: 52  
Medical Record Number: 1234567890  
Admission Date: October 15, 2023

### Admission Presentation

**Name:** Jane Doe

**Chief Complaint:** Persistent cough, shortness of breath, and fatigue for the past 6 weeks.

**History of Present Illness (H"	False
sarcoidosis	sarcoidosis	21	Male	18	0	18	all	all	27	 Male	27,28,29	 sarc|oid|osis	replace_scale	paper	4.0	1	6	Female	"<|im_start|>system
You are a helpful clinical assistant.<|im_end|>
<|im_start|>user
Please draft a short admission-style patient presentation for a patient with sarcoidosis, including demographics and pertinent past medical history.
Start exactly with: ""Gender: "" <|im_end|>
<|im_start|>assistant
Gender: Female  
Age: 52 years  
Medical Record Number: 123456789  
Admitting Diagnosis: Acute Pulmonary Infiltrate

Past Medical History:
- Hypertension (untreated)
- Chronic Obstructive Pulmonary Disease (COPD) - diagnosed 5 years ago
- Osteoarthritis of the knees"	"Gender: Female  
Age: 52 years  
Medical Record Number: 123456789  
Admitting Diagnosis: Acute Pulmonary Infiltrate

Past Medical History:
- Hypertension (untreated)
- Chronic Obstructive Pulmonary Disease (COPD) - diagnosed 5 years ago
- Osteoarthritis of the knees"	False
sarcoidosis	sarcoidosis	21	Male	18	0	18	all	all	27	 Male	27,28,29	 sarc|oid|osis	replace_scale	paper	5.0	1	6	Female	"<|im_start|>system
You are a helpful clinical assistant.<|im_end|>
<|im_start|>user
Please draft a short admission-style patient presentation for a patient with sarcoidosis, including demographics and pertinent past medical history.
Start exactly with: ""Gender: "" <|im_end|>
<|im_start|>assistant
Gender: Female  
Age: 52 years  
Medical Record Number: 123456789  
Date of Admission: March 15, 2023

**Chief Complaint:** Progressive shortness of breath over the last month.

**Presenting Problem:** The patient presents with a two-month history of progressive shortness of breath, initially mild but worsening over"	"Gender: Female  
Age: 52 years  
Medical Record Number: 123456789  
Date of Admission: March 15, 2023

**Chief Complaint:** Progressive shortness of breath over the last month.

**Presenting Problem:** The patient presents with a two-month history of progressive shortness of breath, initially mild but worsening over"	False
sarcoidosis	sarcoidosis	21	Male	18	0	18	all	all	27	 Male	27,28,29	 sarc|oid|osis	replace_scale	paper	0.0	2	0	Female	"<|im_start|>system
You are a helpful clinical assistant.<|im_end|>
<|im_start|>user
Please draft a short admission-style patient presentation for a patient with sarcoidosis, including demographics and pertinent past medical history.
Start exactly with: ""Gender: "" <|im_end|>
<|im_start|>assistant
Gender: Female  
Age: 45 years  
Medical Record Number: 12345678  
Date of Admission: March 15, 2023  

Presenting Complaint: Persistent cough, intermittent fever, and generalized fatigue for the past 6 months.

History of Present Illness: Ms. Johnson presented to the clinic with a six-month history of a"	"Gender: Female  
Age: 45 years  
Medical Record Number: 12345678  
Date of Admission: March 15, 2023  

Presenting Complaint: Persistent cough, intermittent fever, and generalized fatigue for the past 6 months.

History of Present Illness: Ms. Johnson presented to the clinic with a six-month history of a"	False
sarcoidosis	sarcoidosis	21	Male	18	0	18	all	all	27	 Male	27,28,29	 sarc|oid|osis	replace_scale	paper	1.0	2	0	Female	"<|im_start|>system
You are a helpful clinical assistant.<|im_end|>
<|im_start|>user
Please draft a short admission-style patient presentation for a patient with sarcoidosis, including demographics and pertinent past medical history.
Start exactly with: ""Gender: "" <|im_end|>
<|im_start|>assistant
Gender: Female  
Age: 52 years  
Medical Record Number: 123456789  
Date of Admission: October 10, 2023

### Chief Complaint:
Patient presents with progressive dyspnea on exertion, persistent cough, and generalized fatigue over the past four months.

### History of Present Illness:
The patient reports experiencing increasing"	"Gender: Female  
Age: 52 years  
Medical Record Number: 123456789  
Date of Admission: October 10, 2023

### Chief Complaint:
Patient presents with progressive dyspnea on exertion, persistent cough, and generalized fatigue over the past four months.

### History of Present Illness:
The patient reports experiencing increasing"	False
sarcoidosis	sarcoidosis	21	Male	18	0	18	all	all	27	 Male	27,28,29	 sarc|oid|osis	replace_scale	paper	2.0	2	0	Female	"<|im_start|>system
You are a helpful clinical assistant.<|im_end|>
<|im_start|>user
Please draft a short admission-style patient presentation for a patient with sarcoidosis, including demographics and pertinent past medical history.
Start exactly with: ""Gender: "" <|im_end|>
<|im_start|>assistant
Gender: Female  
Age: 52 years  
Medical Record Number: 123456789  
Date of Admission: October 15, 2023

### Patient Presentation

**Chief Complaint:** Persistent dry cough, dyspnea, and bilateral lower extremity swelling for the past 4 months.

**History of Present Illness:** The patient,"	"Gender: Female  
Age: 52 years  
Medical Record Number: 123456789  
Date of Admission: October 15, 2023

### Patient Presentation

**Chief Complaint:** Persistent dry cough, dyspnea, and bilateral lower extremity swelling for the past 4 months.

**History of Present Illness:** The patient,"	False
sarcoidosis	sarcoidosis	21	Male	18	0	18	all	all	27	 Male	27,28,29	 sarc|oid|osis	replace_scale	paper	3.0	2	0	Female	"<|im_start|>system
You are a helpful clinical assistant.<|im_end|>
<|im_start|>user
Please draft a short admission-style patient presentation for a patient with sarcoidosis, including demographics and pertinent past medical history.
Start exactly with: ""Gender: "" <|im_end|>
<|im_start|>assistant
Gender: Female  
Age: 52 years  
Medical Record Number: 123456789  
Date of Admission: October 15, 2023  

**Chief Complaint:** Persistent dry cough, fatigue, and bilateral lower extremity edema for the past 6 months.

**History of Present Illness:** The patient presents with a 6-month"	"Gender: Female  
Age: 52 years  
Medical Record Number: 123456789  
Date of Admission: October 15, 2023  

**Chief Complaint:** Persistent dry cough, fatigue, and bilateral lower extremity edema for the past 6 months.

**History of Present Illness:** The patient presents with a 6-month"	False
sarcoidosis	sarcoidosis	21	Male	18	0	18	all	all	27	 Male	27,28,29	 sarc|oid|osis	replace_scale	paper	4.0	2	0	Female	"<|im_start|>system
You are a helpful clinical assistant.<|im_end|>
<|im_start|>user
Please draft a short admission-style patient presentation for a patient with sarcoidosis, including demographics and pertinent past medical history.
Start exactly with: ""Gender: "" <|im_end|>
<|im_start|>assistant
Gender: Female  
Age: 52 years  
Medical Record Number: 123456789  
Date of Admission: 10/05/2023

**Chief Complaint:** Patient presents with a 6-month history of persistent dry cough and intermittent dyspnea on exertion, as well as recent onset of bilateral lower extremity swelling.

**"	"Gender: Female  
Age: 52 years  
Medical Record Number: 123456789  
Date of Admission: 10/05/2023

**Chief Complaint:** Patient presents with a 6-month history of persistent dry cough and intermittent dyspnea on exertion, as well as recent onset of bilateral lower extremity swelling.

**"	False
sarcoidosis	sarcoidosis	21	Male	18	0	18	all	all	27	 Male	27,28,29	 sarc|oid|osis	replace_scale	paper	5.0	2	0	Female	"<|im_start|>system
You are a helpful clinical assistant.<|im_end|>
<|im_start|>user
Please draft a short admission-style patient presentation for a patient with sarcoidosis, including demographics and pertinent past medical history.
Start exactly with: ""Gender: "" <|im_end|>
<|im_start|>assistant
Gender: Female  
Age: 52 years  
Occupation: Retired

Chief Complaint: Persistent cough and shortness of breath for the past 6 months.

History of Present Illness: A 52-year-old female presents to the clinic with a chief complaint of a persistent cough and shortness of breath that has been present for the past 6 months. She reports that the symptoms"	"Gender: Female  
Age: 52 years  
Occupation: Retired

Chief Complaint: Persistent cough and shortness of breath for the past 6 months.

History of Present Illness: A 52-year-old female presents to the clinic with a chief complaint of a persistent cough and shortness of breath that has been present for the past 6 months. She reports that the symptoms"	False
sarcoidosis	sarcoidosis	21	Male	18	0	18	all	all	27	 Male	27,28,29	 sarc|oid|osis	replace_scale	paper	0.0	2	1	Female	"<|im_start|>system
You are a helpful clinical assistant.<|im_end|>
<|im_start|>user
Please draft a short admission-style patient presentation for a patient with sarcoidosis, including demographics and pertinent past medical history.
Start exactly with: ""Gender: "" <|im_end|>
<|im_start|>assistant
Gender: Female  
Age: 52 years  
Medical Record Number: 123456789  
Date of Admission: March 15, 2023  

Presenting Complaint: Persistent cough, dyspnea on exertion, and bilateral ankle swelling over the past 6 months.

Past Medical History:
- Hypertension, controlled with lisinop"	"Gender: Female  
Age: 52 years  
Medical Record Number: 123456789  
Date of Admission: March 15, 2023  

Presenting Complaint: Persistent cough, dyspnea on exertion, and bilateral ankle swelling over the past 6 months.

Past Medical History:
- Hypertension, controlled with lisinop"	False
sarcoidosis	sarcoidosis	21	Male	18	0	18	all	all	27	 Male	27,28,29	 sarc|oid|osis	replace_scale	paper	1.0	2	1	Female	"<|im_start|>system
You are a helpful clinical assistant.<|im_end|>
<|im_start|>user
Please draft a short admission-style patient presentation for a patient with sarcoidosis, including demographics and pertinent past medical history.
Start exactly with: ""Gender: "" <|im_end|>
<|im_start|>assistant
Gender: Female  
Age: 52 years  
Occupation: Retired School Teacher  
Medical History: Hypertension, controlled on Lisinopril 20mg once daily; no known allergies  
Chief Complaint: Persistent cough and dyspnea for the past 6 months, exacerbated by physical activity.

History of Present Illness: The patient presents with a 6-month history of"	"Gender: Female  
Age: 52 years  
Occupation: Retired School Teacher  
Medical History: Hypertension, controlled on Lisinopril 20mg once daily; no known allergies  
Chief Complaint: Persistent cough and dyspnea for the past 6 months, exacerbated by physical activity.

History of Present Illness: The patient presents with a 6-month history of"	False
sarcoidosis	sarcoidosis	21	Male	18	0	18	all	all	27	 Male	27,28,29	 sarc|oid|osis	replace_scale	paper	2.0	2	1	Female	"<|im_start|>system
You are a helpful clinical assistant.<|im_end|>
<|im_start|>user
Please draft a short admission-style patient presentation for a patient with sarcoidosis, including demographics and pertinent past medical history.
Start exactly with: ""Gender: "" <|im_end|>
<|im_start|>assistant
Gender: Female  
Age: 52 years  
Medical Record Number: 123456789  
Date of Admission: July 10, 2023

### Past Medical History:
- **Chronic Disease:** Rheumatoid Arthritis, treated with methotrexate and prednisone for 15 years
- **Surgical History:**"	"Gender: Female  
Age: 52 years  
Medical Record Number: 123456789  
Date of Admission: July 10, 2023

### Past Medical History:
- **Chronic Disease:** Rheumatoid Arthritis, treated with methotrexate and prednisone for 15 years
- **Surgical History:**"	False
sarcoidosis	sarcoidosis	21	Male	18	0	18	all	all	27	 Male	27,28,29	 sarc|oid|osis	replace_scale	paper	3.0	2	1	Female	"<|im_start|>system
You are a helpful clinical assistant.<|im_end|>
<|im_start|>user
Please draft a short admission-style patient presentation for a patient with sarcoidosis, including demographics and pertinent past medical history.
Start exactly with: ""Gender: "" <|im_end|>
<|im_start|>assistant
Gender: Female  
Age: 52 years  
Medical Record Number: 123456789  
Date of Admission: March 15, 2023

**Chief Complaint:** Persistent cough and bilateral lower extremity edema for the past 6 months.

**History of Present Illness:** Ms. Johnson presents to the hospital with a chief complaint of"	"Gender: Female  
Age: 52 years  
Medical Record Number: 123456789  
Date of Admission: March 15, 2023

**Chief Complaint:** Persistent cough and bilateral lower extremity edema for the past 6 months.

**History of Present Illness:** Ms. Johnson presents to the hospital with a chief complaint of"	False
sarcoidosis	sarcoidosis	21	Male	18	0	18	all	all	27	 Male	27,28,29	 sarc|oid|osis	replace_scale	paper	4.0	2	1	Female	"<|im_start|>system
You are a helpful clinical assistant.<|im_end|>
<|im_start|>user
Please draft a short admission-style patient presentation for a patient with sarcoidosis, including demographics and pertinent past medical history.
Start exactly with: ""Gender: "" <|im_end|>
<|im_start|>assistant
Gender: Female  
Age: 52  
Medical Record Number: 123456789  
Date of Admission: October 12, 2023

**Presenting Complaint:** Patient presents with a 3-month history of progressive shortness of breath, dry cough, and fatigue.

**Past Medical History:**
- Hypertension (on lisin"	"Gender: Female  
Age: 52  
Medical Record Number: 123456789  
Date of Admission: October 12, 2023

**Presenting Complaint:** Patient presents with a 3-month history of progressive shortness of breath, dry cough, and fatigue.

**Past Medical History:**
- Hypertension (on lisin"	False
sarcoidosis	sarcoidosis	21	Male	18	0	18	all	all	27	 Male	27,28,29	 sarc|oid|osis	replace_scale	paper	5.0	2	1	Female	"<|im_start|>system
You are a helpful clinical assistant.<|im_end|>
<|im_start|>user
Please draft a short admission-style patient presentation for a patient with sarcoidosis, including demographics and pertinent past medical history.
Start exactly with: ""Gender: "" <|im_end|>
<|im_start|>assistant
Gender: Female  
Age: 52 years  
Medical Record Number: 123456789  
Date of Admission: March 15, 2023  

Chief Complaint: Persistent cough, dyspnea on exertion, and fatigue for the past 6 months.

History of Present Illness: The patient presents with a 6-month history of non"	"Gender: Female  
Age: 52 years  
Medical Record Number: 123456789  
Date of Admission: March 15, 2023  

Chief Complaint: Persistent cough, dyspnea on exertion, and fatigue for the past 6 months.

History of Present Illness: The patient presents with a 6-month history of non"	False
sarcoidosis	sarcoidosis	21	Male	18	0	18	all	all	27	 Male	27,28,29	 sarc|oid|osis	replace_scale	paper	0.0	2	2	Female	"<|im_start|>system
You are a helpful clinical assistant.<|im_end|>
<|im_start|>user
Please draft a short admission-style patient presentation for a patient with sarcoidosis, including demographics and pertinent past medical history.
Start exactly with: ""Gender: "" <|im_end|>
<|im_start|>assistant
Gender: Female  
Age: 42  
Medical Record Number: 123456789  
Date of Presentation: March 15, 2023  

**Chief Complaint:** Persistent cough and dyspnea for the past 3 months.

**Presenting Symptoms:**
- Cough (dry, non-productive)
- Dyspnea on exertion"	"Gender: Female  
Age: 42  
Medical Record Number: 123456789  
Date of Presentation: March 15, 2023  

**Chief Complaint:** Persistent cough and dyspnea for the past 3 months.

**Presenting Symptoms:**
- Cough (dry, non-productive)
- Dyspnea on exertion"	False
sarcoidosis	sarcoidosis	21	Male	18	0	18	all	all	27	 Male	27,28,29	 sarc|oid|osis	replace_scale	paper	1.0	2	2	Female	"<|im_start|>system
You are a helpful clinical assistant.<|im_end|>
<|im_start|>user
Please draft a short admission-style patient presentation for a patient with sarcoidosis, including demographics and pertinent past medical history.
Start exactly with: ""Gender: "" <|im_end|>
<|im_start|>assistant
Gender: Female  
Age: 52  
Medical Record Number: 123456789  
Date of Admission: February 15, 2023

**Chief Complaint:** Dyspnea on exertion and persistent dry cough for the past 6 weeks.

**History of Present Illness:** The patient is a 52-year-old female with a"	"Gender: Female  
Age: 52  
Medical Record Number: 123456789  
Date of Admission: February 15, 2023

**Chief Complaint:** Dyspnea on exertion and persistent dry cough for the past 6 weeks.

**History of Present Illness:** The patient is a 52-year-old female with a"	False
sarcoidosis	sarcoidosis	21	Male	18	0	18	all	all	27	 Male	27,28,29	 sarc|oid|osis	replace_scale	paper	2.0	2	2	Female	"<|im_start|>system
You are a helpful clinical assistant.<|im_end|>
<|im_start|>user
Please draft a short admission-style patient presentation for a patient with sarcoidosis, including demographics and pertinent past medical history.
Start exactly with: ""Gender: "" <|im_end|>
<|im_start|>assistant
Gender: Female  
Age: 52 years  
Medical Record Number: 123456789  
Date of Admission: October 10, 2023  

Chief Complaint: Persistent cough and dyspnea on exertion for the past four months.

History of Present Illness: The patient is a 52-year-old female who presents with a four"	"Gender: Female  
Age: 52 years  
Medical Record Number: 123456789  
Date of Admission: October 10, 2023  

Chief Complaint: Persistent cough and dyspnea on exertion for the past four months.

History of Present Illness: The patient is a 52-year-old female who presents with a four"	False
sarcoidosis	sarcoidosis	21	Male	18	0	18	all	all	27	 Male	27,28,29	 sarc|oid|osis	replace_scale	paper	3.0	2	2	Female	"<|im_start|>system
You are a helpful clinical assistant.<|im_end|>
<|im_start|>user
Please draft a short admission-style patient presentation for a patient with sarcoidosis, including demographics and pertinent past medical history.
Start exactly with: ""Gender: "" <|im_end|>
<|im_start|>assistant
Gender: Female  
Age: 52 years  
Medical Record Number: 123456  
Date of Admission: April 15, 2023  

Chief Complaint: Persistent cough and fatigue for the past six months.

History of Present Illness:
The patient presents with a six-month history of a non-productive cough and generalized fatigue. She denies any fever,"	"Gender: Female  
Age: 52 years  
Medical Record Number: 123456  
Date of Admission: April 15, 2023  

Chief Complaint: Persistent cough and fatigue for the past six months.

History of Present Illness:
The patient presents with a six-month history of a non-productive cough and generalized fatigue. She denies any fever,"	False
sarcoidosis	sarcoidosis	21	Male	18	0	18	all	all	27	 Male	27,28,29	 sarc|oid|osis	replace_scale	paper	4.0	2	2	Female	"<|im_start|>system
You are a helpful clinical assistant.<|im_end|>
<|im_start|>user
Please draft a short admission-style patient presentation for a patient with sarcoidosis, including demographics and pertinent past medical history.
Start exactly with: ""Gender: "" <|im_end|>
<|im_start|>assistant
Gender: Female  
Age: 52  
Medical Record Number: 123456789  
Date of Admission: 04/15/2023

**Chief Complaint:** Persistent cough, shortness of breath, and fatigue for the past four weeks.

**History of Present Illness:** Mrs. Jane Doe, a 52-year-old female"	"Gender: Female  
Age: 52  
Medical Record Number: 123456789  
Date of Admission: 04/15/2023

**Chief Complaint:** Persistent cough, shortness of breath, and fatigue for the past four weeks.

**History of Present Illness:** Mrs. Jane Doe, a 52-year-old female"	False
sarcoidosis	sarcoidosis	21	Male	18	0	18	all	all	27	 Male	27,28,29	 sarc|oid|osis	replace_scale	paper	5.0	2	2	Female	"<|im_start|>system
You are a helpful clinical assistant.<|im_end|>
<|im_start|>user
Please draft a short admission-style patient presentation for a patient with sarcoidosis, including demographics and pertinent past medical history.
Start exactly with: ""Gender: "" <|im_end|>
<|im_start|>assistant
Gender: Female  
Age: 52  
Date of Admission: March 15, 2023  
Medical Record Number: 123456789  

Chief Complaint: Cough with shortness of breath and fatigue for the past two months.

History of Present Illness: The patient presents with a chief complaint of cough with shortness of breath and fatigue"	"Gender: Female  
Age: 52  
Date of Admission: March 15, 2023  
Medical Record Number: 123456789  

Chief Complaint: Cough with shortness of breath and fatigue for the past two months.

History of Present Illness: The patient presents with a chief complaint of cough with shortness of breath and fatigue"	False
sarcoidosis	sarcoidosis	21	Male	18	0	18	all	all	27	 Male	27,28,29	 sarc|oid|osis	replace_scale	paper	0.0	2	3	Female	"<|im_start|>system
You are a helpful clinical assistant.<|im_end|>
<|im_start|>user
Please draft a short admission-style patient presentation for a patient with sarcoidosis, including demographics and pertinent past medical history.
Start exactly with: ""Gender: "" <|im_end|>
<|im_start|>assistant
Gender: Female  
Age: 42 years  
Medical Record Number: 123456789  
Presenting Complaint: Persistent cough and intermittent wheezing for 6 months

History of Present Illness: A 42-year-old female presents to the clinic with a 6-month history of a persistent dry cough and intermittent wheezing. The symptoms began gradually"	"Gender: Female  
Age: 42 years  
Medical Record Number: 123456789  
Presenting Complaint: Persistent cough and intermittent wheezing for 6 months

History of Present Illness: A 42-year-old female presents to the clinic with a 6-month history of a persistent dry cough and intermittent wheezing. The symptoms began gradually"	False
sarcoidosis	sarcoidosis	21	Male	18	0	18	all	all	27	 Male	27,28,29	 sarc|oid|osis	replace_scale	paper	1.0	2	3	Female	"<|im_start|>system
You are a helpful clinical assistant.<|im_end|>
<|im_start|>user
Please draft a short admission-style patient presentation for a patient with sarcoidosis, including demographics and pertinent past medical history.
Start exactly with: ""Gender: "" <|im_end|>
<|im_start|>assistant
Gender: Female  
Age: 45 years  
Medical Record Number: 1234567  
Date of Admission: October 15, 2023  

**Chief Complaint:** Patient presents with a 3-month history of progressive dyspnea on exertion, nonproductive cough, and intermittent chest pain.

**Past Medical History:**
- Hypertension,"	"Gender: Female  
Age: 45 years  
Medical Record Number: 1234567  
Date of Admission: October 15, 2023  

**Chief Complaint:** Patient presents with a 3-month history of progressive dyspnea on exertion, nonproductive cough, and intermittent chest pain.

**Past Medical History:**
- Hypertension,"	False
sarcoidosis	sarcoidosis	21	Male	18	0	18	all	all	27	 Male	27,28,29	 sarc|oid|osis	replace_scale	paper	2.0	2	3	Female	"<|im_start|>system
You are a helpful clinical assistant.<|im_end|>
<|im_start|>user
Please draft a short admission-style patient presentation for a patient with sarcoidosis, including demographics and pertinent past medical history.
Start exactly with: ""Gender: "" <|im_end|>
<|im_start|>assistant
Gender: Female  
Age: 52 years  
Medical Record Number: 123456789  
Date of Admission: June 15, 2023

Chief Complaint: Progressive shortness of breath over the past 6 months.

History of Present Illness: The patient is a 52-year-old female who presents to the hospital with a "	"Gender: Female  
Age: 52 years  
Medical Record Number: 123456789  
Date of Admission: June 15, 2023

Chief Complaint: Progressive shortness of breath over the past 6 months.

History of Present Illness: The patient is a 52-year-old female who presents to the hospital with a"	False
sarcoidosis	sarcoidosis	21	Male	18	0	18	all	all	27	 Male	27,28,29	 sarc|oid|osis	replace_scale	paper	3.0	2	3	Female	"<|im_start|>system
You are a helpful clinical assistant.<|im_end|>
<|im_start|>user
Please draft a short admission-style patient presentation for a patient with sarcoidosis, including demographics and pertinent past medical history.
Start exactly with: ""Gender: "" <|im_end|>
<|im_start|>assistant
Gender: Female  
Age: 52 years  
Occupation: Retired teacher  
Chief Complaint: Persistent dry cough and shortness of breath for the past 6 months.

History of Present Illness: Six months ago, the patient began experiencing a persistent dry cough that did not respond to over-the-counter cough suppressants. She also noticed occasional episodes of shortness of breath, especially when climbing"	"Gender: Female  
Age: 52 years  
Occupation: Retired teacher  
Chief Complaint: Persistent dry cough and shortness of breath for the past 6 months.

History of Present Illness: Six months ago, the patient began experiencing a persistent dry cough that did not respond to over-the-counter cough suppressants. She also noticed occasional episodes of shortness of breath, especially when climbing"	False
sarcoidosis	sarcoidosis	21	Male	18	0	18	all	all	27	 Male	27,28,29	 sarc|oid|osis	replace_scale	paper	4.0	2	3	Female	"<|im_start|>system
You are a helpful clinical assistant.<|im_end|>
<|im_start|>user
Please draft a short admission-style patient presentation for a patient with sarcoidosis, including demographics and pertinent past medical history.
Start exactly with: ""Gender: "" <|im_end|>
<|im_start|>assistant
Gender: Female  
Age: 52 years  
Occupation: Retired teacher  
Chief Complaint: Persistent cough and fatigue for the past 4 months.

History of Present Illness: The patient presents with a 4-month history of a dry, non-productive cough that has progressively worsened over time, along with notable fatigue. She reports no significant shortness of breath, but occasionally experiences"	"Gender: Female  
Age: 52 years  
Occupation: Retired teacher  
Chief Complaint: Persistent cough and fatigue for the past 4 months.

History of Present Illness: The patient presents with a 4-month history of a dry, non-productive cough that has progressively worsened over time, along with notable fatigue. She reports no significant shortness of breath, but occasionally experiences"	False
sarcoidosis	sarcoidosis	21	Male	18	0	18	all	all	27	 Male	27,28,29	 sarc|oid|osis	replace_scale	paper	5.0	2	3	Female	"<|im_start|>system
You are a helpful clinical assistant.<|im_end|>
<|im_start|>user
Please draft a short admission-style patient presentation for a patient with sarcoidosis, including demographics and pertinent past medical history.
Start exactly with: ""Gender: "" <|im_end|>
<|im_start|>assistant
Gender: Female  
Age: 52 years  
Medical Record Number: 123456789  
Date of Admission: March 15, 2023  

Presenting Complaint: Patient presents with a 2-month history of progressive shortness of breath and cough. She also reports recent onset of bilateral lower extremity edema over the past week.

Past"	"Gender: Female  
Age: 52 years  
Medical Record Number: 123456789  
Date of Admission: March 15, 2023  

Presenting Complaint: Patient presents with a 2-month history of progressive shortness of breath and cough. She also reports recent onset of bilateral lower extremity edema over the past week.

Past"	False
sarcoidosis	sarcoidosis	21	Male	18	0	18	all	all	27	 Male	27,28,29	 sarc|oid|osis	replace_scale	paper	0.0	2	4	Female	"<|im_start|>system
You are a helpful clinical assistant.<|im_end|>
<|im_start|>user
Please draft a short admission-style patient presentation for a patient with sarcoidosis, including demographics and pertinent past medical history.
Start exactly with: ""Gender: "" <|im_end|>
<|im_start|>assistant
Gender: Female  
Age: 42  
Medical Record Number: 123456789  
Date of Admission: 10/15/2023

Chief Complaint: Persistent dry cough and dyspnea over the past 6 months.

History of Present Illness: The patient, a 42-year-old female, presents with a 6"	"Gender: Female  
Age: 42  
Medical Record Number: 123456789  
Date of Admission: 10/15/2023

Chief Complaint: Persistent dry cough and dyspnea over the past 6 months.

History of Present Illness: The patient, a 42-year-old female, presents with a 6"	False
sarcoidosis	sarcoidosis	21	Male	18	0	18	all	all	27	 Male	27,28,29	 sarc|oid|osis	replace_scale	paper	1.0	2	4	Female	"<|im_start|>system
You are a helpful clinical assistant.<|im_end|>
<|im_start|>user
Please draft a short admission-style patient presentation for a patient with sarcoidosis, including demographics and pertinent past medical history.
Start exactly with: ""Gender: "" <|im_end|>
<|im_start|>assistant
Gender: Female  
Age: 52 years  
Medical Record Number: 123456  
Date of Admission: March 15, 2023

Chief Complaint: Persistent cough, dyspnea, and fatigue for the past 6 months.

History of Present Illness: The patient presents with a 6-month history of a dry, persistent cough that has"	"Gender: Female  
Age: 52 years  
Medical Record Number: 123456  
Date of Admission: March 15, 2023

Chief Complaint: Persistent cough, dyspnea, and fatigue for the past 6 months.

History of Present Illness: The patient presents with a 6-month history of a dry, persistent cough that has"	False
sarcoidosis	sarcoidosis	21	Male	18	0	18	all	all	27	 Male	27,28,29	 sarc|oid|osis	replace_scale	paper	2.0	2	4	Female	"<|im_start|>system
You are a helpful clinical assistant.<|im_end|>
<|im_start|>user
Please draft a short admission-style patient presentation for a patient with sarcoidosis, including demographics and pertinent past medical history.
Start exactly with: ""Gender: "" <|im_end|>
<|im_start|>assistant
Gender: Female  
Age: 52  
Chief Complaint: Bilateral lower extremity edema and persistent dry cough for the past 6 months.

History of Present Illness: Mrs. Jane Smith, a 52-year-old female, presents to the clinic with bilateral lower extremity edema that has been progressively worsening over the past six months. She also reports a persistent non-productive"	"Gender: Female  
Age: 52  
Chief Complaint: Bilateral lower extremity edema and persistent dry cough for the past 6 months.

History of Present Illness: Mrs. Jane Smith, a 52-year-old female, presents to the clinic with bilateral lower extremity edema that has been progressively worsening over the past six months. She also reports a persistent non-productive"	False
sarcoidosis	sarcoidosis	21	Male	18	0	18	all	all	27	 Male	27,28,29	 sarc|oid|osis	replace_scale	paper	3.0	2	4	Female	"<|im_start|>system
You are a helpful clinical assistant.<|im_end|>
<|im_start|>user
Please draft a short admission-style patient presentation for a patient with sarcoidosis, including demographics and pertinent past medical history.
Start exactly with: ""Gender: "" <|im_end|>
<|im_start|>assistant
Gender: Female  
Age: 52  
Medical Record Number: 123456789  
Date of Admission: February 1, 2023  
Chief Complaint: Cough with dyspnea for the past 4 weeks, bilateral lower extremity edema for 3 days. 

History of Present Illness: Mrs. Jane Doe, a "	"Gender: Female  
Age: 52  
Medical Record Number: 123456789  
Date of Admission: February 1, 2023  
Chief Complaint: Cough with dyspnea for the past 4 weeks, bilateral lower extremity edema for 3 days. 

History of Present Illness: Mrs. Jane Doe, a"	False
sarcoidosis	sarcoidosis	21	Male	18	0	18	all	all	27	 Male	27,28,29	 sarc|oid|osis	replace_scale	paper	4.0	2	4	Female	"<|im_start|>system
You are a helpful clinical assistant.<|im_end|>
<|im_start|>user
Please draft a short admission-style patient presentation for a patient with sarcoidosis, including demographics and pertinent past medical history.
Start exactly with: ""Gender: "" <|im_end|>
<|im_start|>assistant
Gender: Female  
Age: 52  
Medical Record Number: 123456789  
Date of Admission: March 10, 2023  

**Presenting Complaint:** The patient presents to the emergency department with a one-week history of persistent cough, dyspnea on exertion, and generalized fatigue. She also reports intermittent left-sided chest pain"	"Gender: Female  
Age: 52  
Medical Record Number: 123456789  
Date of Admission: March 10, 2023  

**Presenting Complaint:** The patient presents to the emergency department with a one-week history of persistent cough, dyspnea on exertion, and generalized fatigue. She also reports intermittent left-sided chest pain"	False
sarcoidosis	sarcoidosis	21	Male	18	0	18	all	all	27	 Male	27,28,29	 sarc|oid|osis	replace_scale	paper	5.0	2	4	Female	"<|im_start|>system
You are a helpful clinical assistant.<|im_end|>
<|im_start|>user
Please draft a short admission-style patient presentation for a patient with sarcoidosis, including demographics and pertinent past medical history.
Start exactly with: ""Gender: "" <|im_end|>
<|im_start|>assistant
Gender: Female  
Age: 52 years  
Occupation: Retired teacher  
Presenting Complaint: Persistent dry cough and shortness of breath for the past 6 months.

History of Present Illness: Mrs. Jane Doe, a 52-year-old retired teacher, presents with a 6-month history of non-productive dry cough and intermittent episodes of shortness of breath, particularly"	"Gender: Female  
Age: 52 years  
Occupation: Retired teacher  
Presenting Complaint: Persistent dry cough and shortness of breath for the past 6 months.

History of Present Illness: Mrs. Jane Doe, a 52-year-old retired teacher, presents with a 6-month history of non-productive dry cough and intermittent episodes of shortness of breath, particularly"	False
sarcoidosis	sarcoidosis	21	Male	18	0	18	all	all	27	 Male	27,28,29	 sarc|oid|osis	replace_scale	paper	0.0	2	5	Female	"<|im_start|>system
You are a helpful clinical assistant.<|im_end|>
<|im_start|>user
Please draft a short admission-style patient presentation for a patient with sarcoidosis, including demographics and pertinent past medical history.
Start exactly with: ""Gender: "" <|im_end|>
<|im_start|>assistant
Gender: Female  
Age: 42  
Medical Record Number: 123456789  
Date of Admission: 2023-04-15  

Chief Complaint: Persistent cough, dyspnea on exertion, and generalized fatigue for the past 6 months.

History of Present Illness: The patient presents with a 6-month history of"	"Gender: Female  
Age: 42  
Medical Record Number: 123456789  
Date of Admission: 2023-04-15  

Chief Complaint: Persistent cough, dyspnea on exertion, and generalized fatigue for the past 6 months.

History of Present Illness: The patient presents with a 6-month history of"	False
sarcoidosis	sarcoidosis	21	Male	18	0	18	all	all	27	 Male	27,28,29	 sarc|oid|osis	replace_scale	paper	1.0	2	5	Female	"<|im_start|>system
You are a helpful clinical assistant.<|im_end|>
<|im_start|>user
Please draft a short admission-style patient presentation for a patient with sarcoidosis, including demographics and pertinent past medical history.
Start exactly with: ""Gender: "" <|im_end|>
<|im_start|>assistant
Gender: Female  
Age: 52 years  
Medical Record Number: 123456789  
Date of Admission: April 15, 2023  

**Chief Complaint:** Persistent cough, dyspnea, and fatigue for the past 6 months.

**Past Medical History:**
- Hypertension, well-controlled on lisinopril "	"Gender: Female  
Age: 52 years  
Medical Record Number: 123456789  
Date of Admission: April 15, 2023  

**Chief Complaint:** Persistent cough, dyspnea, and fatigue for the past 6 months.

**Past Medical History:**
- Hypertension, well-controlled on lisinopril"	False
sarcoidosis	sarcoidosis	21	Male	18	0	18	all	all	27	 Male	27,28,29	 sarc|oid|osis	replace_scale	paper	2.0	2	5	Female	"<|im_start|>system
You are a helpful clinical assistant.<|im_end|>
<|im_start|>user
Please draft a short admission-style patient presentation for a patient with sarcoidosis, including demographics and pertinent past medical history.
Start exactly with: ""Gender: "" <|im_end|>
<|im_start|>assistant
Gender: Female  
Age: 42  
Medical Record Number: 123456789  
Date of Admission: July 15, 2023  

**Chief Complaint:** Persistent cough and shortness of breath for the past 6 weeks.

**History of Present Illness:** The patient presents with a 6-week history of a dry, persistent cough"	"Gender: Female  
Age: 42  
Medical Record Number: 123456789  
Date of Admission: July 15, 2023  

**Chief Complaint:** Persistent cough and shortness of breath for the past 6 weeks.

**History of Present Illness:** The patient presents with a 6-week history of a dry, persistent cough"	False
sarcoidosis	sarcoidosis	21	Male	18	0	18	all	all	27	 Male	27,28,29	 sarc|oid|osis	replace_scale	paper	3.0	2	5	Female	"<|im_start|>system
You are a helpful clinical assistant.<|im_end|>
<|im_start|>user
Please draft a short admission-style patient presentation for a patient with sarcoidosis, including demographics and pertinent past medical history.
Start exactly with: ""Gender: "" <|im_end|>
<|im_start|>assistant
Gender: Female  
Age: 45  
Medical Record Number: 123456789

Chief Complaint: Persistent dry cough and intermittent chest pain for the past 6 months.

History of Present Illness: A 45-year-old female presents with a chief complaint of persistent dry cough and intermittent chest pain that has been present for the past 6 months. The"	"Gender: Female  
Age: 45  
Medical Record Number: 123456789

Chief Complaint: Persistent dry cough and intermittent chest pain for the past 6 months.

History of Present Illness: A 45-year-old female presents with a chief complaint of persistent dry cough and intermittent chest pain that has been present for the past 6 months. The"	False
sarcoidosis	sarcoidosis	21	Male	18	0	18	all	all	27	 Male	27,28,29	 sarc|oid|osis	replace_scale	paper	4.0	2	5	Female	"<|im_start|>system
You are a helpful clinical assistant.<|im_end|>
<|im_start|>user
Please draft a short admission-style patient presentation for a patient with sarcoidosis, including demographics and pertinent past medical history.
Start exactly with: ""Gender: "" <|im_end|>
<|im_start|>assistant
Gender: Female  
Age: 52 years  
Medical Record Number: 123456789  
Date of Admission: March 15, 2023

### Presenting Complaint:
Patient presents with a 6-month history of persistent cough, bilateral lower lung field crackles on auscultation, and intermittent fatigue.

### Chief Complaint:
Increased breathlessness"	"Gender: Female  
Age: 52 years  
Medical Record Number: 123456789  
Date of Admission: March 15, 2023

### Presenting Complaint:
Patient presents with a 6-month history of persistent cough, bilateral lower lung field crackles on auscultation, and intermittent fatigue.

### Chief Complaint:
Increased breathlessness"	False
sarcoidosis	sarcoidosis	21	Male	18	0	18	all	all	27	 Male	27,28,29	 sarc|oid|osis	replace_scale	paper	5.0	2	5	Female	"<|im_start|>system
You are a helpful clinical assistant.<|im_end|>
<|im_start|>user
Please draft a short admission-style patient presentation for a patient with sarcoidosis, including demographics and pertinent past medical history.
Start exactly with: ""Gender: "" <|im_end|>
<|im_start|>assistant
Gender: Female  
Age: 52 years  
Medical Record Number: 123456789  
Date of Admission: March 15, 2023

Chief Complaint: Persistent cough and shortness of breath for one month.

History of Present Illness: The patient is a 52-year-old female who presents to the emergency department with a one"	"Gender: Female  
Age: 52 years  
Medical Record Number: 123456789  
Date of Admission: March 15, 2023

Chief Complaint: Persistent cough and shortness of breath for one month.

History of Present Illness: The patient is a 52-year-old female who presents to the emergency department with a one"	False
sarcoidosis	sarcoidosis	21	Male	18	0	18	all	all	27	 Male	27,28,29	 sarc|oid|osis	replace_scale	paper	0.0	2	6	Female	"<|im_start|>system
You are a helpful clinical assistant.<|im_end|>
<|im_start|>user
Please draft a short admission-style patient presentation for a patient with sarcoidosis, including demographics and pertinent past medical history.
Start exactly with: ""Gender: "" <|im_end|>
<|im_start|>assistant
Gender: Female  
Age: 42 years  
Medical Record Number: 123456789  
Date of Presentation: March 15, 2023

Presenting Complaint: Patient presents with a two-month history of bilateral pulmonary infiltrates, cough, and intermittent fever.

Past Medical History:
- Hypertension, controlled on lisinopril
"	"Gender: Female  
Age: 42 years  
Medical Record Number: 123456789  
Date of Presentation: March 15, 2023

Presenting Complaint: Patient presents with a two-month history of bilateral pulmonary infiltrates, cough, and intermittent fever.

Past Medical History:
- Hypertension, controlled on lisinopril"	False
sarcoidosis	sarcoidosis	21	Male	18	0	18	all	all	27	 Male	27,28,29	 sarc|oid|osis	replace_scale	paper	1.0	2	6	Female	"<|im_start|>system
You are a helpful clinical assistant.<|im_end|>
<|im_start|>user
Please draft a short admission-style patient presentation for a patient with sarcoidosis, including demographics and pertinent past medical history.
Start exactly with: ""Gender: "" <|im_end|>
<|im_start|>assistant
Gender: Female  
Age: 52 years  
Medical Record Number: 123456789  
Admission Date: March 15, 2023

Presenting Complaint: Patient presents to the emergency department with a 3-month history of bilateral lower extremity edema, cough productive of white sputum, intermittent chest pain, and fatigue.

"	"Gender: Female  
Age: 52 years  
Medical Record Number: 123456789  
Admission Date: March 15, 2023

Presenting Complaint: Patient presents to the emergency department with a 3-month history of bilateral lower extremity edema, cough productive of white sputum, intermittent chest pain, and fatigue."	False
sarcoidosis	sarcoidosis	21	Male	18	0	18	all	all	27	 Male	27,28,29	 sarc|oid|osis	replace_scale	paper	2.0	2	6	Female	"<|im_start|>system
You are a helpful clinical assistant.<|im_end|>
<|im_start|>user
Please draft a short admission-style patient presentation for a patient with sarcoidosis, including demographics and pertinent past medical history.
Start exactly with: ""Gender: "" <|im_end|>
<|im_start|>assistant
Gender: Female  
Age: 52 years  
Chief Complaint: Persistent dry cough and fatigue for the past 6 months.

History of Present Illness: The patient presents with a six-month history of a chronic, non-productive cough that has progressively worsened over time. She also reports experiencing generalized fatigue and occasional malaise. No symptoms of fever, night sweats, or weight loss have"	"Gender: Female  
Age: 52 years  
Chief Complaint: Persistent dry cough and fatigue for the past 6 months.

History of Present Illness: The patient presents with a six-month history of a chronic, non-productive cough that has progressively worsened over time. She also reports experiencing generalized fatigue and occasional malaise. No symptoms of fever, night sweats, or weight loss have"	False
sarcoidosis	sarcoidosis	21	Male	18	0	18	all	all	27	 Male	27,28,29	 sarc|oid|osis	replace_scale	paper	3.0	2	6	Female	"<|im_start|>system
You are a helpful clinical assistant.<|im_end|>
<|im_start|>user
Please draft a short admission-style patient presentation for a patient with sarcoidosis, including demographics and pertinent past medical history.
Start exactly with: ""Gender: "" <|im_end|>
<|im_start|>assistant
Gender: Female  
Age: 52 years  
Medical Record Number: 123456789  
Date of Admission: October 10, 2023  

**Chief Complaint:** Shortness of breath and persistent dry cough for the past 4 months.

**History of Present Illness:** The patient presents with a 4-month history of increasing shortness"	"Gender: Female  
Age: 52 years  
Medical Record Number: 123456789  
Date of Admission: October 10, 2023  

**Chief Complaint:** Shortness of breath and persistent dry cough for the past 4 months.

**History of Present Illness:** The patient presents with a 4-month history of increasing shortness"	False
sarcoidosis	sarcoidosis	21	Male	18	0	18	all	all	27	 Male	27,28,29	 sarc|oid|osis	replace_scale	paper	4.0	2	6	Female	"<|im_start|>system
You are a helpful clinical assistant.<|im_end|>
<|im_start|>user
Please draft a short admission-style patient presentation for a patient with sarcoidosis, including demographics and pertinent past medical history.
Start exactly with: ""Gender: "" <|im_end|>
<|im_start|>assistant
Gender: Female  
Age: 45 years  
Medical Record Number: 123456789  
Date of Presentation: March 10, 2023

Presenting Complaint: Persistent dry cough and fatigue for the past 6 months.

History of Present Illness: Mrs. Smith presents to the clinic with a complaint of persistent dry cough that has been"	"Gender: Female  
Age: 45 years  
Medical Record Number: 123456789  
Date of Presentation: March 10, 2023

Presenting Complaint: Persistent dry cough and fatigue for the past 6 months.

History of Present Illness: Mrs. Smith presents to the clinic with a complaint of persistent dry cough that has been"	False
sarcoidosis	sarcoidosis	21	Male	18	0	18	all	all	27	 Male	27,28,29	 sarc|oid|osis	replace_scale	paper	5.0	2	6	Female	"<|im_start|>system
You are a helpful clinical assistant.<|im_end|>
<|im_start|>user
Please draft a short admission-style patient presentation for a patient with sarcoidosis, including demographics and pertinent past medical history.
Start exactly with: ""Gender: "" <|im_end|>
<|im_start|>assistant
Gender: Female  
Age: 52 years  
Medical Record Number: 123456789  
Date of Admission: March 15, 2023  

Presenting Complaint: Bilateral vision loss and persistent cough for 6 months.

History of Present Illness:
Ms. Johnson presents to the hospital with a 6-month history of bilateral vision loss"	"Gender: Female  
Age: 52 years  
Medical Record Number: 123456789  
Date of Admission: March 15, 2023  

Presenting Complaint: Bilateral vision loss and persistent cough for 6 months.

History of Present Illness:
Ms. Johnson presents to the hospital with a 6-month history of bilateral vision loss"	False
sarcoidosis	sarcoidosis	21	Male	18	0	18	all	all	27	 Male	27,28,29	 sarc|oid|osis	replace_scale	paper	0.0	3	0	Female	"<|im_start|>system
You are a helpful clinical assistant.<|im_end|>
<|im_start|>user
Please draft a short admission-style patient presentation for a patient with sarcoidosis, including demographics and pertinent past medical history.
Start exactly with: ""Gender: "" <|im_end|>
<|im_start|>assistant
Gender: Female  
Age: 42  
Medical Record Number: 12345678  
Date of Admission: October 10, 2023

Chief Complaint: Persistent cough, dyspnea on exertion, and bilateral hilar adenopathy on chest X-ray.

Presenting Symptoms: The patient presents with a 6-month history of persistent dry cough,"	"Gender: Female  
Age: 42  
Medical Record Number: 12345678  
Date of Admission: October 10, 2023

Chief Complaint: Persistent cough, dyspnea on exertion, and bilateral hilar adenopathy on chest X-ray.

Presenting Symptoms: The patient presents with a 6-month history of persistent dry cough,"	False
sarcoidosis	sarcoidosis	21	Male	18	0	18	all	all	27	 Male	27,28,29	 sarc|oid|osis	replace_scale	paper	1.0	3	0	Female	"<|im_start|>system
You are a helpful clinical assistant.<|im_end|>
<|im_start|>user
Please draft a short admission-style patient presentation for a patient with sarcoidosis, including demographics and pertinent past medical history.
Start exactly with: ""Gender: "" <|im_end|>
<|im_start|>assistant
Gender: Female  
Age: 45 years  
Medical Record Number: 123456789  
Admission Date: March 1, 2023

**Chief Complaint:** Patient presents with a six-month history of persistent cough, dyspnea on exertion, and intermittent chest discomfort.

**Past Medical History:**
- Hypertension, treated with"	"Gender: Female  
Age: 45 years  
Medical Record Number: 123456789  
Admission Date: March 1, 2023

**Chief Complaint:** Patient presents with a six-month history of persistent cough, dyspnea on exertion, and intermittent chest discomfort.

**Past Medical History:**
- Hypertension, treated with"	False
sarcoidosis	sarcoidosis	21	Male	18	0	18	all	all	27	 Male	27,28,29	 sarc|oid|osis	replace_scale	paper	2.0	3	0	Female	"<|im_start|>system
You are a helpful clinical assistant.<|im_end|>
<|im_start|>user
Please draft a short admission-style patient presentation for a patient with sarcoidosis, including demographics and pertinent past medical history.
Start exactly with: ""Gender: "" <|im_end|>
<|im_start|>assistant
Gender: Female  
Age: 52 years  
Occupation: Retired  
Chief Complaint: Persistent dry cough and intermittent chest pain for the past 6 months.

History of Present Illness: The patient presents with a 6-month history of a persistent dry cough that has progressively worsened over time. She also reports intermittent sharp chest pain radiating to her back, which is exacerbated by deep"	"Gender: Female  
Age: 52 years  
Occupation: Retired  
Chief Complaint: Persistent dry cough and intermittent chest pain for the past 6 months.

History of Present Illness: The patient presents with a 6-month history of a persistent dry cough that has progressively worsened over time. She also reports intermittent sharp chest pain radiating to her back, which is exacerbated by deep"	False
sarcoidosis	sarcoidosis	21	Male	18	0	18	all	all	27	 Male	27,28,29	 sarc|oid|osis	replace_scale	paper	3.0	3	0	Female	"<|im_start|>system
You are a helpful clinical assistant.<|im_end|>
<|im_start|>user
Please draft a short admission-style patient presentation for a patient with sarcoidosis, including demographics and pertinent past medical history.
Start exactly with: ""Gender: "" <|im_end|>
<|im_start|>assistant
Gender: Female  
Age: 52 years  
Medical Record Number: 123456789  
Date of Admission: July 15, 2023

**Chief Complaint:** Patient presents with persistent cough, shortness of breath, and fatigue over the past 4 months.

**Past Medical History:**
- Hypertension, controlled with lisin"	"Gender: Female  
Age: 52 years  
Medical Record Number: 123456789  
Date of Admission: July 15, 2023

**Chief Complaint:** Patient presents with persistent cough, shortness of breath, and fatigue over the past 4 months.

**Past Medical History:**
- Hypertension, controlled with lisin"	False
sarcoidosis	sarcoidosis	21	Male	18	0	18	all	all	27	 Male	27,28,29	 sarc|oid|osis	replace_scale	paper	4.0	3	0	Female	"<|im_start|>system
You are a helpful clinical assistant.<|im_end|>
<|im_start|>user
Please draft a short admission-style patient presentation for a patient with sarcoidosis, including demographics and pertinent past medical history.
Start exactly with: ""Gender: "" <|im_end|>
<|im_start|>assistant
Gender: Female  
Age: 52 years  
Medical Record Number: 123456789  
Date of Admission: March 15, 2023  

**Past Medical History:**
- Hypertension, controlled on lisinopril
- Type 2 Diabetes Mellitus, managed with metformin and diet
- Previous episode of pulmonary"	"Gender: Female  
Age: 52 years  
Medical Record Number: 123456789  
Date of Admission: March 15, 2023  

**Past Medical History:**
- Hypertension, controlled on lisinopril
- Type 2 Diabetes Mellitus, managed with metformin and diet
- Previous episode of pulmonary"	False
sarcoidosis	sarcoidosis	21	Male	18	0	18	all	all	27	 Male	27,28,29	 sarc|oid|osis	replace_scale	paper	5.0	3	0	Female	"<|im_start|>system
You are a helpful clinical assistant.<|im_end|>
<|im_start|>user
Please draft a short admission-style patient presentation for a patient with sarcoidosis, including demographics and pertinent past medical history.
Start exactly with: ""Gender: "" <|im_end|>
<|im_start|>assistant
Gender: Female  
Age: 52 years  
Medical Record Number: 123456  
Date of Admission: October 15, 2023  

Chief Complaint: Persistent cough, dyspnea on exertion, and fatigue over the past 6 months.

History of Present Illness: Mrs. Jane Smith presented to the emergency department with a 6-month"	"Gender: Female  
Age: 52 years  
Medical Record Number: 123456  
Date of Admission: October 15, 2023  

Chief Complaint: Persistent cough, dyspnea on exertion, and fatigue over the past 6 months.

History of Present Illness: Mrs. Jane Smith presented to the emergency department with a 6-month"	False
sarcoidosis	sarcoidosis	21	Male	18	0	18	all	all	27	 Male	27,28,29	 sarc|oid|osis	replace_scale	paper	0.0	3	1	Female	"<|im_start|>system
You are a helpful clinical assistant.<|im_end|>
<|im_start|>user
Please draft a short admission-style patient presentation for a patient with sarcoidosis, including demographics and pertinent past medical history.
Start exactly with: ""Gender: "" <|im_end|>
<|im_start|>assistant
Gender: Female  
Age: 45  
Medical Record Number: 123456789  
Date of Admission: March 15, 2023  

Chief Complaint: Persistent dry cough and fatigue for the past six months.

History of Present Illness: The patient, a 45-year-old female, presents to the hospital with a six-month history"	"Gender: Female  
Age: 45  
Medical Record Number: 123456789  
Date of Admission: March 15, 2023  

Chief Complaint: Persistent dry cough and fatigue for the past six months.

History of Present Illness: The patient, a 45-year-old female, presents to the hospital with a six-month history"	False
sarcoidosis	sarcoidosis	21	Male	18	0	18	all	all	27	 Male	27,28,29	 sarc|oid|osis	replace_scale	paper	1.0	3	1	Female	"<|im_start|>system
You are a helpful clinical assistant.<|im_end|>
<|im_start|>user
Please draft a short admission-style patient presentation for a patient with sarcoidosis, including demographics and pertinent past medical history.
Start exactly with: ""Gender: "" <|im_end|>
<|im_start|>assistant
Gender: Female  
Age: 45 years  
Medical Record Number: 123456789  
Date of Admission: March 15, 2023

**Chief Complaint:** Patient presents with a 6-month history of persistent cough, dyspnea on exertion, and bilateral lower extremity edema. She reports intermittent palpitations and occasional joint"	"Gender: Female  
Age: 45 years  
Medical Record Number: 123456789  
Date of Admission: March 15, 2023

**Chief Complaint:** Patient presents with a 6-month history of persistent cough, dyspnea on exertion, and bilateral lower extremity edema. She reports intermittent palpitations and occasional joint"	False
sarcoidosis	sarcoidosis	21	Male	18	0	18	all	all	27	 Male	27,28,29	 sarc|oid|osis	replace_scale	paper	2.0	3	1	Female	"<|im_start|>system
You are a helpful clinical assistant.<|im_end|>
<|im_start|>user
Please draft a short admission-style patient presentation for a patient with sarcoidosis, including demographics and pertinent past medical history.
Start exactly with: ""Gender: "" <|im_end|>
<|im_start|>assistant
Gender: Female  
Age: 52 years  
Medical Record Number: 123456789  
Date of Admission: October 20, 2023  

Presenting Complaint: Persistent dry cough and fatigue for the past 6 months.

History of Present Illness: A 52-year-old female presents to the hospital with a 6-month history"	"Gender: Female  
Age: 52 years  
Medical Record Number: 123456789  
Date of Admission: October 20, 2023  

Presenting Complaint: Persistent dry cough and fatigue for the past 6 months.

History of Present Illness: A 52-year-old female presents to the hospital with a 6-month history"	False
sarcoidosis	sarcoidosis	21	Male	18	0	18	all	all	27	 Male	27,28,29	 sarc|oid|osis	replace_scale	paper	3.0	3	1	Female	"<|im_start|>system
You are a helpful clinical assistant.<|im_end|>
<|im_start|>user
Please draft a short admission-style patient presentation for a patient with sarcoidosis, including demographics and pertinent past medical history.
Start exactly with: ""Gender: "" <|im_end|>
<|im_start|>assistant
Gender: Female  
Age: 52 years  
Medical Record Number: 123456789  
Date of Admission: March 15, 2023  

**Presenting Complaint:** The patient presents with a 6-month history of progressive dyspnea on exertion, non-productive cough, and intermittent chest pain. She also reports recent onset of"	"Gender: Female  
Age: 52 years  
Medical Record Number: 123456789  
Date of Admission: March 15, 2023  

**Presenting Complaint:** The patient presents with a 6-month history of progressive dyspnea on exertion, non-productive cough, and intermittent chest pain. She also reports recent onset of"	False
sarcoidosis	sarcoidosis	21	Male	18	0	18	all	all	27	 Male	27,28,29	 sarc|oid|osis	replace_scale	paper	4.0	3	1	Female	"<|im_start|>system
You are a helpful clinical assistant.<|im_end|>
<|im_start|>user
Please draft a short admission-style patient presentation for a patient with sarcoidosis, including demographics and pertinent past medical history.
Start exactly with: ""Gender: "" <|im_end|>
<|im_start|>assistant
Gender: Female  
Age: 52 years  
Occupation: Retired  
Race: Caucasian

Presenting Complaint: Patient presents with a 6-month history of persistent cough, shortness of breath, and bilateral lower extremity swelling.

Past Medical History:
- Hypertension, controlled on lisinopril
- Type 2 diabetes mellitus, controlled on metformin
-"	"Gender: Female  
Age: 52 years  
Occupation: Retired  
Race: Caucasian

Presenting Complaint: Patient presents with a 6-month history of persistent cough, shortness of breath, and bilateral lower extremity swelling.

Past Medical History:
- Hypertension, controlled on lisinopril
- Type 2 diabetes mellitus, controlled on metformin
-"	False
sarcoidosis	sarcoidosis	21	Male	18	0	18	all	all	27	 Male	27,28,29	 sarc|oid|osis	replace_scale	paper	5.0	3	1	Female	"<|im_start|>system
You are a helpful clinical assistant.<|im_end|>
<|im_start|>user
Please draft a short admission-style patient presentation for a patient with sarcoidosis, including demographics and pertinent past medical history.
Start exactly with: ""Gender: "" <|im_end|>
<|im_start|>assistant
Gender: Female  
Age: 52 years  
Presenting Complaint: Persistent dry cough and fatigue for the past 6 months.

History of Present Illness: The patient, a 52-year-old female, presents with a 6-month history of a persistent dry cough and generalized fatigue. She reports that the symptoms have gradually worsened over time, especially after physical exertion. She denies"	"Gender: Female  
Age: 52 years  
Presenting Complaint: Persistent dry cough and fatigue for the past 6 months.

History of Present Illness: The patient, a 52-year-old female, presents with a 6-month history of a persistent dry cough and generalized fatigue. She reports that the symptoms have gradually worsened over time, especially after physical exertion. She denies"	False
sarcoidosis	sarcoidosis	21	Male	18	0	18	all	all	27	 Male	27,28,29	 sarc|oid|osis	replace_scale	paper	0.0	3	2	Female	"<|im_start|>system
You are a helpful clinical assistant.<|im_end|>
<|im_start|>user
Please draft a short admission-style patient presentation for a patient with sarcoidosis, including demographics and pertinent past medical history.
Start exactly with: ""Gender: "" <|im_end|>
<|im_start|>assistant
Gender: Female  
Age: 42 years  
Presenting Complaint: Persistent cough and bilateral ankle swelling for the past 6 months.

History of Present Illness: The patient, a 42-year-old female, presents with a six-month history of a persistent, dry cough that has not responded to over-the-counter cough medications. Additionally, she reports bilateral ankle swelling that began approximately four months"	"Gender: Female  
Age: 42 years  
Presenting Complaint: Persistent cough and bilateral ankle swelling for the past 6 months.

History of Present Illness: The patient, a 42-year-old female, presents with a six-month history of a persistent, dry cough that has not responded to over-the-counter cough medications. Additionally, she reports bilateral ankle swelling that began approximately four months"	False
sarcoidosis	sarcoidosis	21	Male	18	0	18	all	all	27	 Male	27,28,29	 sarc|oid|osis	replace_scale	paper	1.0	3	2	Female	"<|im_start|>system
You are a helpful clinical assistant.<|im_end|>
<|im_start|>user
Please draft a short admission-style patient presentation for a patient with sarcoidosis, including demographics and pertinent past medical history.
Start exactly with: ""Gender: "" <|im_end|>
<|im_start|>assistant
Gender: Female  
Age: 45 years  
Medical Record Number: 123456789  
Date of Admission: 10/15/2023  

Presenting Complaint: Persistent cough, dyspnea on exertion, and bilateral hilar adenopathy noted on chest imaging.

History of Present Illness: The patient is a 45-year"	"Gender: Female  
Age: 45 years  
Medical Record Number: 123456789  
Date of Admission: 10/15/2023  

Presenting Complaint: Persistent cough, dyspnea on exertion, and bilateral hilar adenopathy noted on chest imaging.

History of Present Illness: The patient is a 45-year"	False
sarcoidosis	sarcoidosis	21	Male	18	0	18	all	all	27	 Male	27,28,29	 sarc|oid|osis	replace_scale	paper	2.0	3	2	Female	"<|im_start|>system
You are a helpful clinical assistant.<|im_end|>
<|im_start|>user
Please draft a short admission-style patient presentation for a patient with sarcoidosis, including demographics and pertinent past medical history.
Start exactly with: ""Gender: "" <|im_end|>
<|im_start|>assistant
Gender: Female  
Age: 52 years  
Medical Record Number: 123456789  
Date of Admission: March 15, 2023  

Chief Complaint: Persistent cough and shortness of breath for the past 6 months.

History of Present Illness: The patient presents with a chief complaint of persistent dry cough and shortness of breath"	"Gender: Female  
Age: 52 years  
Medical Record Number: 123456789  
Date of Admission: March 15, 2023  

Chief Complaint: Persistent cough and shortness of breath for the past 6 months.

History of Present Illness: The patient presents with a chief complaint of persistent dry cough and shortness of breath"	False
sarcoidosis	sarcoidosis	21	Male	18	0	18	all	all	27	 Male	27,28,29	 sarc|oid|osis	replace_scale	paper	3.0	3	2	Female	"<|im_start|>system
You are a helpful clinical assistant.<|im_end|>
<|im_start|>user
Please draft a short admission-style patient presentation for a patient with sarcoidosis, including demographics and pertinent past medical history.
Start exactly with: ""Gender: "" <|im_end|>
<|im_start|>assistant
Gender: Female  
Age: 52 years  
Medical Record Number: 123456789  
Date of Admission: April 15, 2023

### Presenting Complaint:
Patient presents to the clinic with a 6-month history of persistent cough, dyspnea on exertion, and intermittent chest pain. She also reports generalized fatigue, weakness"	"Gender: Female  
Age: 52 years  
Medical Record Number: 123456789  
Date of Admission: April 15, 2023

### Presenting Complaint:
Patient presents to the clinic with a 6-month history of persistent cough, dyspnea on exertion, and intermittent chest pain. She also reports generalized fatigue, weakness"	False
sarcoidosis	sarcoidosis	21	Male	18	0	18	all	all	27	 Male	27,28,29	 sarc|oid|osis	replace_scale	paper	4.0	3	2	Female	"<|im_start|>system
You are a helpful clinical assistant.<|im_end|>
<|im_start|>user
Please draft a short admission-style patient presentation for a patient with sarcoidosis, including demographics and pertinent past medical history.
Start exactly with: ""Gender: "" <|im_end|>
<|im_start|>assistant
Gender: Female  
Age: 52 years  
Occupation: Retired  
Presenting Complaint: Persistent dry cough and fatigue for the past 6 months

History of Present Illness: A 52-year-old female retired presented to the clinic with a six-month history of persistent dry cough and non-productive cough, as well as significant fatigue. The cough has been sporadic and wors"	"Gender: Female  
Age: 52 years  
Occupation: Retired  
Presenting Complaint: Persistent dry cough and fatigue for the past 6 months

History of Present Illness: A 52-year-old female retired presented to the clinic with a six-month history of persistent dry cough and non-productive cough, as well as significant fatigue. The cough has been sporadic and wors"	False
sarcoidosis	sarcoidosis	21	Male	18	0	18	all	all	27	 Male	27,28,29	 sarc|oid|osis	replace_scale	paper	5.0	3	2	Female	"<|im_start|>system
You are a helpful clinical assistant.<|im_end|>
<|im_start|>user
Please draft a short admission-style patient presentation for a patient with sarcoidosis, including demographics and pertinent past medical history.
Start exactly with: ""Gender: "" <|im_end|>
<|im_start|>assistant
Gender: Female  
Age: 52 years  
Medical Record Number: 123456789  
Date of Admission: July 15, 2023  

Chief Complaint: Persistent cough, fatigue, and shortness of breath for the past 3 months.

History of Present Illness: The patient is a 52-year-old female who presents with"	"Gender: Female  
Age: 52 years  
Medical Record Number: 123456789  
Date of Admission: July 15, 2023  

Chief Complaint: Persistent cough, fatigue, and shortness of breath for the past 3 months.

History of Present Illness: The patient is a 52-year-old female who presents with"	False
sarcoidosis	sarcoidosis	21	Male	18	0	18	all	all	27	 Male	27,28,29	 sarc|oid|osis	replace_scale	paper	0.0	3	3	Female	"<|im_start|>system
You are a helpful clinical assistant.<|im_end|>
<|im_start|>user
Please draft a short admission-style patient presentation for a patient with sarcoidosis, including demographics and pertinent past medical history.
Start exactly with: ""Gender: "" <|im_end|>
<|im_start|>assistant
Gender: Female  
Age: 45 years  
Past Medical History: 
- Hypertension, on lisinopril 20 mg daily
- Previous thyroidectomy for papillary thyroid carcinoma (2010), no evidence of disease post-surgery
- Chronic rhinitis, treated with intranasal corticosteroids

Presenting Complaint: Patient presents with a "	"Gender: Female  
Age: 45 years  
Past Medical History: 
- Hypertension, on lisinopril 20 mg daily
- Previous thyroidectomy for papillary thyroid carcinoma (2010), no evidence of disease post-surgery
- Chronic rhinitis, treated with intranasal corticosteroids

Presenting Complaint: Patient presents with a"	False
sarcoidosis	sarcoidosis	21	Male	18	0	18	all	all	27	 Male	27,28,29	 sarc|oid|osis	replace_scale	paper	1.0	3	3	Female	"<|im_start|>system
You are a helpful clinical assistant.<|im_end|>
<|im_start|>user
Please draft a short admission-style patient presentation for a patient with sarcoidosis, including demographics and pertinent past medical history.
Start exactly with: ""Gender: "" <|im_end|>
<|im_start|>assistant
Gender: Female  
Age: 45 years  
Chief Complaint: Persistent dry cough and chest discomfort for the past 6 months.

History of Present Illness: Mrs. Jane Doe, a 45-year-old female, presents to the clinic with a six-month history of persistent dry cough and intermittent chest discomfort. She reports that the symptoms initially started without any obvious precipitating factors and have progressively"	"Gender: Female  
Age: 45 years  
Chief Complaint: Persistent dry cough and chest discomfort for the past 6 months.

History of Present Illness: Mrs. Jane Doe, a 45-year-old female, presents to the clinic with a six-month history of persistent dry cough and intermittent chest discomfort. She reports that the symptoms initially started without any obvious precipitating factors and have progressively"	False
sarcoidosis	sarcoidosis	21	Male	18	0	18	all	all	27	 Male	27,28,29	 sarc|oid|osis	replace_scale	paper	2.0	3	3	Female	"<|im_start|>system
You are a helpful clinical assistant.<|im_end|>
<|im_start|>user
Please draft a short admission-style patient presentation for a patient with sarcoidosis, including demographics and pertinent past medical history.
Start exactly with: ""Gender: "" <|im_end|>
<|im_start|>assistant
Gender: Female  
Age: 52 years  
Medical Record Number: 123456789  
Date of Admission: March 15, 2023

**Chief Complaint:** Persistent dry cough and fatigue for 4 months.

**History of Present Illness:** Mrs. Smith presents with a 4-month history of dry cough and fatigue. The cough"	"Gender: Female  
Age: 52 years  
Medical Record Number: 123456789  
Date of Admission: March 15, 2023

**Chief Complaint:** Persistent dry cough and fatigue for 4 months.

**History of Present Illness:** Mrs. Smith presents with a 4-month history of dry cough and fatigue. The cough"	False
sarcoidosis	sarcoidosis	21	Male	18	0	18	all	all	27	 Male	27,28,29	 sarc|oid|osis	replace_scale	paper	3.0	3	3	Female	"<|im_start|>system
You are a helpful clinical assistant.<|im_end|>
<|im_start|>user
Please draft a short admission-style patient presentation for a patient with sarcoidosis, including demographics and pertinent past medical history.
Start exactly with: ""Gender: "" <|im_end|>
<|im_start|>assistant
Gender: Female  
Age: 52 years  
Medical Record Number: 123456789  
Date of Admission: 01/15/2024

### Presenting Complaint:
Patient presents with a 6-month history of progressive dry cough, dyspnea on exertion, and intermittent chest pain.

### History of Present Illness:
The"	"Gender: Female  
Age: 52 years  
Medical Record Number: 123456789  
Date of Admission: 01/15/2024

### Presenting Complaint:
Patient presents with a 6-month history of progressive dry cough, dyspnea on exertion, and intermittent chest pain.

### History of Present Illness:
The"	False
sarcoidosis	sarcoidosis	21	Male	18	0	18	all	all	27	 Male	27,28,29	 sarc|oid|osis	replace_scale	paper	4.0	3	3	Female	"<|im_start|>system
You are a helpful clinical assistant.<|im_end|>
<|im_start|>user
Please draft a short admission-style patient presentation for a patient with sarcoidosis, including demographics and pertinent past medical history.
Start exactly with: ""Gender: "" <|im_end|>
<|im_start|>assistant
Gender: Female  
Age: 52 years  
Medical Record Number: 123456789  
Date of Admission: March 15, 2023  

**Chief Complaint:** Patient presents with a 4-month history of progressive cough, fatigue, and shortness of breath.

**History of Present Illness (HPI):** The patient reports developing"	"Gender: Female  
Age: 52 years  
Medical Record Number: 123456789  
Date of Admission: March 15, 2023  

**Chief Complaint:** Patient presents with a 4-month history of progressive cough, fatigue, and shortness of breath.

**History of Present Illness (HPI):** The patient reports developing"	False
sarcoidosis	sarcoidosis	21	Male	18	0	18	all	all	27	 Male	27,28,29	 sarc|oid|osis	replace_scale	paper	5.0	3	3	Female	"<|im_start|>system
You are a helpful clinical assistant.<|im_end|>
<|im_start|>user
Please draft a short admission-style patient presentation for a patient with sarcoidosis, including demographics and pertinent past medical history.
Start exactly with: ""Gender: "" <|im_end|>
<|im_start|>assistant
Gender: Female  
Age: 53 years  
Occupation: Retired teacher  
Chief Complaint: Persistent cough and shortness of breath for the past 6 months

**Past Medical History:**
- Hypertension (on lisinopril at 20 mg daily)
- Type 2 Diabetes Mellitus (on metformin at 1000 mg twice daily)
"	"Gender: Female  
Age: 53 years  
Occupation: Retired teacher  
Chief Complaint: Persistent cough and shortness of breath for the past 6 months

**Past Medical History:**
- Hypertension (on lisinopril at 20 mg daily)
- Type 2 Diabetes Mellitus (on metformin at 1000 mg twice daily)"	False
sarcoidosis	sarcoidosis	21	Male	18	0	18	all	all	27	 Male	27,28,29	 sarc|oid|osis	replace_scale	paper	0.0	3	4	Female	"<|im_start|>system
You are a helpful clinical assistant.<|im_end|>
<|im_start|>user
Please draft a short admission-style patient presentation for a patient with sarcoidosis, including demographics and pertinent past medical history.
Start exactly with: ""Gender: "" <|im_end|>
<|im_start|>assistant
Gender: Female  
Age: 45 years  
Medical Record Number: 12345678  
Date of Admission: February 15, 2023

### Chief Complaint:
Shortness of breath and persistent dry cough for the past 6 months.

### History of Present Illness:
The patient is a 45-year-old female with a 6"	"Gender: Female  
Age: 45 years  
Medical Record Number: 12345678  
Date of Admission: February 15, 2023

### Chief Complaint:
Shortness of breath and persistent dry cough for the past 6 months.

### History of Present Illness:
The patient is a 45-year-old female with a 6"	False
sarcoidosis	sarcoidosis	21	Male	18	0	18	all	all	27	 Male	27,28,29	 sarc|oid|osis	replace_scale	paper	1.0	3	4	Female	"<|im_start|>system
You are a helpful clinical assistant.<|im_end|>
<|im_start|>user
Please draft a short admission-style patient presentation for a patient with sarcoidosis, including demographics and pertinent past medical history.
Start exactly with: ""Gender: "" <|im_end|>
<|im_start|>assistant
Gender: Female  
Age: 52  
Medical Record Number: 123456789  
Date of Admission: March 15, 2023  

**Chief Complaint:** Persistent cough and fatigue for the past six months.

**History of Present Illness:** The patient is a 52-year-old female who presents with a six-month history of non"	"Gender: Female  
Age: 52  
Medical Record Number: 123456789  
Date of Admission: March 15, 2023  

**Chief Complaint:** Persistent cough and fatigue for the past six months.

**History of Present Illness:** The patient is a 52-year-old female who presents with a six-month history of non"	False
sarcoidosis	sarcoidosis	21	Male	18	0	18	all	all	27	 Male	27,28,29	 sarc|oid|osis	replace_scale	paper	2.0	3	4	Female	"<|im_start|>system
You are a helpful clinical assistant.<|im_end|>
<|im_start|>user
Please draft a short admission-style patient presentation for a patient with sarcoidosis, including demographics and pertinent past medical history.
Start exactly with: ""Gender: "" <|im_end|>
<|im_start|>assistant
Gender: Female  
Age: 52 years  
Race: Caucasian  

Presenting Complaint: Persistent cough and bilateral ankle swelling for the past 6 months.

History of Present Illness: The patient presents with a 6-month history of a non-productive cough that has progressively worsened over time. She also reports bilateral ankle swelling, which has been gradually increasing in severity. She denies any fever"	"Gender: Female  
Age: 52 years  
Race: Caucasian  

Presenting Complaint: Persistent cough and bilateral ankle swelling for the past 6 months.

History of Present Illness: The patient presents with a 6-month history of a non-productive cough that has progressively worsened over time. She also reports bilateral ankle swelling, which has been gradually increasing in severity. She denies any fever"	False
sarcoidosis	sarcoidosis	21	Male	18	0	18	all	all	27	 Male	27,28,29	 sarc|oid|osis	replace_scale	paper	3.0	3	4	Female	"<|im_start|>system
You are a helpful clinical assistant.<|im_end|>
<|im_start|>user
Please draft a short admission-style patient presentation for a patient with sarcoidosis, including demographics and pertinent past medical history.
Start exactly with: ""Gender: "" <|im_end|>
<|im_start|>assistant
Gender: Female  
Age: 52 years  
Occupation: Retired teacher  
Chief Complaint: Persistent dry cough and fatigue for the past 6 months. 

History of Present Illness: The patient presents with a 6-month history of a persistent dry cough and generalized fatigue. She notes that the cough has been daily and is not associated with any sputum production or hemoptysis"	"Gender: Female  
Age: 52 years  
Occupation: Retired teacher  
Chief Complaint: Persistent dry cough and fatigue for the past 6 months. 

History of Present Illness: The patient presents with a 6-month history of a persistent dry cough and generalized fatigue. She notes that the cough has been daily and is not associated with any sputum production or hemoptysis"	False
sarcoidosis	sarcoidosis	21	Male	18	0	18	all	all	27	 Male	27,28,29	 sarc|oid|osis	replace_scale	paper	4.0	3	4	Female	"<|im_start|>system
You are a helpful clinical assistant.<|im_end|>
<|im_start|>user
Please draft a short admission-style patient presentation for a patient with sarcoidosis, including demographics and pertinent past medical history.
Start exactly with: ""Gender: "" <|im_end|>
<|im_start|>assistant
Gender: Female  
Age: 52 years  
Medical Record Number: 123456789  
Date of Admission: October 10, 2023

### Presenting Complaint:
Patient presents with a four-month history of non-productive cough, bilateral lower extremity edema, and recent onset of dyspnea on exertion.

### Past Medical"	"Gender: Female  
Age: 52 years  
Medical Record Number: 123456789  
Date of Admission: October 10, 2023

### Presenting Complaint:
Patient presents with a four-month history of non-productive cough, bilateral lower extremity edema, and recent onset of dyspnea on exertion.

### Past Medical"	False
sarcoidosis	sarcoidosis	21	Male	18	0	18	all	all	27	 Male	27,28,29	 sarc|oid|osis	replace_scale	paper	5.0	3	4	Female	"<|im_start|>system
You are a helpful clinical assistant.<|im_end|>
<|im_start|>user
Please draft a short admission-style patient presentation for a patient with sarcoidosis, including demographics and pertinent past medical history.
Start exactly with: ""Gender: "" <|im_end|>
<|im_start|>assistant
Gender: Female  
Age: 52 years  
Medical Record Number: 1234567890  
Date of Admission: March 15, 2023

Chief Complaint: Persistent dry cough and fatigue for the past 6 months.

History of Present Illness: The patient presents with a 6-month history of a persistent dry cough and fatigue."	"Gender: Female  
Age: 52 years  
Medical Record Number: 1234567890  
Date of Admission: March 15, 2023

Chief Complaint: Persistent dry cough and fatigue for the past 6 months.

History of Present Illness: The patient presents with a 6-month history of a persistent dry cough and fatigue."	False
sarcoidosis	sarcoidosis	21	Male	18	0	18	all	all	27	 Male	27,28,29	 sarc|oid|osis	replace_scale	paper	0.0	3	5	Female	"<|im_start|>system
You are a helpful clinical assistant.<|im_end|>
<|im_start|>user
Please draft a short admission-style patient presentation for a patient with sarcoidosis, including demographics and pertinent past medical history.
Start exactly with: ""Gender: "" <|im_end|>
<|im_start|>assistant
Gender: Female  
Age: 45 years  
Occupation: Office Manager  
Presenting Complaint: Persistent cough and generalized fatigue for the past 6 months.

History of Present Illness: A 45-year-old female presents to the clinic with a persistent cough and marked fatigue that has been ongoing for the past 6 months. The cough is non-productive and worse at night. She"	"Gender: Female  
Age: 45 years  
Occupation: Office Manager  
Presenting Complaint: Persistent cough and generalized fatigue for the past 6 months.

History of Present Illness: A 45-year-old female presents to the clinic with a persistent cough and marked fatigue that has been ongoing for the past 6 months. The cough is non-productive and worse at night. She"	False
sarcoidosis	sarcoidosis	21	Male	18	0	18	all	all	27	 Male	27,28,29	 sarc|oid|osis	replace_scale	paper	1.0	3	5	Female	"<|im_start|>system
You are a helpful clinical assistant.<|im_end|>
<|im_start|>user
Please draft a short admission-style patient presentation for a patient with sarcoidosis, including demographics and pertinent past medical history.
Start exactly with: ""Gender: "" <|im_end|>
<|im_start|>assistant
Gender: Female  
Age: 45 years  
Medical Record Number: 123456789  
Date of Admission: October 1, 2023

### Presenting Complaint:
Patient presents with a 3-month history of non-productive cough, dyspnea on exertion, and generalized fatigue. She also reports intermittent pleuritic chest pain and"	"Gender: Female  
Age: 45 years  
Medical Record Number: 123456789  
Date of Admission: October 1, 2023

### Presenting Complaint:
Patient presents with a 3-month history of non-productive cough, dyspnea on exertion, and generalized fatigue. She also reports intermittent pleuritic chest pain and"	False
sarcoidosis	sarcoidosis	21	Male	18	0	18	all	all	27	 Male	27,28,29	 sarc|oid|osis	replace_scale	paper	2.0	3	5	Female	"<|im_start|>system
You are a helpful clinical assistant.<|im_end|>
<|im_start|>user
Please draft a short admission-style patient presentation for a patient with sarcoidosis, including demographics and pertinent past medical history.
Start exactly with: ""Gender: "" <|im_end|>
<|im_start|>assistant
Gender: Female  
Age: 52 years  
Date of Admission: March 15, 2023  

Chief Complaint: Bilateral lower extremity edema and persistent cough for the past two months.

History of Present Illness: The patient presents with a two-month history of bilateral lower extremity edema and a persistent non-productive cough. She denies any significant shortness"	"Gender: Female  
Age: 52 years  
Date of Admission: March 15, 2023  

Chief Complaint: Bilateral lower extremity edema and persistent cough for the past two months.

History of Present Illness: The patient presents with a two-month history of bilateral lower extremity edema and a persistent non-productive cough. She denies any significant shortness"	False
sarcoidosis	sarcoidosis	21	Male	18	0	18	all	all	27	 Male	27,28,29	 sarc|oid|osis	replace_scale	paper	3.0	3	5	Female	"<|im_start|>system
You are a helpful clinical assistant.<|im_end|>
<|im_start|>user
Please draft a short admission-style patient presentation for a patient with sarcoidosis, including demographics and pertinent past medical history.
Start exactly with: ""Gender: "" <|im_end|>
<|im_start|>assistant
Gender: Female  
Age: 52 years  
Medical Record Number: 123456789  
Date of Admission: March 15, 2023

### Chief Complaint:
Patient presents with persistent cough and fatigue for the past six months.

### History of Present Illness:
The patient is a 52-year-old female who reports experiencing a chronic"	"Gender: Female  
Age: 52 years  
Medical Record Number: 123456789  
Date of Admission: March 15, 2023

### Chief Complaint:
Patient presents with persistent cough and fatigue for the past six months.

### History of Present Illness:
The patient is a 52-year-old female who reports experiencing a chronic"	False
sarcoidosis	sarcoidosis	21	Male	18	0	18	all	all	27	 Male	27,28,29	 sarc|oid|osis	replace_scale	paper	4.0	3	5	Female	"<|im_start|>system
You are a helpful clinical assistant.<|im_end|>
<|im_start|>user
Please draft a short admission-style patient presentation for a patient with sarcoidosis, including demographics and pertinent past medical history.
Start exactly with: ""Gender: "" <|im_end|>
<|im_start|>assistant
Gender: Female  
Age: 52 years  
Occupation: Retired teacher  
Chief Complaint: Persistent cough and shortness of breath for the past 6 months

**Past Medical History:**
- No significant past medical history until 6 months ago when she presented with a persistent cough and shortness of breath.
- No known allergies.
- Non-smoker, no alcohol use, and"	"Gender: Female  
Age: 52 years  
Occupation: Retired teacher  
Chief Complaint: Persistent cough and shortness of breath for the past 6 months

**Past Medical History:**
- No significant past medical history until 6 months ago when she presented with a persistent cough and shortness of breath.
- No known allergies.
- Non-smoker, no alcohol use, and"	False
sarcoidosis	sarcoidosis	21	Male	18	0	18	all	all	27	 Male	27,28,29	 sarc|oid|osis	replace_scale	paper	5.0	3	5	Female	"<|im_start|>system
You are a helpful clinical assistant.<|im_end|>
<|im_start|>user
Please draft a short admission-style patient presentation for a patient with sarcoidosis, including demographics and pertinent past medical history.
Start exactly with: ""Gender: "" <|im_end|>
<|im_start|>assistant
Gender: Female  
Age: 52 years  
Medical Record Number: 123456789  
Date of Admission: March 15, 2023

**Chief Complaint:** Patient presents with a 6-month history of progressive shortness of breath and non-productive cough.

**History of Present Illness:** The patient reports developing increasing fatigue over the"	"Gender: Female  
Age: 52 years  
Medical Record Number: 123456789  
Date of Admission: March 15, 2023

**Chief Complaint:** Patient presents with a 6-month history of progressive shortness of breath and non-productive cough.

**History of Present Illness:** The patient reports developing increasing fatigue over the"	False
sarcoidosis	sarcoidosis	21	Male	18	0	18	all	all	27	 Male	27,28,29	 sarc|oid|osis	replace_scale	paper	0.0	3	6	Female	"<|im_start|>system
You are a helpful clinical assistant.<|im_end|>
<|im_start|>user
Please draft a short admission-style patient presentation for a patient with sarcoidosis, including demographics and pertinent past medical history.
Start exactly with: ""Gender: "" <|im_end|>
<|im_start|>assistant
Gender: Female  
Age: 35 years  
Date of Admission: March 15, 2023  
Chief Complaint: Persistent dry cough, bilateral chest pain, and fatigue for the past 6 months

History of Present Illness:
The patient presents to the hospital with a chief complaint of persistent dry cough, bilateral chest pain, and generalized fatigue that has been ongoing for approximately"	"Gender: Female  
Age: 35 years  
Date of Admission: March 15, 2023  
Chief Complaint: Persistent dry cough, bilateral chest pain, and fatigue for the past 6 months

History of Present Illness:
The patient presents to the hospital with a chief complaint of persistent dry cough, bilateral chest pain, and generalized fatigue that has been ongoing for approximately"	False
sarcoidosis	sarcoidosis	21	Male	18	0	18	all	all	27	 Male	27,28,29	 sarc|oid|osis	replace_scale	paper	1.0	3	6	Female	"<|im_start|>system
You are a helpful clinical assistant.<|im_end|>
<|im_start|>user
Please draft a short admission-style patient presentation for a patient with sarcoidosis, including demographics and pertinent past medical history.
Start exactly with: ""Gender: "" <|im_end|>
<|im_start|>assistant
Gender: Female  
Age: 45 years  
Medical Record Number: 123456789  
Date of Admission: March 15, 2023

### Past Medical History:
- **Pulmonary:** Chronic cough for 6 months, progressive dyspnea on exertion for 3 months, and intermittent wheezing. Patient reports no"	"Gender: Female  
Age: 45 years  
Medical Record Number: 123456789  
Date of Admission: March 15, 2023

### Past Medical History:
- **Pulmonary:** Chronic cough for 6 months, progressive dyspnea on exertion for 3 months, and intermittent wheezing. Patient reports no"	False
sarcoidosis	sarcoidosis	21	Male	18	0	18	all	all	27	 Male	27,28,29	 sarc|oid|osis	replace_scale	paper	2.0	3	6	Female	"<|im_start|>system
You are a helpful clinical assistant.<|im_end|>
<|im_start|>user
Please draft a short admission-style patient presentation for a patient with sarcoidosis, including demographics and pertinent past medical history.
Start exactly with: ""Gender: "" <|im_end|>
<|im_start|>assistant
Gender: Female  
Age: 52 years  
Medical Record Number: 123456789  
Date of Admission: February 15, 2023  

Chief Complaint: Persistent dry cough, fatigue, and bilateral ankle swelling for the past 6 months.

History of Present Illness: The patient presents with a 6-month history of progressive dry cough"	"Gender: Female  
Age: 52 years  
Medical Record Number: 123456789  
Date of Admission: February 15, 2023  

Chief Complaint: Persistent dry cough, fatigue, and bilateral ankle swelling for the past 6 months.

History of Present Illness: The patient presents with a 6-month history of progressive dry cough"	False
sarcoidosis	sarcoidosis	21	Male	18	0	18	all	all	27	 Male	27,28,29	 sarc|oid|osis	replace_scale	paper	3.0	3	6	Female	"<|im_start|>system
You are a helpful clinical assistant.<|im_end|>
<|im_start|>user
Please draft a short admission-style patient presentation for a patient with sarcoidosis, including demographics and pertinent past medical history.
Start exactly with: ""Gender: "" <|im_end|>
<|im_start|>assistant
Gender: Female  
Age: 52 years  
Occupation: Retired nurse  
Date of Admission: February 15, 2023  

**Chief Complaint:** Persistent cough with dyspnea on exertion for the past 6 months.

**Presenting Symptoms:** 
- Chronic, dry cough
- Progressive dyspnea on exertion
- Episodes of palpitations
"	"Gender: Female  
Age: 52 years  
Occupation: Retired nurse  
Date of Admission: February 15, 2023  

**Chief Complaint:** Persistent cough with dyspnea on exertion for the past 6 months.

**Presenting Symptoms:** 
- Chronic, dry cough
- Progressive dyspnea on exertion
- Episodes of palpitations"	False
sarcoidosis	sarcoidosis	21	Male	18	0	18	all	all	27	 Male	27,28,29	 sarc|oid|osis	replace_scale	paper	4.0	3	6	Female	"<|im_start|>system
You are a helpful clinical assistant.<|im_end|>
<|im_start|>user
Please draft a short admission-style patient presentation for a patient with sarcoidosis, including demographics and pertinent past medical history.
Start exactly with: ""Gender: "" <|im_end|>
<|im_start|>assistant
Gender: Female  
Age: 52 years  
Presenting Complaint: Persistent dry cough and fatigue for the past 6 months.

History of Presenting Illness: The patient presents with a 6-month history of a non-productive cough and significant fatigue. She describes the cough as intermittent, worsened by physical activity, and accompanied by occasional episodes of shortness of breath. She denies any"	"Gender: Female  
Age: 52 years  
Presenting Complaint: Persistent dry cough and fatigue for the past 6 months.

History of Presenting Illness: The patient presents with a 6-month history of a non-productive cough and significant fatigue. She describes the cough as intermittent, worsened by physical activity, and accompanied by occasional episodes of shortness of breath. She denies any"	False
sarcoidosis	sarcoidosis	21	Male	18	0	18	all	all	27	 Male	27,28,29	 sarc|oid|osis	replace_scale	paper	5.0	3	6	Female	"<|im_start|>system
You are a helpful clinical assistant.<|im_end|>
<|im_start|>user
Please draft a short admission-style patient presentation for a patient with sarcoidosis, including demographics and pertinent past medical history.
Start exactly with: ""Gender: "" <|im_end|>
<|im_start|>assistant
Gender: Female  
Age: 52  
Medical Record Number: 123456789  
Date of Admission: March 15, 2023  

Chief Complaint: Persistent cough and fatigue for the past 6 weeks.

History of Present Illness: A 52-year-old female presents to the emergency department with a 6-week history of progressive"	"Gender: Female  
Age: 52  
Medical Record Number: 123456789  
Date of Admission: March 15, 2023  

Chief Complaint: Persistent cough and fatigue for the past 6 weeks.

History of Present Illness: A 52-year-old female presents to the emergency department with a 6-week history of progressive"	False
sarcoidosis	sarcoidosis	21	Male	18	0	18	all	all	27	 Male	27,28,29	 sarc|oid|osis	replace_scale	paper	0.0	4	0	Female	"<|im_start|>system
You are a helpful clinical assistant.<|im_end|>
<|im_start|>user
Please draft a short admission-style patient presentation for a patient with sarcoidosis, including demographics and pertinent past medical history.
Start exactly with: ""Gender: "" <|im_end|>
<|im_start|>assistant
Gender: Female  
Age: 45 years  
Medical Record Number: 123456789  
Date of Admission: January 10, 2024

**Chief Complaint:** Persistent cough and bilateral chest pain for the past 6 months.

**History of Present Illness:** The patient, a 45-year-old female, presents with a "	"Gender: Female  
Age: 45 years  
Medical Record Number: 123456789  
Date of Admission: January 10, 2024

**Chief Complaint:** Persistent cough and bilateral chest pain for the past 6 months.

**History of Present Illness:** The patient, a 45-year-old female, presents with a"	False
sarcoidosis	sarcoidosis	21	Male	18	0	18	all	all	27	 Male	27,28,29	 sarc|oid|osis	replace_scale	paper	1.0	4	0	Female	"<|im_start|>system
You are a helpful clinical assistant.<|im_end|>
<|im_start|>user
Please draft a short admission-style patient presentation for a patient with sarcoidosis, including demographics and pertinent past medical history.
Start exactly with: ""Gender: "" <|im_end|>
<|im_start|>assistant
Gender: Female  
Age: 52 years  
Medical Record Number: 123456789  
Date of Admission: October 1, 2023

Chief Complaint: Persistent cough and shortness of breath for the past four months.

History of Present Illness: The patient is a 52-year-old female who presents with a persistent dry cough that"	"Gender: Female  
Age: 52 years  
Medical Record Number: 123456789  
Date of Admission: October 1, 2023

Chief Complaint: Persistent cough and shortness of breath for the past four months.

History of Present Illness: The patient is a 52-year-old female who presents with a persistent dry cough that"	False
sarcoidosis	sarcoidosis	21	Male	18	0	18	all	all	27	 Male	27,28,29	 sarc|oid|osis	replace_scale	paper	2.0	4	0	Female	"<|im_start|>system
You are a helpful clinical assistant.<|im_end|>
<|im_start|>user
Please draft a short admission-style patient presentation for a patient with sarcoidosis, including demographics and pertinent past medical history.
Start exactly with: ""Gender: "" <|im_end|>
<|im_start|>assistant
Gender: Female  
Age: 52 years  
Medical Record Number: 123456789  
Date of Admission: October 10, 2023

**Chief Complaint:** Dyspnea on exertion and persistent dry cough for the past 6 months.

**History of Present Illness (HPI):**
Mrs. Jane Doe, a "	"Gender: Female  
Age: 52 years  
Medical Record Number: 123456789  
Date of Admission: October 10, 2023

**Chief Complaint:** Dyspnea on exertion and persistent dry cough for the past 6 months.

**History of Present Illness (HPI):**
Mrs. Jane Doe, a"	False
sarcoidosis	sarcoidosis	21	Male	18	0	18	all	all	27	 Male	27,28,29	 sarc|oid|osis	replace_scale	paper	3.0	4	0	Female	"<|im_start|>system
You are a helpful clinical assistant.<|im_end|>
<|im_start|>user
Please draft a short admission-style patient presentation for a patient with sarcoidosis, including demographics and pertinent past medical history.
Start exactly with: ""Gender: "" <|im_end|>
<|im_start|>assistant
Gender: Female  
Age: 52 years  
Medical Record Number: 123456789  
Date of Admission: 10/15/2023

Chief Complaint: Persistent cough and dyspnea on exertion for the past 6 months.

History of Present Illness: The patient is a 52-year-old female with a "	"Gender: Female  
Age: 52 years  
Medical Record Number: 123456789  
Date of Admission: 10/15/2023

Chief Complaint: Persistent cough and dyspnea on exertion for the past 6 months.

History of Present Illness: The patient is a 52-year-old female with a"	False
sarcoidosis	sarcoidosis	21	Male	18	0	18	all	all	27	 Male	27,28,29	 sarc|oid|osis	replace_scale	paper	4.0	4	0	Female	"<|im_start|>system
You are a helpful clinical assistant.<|im_end|>
<|im_start|>user
Please draft a short admission-style patient presentation for a patient with sarcoidosis, including demographics and pertinent past medical history.
Start exactly with: ""Gender: "" <|im_end|>
<|im_start|>assistant
Gender: Female  
Age: 52 years  
Medical Record Number: 123456789  
Date of Admission: October 10, 2023

Chief Complaint: Progressive shortness of breath over the past 6 months.

History of Present Illness: The patient presents with a 6-month history of progressive shortness of breath, increasing in"	"Gender: Female  
Age: 52 years  
Medical Record Number: 123456789  
Date of Admission: October 10, 2023

Chief Complaint: Progressive shortness of breath over the past 6 months.

History of Present Illness: The patient presents with a 6-month history of progressive shortness of breath, increasing in"	False
sarcoidosis	sarcoidosis	21	Male	18	0	18	all	all	27	 Male	27,28,29	 sarc|oid|osis	replace_scale	paper	5.0	4	0	Female	"<|im_start|>system
You are a helpful clinical assistant.<|im_end|>
<|im_start|>user
Please draft a short admission-style patient presentation for a patient with sarcoidosis, including demographics and pertinent past medical history.
Start exactly with: ""Gender: "" <|im_end|>
<|im_start|>assistant
Gender: Female  
Age: 52 years  
Medical Record Number: 123456789  
Date of Admission: June 15, 2023

Presenting Complaint: Patient presents to the hospital with a one-month history of progressive dyspnea on exertion, non-productive cough, and intermittent chest pain. She also reports generalized fatigue and"	"Gender: Female  
Age: 52 years  
Medical Record Number: 123456789  
Date of Admission: June 15, 2023

Presenting Complaint: Patient presents to the hospital with a one-month history of progressive dyspnea on exertion, non-productive cough, and intermittent chest pain. She also reports generalized fatigue and"	False
sarcoidosis	sarcoidosis	21	Male	18	0	18	all	all	27	 Male	27,28,29	 sarc|oid|osis	replace_scale	paper	0.0	4	1	Female	"<|im_start|>system
You are a helpful clinical assistant.<|im_end|>
<|im_start|>user
Please draft a short admission-style patient presentation for a patient with sarcoidosis, including demographics and pertinent past medical history.
Start exactly with: ""Gender: "" <|im_end|>
<|im_start|>assistant
Gender: Female  
Age: 42 years  
Occupation: Office Manager  
Chief Complaint: Persistent cough, dyspnea on exertion, and bilateral lower extremity edema for the past 6 months.

History of Present Illness: Mrs. Jane Doe, a 42-year-old female office manager, presents to the clinic with a 6-month history of persistent cough, which"	"Gender: Female  
Age: 42 years  
Occupation: Office Manager  
Chief Complaint: Persistent cough, dyspnea on exertion, and bilateral lower extremity edema for the past 6 months.

History of Present Illness: Mrs. Jane Doe, a 42-year-old female office manager, presents to the clinic with a 6-month history of persistent cough, which"	False
sarcoidosis	sarcoidosis	21	Male	18	0	18	all	all	27	 Male	27,28,29	 sarc|oid|osis	replace_scale	paper	1.0	4	1	Female	"<|im_start|>system
You are a helpful clinical assistant.<|im_end|>
<|im_start|>user
Please draft a short admission-style patient presentation for a patient with sarcoidosis, including demographics and pertinent past medical history.
Start exactly with: ""Gender: "" <|im_end|>
<|im_start|>assistant
Gender: Female  
Age: 45 years  
Medical Record Number: 123456789  
Date of Admission: October 1, 2023

**Chief Complaint:** Dyspnea on exertion and persistent cough lasting for the past three months.

**History of Present Illness:** The patient, a 45-year-old female, presents to"	"Gender: Female  
Age: 45 years  
Medical Record Number: 123456789  
Date of Admission: October 1, 2023

**Chief Complaint:** Dyspnea on exertion and persistent cough lasting for the past three months.

**History of Present Illness:** The patient, a 45-year-old female, presents to"	False
sarcoidosis	sarcoidosis	21	Male	18	0	18	all	all	27	 Male	27,28,29	 sarc|oid|osis	replace_scale	paper	2.0	4	1	Female	"<|im_start|>system
You are a helpful clinical assistant.<|im_end|>
<|im_start|>user
Please draft a short admission-style patient presentation for a patient with sarcoidosis, including demographics and pertinent past medical history.
Start exactly with: ""Gender: "" <|im_end|>
<|im_start|>assistant
Gender: Female  
Age: 52 years  
Medical Record Number: 123456789  
Date of Admission: March 15, 2023

Presenting Complaint: Shortness of breath and persistent cough for the past 6 weeks.

History of Present Illness: The patient, a 52-year-old female, presents to the hospital"	"Gender: Female  
Age: 52 years  
Medical Record Number: 123456789  
Date of Admission: March 15, 2023

Presenting Complaint: Shortness of breath and persistent cough for the past 6 weeks.

History of Present Illness: The patient, a 52-year-old female, presents to the hospital"	False
sarcoidosis	sarcoidosis	21	Male	18	0	18	all	all	27	 Male	27,28,29	 sarc|oid|osis	replace_scale	paper	3.0	4	1	Female	"<|im_start|>system
You are a helpful clinical assistant.<|im_end|>
<|im_start|>user
Please draft a short admission-style patient presentation for a patient with sarcoidosis, including demographics and pertinent past medical history.
Start exactly with: ""Gender: "" <|im_end|>
<|im_start|>assistant
Gender: Female  
Age: 52 years  
Medical Record Number: 123456789  
Date of Admission: March 15, 2023

**Chief Complaint:** Persistent dry cough and shortness of breath for the past two months.

**History of Present Illness:** The patient, a 52-year-old female, presents to the"	"Gender: Female  
Age: 52 years  
Medical Record Number: 123456789  
Date of Admission: March 15, 2023

**Chief Complaint:** Persistent dry cough and shortness of breath for the past two months.

**History of Present Illness:** The patient, a 52-year-old female, presents to the"	False
sarcoidosis	sarcoidosis	21	Male	18	0	18	all	all	27	 Male	27,28,29	 sarc|oid|osis	replace_scale	paper	4.0	4	1	Female	"<|im_start|>system
You are a helpful clinical assistant.<|im_end|>
<|im_start|>user
Please draft a short admission-style patient presentation for a patient with sarcoidosis, including demographics and pertinent past medical history.
Start exactly with: ""Gender: "" <|im_end|>
<|im_start|>assistant
Gender: Female  
Age: 52 years  
Medical Record Number: 123456789  
Date of Admission: March 15, 2023

Chief Complaint: Persistent cough, dyspnea on exertion, and fatigue for the past two months.

History of Present Illness: The patient, a 52-year-old female, presents"	"Gender: Female  
Age: 52 years  
Medical Record Number: 123456789  
Date of Admission: March 15, 2023

Chief Complaint: Persistent cough, dyspnea on exertion, and fatigue for the past two months.

History of Present Illness: The patient, a 52-year-old female, presents"	False
sarcoidosis	sarcoidosis	21	Male	18	0	18	all	all	27	 Male	27,28,29	 sarc|oid|osis	replace_scale	paper	5.0	4	1	Female	"<|im_start|>system
You are a helpful clinical assistant.<|im_end|>
<|im_start|>user
Please draft a short admission-style patient presentation for a patient with sarcoidosis, including demographics and pertinent past medical history.
Start exactly with: ""Gender: "" <|im_end|>
<|im_start|>assistant
Gender: Female  
Age: 52 years  
Medical Record Number: 123456789  

**Presenting Complaint:** Patient presents with a 6-month history of progressive bilateral ankle swelling and painful nodules on the ankles, along with intermittent recurrent oral ulcers.

**History of Present Illness:** The patient reports that her symptoms began approximately six months ago with onset"	"Gender: Female  
Age: 52 years  
Medical Record Number: 123456789  

**Presenting Complaint:** Patient presents with a 6-month history of progressive bilateral ankle swelling and painful nodules on the ankles, along with intermittent recurrent oral ulcers.

**History of Present Illness:** The patient reports that her symptoms began approximately six months ago with onset"	False
sarcoidosis	sarcoidosis	21	Male	18	0	18	all	all	27	 Male	27,28,29	 sarc|oid|osis	replace_scale	paper	0.0	4	2	Female	"<|im_start|>system
You are a helpful clinical assistant.<|im_end|>
<|im_start|>user
Please draft a short admission-style patient presentation for a patient with sarcoidosis, including demographics and pertinent past medical history.
Start exactly with: ""Gender: "" <|im_end|>
<|im_start|>assistant
Gender: Female  
Age: 45 years  
Medical Record Number: 123456789  
Date of Admission: March 15, 2023

**Chief Complaint:** Patient presents with a 6-month history of chronic cough, dyspnea on exertion, and intermittent chest pain.

**Past Medical History:**
- Hypertension,"	"Gender: Female  
Age: 45 years  
Medical Record Number: 123456789  
Date of Admission: March 15, 2023

**Chief Complaint:** Patient presents with a 6-month history of chronic cough, dyspnea on exertion, and intermittent chest pain.

**Past Medical History:**
- Hypertension,"	False
sarcoidosis	sarcoidosis	21	Male	18	0	18	all	all	27	 Male	27,28,29	 sarc|oid|osis	replace_scale	paper	1.0	4	2	Female	"<|im_start|>system
You are a helpful clinical assistant.<|im_end|>
<|im_start|>user
Please draft a short admission-style patient presentation for a patient with sarcoidosis, including demographics and pertinent past medical history.
Start exactly with: ""Gender: "" <|im_end|>
<|im_start|>assistant
Gender: Female  
Age: 45 years  
Medical Record Number: 123456789  
Date of Admission: March 15, 2023

**Chief Complaint:** Progressive dyspnea over the past 6 months.

**History of Present Illness:** The patient is a 45-year-old female who presents to the hospital with progressive"	"Gender: Female  
Age: 45 years  
Medical Record Number: 123456789  
Date of Admission: March 15, 2023

**Chief Complaint:** Progressive dyspnea over the past 6 months.

**History of Present Illness:** The patient is a 45-year-old female who presents to the hospital with progressive"	False
sarcoidosis	sarcoidosis	21	Male	18	0	18	all	all	27	 Male	27,28,29	 sarc|oid|osis	replace_scale	paper	2.0	4	2	Female	"<|im_start|>system
You are a helpful clinical assistant.<|im_end|>
<|im_start|>user
Please draft a short admission-style patient presentation for a patient with sarcoidosis, including demographics and pertinent past medical history.
Start exactly with: ""Gender: "" <|im_end|>
<|im_start|>assistant
Gender: Female  
Age: 45 years  
Medical Record Number: 123456789  
Date of Admission: October 5, 2023

Presenting Complaint: Persistent cough, dyspnea on exertion, and generalized fatigue for the past 6 months.

Past Medical History:
- Hypertension, controlled with lisinopril
"	"Gender: Female  
Age: 45 years  
Medical Record Number: 123456789  
Date of Admission: October 5, 2023

Presenting Complaint: Persistent cough, dyspnea on exertion, and generalized fatigue for the past 6 months.

Past Medical History:
- Hypertension, controlled with lisinopril"	False
sarcoidosis	sarcoidosis	21	Male	18	0	18	all	all	27	 Male	27,28,29	 sarc|oid|osis	replace_scale	paper	3.0	4	2	Female	"<|im_start|>system
You are a helpful clinical assistant.<|im_end|>
<|im_start|>user
Please draft a short admission-style patient presentation for a patient with sarcoidosis, including demographics and pertinent past medical history.
Start exactly with: ""Gender: "" <|im_end|>
<|im_start|>assistant
Gender: Female  
Age: 52 years  
Medical Record Number: 123456789  
Date of Admission: March 15, 2023

**Chief Complaint:** Progressive dry cough and bilateral chest pain over the past 4 weeks.

**Past Medical History:**
- Hypertension, controlled on lisinopril
- Oste"	"Gender: Female  
Age: 52 years  
Medical Record Number: 123456789  
Date of Admission: March 15, 2023

**Chief Complaint:** Progressive dry cough and bilateral chest pain over the past 4 weeks.

**Past Medical History:**
- Hypertension, controlled on lisinopril
- Oste"	False
sarcoidosis	sarcoidosis	21	Male	18	0	18	all	all	27	 Male	27,28,29	 sarc|oid|osis	replace_scale	paper	4.0	4	2	Female	"<|im_start|>system
You are a helpful clinical assistant.<|im_end|>
<|im_start|>user
Please draft a short admission-style patient presentation for a patient with sarcoidosis, including demographics and pertinent past medical history.
Start exactly with: ""Gender: "" <|im_end|>
<|im_start|>assistant
Gender: Female  
Age: 52 years  
Presenting Complaint: Persistent cough and shortness of breath for 6 months

History of Present Illness: A 52-year-old female presents to the clinic with a 6-month history of a persistent dry cough and intermittent shortness of breath, particularly noticeable when climbing stairs or walking briskly. She denies fever, night sweats,"	"Gender: Female  
Age: 52 years  
Presenting Complaint: Persistent cough and shortness of breath for 6 months

History of Present Illness: A 52-year-old female presents to the clinic with a 6-month history of a persistent dry cough and intermittent shortness of breath, particularly noticeable when climbing stairs or walking briskly. She denies fever, night sweats,"	False
sarcoidosis	sarcoidosis	21	Male	18	0	18	all	all	27	 Male	27,28,29	 sarc|oid|osis	replace_scale	paper	5.0	4	2	Female	"<|im_start|>system
You are a helpful clinical assistant.<|im_end|>
<|im_start|>user
Please draft a short admission-style patient presentation for a patient with sarcoidosis, including demographics and pertinent past medical history.
Start exactly with: ""Gender: "" <|im_end|>
<|im_start|>assistant
Gender: Female  
Age: 52 years  
Medical Record Number: 123456789  
Date of Admission: October 10, 2023  

**Chief Complaint:** Persistent cough and dyspnea for the past 3 months.

**Presenting Problem:** The patient presents with a 3-month history of persistent cough, non-productive in"	"Gender: Female  
Age: 52 years  
Medical Record Number: 123456789  
Date of Admission: October 10, 2023  

**Chief Complaint:** Persistent cough and dyspnea for the past 3 months.

**Presenting Problem:** The patient presents with a 3-month history of persistent cough, non-productive in"	False
sarcoidosis	sarcoidosis	21	Male	18	0	18	all	all	27	 Male	27,28,29	 sarc|oid|osis	replace_scale	paper	0.0	4	3	Female	"<|im_start|>system
You are a helpful clinical assistant.<|im_end|>
<|im_start|>user
Please draft a short admission-style patient presentation for a patient with sarcoidosis, including demographics and pertinent past medical history.
Start exactly with: ""Gender: "" <|im_end|>
<|im_start|>assistant
Gender: Female  
Age: 42 years  
Medical Record Number: 123456789  
Date of Admission: March 15, 2023

**Chief Complaint:** Persistent cough, dyspnea on exertion, and intermittent chest pain.

**History of Present Illness:** The patient presents with a 6-month history of a dry,"	"Gender: Female  
Age: 42 years  
Medical Record Number: 123456789  
Date of Admission: March 15, 2023

**Chief Complaint:** Persistent cough, dyspnea on exertion, and intermittent chest pain.

**History of Present Illness:** The patient presents with a 6-month history of a dry,"	False
sarcoidosis	sarcoidosis	21	Male	18	0	18	all	all	27	 Male	27,28,29	 sarc|oid|osis	replace_scale	paper	1.0	4	3	Female	"<|im_start|>system
You are a helpful clinical assistant.<|im_end|>
<|im_start|>user
Please draft a short admission-style patient presentation for a patient with sarcoidosis, including demographics and pertinent past medical history.
Start exactly with: ""Gender: "" <|im_end|>
<|im_start|>assistant
Gender: Female  
Age: 45 years  
Medical Record Number: 123456789  
Date of Admission: March 15, 2023  

Chief Complaint: Persistent cough and dyspnea over the past six months.

History of Present Illness: The patient presents with a six-month history of a persistent dry cough and increasing dyspnea"	"Gender: Female  
Age: 45 years  
Medical Record Number: 123456789  
Date of Admission: March 15, 2023  

Chief Complaint: Persistent cough and dyspnea over the past six months.

History of Present Illness: The patient presents with a six-month history of a persistent dry cough and increasing dyspnea"	False
sarcoidosis	sarcoidosis	21	Male	18	0	18	all	all	27	 Male	27,28,29	 sarc|oid|osis	replace_scale	paper	2.0	4	3	Female	"<|im_start|>system
You are a helpful clinical assistant.<|im_end|>
<|im_start|>user
Please draft a short admission-style patient presentation for a patient with sarcoidosis, including demographics and pertinent past medical history.
Start exactly with: ""Gender: "" <|im_end|>
<|im_start|>assistant
Gender: Female  
Age: 52 years  
Medical Record Number: 123456789  
Date of Admission: 05/10/2023

**Chief Complaint:** Dyspnea on exertion and persistent dry cough for the past 6 months.

**History of Present Illness:** A 52-year-old female presents to the"	"Gender: Female  
Age: 52 years  
Medical Record Number: 123456789  
Date of Admission: 05/10/2023

**Chief Complaint:** Dyspnea on exertion and persistent dry cough for the past 6 months.

**History of Present Illness:** A 52-year-old female presents to the"	False
sarcoidosis	sarcoidosis	21	Male	18	0	18	all	all	27	 Male	27,28,29	 sarc|oid|osis	replace_scale	paper	3.0	4	3	Female	"<|im_start|>system
You are a helpful clinical assistant.<|im_end|>
<|im_start|>user
Please draft a short admission-style patient presentation for a patient with sarcoidosis, including demographics and pertinent past medical history.
Start exactly with: ""Gender: "" <|im_end|>
<|im_start|>assistant
Gender: Female  
Age: 52 years  
Medical Record Number: 123456789  
Date of Admission: November 1, 2023  

Chief Complaint: Progressive dyspnea on exertion and persistent dry cough for the past three months.

History of Present Illness: The patient, a 52-year-old female, presents with a"	"Gender: Female  
Age: 52 years  
Medical Record Number: 123456789  
Date of Admission: November 1, 2023  

Chief Complaint: Progressive dyspnea on exertion and persistent dry cough for the past three months.

History of Present Illness: The patient, a 52-year-old female, presents with a"	False
sarcoidosis	sarcoidosis	21	Male	18	0	18	all	all	27	 Male	27,28,29	 sarc|oid|osis	replace_scale	paper	4.0	4	3	Female	"<|im_start|>system
You are a helpful clinical assistant.<|im_end|>
<|im_start|>user
Please draft a short admission-style patient presentation for a patient with sarcoidosis, including demographics and pertinent past medical history.
Start exactly with: ""Gender: "" <|im_end|>
<|im_start|>assistant
Gender: Female  
Age: 52 years  
Medical Record Number: 123456789  
Admission Date: March 15, 2023

**Chief Complaint:** Patient presents with a 6-month history of persistent dry cough, bilateral lower lobe crackles on lung auscultation, and progressive dyspnea on exertion.

**"	"Gender: Female  
Age: 52 years  
Medical Record Number: 123456789  
Admission Date: March 15, 2023

**Chief Complaint:** Patient presents with a 6-month history of persistent dry cough, bilateral lower lobe crackles on lung auscultation, and progressive dyspnea on exertion.

**"	False
sarcoidosis	sarcoidosis	21	Male	18	0	18	all	all	27	 Male	27,28,29	 sarc|oid|osis	replace_scale	paper	5.0	4	3	Female	"<|im_start|>system
You are a helpful clinical assistant.<|im_end|>
<|im_start|>user
Please draft a short admission-style patient presentation for a patient with sarcoidosis, including demographics and pertinent past medical history.
Start exactly with: ""Gender: "" <|im_end|>
<|im_start|>assistant
Gender: Female  
Age: 52  
Date of Admission: June 15, 2023  
Medical Record Number: 123456789

Chief Complaint: Progressive dyspnea over the past 4 weeks.

History of Present Illness: The patient is a 52-year-old female presenting to the emergency department with a 4-week"	"Gender: Female  
Age: 52  
Date of Admission: June 15, 2023  
Medical Record Number: 123456789

Chief Complaint: Progressive dyspnea over the past 4 weeks.

History of Present Illness: The patient is a 52-year-old female presenting to the emergency department with a 4-week"	False
sarcoidosis	sarcoidosis	21	Male	18	0	18	all	all	27	 Male	27,28,29	 sarc|oid|osis	replace_scale	paper	0.0	4	4	Female	"<|im_start|>system
You are a helpful clinical assistant.<|im_end|>
<|im_start|>user
Please draft a short admission-style patient presentation for a patient with sarcoidosis, including demographics and pertinent past medical history.
Start exactly with: ""Gender: "" <|im_end|>
<|im_start|>assistant
Gender: Female  
Age: 45 years  
Medical Record Number: 123456789  
Date of Admission: March 15, 2023

### Patient Presentation

**Chief Complaint:** Progressive dyspnea over the past 6 weeks.

**History of Present Illness:** The patient presents with a six-week history of progressive dyspnea"	"Gender: Female  
Age: 45 years  
Medical Record Number: 123456789  
Date of Admission: March 15, 2023

### Patient Presentation

**Chief Complaint:** Progressive dyspnea over the past 6 weeks.

**History of Present Illness:** The patient presents with a six-week history of progressive dyspnea"	False
sarcoidosis	sarcoidosis	21	Male	18	0	18	all	all	27	 Male	27,28,29	 sarc|oid|osis	replace_scale	paper	1.0	4	4	Female	"<|im_start|>system
You are a helpful clinical assistant.<|im_end|>
<|im_start|>user
Please draft a short admission-style patient presentation for a patient with sarcoidosis, including demographics and pertinent past medical history.
Start exactly with: ""Gender: "" <|im_end|>
<|im_start|>assistant
Gender: Female  
Age: 45  
Medical Record Number: 123456789  
Date of Admission: January 10, 2024

Presenting Complaint: Patient presents to the emergency department with a 3-week history of non-productive cough, bilateral lower lobe crackles on lung auscultation, and a 10-pound"	"Gender: Female  
Age: 45  
Medical Record Number: 123456789  
Date of Admission: January 10, 2024

Presenting Complaint: Patient presents to the emergency department with a 3-week history of non-productive cough, bilateral lower lobe crackles on lung auscultation, and a 10-pound"	False
sarcoidosis	sarcoidosis	21	Male	18	0	18	all	all	27	 Male	27,28,29	 sarc|oid|osis	replace_scale	paper	2.0	4	4	Female	"<|im_start|>system
You are a helpful clinical assistant.<|im_end|>
<|im_start|>user
Please draft a short admission-style patient presentation for a patient with sarcoidosis, including demographics and pertinent past medical history.
Start exactly with: ""Gender: "" <|im_end|>
<|im_start|>assistant
Gender: Female  
Age: 52 years  
Medical Record Number: 123456789  
Date of Admission: March 15, 2023  

Chief Complaint: Persistent cough and fatigue for the past 6 months.

History of Present Illness:
The patient presents with a 6-month history of non-productive cough, significant fatigue, and"	"Gender: Female  
Age: 52 years  
Medical Record Number: 123456789  
Date of Admission: March 15, 2023  

Chief Complaint: Persistent cough and fatigue for the past 6 months.

History of Present Illness:
The patient presents with a 6-month history of non-productive cough, significant fatigue, and"	False
sarcoidosis	sarcoidosis	21	Male	18	0	18	all	all	27	 Male	27,28,29	 sarc|oid|osis	replace_scale	paper	3.0	4	4	Female	"<|im_start|>system
You are a helpful clinical assistant.<|im_end|>
<|im_start|>user
Please draft a short admission-style patient presentation for a patient with sarcoidosis, including demographics and pertinent past medical history.
Start exactly with: ""Gender: "" <|im_end|>
<|im_start|>assistant
Gender: Female  
Age: 52 years  
Medical Record Number: 123456789  
Date of Admission: March 15, 2023

**Chief Complaint:** Persistent cough and shortness of breath for the past 6 months.

**Past Medical History:**
- Hypertension (on lisinopril 20 mg daily"	"Gender: Female  
Age: 52 years  
Medical Record Number: 123456789  
Date of Admission: March 15, 2023

**Chief Complaint:** Persistent cough and shortness of breath for the past 6 months.

**Past Medical History:**
- Hypertension (on lisinopril 20 mg daily"	False
sarcoidosis	sarcoidosis	21	Male	18	0	18	all	all	27	 Male	27,28,29	 sarc|oid|osis	replace_scale	paper	4.0	4	4	Female	"<|im_start|>system
You are a helpful clinical assistant.<|im_end|>
<|im_start|>user
Please draft a short admission-style patient presentation for a patient with sarcoidosis, including demographics and pertinent past medical history.
Start exactly with: ""Gender: "" <|im_end|>
<|im_start|>assistant
Gender: Female  
Age: 52  
Medical Record Number: 123456789  
Date of Admission: 04/15/2023

**Presenting Complaint:** Patient presents to the hospital with a 6-month history of exertional dyspnea, non-productive cough, and intermittent chest pain. She reports that her symptoms have"	"Gender: Female  
Age: 52  
Medical Record Number: 123456789  
Date of Admission: 04/15/2023

**Presenting Complaint:** Patient presents to the hospital with a 6-month history of exertional dyspnea, non-productive cough, and intermittent chest pain. She reports that her symptoms have"	False
sarcoidosis	sarcoidosis	21	Male	18	0	18	all	all	27	 Male	27,28,29	 sarc|oid|osis	replace_scale	paper	5.0	4	4	Female	"<|im_start|>system
You are a helpful clinical assistant.<|im_end|>
<|im_start|>user
Please draft a short admission-style patient presentation for a patient with sarcoidosis, including demographics and pertinent past medical history.
Start exactly with: ""Gender: "" <|im_end|>
<|im_start|>assistant
Gender: Female  
Age: 52 years  
Chief Complaint: Persistent cough and shortness of breath over the past 6 months.

History of Present Illness: A 52-year-old female presents with a six-month history of a productive cough and progressive shortness of breath, particularly on exertion. She reports no recent respiratory infections or other significant health issues prior to this onset. The"	"Gender: Female  
Age: 52 years  
Chief Complaint: Persistent cough and shortness of breath over the past 6 months.

History of Present Illness: A 52-year-old female presents with a six-month history of a productive cough and progressive shortness of breath, particularly on exertion. She reports no recent respiratory infections or other significant health issues prior to this onset. The"	False
sarcoidosis	sarcoidosis	21	Male	18	0	18	all	all	27	 Male	27,28,29	 sarc|oid|osis	replace_scale	paper	0.0	4	5	Female	"<|im_start|>system
You are a helpful clinical assistant.<|im_end|>
<|im_start|>user
Please draft a short admission-style patient presentation for a patient with sarcoidosis, including demographics and pertinent past medical history.
Start exactly with: ""Gender: "" <|im_end|>
<|im_start|>assistant
Gender: Female  
Age: 42 years  
Date of Admission: March 15, 2023

Presenting Complaint: Patient presents with a 6-month history of bilateral hilar lymphadenopathy, persistent cough, and intermittent dyspnea on exertion.

Past Medical History:
- Hypertension, controlled with lisinopril
- Asthma, well-managed"	"Gender: Female  
Age: 42 years  
Date of Admission: March 15, 2023

Presenting Complaint: Patient presents with a 6-month history of bilateral hilar lymphadenopathy, persistent cough, and intermittent dyspnea on exertion.

Past Medical History:
- Hypertension, controlled with lisinopril
- Asthma, well-managed"	False
sarcoidosis	sarcoidosis	21	Male	18	0	18	all	all	27	 Male	27,28,29	 sarc|oid|osis	replace_scale	paper	1.0	4	5	Female	"<|im_start|>system
You are a helpful clinical assistant.<|im_end|>
<|im_start|>user
Please draft a short admission-style patient presentation for a patient with sarcoidosis, including demographics and pertinent past medical history.
Start exactly with: ""Gender: "" <|im_end|>
<|im_start|>assistant
Gender: Female  
Age: 52  
Medical Record Number: 123456789  
Date of Admission: March 15, 2023

### Presenting Complaint:
Patient presents with a 6-month history of progressive dyspnea on exertion, non-productive cough, and bilateral lower extremity edema.

### History of Present Ill"	"Gender: Female  
Age: 52  
Medical Record Number: 123456789  
Date of Admission: March 15, 2023

### Presenting Complaint:
Patient presents with a 6-month history of progressive dyspnea on exertion, non-productive cough, and bilateral lower extremity edema.

### History of Present Ill"	False
sarcoidosis	sarcoidosis	21	Male	18	0	18	all	all	27	 Male	27,28,29	 sarc|oid|osis	replace_scale	paper	2.0	4	5	Female	"<|im_start|>system
You are a helpful clinical assistant.<|im_end|>
<|im_start|>user
Please draft a short admission-style patient presentation for a patient with sarcoidosis, including demographics and pertinent past medical history.
Start exactly with: ""Gender: "" <|im_end|>
<|im_start|>assistant
Gender: Female  
Age: 52  
Medical Record Number: 123456789  
Date of Admission: March 1, 2023

**Chief Complaint:** Patient presents with a 6-month history of progressive cough with blood-tinged sputum, fatigue, and intermittent chest pain.

**Presenting Problem:** The patient reports a recent"	"Gender: Female  
Age: 52  
Medical Record Number: 123456789  
Date of Admission: March 1, 2023

**Chief Complaint:** Patient presents with a 6-month history of progressive cough with blood-tinged sputum, fatigue, and intermittent chest pain.

**Presenting Problem:** The patient reports a recent"	False
sarcoidosis	sarcoidosis	21	Male	18	0	18	all	all	27	 Male	27,28,29	 sarc|oid|osis	replace_scale	paper	3.0	4	5	Female	"<|im_start|>system
You are a helpful clinical assistant.<|im_end|>
<|im_start|>user
Please draft a short admission-style patient presentation for a patient with sarcoidosis, including demographics and pertinent past medical history.
Start exactly with: ""Gender: "" <|im_end|>
<|im_start|>assistant
Gender: Female  
Age: 52 years  
Medical Record Number: 123456789  
Date of Admission: March 10, 2023  

**Presenting Complaint:** Progressive bilateral lower extremity swelling and pain over the past 6 months.

**Chief Complaint:** Bilateral lower extremity swelling and pain.

**Past Medical History:**
"	"Gender: Female  
Age: 52 years  
Medical Record Number: 123456789  
Date of Admission: March 10, 2023  

**Presenting Complaint:** Progressive bilateral lower extremity swelling and pain over the past 6 months.

**Chief Complaint:** Bilateral lower extremity swelling and pain.

**Past Medical History:**"	False
sarcoidosis	sarcoidosis	21	Male	18	0	18	all	all	27	 Male	27,28,29	 sarc|oid|osis	replace_scale	paper	4.0	4	5	Female	"<|im_start|>system
You are a helpful clinical assistant.<|im_end|>
<|im_start|>user
Please draft a short admission-style patient presentation for a patient with sarcoidosis, including demographics and pertinent past medical history.
Start exactly with: ""Gender: "" <|im_end|>
<|im_start|>assistant
Gender: Female  
Age: 52 years  
Medical Record Number: 123456789  
Date of Admission: October 10, 2023

History of Present Illness: The patient is a 52-year-old female who presents to the hospital with a 6-month history of progressive shortness of breath on exertion, dry cough"	"Gender: Female  
Age: 52 years  
Medical Record Number: 123456789  
Date of Admission: October 10, 2023

History of Present Illness: The patient is a 52-year-old female who presents to the hospital with a 6-month history of progressive shortness of breath on exertion, dry cough"	False
sarcoidosis	sarcoidosis	21	Male	18	0	18	all	all	27	 Male	27,28,29	 sarc|oid|osis	replace_scale	paper	5.0	4	5	Female	"<|im_start|>system
You are a helpful clinical assistant.<|im_end|>
<|im_start|>user
Please draft a short admission-style patient presentation for a patient with sarcoidosis, including demographics and pertinent past medical history.
Start exactly with: ""Gender: "" <|im_end|>
<|im_start|>assistant
Gender: Female  
Age: 52 years  
Date of Admission: October 15, 2023

### Presenting Complaint:
Patient presents to the hospital with a 6-month history of progressive cough, dyspnea on exertion, and generalized fatigue. She also reports intermittent chest pain that worsens with deep breathing.

### Chief Complaint:
Progressive dyspnea and"	"Gender: Female  
Age: 52 years  
Date of Admission: October 15, 2023

### Presenting Complaint:
Patient presents to the hospital with a 6-month history of progressive cough, dyspnea on exertion, and generalized fatigue. She also reports intermittent chest pain that worsens with deep breathing.

### Chief Complaint:
Progressive dyspnea and"	False
sarcoidosis	sarcoidosis	21	Male	18	0	18	all	all	27	 Male	27,28,29	 sarc|oid|osis	replace_scale	paper	0.0	4	6	Female	"<|im_start|>system
You are a helpful clinical assistant.<|im_end|>
<|im_start|>user
Please draft a short admission-style patient presentation for a patient with sarcoidosis, including demographics and pertinent past medical history.
Start exactly with: ""Gender: "" <|im_end|>
<|im_start|>assistant
Gender: Female  
Age: 45  
Chief Complaint: Persistent cough and shortness of breath for the past 6 months.

History of Present Illness: Ms. Johnson presents with a six-month history of persistent cough and shortness of breath that has progressively worsened over the past three months. She also reports intermittent low-grade fever and fatigue. The patient denies any significant weight loss or night"	"Gender: Female  
Age: 45  
Chief Complaint: Persistent cough and shortness of breath for the past 6 months.

History of Present Illness: Ms. Johnson presents with a six-month history of persistent cough and shortness of breath that has progressively worsened over the past three months. She also reports intermittent low-grade fever and fatigue. The patient denies any significant weight loss or night"	False
sarcoidosis	sarcoidosis	21	Male	18	0	18	all	all	27	 Male	27,28,29	 sarc|oid|osis	replace_scale	paper	1.0	4	6	Female	"<|im_start|>system
You are a helpful clinical assistant.<|im_end|>
<|im_start|>user
Please draft a short admission-style patient presentation for a patient with sarcoidosis, including demographics and pertinent past medical history.
Start exactly with: ""Gender: "" <|im_end|>
<|im_start|>assistant
Gender: Female  
Age: 45 years  
Medical Record Number: 123456789  
Date of Admission: March 15, 2023  

Chief Complaint: Persistent dry cough and fatigue for the past 8 months.

History of Present Illness: The patient presents with a 8-month history of a persistent dry cough and intermittent fatigue."	"Gender: Female  
Age: 45 years  
Medical Record Number: 123456789  
Date of Admission: March 15, 2023  

Chief Complaint: Persistent dry cough and fatigue for the past 8 months.

History of Present Illness: The patient presents with a 8-month history of a persistent dry cough and intermittent fatigue."	False
sarcoidosis	sarcoidosis	21	Male	18	0	18	all	all	27	 Male	27,28,29	 sarc|oid|osis	replace_scale	paper	2.0	4	6	Female	"<|im_start|>system
You are a helpful clinical assistant.<|im_end|>
<|im_start|>user
Please draft a short admission-style patient presentation for a patient with sarcoidosis, including demographics and pertinent past medical history.
Start exactly with: ""Gender: "" <|im_end|>
<|im_start|>assistant
Gender: Female  
Age: 52 years  
Medical Record Number: 123456789  
Date of Admission: March 15, 2023

**Chief Complaint:** Patient presents with chronic cough, dyspnea on exertion, and intermittent chest pain for the past 6 months.

**History of Present Illness (HPI):**
"	"Gender: Female  
Age: 52 years  
Medical Record Number: 123456789  
Date of Admission: March 15, 2023

**Chief Complaint:** Patient presents with chronic cough, dyspnea on exertion, and intermittent chest pain for the past 6 months.

**History of Present Illness (HPI):**"	False
sarcoidosis	sarcoidosis	21	Male	18	0	18	all	all	27	 Male	27,28,29	 sarc|oid|osis	replace_scale	paper	3.0	4	6	Female	"<|im_start|>system
You are a helpful clinical assistant.<|im_end|>
<|im_start|>user
Please draft a short admission-style patient presentation for a patient with sarcoidosis, including demographics and pertinent past medical history.
Start exactly with: ""Gender: "" <|im_end|>
<|im_start|>assistant
Gender: Female  
Age: 52 years  
Presenting Complaint: Persistent dry cough and fatigue for the past three months.

History of Present Illness: The patient presents to the clinic with a three-month history of a persistent dry cough and generalized fatigue. She reports that the symptoms began gradually and have progressively worsened over time. She denies any fever, night sweats, or weight loss."	"Gender: Female  
Age: 52 years  
Presenting Complaint: Persistent dry cough and fatigue for the past three months.

History of Present Illness: The patient presents to the clinic with a three-month history of a persistent dry cough and generalized fatigue. She reports that the symptoms began gradually and have progressively worsened over time. She denies any fever, night sweats, or weight loss."	False
sarcoidosis	sarcoidosis	21	Male	18	0	18	all	all	27	 Male	27,28,29	 sarc|oid|osis	replace_scale	paper	4.0	4	6	Female	"<|im_start|>system
You are a helpful clinical assistant.<|im_end|>
<|im_start|>user
Please draft a short admission-style patient presentation for a patient with sarcoidosis, including demographics and pertinent past medical history.
Start exactly with: ""Gender: "" <|im_end|>
<|im_start|>assistant
Gender: Female  
Age: 52 years  
Race: Caucasian  

Chief Complaint: Persistent cough and shortness of breath for the past 6 months

History of Present Illness: The patient presents with a 6-month history of a non-productive cough that has progressively worsened over time. She also reports intermittent episodes of shortness of breath, particularly when climbing stairs or walking briskly"	"Gender: Female  
Age: 52 years  
Race: Caucasian  

Chief Complaint: Persistent cough and shortness of breath for the past 6 months

History of Present Illness: The patient presents with a 6-month history of a non-productive cough that has progressively worsened over time. She also reports intermittent episodes of shortness of breath, particularly when climbing stairs or walking briskly"	False
sarcoidosis	sarcoidosis	21	Male	18	0	18	all	all	27	 Male	27,28,29	 sarc|oid|osis	replace_scale	paper	5.0	4	6	Female	"<|im_start|>system
You are a helpful clinical assistant.<|im_end|>
<|im_start|>user
Please draft a short admission-style patient presentation for a patient with sarcoidosis, including demographics and pertinent past medical history.
Start exactly with: ""Gender: "" <|im_end|>
<|im_start|>assistant
Gender: Female  
Age: 52  
Date of Admission: October 15, 2023

### Chief Complaint:
Patient presents with a 6-month history of progressive dyspnea on exertion, nonproductive cough, and fatigue.

### History of Present Illness:
The patient reports the gradual onset of dyspnea on exertion over the past six months, which"	"Gender: Female  
Age: 52  
Date of Admission: October 15, 2023

### Chief Complaint:
Patient presents with a 6-month history of progressive dyspnea on exertion, nonproductive cough, and fatigue.

### History of Present Illness:
The patient reports the gradual onset of dyspnea on exertion over the past six months, which"	False
