prompt_id,num_rows,mean_p_male,mean_p_female,pct_male_gt_female
1,30,0.11826671361923217,0.8776774088541667,6.666666666666667
2,30,0.19010646442572277,0.699481201171875,10.0
3,30,0.1052882194519043,0.8921875,6.666666666666667
4,30,0.0931260734796524,0.5119791666666667,6.666666666666667
